Subject;Subject Desc;Course Number;Title;Academic Period;Academic Period Desc;Section;CRN;Instructor;A;A-;A+;AU;B;B-;B+;C;C-;C+;D;D-;D+;E;F;I;N;P;PI;S;SI;U;W;
AAE;AAE-Aero & Astro Engineering;20000;Ugrad Sophomore Seminar;202610;Fall 2025;001;17446;Marais, Karen;;;;;;;;;;;;;;;;;;;;95.0%;;4.4%;0.6%;
;;20300;Aeromechanics I;202610;Fall 2025;002;67031;Agyei, Ronald F.;7.9%;14.3%;3.2%;;15.9%;6.3%;15.9%;11.1%;;7.9%;1.6%;;7.9%;;4.8%;;;;;;;;3.2%;
;;;;;;003;13363;Agyei, Ronald F.;10.1%;9.1%;6.1%;;14.1%;17.2%;11.1%;7.1%;5.1%;11.1%;2.0%;3.0%;3.0%;;;;;;;;;;1.0%;
;;;;;;004;27568;Sun, Dengfeng;5.3%;13.7%;2.1%;;13.7%;8.4%;6.3%;15.8%;4.2%;13.7%;3.2%;3.2%;5.3%;;2.1%;;;;;;;;3.2%;
;;;;;;005;13873;Lu, Zehui;5.2%;8.3%;;;10.4%;10.4%;10.4%;14.6%;8.3%;11.5%;5.2%;;6.3%;;5.2%;;;;;;;;4.2%;
;;;;;;006;13874;Lu, Zehui;1.4%;5.8%;1.4%;;14.5%;11.6%;17.4%;11.6%;7.2%;15.9%;2.9%;;2.9%;;4.3%;;;;;;;;2.9%;
;;;Aeromechanics I-Honors;202610;Fall 2025;H01;22249;Burton, Alexander B.;16.0%;16.0%;48.0%;;8.0%;4.0%;8.0%;;;;;;;;;;;;;;;;;
;;20400;Aeromechanics II;202610;Fall 2025;001;10002;Joshi, Pankaj;7.8%;17.2%;;;14.1%;18.8%;17.2%;12.5%;;6.3%;;;;;3.1%;;;;;;;;3.1%;
;;;;;;002;13878;Alstrom, Robert B.;;5.3%;2.6%;;15.8%;21.1%;28.9%;5.3%;;10.5%;;2.6%;2.6%;;;;;;;;;;5.3%;
;;20401;Aeromechanics II Lab;202610;Fall 2025;013;17203;Goel, Siddharth;58.3%;25.0%;8.3%;;;;8.3%;;;;;;;;;;;;;;;;;
;;;;;;015;27141;Liu, Sichen;83.3%;;8.3%;;;;;;;;;;;;;;;;;;;;8.3%;
;;;;;;017;27143;Glimcher, Matthew S.;36.4%;;54.5%;;9.1%;;;;;;;;;;;;;;;;;;;
;;25100;Intro Aerospace Design;202610;Fall 2025;002;57302;Paulson, Shane C.;30.0%;42.0%;;;6.0%;3.0%;19.0%;;;;;;;;;;;;;;;;;
;;;;;;003;11910;Burton, Alexander B.;22.3%;48.9%;1.1%;;11.7%;2.1%;11.7%;;;2.1%;;;;;;;;;;;;;;
;;;;;;004;25083;Chakraborty, Suman;21.2%;63.6%;;;2.0%;;11.1%;;;;1.0%;;;;;;;;;;;;1.0%;
;;;;;;005;17054;Paulson, Shane C.;26.0%;50.0%;1.0%;;7.0%;1.0%;14.0%;;1.0%;;;;;;;;;;;;;;;
;;;Intro Aerospace Design-Honors;202610;Fall 2025;H01;22576;Machado Guimaraes, Thiago Augusto;62.5%;25.0%;12.5%;;;;;;;;;;;;;;;;;;;;;
;;30000;Ugrad Junior Seminar;202610;Fall 2025;001;56743;Marais, Karen;;;;;;;;;;;;;;;;;;;;94.6%;;4.6%;0.7%;
;;30100;Sig Anly For Aero Engr;202610;Fall 2025;001;10010;Li, Husheng;14.9%;20.7%;2.3%;;23.0%;8.0%;13.8%;3.4%;2.3%;3.4%;3.4%;;;;;;;;;;;;4.6%;
;;;;;;002;13304;Goppert, James M.;31.0%;19.6%;7.0%;;15.8%;5.1%;15.8%;1.3%;1.3%;1.9%;0.6%;;;;;;;;;;;;0.6%;
;;33300;Fluid Mechanics;202610;Fall 2025;002;11528;Chynoweth, Brandon C.;7.2%;14.4%;7.2%;;13.6%;12.8%;19.2%;8.0%;4.8%;9.6%;0.8%;;;;0.8%;;;;;;;;1.6%;
;;;;;;003;13884;Maeda, Kazuki;8.3%;8.3%;;;18.8%;8.3%;16.7%;12.5%;4.2%;18.8%;2.1%;;;;;;;;;;;;2.1%;
;;;;;;004;14762;Hanquist, Kyle M.;12.8%;6.4%;5.1%;;10.3%;10.3%;24.4%;16.7%;;12.8%;1.3%;;;;;;;;;;;;;
;;33301;Fluid Mechanics Lab;202610;Fall 2025;002;10013;Gardinier, Gage G.;78.6%;;21.4%;;;;;;;;;;;;;;;;;;;;;
;;;;;;003;10014;Tomasino, Teresa C.;61.5%;7.7%;23.1%;;7.7%;;;;;;;;;;;;;;;;;;;
;;;;;;004;10015;Tomasino, Teresa C.;78.6%;;21.4%;;;;;;;;;;;;;;;;;;;;;
;;;;;;005;10016;Gardinier, Gage G.;64.3%;;28.6%;;;;;;;;;;;;;;;;;;;;7.1%;
;;;;;;008;10019;Moy, Chandler J.;35.7%;7.1%;57.1%;;;;;;;;;;;;;;;;;;;;;
;;;;;;010;10021;Moy, Chandler J.;28.6%;14.3%;57.1%;;;;;;;;;;;;;;;;;;;;;
;;;;;;015;14928;Tomasino, Teresa C.;64.3%;7.1%;21.4%;;;;7.1%;;;;;;;;;;;;;;;;;
;;;;;;016;19021;Zabalegui Lopez, Erik;72.7%;;18.2%;;;;9.1%;;;;;;;;;;;;;;;;;
;;;;;;017;19022;Zabalegui Lopez, Erik;28.6%;14.3%;42.9%;;;;14.3%;;;;;;;;;;;;;;;;;
;;;;;;019;15766;Moy, Chandler J.;42.9%;7.1%;35.7%;;;;14.3%;;;;;;;;;;;;;;;;;
;;;;;;020;19906;Moy, Chandler J.;64.3%;;28.6%;;;;;;;;;;7.1%;;;;;;;;;;;
;;;;;;021;14331;Inanc, Ece;35.7%;21.4%;35.7%;;;;7.1%;;;;;;;;;;;;;;;;;
;;;;;;023;17237;Inanc, Ece;64.3%;;;;14.3%;7.1%;7.1%;7.1%;;;;;;;;;;;;;;;;
;;;;;;025;17240;Gardinier, Gage G.;42.9%;;57.1%;;;;;;;;;;;;;;;;;;;;;
;;;;;;026;17241;Myers, Andrew P.;35.7%;14.3%;50.0%;;;;;;;;;;;;;;;;;;;;;
;;;;;;027;17242;Myers, Andrew P.;57.1%;;42.9%;;;;;;;;;;;;;;;;;;;;;
;;;;;;028;17243;Myers, Andrew P.;21.4%;14.3%;64.3%;;;;;;;;;;;;;;;;;;;;;
;;33400;Aerodynamics;202610;Fall 2025;001;10023;Canino, James V.;16.2%;27.0%;4.1%;;10.8%;5.4%;14.9%;4.1%;4.1%;5.4%;1.4%;1.4%;4.1%;;1.4%;;;;;;;;;
;;;;;;002;25073;Canino, James V.;11.0%;15.1%;1.4%;;13.7%;15.1%;13.7%;11.0%;2.7%;4.1%;4.1%;1.4%;4.1%;;;;;;;;;;2.7%;
;;33401;Aerodynamics Lab;202610;Fall 2025;005;10028;Inanc, Ece;75.0%;;16.7%;;8.3%;;;;;;;;;;;;;;;;;;;
;;;;;;008;11976;Inanc, Ece;41.7%;8.3%;33.3%;;8.3%;;;8.3%;;;;;;;;;;;;;;;;
;;;;;;010;11991;Nazir, Sana;36.4%;;54.5%;;9.1%;;;;;;;;;;;;;;;;;;;
;;;;;;011;16237;Pati, Biswaranjan;33.3%;;66.7%;;;;;;;;;;;;;;;;;;;;;
;;;;;;013;17252;Nazir, Sana;25.0%;;66.7%;;;;;;;8.3%;;;;;;;;;;;;;;
;;;;;;014;17253;Nazir, Sana;58.3%;;41.7%;;;;;;;;;;;;;;;;;;;;;
;;;;;;015;17254;Nazir, Sana;45.5%;;54.5%;;;;;;;;;;;;;;;;;;;;;
;;;;;;017;28666;Cooper, James N.;36.4%;;63.6%;;;;;;;;;;;;;;;;;;;;;
;;;;;;018;28669;Cooper, James N.;50.0%;8.3%;33.3%;;;;8.3%;;;;;;;;;;;;;;;;;
;;33800;Thermal Sciences;202610;Fall 2025;001;12052;Wang, Haifeng;9.8%;12.2%;4.9%;;12.2%;14.6%;12.2%;4.9%;12.2%;9.8%;;;;;2.4%;;;;;;;;4.9%;
;;33900;Aerospace Propulsion;202610;Fall 2025;001;14973;Chakraborty, Suman;16.7%;12.5%;4.2%;;12.5%;20.8%;8.3%;4.2%;;12.5%;8.3%;;;;;;;;;;;;;
;;;;;;002;14069;Chakraborty, Suman;9.6%;13.5%;1.9%;;11.5%;19.2%;5.8%;3.8%;3.8%;17.3%;7.7%;;;;;1.9%;;;;;;;3.8%;
;;34000;Dynamics & Vibrations;202610;Fall 2025;001;10031;Burton, Alexander B.;11.3%;16.5%;4.1%;;12.4%;17.5%;14.4%;4.1%;3.1%;11.3%;1.0%;;1.0%;;1.0%;;;;;;;;2.1%;
;;;;;;002;30161;Cunningham, Thomas F.;14.9%;20.9%;3.0%;;9.0%;16.4%;6.0%;3.0%;6.0%;9.0%;1.5%;3.0%;3.0%;;1.5%;;;;;;;;3.0%;
;;35103;Aerospace Systems Design;202610;Fall 2025;001;14824;Parsons, Kevin K.;43.4%;18.9%;15.1%;;7.5%;1.9%;11.3%;;;0.9%;;;;;0.9%;;;;;;;;;
;;35200;Structural Analysis I;202610;Fall 2025;003;62157;Agyei, Ronald F.;3.0%;8.0%;;;18.0%;23.0%;11.0%;7.0%;6.0%;16.0%;1.0%;;4.0%;;1.0%;;;;;;;;2.0%;
;;;;;;004;15811;Joshi, Pankaj;1.3%;9.0%;;;16.7%;14.1%;14.1%;9.0%;6.4%;15.4%;6.4%;1.3%;2.6%;;2.6%;;;;;;;;1.3%;
;;;;;;005;14934;Kwok, Kawai;;5.1%;;;14.1%;16.7%;2.6%;21.8%;17.9%;11.5%;1.3%;1.3%;3.8%;;;;;;;;;;3.8%;
;;36400;Control System Anly;202610;Fall 2025;001;10036;Byeon, Sooyung;9.4%;15.1%;3.8%;;5.7%;13.2%;7.5%;7.5%;1.9%;5.7%;9.4%;3.8%;5.7%;;9.4%;;;;;;;;1.9%;
;;;;;;002;14760;Tanaka, Takashi;9.7%;11.3%;14.5%;;9.7%;11.3%;9.7%;6.5%;4.8%;6.5%;;3.2%;3.2%;;6.5%;;;;;;;;3.2%;
;;36401;Control Systems Lab;202610;Fall 2025;001;10037;Guo, Yifan;75.0%;;;;25.0%;;;;;;;;;;;;;;;;;;;
;;;;;;003;10039;Mahmud, S M Nahid;81.3%;;;;18.8%;;;;;;;;;;;;;;;;;;;
;;;;;;004;10040;Zhou, Tianyu;76.5%;;;;23.5%;;;;;;;;;;;;;;;;;;;
;;;;;;005;10041;Sikka, Sidhdharth D.;75.0%;;;;18.8%;;;;;;;;;;6.3%;;;;;;;;;
;;;;;;008;10044;Zhou, Tianyu;76.5%;;;;23.5%;;;;;;;;;;;;;;;;;;;
;;;;;;010;10046;Palmer, David M.;72.2%;;;;22.2%;;;;;;;;;;5.6%;;;;;;;;;
;;;;;;012;64712;Palmer, David M.;77.8%;;;;22.2%;;;;;;;;;;;;;;;;;;;
;;;;;;013;64732;Sarang, Amogha;72.2%;;;;22.2%;;;5.6%;;;;;;;;;;;;;;;;
;;;;;;016;13898;Sikka, Sidhdharth D.;77.8%;;;;22.2%;;;;;;;;;;;;;;;;;;;
;;;;;;017;16210;Guo, Yifan;77.8%;;;;22.2%;;;;;;;;;;;;;;;;;;;
;;;;;;019;26262;Hoyos, Jose D.;77.8%;;;;22.2%;;;;;;;;;;;;;;;;;;;
;;;;;;020;21754;Sarang, Amogha;72.7%;;;;18.2%;;;9.1%;;;;;;;;;;;;;;;;
;;39699;Prof Practice Internship;202610;Fall 2025;001;10431;Crain, Lisa M.;;;;;;;;;;;;;;;;;;;;89.3%;10.7%;;;
;;40000;Ugrad Senior Seminar;202610;Fall 2025;001;59072;Crossley, William A.;38.1%;;39.4%;;18.7%;;;3.2%;;;0.6%;;;;;;;;;;;;;
;;41200;Intro Comp Fluid Dyn;202610;Fall 2025;001;10053;Blaisdell, Gregory A.;34.5%;20.7%;9.2%;1.1%;13.8%;1.1%;10.3%;2.3%;;;1.1%;2.3%;;;1.1%;;;;;;;;2.3%;
;;41600;Viscous Flows;202610;Fall 2025;001;21424;Shih, Tom I.;100.0%;;;;;;;;;;;;;;;;;;;;;;;
;;41800;Zero-Gravity Flt Exper;202610;Fall 2025;001;18910;Collicott, Steven H.;77.5%;7.5%;2.5%;;;;12.5%;;;;;;;;;;;;;;;;;
;;;;;;003;20074;Collicott, Steven H.;62.5%;;7.5%;;;;27.5%;2.5%;;;;;;;;;;;;;;;;
;;42100;Flight Dynam & Control;202610;Fall 2025;001;12540;Corless, Martin;51.2%;;16.3%;;23.3%;;;9.3%;;;;;;;;;;;;;;;;
;;;;;;002;20078;Dai, Ran;13.3%;13.3%;16.7%;;23.3%;;13.3%;6.7%;;3.3%;;;6.7%;;;3.3%;;;;;;;;
;;;;;;003;14309;Corless, Martin;58.1%;;16.3%;;23.3%;;;;;;;;;;;;;;;;;;2.3%;
;;43900;Rocket Propulsion;202610;Fall 2025;001;10058;Pourpoint, Timothee L.;17.3%;26.4%;9.1%;;7.3%;17.3%;10.9%;1.8%;;7.3%;1.8%;0.9%;;;;;;;;;;;;
;;44000;Spacecraft Att Dynam;202610;Fall 2025;001;20531;Capannolo, Andrea;28.2%;;;;41.0%;;;20.5%;;;2.6%;;;;5.1%;2.6%;;;;;;;;
;;;;;;002;20106;Oguri, Kenshiro;22.4%;;5.2%;1.7%;37.9%;;;17.2%;;;6.9%;;;;1.7%;1.7%;;;;;;;5.2%;
;;45000;Spacecraft Design;202610;Fall 2025;003;32731;Cunningham, Thomas F.;90.2%;;;;7.3%;;;2.4%;;;;;;;;;;;;;;;;
;;45100;Aircraft Design;202610;Fall 2025;007;22234;Machado Guimaraes, Thiago Augusto;45.2%;16.1%;32.3%;;3.2%;3.2%;;;;;;;;;;;;;;;;;;
;;;;;;009;22240;Alstrom, Robert B.;59.3%;18.5%;18.5%;;3.7%;;;;;;;;;;;;;;;;;;;
;;45400;Design Aerosp Struct;202610;Fall 2025;001;25444;Joshi, Pankaj;37.9%;10.3%;27.6%;;3.4%;;10.3%;;;3.4%;;3.4%;3.4%;;;;;;;;;;;
;;49000;Aero Prop Foundations;202610;Fall 2025;003;21316;Canino, James V.;30.8%;10.3%;7.7%;;7.7%;10.3%;12.8%;2.6%;;7.7%;2.6%;5.1%;2.6%;;;;;;;;;;;
;;;Aircraft Conceptual Design;202610;Fall 2025;004;22518;Machado Guimaraes, Thiago Augusto;100.0%;;;;;;;;;;;;;;;;;;;;;;;
;;;CubeSat Lab;202610;Fall 2025;001;23154;Shashurin, Alexey;57.9%;5.3%;31.6%;;;;5.3%;;;;;;;;;;;;;;;;;
;;50700;Principles Of Dynamics;202610;Fall 2025;001;14397;Frueh, Carolin E.;34.4%;12.5%;6.3%;12.5%;6.3%;;3.1%;12.5%;;;;;;;;6.3%;;;;;;;6.3%;
;;51100;Intro Fluid Mechnics;202610;Fall 2025;WNG;10078;Poggie, Jonathan;21.2%;34.6%;21.2%;5.8%;1.9%;3.8%;7.7%;;;;;;;;;;;;;;;;3.8%;
;;53200;Orbit Mechanics;202610;Fall 2025;WNG;18515;Howell, Kathleen;15.1%;6.8%;1.4%;1.4%;20.5%;11.0%;4.1%;15.1%;5.5%;6.8%;2.7%;1.4%;;;;2.7%;;;;;;;5.5%;
;;53300;Space Traffic Management;202610;Fall 2025;002;30344;Frueh, Carolin E.;60.0%;8.0%;4.0%;4.0%;4.0%;4.0%;8.0%;4.0%;;;;;;;;;;;;;;;4.0%;
;;53400;Spacecraft Electric Propulsion;202610;Fall 2025;WNG;20356;Shashurin, Alexey;43.6%;23.1%;7.7%;;15.4%;;7.7%;;;;;;;;;;;;;;;;2.6%;
;;53700;Hypersonic Propulsion;202610;Fall 2025;001;25619;Slabaugh, Carson D.;51.2%;7.3%;2.4%;;29.3%;7.3%;;;;;;;;;2.4%;;;;;;;;;
;;;;;;002;29169;Slabaugh, Carson D.;31.3%;6.3%;;;18.8%;12.5%;6.3%;6.3%;6.3%;;;;;;;;;;;;;;12.5%;
;;53800;Air Breathing Propul;202610;Fall 2025;001;32851;Paniagua Perez, Guillermo;18.2%;18.2%;9.1%;;36.4%;;18.2%;;;;;;;;;;;;;;;;;
;;;;;;WNG;15657;Paniagua Perez, Guillermo;22.2%;16.7%;11.1%;;11.1%;;27.8%;5.6%;;;;;;;;;;;;;;;5.6%;
;;55000;Multidiscip Des Opt;202610;Fall 2025;002;25218;Crossley, William A.;41.9%;26.7%;7.0%;1.2%;7.0%;4.7%;2.3%;3.5%;;1.2%;;1.2%;;;2.3%;;;;;;;;1.2%;
;;55300;Elast Aerospace I;202610;Fall 2025;WNG;10084;Tallman, Tyler N.;11.4%;17.1%;11.4%;;20.0%;5.7%;11.4%;2.9%;8.6%;2.9%;;;2.9%;;;;;;;;;;5.7%;
;;55400;Fatigue Struct & Matls;202610;Fall 2025;001;26993;Sangid, Michael D.;28.6%;20.0%;5.7%;;11.4%;2.9%;22.9%;;2.9%;2.9%;;;;;2.9%;;;;;;;;;
;;55600;Aeroelasticity;202610;Fall 2025;001;23697;Arrieta Diaz, Andres;;26.7%;20.0%;;6.7%;;26.7%;6.7%;;13.3%;;;;;;;;;;;;;;
;;55800;Fin El Meth Aero Struc;202610;Fall 2025;WNG;10087;Tomar, Vikas;54.1%;8.1%;16.2%;;8.1%;2.7%;8.1%;;;;2.7%;;;;;;;;;;;;;
;;56100;Intro To Convex Optimization;202610;Fall 2025;FNY;25881;Jiang, Liwei;38.5%;38.5%;;7.7%;;;;;;;;;;;;;;;;;;;15.4%;
;;56200;Aerosp Eng Probability & Est;202610;Fall 2025;001;30863;Frazho, Arthur E.;96.4%;;;;3.6%;;;;;;;;;;;;;;;;;;;
;;56400;Syst Anly Synthesis;202610;Fall 2025;WNG;25050;Frazho, Arthur E.;95.1%;;;1.6%;3.3%;;;;;;;;;;;;;;;;;;;
;;57100;Complex System Safety;202610;Fall 2025;002;30347;Marais, Karen;12.5%;27.1%;4.2%;;12.5%;16.7%;27.1%;;;;;;;;;;;;;;;;;
;;57500;Intr Sat Nav & Pos;202610;Fall 2025;001;25620;Garrison, James L.;12.8%;2.6%;51.3%;5.1%;5.1%;5.1%;2.6%;2.6%;;;;;;;2.6%;2.6%;;;;;;;7.7%;
;;59000;Des Of Comp Mat & Struct;202610;Fall 2025;WN5;27763;Zhang, Dianyun;41.7%;8.3%;25.0%;8.3%;;;8.3%;;;;;;;;8.3%;;;;;;;;;
;;;Fundamentals Of Estimation;202610;Fall 2025;120;25621;LeGrand, Keith A.;77.8%;;;3.7%;11.1%;;;;;;3.7%;;;;;;;;;;;;3.7%;
;;;Molecular Gas Dynamics;202610;Fall 2025;127;30724;Alexeenko, Alina;86.1%;;11.1%;;;;2.8%;;;;;;;;;;;;;;;;;
;;;Space Flight Operations;202610;Fall 2025;125;29166;Cunningham, Thomas F.;26.7%;26.7%;;;6.7%;;20.0%;;;6.7%;;;;;6.7%;;;;;;;;6.7%;
;;;;;;WN2;19989;Cunningham, Thomas F.;15.9%;36.4%;9.1%;;4.5%;4.5%;20.5%;;;4.5%;2.3%;;;;;;;;;;;;2.3%;
;;;Space Policy;202610;Fall 2025;123;27466;Dumbacher, Daniel L.;55.0%;20.0%;;5.0%;5.0%;;10.0%;;;;;;;;;;;;;;;;5.0%;
;;;Stochastic Control;202610;Fall 2025;119;23514;Tanaka, Takashi;36.7%;3.3%;33.3%;16.7%;;;;;;;;;;;3.3%;;;3.3%;;;;;;3.3%
;;;Sustainable  Aviation;202610;Fall 2025;124;27571;Qiao, Li;77.8%;16.7%;;;;;5.6%;;;;;;;;;;;;;;;;;
;;63200;Adv Orbital Dynamics;202610;Fall 2025;WNG;25622;Howell, Kathleen;28.6%;14.3%;;25.0%;14.3%;;17.9%;;;;;;;;;;;;;;;;;
;;69900;Research PhD Thesis;202610;Fall 2025;018;10160;Howell, Kathleen;;;;;;;;;;;;;;;;;;;;100.0%;;;;
;;;;;;049;16879;Slabaugh, Carson D.;;;;;;;;;;;;;;;;;;;;100.0%;;;;
;;;;;;052;18246;Mou, Shaoshuai;;;;;;;;;;;;;;;;;;;;92.9%;;7.1%;;
AAS;AAS-African American Studies;27100;Intro African American Studies;202610;Fall 2025;007;22015;Tetne, Maurice;20.0%;20.0%;35.0%;;;5.0%;5.0%;;;10.0%;;;5.0%;;;;;;;;;;;
;;;;;;008;24396;Tetne, Maurice;29.6%;3.7%;37.0%;;;;7.4%;;7.4%;;3.7%;;;;11.1%;;;;;;;;;
;;27700;African American Pop Culture;202610;Fall 2025;001;19840;Tan, Mindy H.;30.8%;7.7%;46.2%;;;;;7.7%;;;;;;;;;;;;;;;7.7%;
;;37100;Afro Asia Foodways;202610;Fall 2025;001;24924;Tan, Mindy H.;9.5%;;61.9%;;4.8%;;9.5%;;;4.8%;;;;;4.8%;;;;;;;;4.8%;
;;;Afro Asia Foodways-Honors;202610;Fall 2025;001;24924;Tan, Mindy H.;66.7%;;33.3%;;;;;;;;;;;;;;;;;;;;;
;;49100;Contemporary Hip Hop;202610;Fall 2025;001;27008;Tan, Mindy H.;23.1%;23.1%;23.1%;;7.7%;;15.4%;;;3.8%;;3.8%;;;;;;;;;;;;
ABE;ABE-Agri & Biol Engineering;20100;Material & Energy Balances;202610;Fall 2025;004;53767;Ristroph, Kurt D.;8.3%;3.3%;;;15.0%;11.7%;;6.7%;5.0%;11.7%;10.0%;3.3%;5.0%;;5.0%;;;;;;;;15.0%;
;;20500;Computations Engr Sys;202610;Fall 2025;003;23870;Zhang, Yaguang;36.1%;8.3%;41.7%;;8.3%;;5.6%;;;;;;;;;;;;;;;;;
;;22600;Biotechnology Laboratory I;202610;Fall 2025;001;20475;Chaterji, Somali;86.7%;;;;3.3%;3.3%;6.7%;;;;;;;;;;;;;;;;;
;;;;;;002;20478;Chaterji, Somali;96.4%;;;;;;3.6%;;;;;;;;;;;;;;;;;
;;;;;;003;20479;Chaterji, Somali;89.7%;3.4%;;;;;3.4%;;;3.4%;;;;;;;;;;;;;;
;;29000;Sophomore Seminar;202610;Fall 2025;001;10410;Frankenberger, Jane R.;81.0%;8.6%;;;3.8%;2.9%;1.0%;1.0%;;1.0%;;;1.0%;;;;;;;;;;;
;;30100;Modeling & Computational Tools;202610;Fall 2025;001;31368;Sankaranarayanan, Karthik;7.0%;7.0%;1.8%;;24.6%;15.8%;14.0%;8.8%;1.8%;15.8%;3.5%;;;;;;;;;;;;;
;;30200;Biochemical Lab Techniques;202610;Fall 2025;001;32055;Brown, Abigail S.;5.0%;40.0%;;;20.0%;5.0%;30.0%;;;;;;;;;;;;;;;;;
;;;;;;003;22889;Brown, Abigail S.;20.0%;40.0%;;;15.0%;;25.0%;;;;;;;;;;;;;;;;;
;;30300;Physical Chem In Biol Engr;202610;Fall 2025;001;10413;Wang, Jiangshan;5.5%;5.5%;;;25.5%;16.4%;14.5%;12.7%;;12.7%;5.5%;;1.8%;;;;;;;;;;;
;;30500;Phys Prop Biol Matls;202610;Fall 2025;001;10414;Ambrose, Rose Prabin K.;19.4%;19.4%;9.7%;;22.6%;6.5%;12.9%;;;9.7%;;;;;;;;;;;;;;
;;30700;Momentum Transfer In Biol Engr;202610;Fall 2025;001;11705;Singh, Shweta;8.8%;17.5%;1.8%;;24.6%;8.8%;14.0%;14.0%;1.8%;5.3%;1.8%;;1.8%;;;;;;;;;;;
;;32500;Soil & Water Resource;202610;Fall 2025;001;10417;Cherkauer, Keith A.;26.2%;16.7%;;;16.7%;7.1%;21.4%;2.4%;2.4%;7.1%;;;;;;;;;;;;;;
;;40600;ABE Ambassador Leadership Sem;202610;Fall 2025;001;24029;Taylor, Daniel C.;94.1%;;;;;;;;;;;;;;;;;;;;;;5.9%;
;;43500;Hyd Contr Syst Mob Eq;202610;Fall 2025;001;10421;Menegatti, Elena;20.0%;10.0%;35.0%;;;5.0%;15.0%;10.0%;5.0%;;;;;;;;;;;;;;;
;;45000;Comp Model & Data Anly Ag Engr;202610;Fall 2025;001;30832;Dabiri, Sadegh;22.2%;33.3%;;;5.6%;5.6%;22.2%;5.6%;;5.6%;;;;;;;;;;;;;;
;;46000;Sensors And Process Control;202610;Fall 2025;002;18201;Shang, Lizhi;36.2%;17.4%;;;11.6%;1.4%;13.0%;4.3%;4.3%;5.8%;1.4%;;4.3%;;;;;;;;;;;
;;48400;Project Planning And Mgmt;202610;Fall 2025;001;20640;Lay, Danielle W.;57.7%;23.1%;15.4%;;;;3.8%;;;;;;;;;;;;;;;;;
;;49000;Prof Pract Ag Biol Eng;202610;Fall 2025;002;21304;Ambrose, Rose Prabin K.;21.6%;5.9%;58.8%;;3.9%;2.0%;5.9%;;;1.0%;1.0%;;;;;;;;;;;;;
;;53000;Plant Phenotyping Technologies;202610;Fall 2025;001;28403;Jin, Jian;58.3%;;33.3%;8.3%;;;;;;;;;;;;;;;;;;;;
;;54500;Dsgn Off-Highway Veh;202610;Fall 2025;002;14968;Stwalley, Robert M.;25.0%;;8.3%;;50.0%;;;16.7%;;;;;;;;;;;;;;;;
;;55700;Biological Engr Design I;202610;Fall 2025;001;21632;Okos, Martin R.;34.7%;19.4%;;;15.3%;2.8%;9.7%;1.4%;2.8%;6.9%;;;;;1.4%;5.6%;;;;;;;;
;;59100;Biological & Food Process Dsgn;202610;Fall 2025;045;30139;Okos, Martin R.;63.6%;27.3%;9.1%;;;;;;;;;;;;;;;;;;;;;
;;62600;Technology Entrepreneurship;202610;Fall 2025;001;21036;Duval-Couetil, Nathalie A.;22.2%;25.9%;40.7%;;;;;;;;;;;;;3.7%;;;;;;;7.4%;
;;62700;Colloidal Phenomena;202610;Fall 2025;001;30390;Narsimhan, Ganesan;50.0%;;25.0%;8.3%;;;;;;;;;;;;;;;;;;;16.7%;
;;69400;Graduate Research Training;202610;Fall 2025;001;68108;Mosier, Nathan S.;;;;;;;;;;;;;;;;;;;;100.0%;;;;
;;69700;Doctoral Professional Develpmt;202610;Fall 2025;002;21964;Brown, Abigail S.;90.9%;;;;;;;;;;;;;;;;;;;;;;9.1%;
AD;AD-Art & Design;10500;Design I;202610;Fall 2025;013;10270;Lai, Chia-hsuan;;11.8%;5.9%;;11.8%;35.3%;23.5%;;;;;;5.9%;;5.9%;;;;;;;;;
;;;;;;015;10274;Qaiser, Sundas;;25.0%;18.8%;;;6.3%;25.0%;6.3%;;;6.3%;;6.3%;;;;;;;;;;6.3%;
;;;;;;016;10280;Lai, Chia-hsuan;26.7%;13.3%;;;6.7%;6.7%;20.0%;6.7%;6.7%;;;;;;6.7%;;;;;;;;6.7%;
;;;;;;024;13504;Olubodun, Emmanuel T.;41.2%;17.6%;;;;11.8%;17.6%;5.9%;;;;;;;;;;;;;;;5.9%;
;;;;;;031;13540;Havel, Sadey J.;25.0%;43.8%;;;;;18.8%;;;6.3%;;;;;6.3%;;;;;;;;;
;;;;;;032;11597;Olubodun, Emmanuel T.;31.3%;18.8%;;;6.3%;12.5%;12.5%;;;6.3%;;;6.3%;;;;;;;;;;6.3%;
;;;;;;035;23214;Kim-Narita, Claire A.;21.4%;42.9%;;;;;14.3%;;7.1%;7.1%;;;7.1%;;;;;;;;;;;
;;;;;;036;23218;Gong, Ziqian;15.4%;23.1%;;;7.7%;7.7%;38.5%;;;;;;;;;;;;;;;;7.7%;
;;;;;;037;26606;Havel, Sadey J.;47.1%;41.2%;;;;;11.8%;;;;;;;;;;;;;;;;;
;;;;;;038;29579;Qaiser, Sundas;;18.8%;37.5%;;6.3%;18.8%;12.5%;;;6.3%;;;;;;;;;;;;;;
;;;;;;039;29580;Gong, Ziqian;23.5%;29.4%;;;5.9%;;35.3%;;;;;;;;5.9%;;;;;;;;;
;;10600;Design II;202610;Fall 2025;002;13613;Kim-Narita, Claire A.;15.8%;42.1%;;;5.3%;10.5%;5.3%;10.5%;;5.3%;;;;;5.3%;;;;;;;;;
;;11300;Basic Drawing;202610;Fall 2025;001;14629;Choi, Jong-un;31.3%;12.5%;37.5%;;;6.3%;;;;;;;;;6.3%;;;;;;;;6.3%;
;;;;;;002;14641;Jung, Hoijin;25.0%;18.8%;;;18.8%;;31.3%;;;;;6.3%;;;;;;;;;;;;
;;;;;;003;14626;Choi, Jong-un;20.0%;13.3%;53.3%;;;;13.3%;;;;;;;;;;;;;;;;;
;;;;;;004;14653;Peterson, Jessica M.;23.5%;29.4%;35.3%;;;;5.9%;;;;;;;;;;;;;;;;5.9%;
;;;;;;005;51570;Munafo, Isabelle M.;23.5%;17.6%;35.3%;;5.9%;;5.9%;;;;;;;;5.9%;;;;;;;;5.9%;
;;;;;;006;10197;Jung, Hoijin;5.9%;11.8%;;;35.3%;11.8%;23.5%;;5.9%;;;;;;;;;5.9%;;;;;;
;;;;;;007;10198;Munafo, Isabelle M.;58.8%;17.6%;17.6%;;;5.9%;;;;;;;;;;;;;;;;;;
;;;;;;008;10196;Choi, Jong-un;12.5%;12.5%;56.3%;;;;6.3%;;;;;;;;6.3%;;;;;;;;6.3%;
;;;;;;009;10204;Guerin, Carolyn M.;35.3%;35.3%;11.8%;;5.9%;;5.9%;;;;;;;;5.9%;;;;;;;;;
;;;;;;010;10201;Choi, Jong-un;18.8%;;43.8%;;6.3%;;12.5%;;6.3%;;;;;;;6.3%;;;;;;;6.3%;
;;;;;;012;15744;Choi, Jong-un;30.8%;;53.8%;;;;;;;;;;;;7.7%;;;7.7%;;;;;;
;;;;;;013;27262;Jung, Hoijin;23.1%;38.5%;;;7.7%;;23.1%;;;;;;;;;;;;;;;;7.7%;
;;11400;Drawing II;202610;Fall 2025;001;10208;Choi, Jong-un;16.7%;;72.2%;;;;11.1%;;;;;;;;;;;;;;;;;
;;11700;Black And White Photography;202610;Fall 2025;002;44033;Bell, Greta M.;41.7%;25.0%;;;;;8.3%;8.3%;;;;;;;8.3%;;;;;;;;8.3%;
;;;;;;003;44032;Bell, Greta M.;76.9%;7.7%;;;;;;;;;;;;;;;;;;;;;15.4%;
;;;;;;004;18999;Wilkinson, Nathan A.;75.0%;;;;8.3%;8.3%;;8.3%;;;;;;;;;;;;;;;;
;;11900;Color Photography;202610;Fall 2025;001;11946;Craven, Eli J.;38.5%;7.7%;46.2%;;;;7.7%;;;;;;;;;;;;;;;;;
;;12500;Intro To Int Design;202610;Fall 2025;001;19223;Ebbini, Genell W.;25.9%;31.8%;;;10.6%;1.2%;15.3%;5.9%;2.4%;1.2%;;1.2%;;;3.5%;;;;;;;;1.2%;
;;13200;Intro To Museums And Archives;202610;Fall 2025;001;22411;Harmeyer, Neal A.;9.1%;9.1%;54.5%;;9.1%;;;;;;9.1%;;;;9.1%;;;;;;;;;
;;20000;Beginning Painting;202610;Fall 2025;001;10222;Stetler, Victoria K.;25.0%;8.3%;25.0%;;16.7%;;16.7%;8.3%;;;;;;;;;;;;;;;;
;;;;;;002;10221;Nielsen, Zoe N.;41.7%;33.3%;;;;;8.3%;8.3%;;;;;;;;;;;;;;;8.3%;
;;20100;Art For Elem Schl Tchr;202610;Fall 2025;001;10224;Vickers, Heather G.;93.8%;;;;;;;;;;;;;;;;;;;;;;6.3%;
;;;;;;003;10226;Vickers, Heather G.;86.7%;;;;;;;6.7%;;;;;;;6.7%;;;;;;;;;
;;;;;;005;10223;Vickers, Heather G.;78.6%;;;;21.4%;;;;;;;;;;;;;;;;;;;
;;;;;;009;17870;Vickers, Heather G.;92.9%;;;;7.1%;;;;;;;;;;;;;;;;;;;
;;;Art For Elem Schl Tchr-Honors;202610;Fall 2025;003;10226;Vickers, Heather G.;100.0%;;;;;;;;;;;;;;;;;;;;;;;
;;20500;Design III;202610;Fall 2025;002;48766;Barrett, Felicia J.;7.7%;15.4%;7.7%;;7.7%;23.1%;23.1%;;;7.7%;;;;;;;;;;;;;7.7%;
;;;;;;004;16992;Barrett, Felicia J.;7.1%;28.6%;;;14.3%;14.3%;21.4%;14.3%;;;;;;;;;;;;;;;;
;;;;;;005;27265;Kim, Do Gyun;16.7%;25.0%;;;;8.3%;16.7%;25.0%;;;;;;;;;;;;;;;8.3%;
;;21300;Life Drawing I;202610;Fall 2025;003;13062;Penington, Eric A.;53.8%;30.8%;;;;7.7%;7.7%;;;;;;;;;;;;;;;;;
;;21500;Materials & Processes;202610;Fall 2025;002;14658;Marchese, David A.;33.3%;33.3%;;;16.7%;;16.7%;;;;;;;;;;;;;;;;;
;;;;;;003;14659;Marchese, David A.;28.6%;42.9%;;;7.1%;;7.1%;;;;;;;;7.1%;;;;;;;;7.1%;
;;;;;;004;20386;Marchese, David A.;14.3%;35.7%;;;28.6%;;14.3%;;;;;;;;7.1%;;;;;;;;;
;;;;;;005;29088;Cha, Andrew J.;45.5%;36.4%;;;9.1%;;9.1%;;;;;;;;;;;;;;;;;
;;22000;Computers In Art;202610;Fall 2025;001;14666;Hitselberger, Brian J.;64.3%;14.3%;;;;;7.1%;;7.1%;7.1%;;;;;;;;;;;;;;
;;22600;History Of Art To 1400;202610;Fall 2025;001;15434;Woodward, Elizabeth J.;26.4%;17.6%;14.3%;;11.0%;2.2%;11.0%;4.4%;3.3%;4.4%;;;1.1%;;2.2%;;;;;;;;2.2%;
;;;;;;002;23220;Woodward, Elizabeth J.;20.0%;10.0%;5.0%;;15.0%;5.0%;5.0%;10.0%;;;;;5.0%;;5.0%;;;;;;;;20.0%;
;;;History Of Art To 1400-Honors;202610;Fall 2025;001;15434;Woodward, Elizabeth J.;100.0%;;;;;;;;;;;;;;;;;;;;;;;
;;22700;Hist Of Art Since 1400;202610;Fall 2025;001;11506;Brandt, Allie K.;10.3%;7.8%;75.0%;;1.7%;;1.7%;;0.9%;0.9%;;;;;0.9%;;;;;;;;0.9%;
;;22800;VCD Computing I;202610;Fall 2025;002;48767;Safari, Golnaz;30.8%;15.4%;;;7.7%;7.7%;15.4%;7.7%;7.7%;;;;;;;;;;;;;;7.7%;
;;23000;Interior Design I;202610;Fall 2025;002;67425;In, Yong Kyung;21.4%;28.6%;;;28.6%;7.1%;;7.1%;;;;;;;;7.1%;;;;;;;;
;;;;;;003;13064;In, Yong Kyung;20.0%;26.7%;;;20.0%;;20.0%;6.7%;;;;;;;;;;;;;;;6.7%;
;;;;;;004;32413;In, Yong Kyung;15.4%;23.1%;;;15.4%;15.4%;;15.4%;7.7%;;;;;;;;;;;;;;7.7%;
;;23300;Electronic Media Studio;202610;Fall 2025;001;62874;Song, So Young;17.6%;23.5%;;;5.9%;;23.5%;11.8%;5.9%;5.9%;;;;;5.9%;;;;;;;;;
;;;;;;002;11926;Mcmullen, Shannon C.;31.3%;31.3%;;;6.3%;;6.3%;;6.3%;6.3%;;;6.3%;;6.3%;;;;;;;;;
;;;;;;003;23079;Mcmullen, Shannon C.;25.0%;12.5%;12.5%;;18.8%;12.5%;6.3%;;6.3%;6.3%;;;;;;;;;;;;;;
;;24000;Int Draft & Draw;202610;Fall 2025;003;13069;Bolisetty, Lochana;41.7%;8.3%;;;8.3%;8.3%;8.3%;8.3%;;;;;;;;8.3%;;;;;;;8.3%;
;;;;;;004;13070;Bulow, Hannah K.;20.0%;13.3%;;;40.0%;13.3%;6.7%;;6.7%;;;;;;;;;;;;;;;
;;;;;;006;32418;Bulow, Hannah K.;26.7%;33.3%;;;20.0%;;6.7%;6.7%;;;;;;;;;;;;;;;6.7%;
;;24200;Ceramics I;202610;Fall 2025;001;10264;Peterson, Jessica M.;30.8%;15.4%;7.7%;;;;30.8%;;;7.7%;;;7.7%;;;;;;;;;;;
;;;;;;002;10263;Peterson, Jessica M.;33.3%;20.0%;20.0%;;;;13.3%;;;;;;;;;;;;;;;;13.3%;
;;;;;;003;10265;Peterson, Julia M.;50.0%;8.3%;;;;;8.3%;;;;;8.3%;;;8.3%;;;;;;;;16.7%;
;;;;;;004;26602;Zahner, Sigrid K.;8.3%;25.0%;25.0%;;;;33.3%;;;;;;;;;;;;;;;;8.3%;
;;24600;Design Drawing II;202610;Fall 2025;004;17474;Zhou, Shankun;18.8%;31.3%;18.8%;;6.3%;;12.5%;;;;;;;;12.5%;;;;;;;;;
;;;;;;005;17475;Cha, Andrew J.;70.6%;11.8%;11.8%;;;5.9%;;;;;;;;;;;;;;;;;;
;;;;;;006;17482;Zhou, Shankun;29.4%;35.3%;29.4%;;5.9%;;;;;;;;;;;;;;;;;;;
;;25100;History Of Photo I;202610;Fall 2025;001;11947;Dean, Katherine E.;36.8%;5.3%;31.6%;;;5.3%;10.5%;;5.3%;5.3%;;;;;;;;;;;;;;
;;25500;Art Appreciation;202610;Fall 2025;005;10051;Brandt, Allie K.;21.4%;10.7%;48.2%;;1.8%;3.6%;5.4%;1.8%;5.4%;1.8%;;;;;;;;;;;;;;
;;;;;;006;26589;Sanz Giraldo, Laura Lucia;48.8%;22.0%;;;7.3%;4.9%;2.4%;4.9%;;;;;;;;;;;;;;;9.8%;
;;;;;;007;26592;Brown, Desirae R.;40.0%;25.0%;;;10.0%;2.5%;7.5%;;;5.0%;2.5%;2.5%;5.0%;;;;;;;;;;;
;;26200;Jewelry & Metalwork I;202610;Fall 2025;001;10277;Mohl, Jessica S.;42.9%;28.6%;;;7.1%;7.1%;7.1%;;7.1%;;;;;;;;;;;;;;;
;;;;;;002;10278;Mohl, Jessica S.;42.9%;42.9%;;;7.1%;;7.1%;;;;;;;;;;;;;;;;;
;;26500;Relief Printmaking;202610;Fall 2025;001;16095;Jung, Hoijin;41.7%;16.7%;;;8.3%;8.3%;8.3%;8.3%;;8.3%;;;;;;;;;;;;;;
;;26600;Silkscreen Printmaking;202610;Fall 2025;004;12741;Scheuer, Jennifer;36.4%;9.1%;27.3%;;9.1%;9.1%;;;;;;;;;;9.1%;;;;;;;;
;;27500;Beginning Sculpture;202610;Fall 2025;001;12746;Peterson, Jessica M.;38.5%;7.7%;30.8%;;;;7.7%;;;;;;;;7.7%;;;;;;;;7.7%;
;;30200;Theory Prac El Sc Art;202610;Fall 2025;003;14803;Sabol, Frank R.;100.0%;;;;;;;;;;;;;;;;;;;;;;;
;;;Theory Prac El Sc Art-Honors;202610;Fall 2025;003;14803;Sabol, Frank R.;100.0%;;;;;;;;;;;;;;;;;;;;;;;
;;30500;Industrial Design I;202610;Fall 2025;001;10289;Tarling, Marc N.;42.9%;35.7%;;;7.1%;;14.3%;;;;;;;;;;;;;;;;;
;;;;;;002;17489;Tarling, Marc N.;38.5%;30.8%;7.7%;;;;23.1%;;;;;;;;;;;;;;;;;
;;31100;Ancient Greek Art;202610;Fall 2025;001;17292;Barnes, Katharine;21.2%;27.3%;9.1%;;12.1%;9.1%;12.1%;;3.0%;;;;;;;;;;;;;;6.1%;
;;31500;Design Methodology;202610;Fall 2025;001;10292;Kim, Tong J.;53.8%;23.1%;15.4%;;;;7.7%;;;;;;;;;;;;;;;;;
;;;;;;002;17510;Kim, Tong J.;69.2%;15.4%;7.7%;;;7.7%;;;;;;;;;;;;;;;;;;
;;31800;Fnd Inter Multimed Dsg;202610;Fall 2025;001;10293;Bendito, Petronio A.;36.4%;18.2%;27.3%;;9.1%;;9.1%;;;;;;;;;;;;;;;;;
;;33000;Interior Design III;202610;Fall 2025;002;12509;Bittner, Laura E.;35.3%;52.9%;;;5.9%;;5.9%;;;;;;;;;;;;;;;;;
;;;;;;003;12748;Bittner, Laura E.;43.8%;31.3%;;;6.3%;;18.8%;;;;;;;;;;;;;;;;;
;;33200;Visual Commun Design I;202610;Fall 2025;001;10302;Deal, James David;54.5%;;45.5%;;;;;;;;;;;;;;;;;;;;;
;;33800;Adv Interior Design Com;202610;Fall 2025;001;13468;Bulow, Hannah K.;33.3%;11.1%;;;27.8%;5.6%;22.2%;;;;;;;;;;;;;;;;;
;;;;;;003;13474;Bulow, Hannah K.;20.0%;33.3%;;;33.3%;6.7%;6.7%;;;;;;;;;;;;;;;;;
;;33900;Women Artists;202610;Fall 2025;001;23555;Dossin, Catherine;26.5%;29.4%;8.8%;;8.8%;5.9%;14.7%;;;2.9%;;;2.9%;;;;;;;;;;;
;;34700;Lighting Interior Environments;202610;Fall 2025;001;14205;Bittner, Laura E.;9.1%;36.4%;;;27.3%;18.2%;9.1%;;;;;;;;;;;;;;;;;
;;34900;Motion Design;202610;Fall 2025;001;23298;Kim, Do Gyun;7.7%;15.4%;23.1%;;15.4%;;38.5%;;;;;;;;;;;;;;;;;
;;35900;Medieval Europe Art;202610;Fall 2025;001;15176;Woodward, Elizabeth J.;21.4%;7.1%;7.1%;;21.4%;7.1%;;;;14.3%;;;7.1%;;14.3%;;;;;;;;;
;;36101;The Constructed Image;202610;Fall 2025;001;17741;Craven, Eli J.;38.5%;;46.2%;;7.7%;;7.7%;;;;;;;;;;;;;;;;;
;;38300;Modern Art;202610;Fall 2025;001;10308;Dossin, Catherine;3.8%;15.1%;7.5%;;11.3%;20.8%;11.3%;5.7%;11.3%;9.4%;;;;;3.8%;;;;;;;;;
;;39100;History Of Chinese Art;202610;Fall 2025;001;21850;Wang, Chi-Ying A.;33.3%;20.0%;;;6.7%;;6.7%;13.3%;6.7%;;;;;;6.7%;;;;;;;;6.7%;
;;39500;History Of Design;202610;Fall 2025;001;10309;Kaufmann-Buhler, Jennifer B.;23.6%;19.4%;1.4%;;12.5%;8.3%;18.1%;2.8%;4.2%;5.6%;;1.4%;;;2.8%;;;;;;;;;
;;39700;Sustainability Built Envirnmnt;202610;Fall 2025;001;38946;Ebbini, Genell W.;60.6%;21.2%;;;9.1%;;9.1%;;;;;;;;;;;;;;;;;
;;40500;Industrial Design III;202610;Fall 2025;003;27156;Visser, Steve C.;23.1%;30.8%;7.7%;;15.4%;7.7%;15.4%;;;;;;;;;;;;;;;;;
;;41500;Professional Techniqes;202610;Fall 2025;001;10312;Sohn, Jung J.;31.8%;50.0%;18.2%;;;;;;;;;;;;;;;;;;;;;
;;43000;Interior Design V;202610;Fall 2025;002;14662;Young, Barbara L.;13.3%;20.0%;;;13.3%;;40.0%;6.7%;;6.7%;;;;;;;;;;;;;;
;;43100;Visual Comm Design III;202610;Fall 2025;001;10316;Deal, James David;93.8%;6.3%;;;;;;;;;;;;;;;;;;;;;;
;;;;;;002;10317;Zhang, Li;66.7%;8.3%;;;8.3%;;16.7%;;;;;;;;;;;;;;;;;
;;43400;VCD Profession Practice;202610;Fall 2025;001;13085;Deal, James David;100.0%;;;;;;;;;;;;;;;;;;;;;;;
;;47800;Intern Art And Design;202610;Fall 2025;001;10322;Instructor, Off Campus;82.0%;18.0%;;;;;;;;;;;;;;;;;;;;;;
;;53200;Cognition In Design;202610;Fall 2025;001;29701;Feng, Anran;53.8%;30.8%;7.7%;;;;7.7%;;;;;;;;;;;;;;;;;
AFT;AFT-Aerospace Studies;11000;Heritage And Values I;202610;Fall 2025;001;10499;Wanner, Chad W.;88.5%;;;;;;;;;;;;;;;;;;;;;;11.5%;
;;;;;;003;10501;Wanner, Chad W.;82.4%;;;;;;2.9%;;;;;;;;2.9%;;;;;;;;11.8%;
;;20220;Air Force ROTC Lead Lab;202610;Fall 2025;001;23927;Goodner, Allison N.;89.5%;;;;;;;;;;;;;;1.9%;;;;;;;;8.6%;
;;23000;Team & Ldrshp Fund I;202610;Fall 2025;003;16771;Goodner, Allison N.;89.5%;5.3%;;;;;;;;;;;;;;;;;;;;;5.3%;
;;;;;;004;16772;Goodner, Allison N.;80.0%;;;;;;;;;;;;;;8.0%;;;;;;;;12.0%;
;;35100;Leading Ppl & Effect Comm I;202610;Fall 2025;002;10509;Mcarthur, Paul G.;89.5%;;;;5.3%;;;;;;;;;;;;;;;;;;5.3%;
;;;;;;003;16767;Mcarthur, Paul G.;87.0%;4.3%;4.3%;;;;4.3%;;;;;;;;;;;;;;;;;
;;40220;Air Force ROTC Lead Lab;202610;Fall 2025;001;23929;Goodner, Allison N.;100.0%;;;;;;;;;;;;;;;;;;;;;;;
;;47100;Natl Sec Commission Prep I;202610;Fall 2025;001;10512;Wild, Jason;100.0%;;;;;;;;;;;;;;;;;;;;;;;
;;;;;;003;16765;Wild, Jason;92.3%;3.8%;;;;;3.8%;;;;;;;;;;;;;;;;;
AGEC;AGEC-Agricultural Economics;20201;Intro To Data Analytics AGBS;202610;Fall 2025;001;16168;Tchuente Nguembu, Guy;19.3%;16.5%;23.9%;;10.1%;7.3%;8.3%;3.7%;0.9%;4.6%;;0.9%;;;0.9%;;;;;;;;3.7%;
;;;Intro To Data Analytics-Honors;202610;Fall 2025;001;16168;Tchuente Nguembu, Guy;100.0%;;;;;;;;;;;;;;;;;;;;;;;
;;20300;Microecon Food & Agbus;202610;Fall 2025;001;61752;Byrd, Elizabeth S.;39.5%;17.5%;11.3%;;7.9%;3.4%;7.3%;2.8%;1.7%;2.8%;1.1%;1.7%;1.1%;;1.1%;;;;;;;;0.6%;
;;;;;;008;17532;Kuethe, Todd H.;16.5%;13.6%;16.5%;;15.5%;6.8%;14.6%;2.9%;;7.8%;1.9%;;1.0%;;1.9%;;;;;;;;1.0%;
;;;Microecon Food & Agbus-Honors;202610;Fall 2025;001;61752;Byrd, Elizabeth S.;66.7%;;33.3%;;;;;;;;;;;;;;;;;;;;;
;;;;;;008;17532;Kuethe, Todd H.;;;;;;;;;;;;;;;;;;;;;;;100.0%;
;;21700;Economics;202610;Fall 2025;001;10520;Moss, Leeann E.;33.9%;12.2%;37.8%;;4.0%;0.8%;5.6%;0.8%;0.8%;1.9%;;;;;1.6%;;;;;;;;0.8%;
;;;;;;Y01;53420;Moss, Leeann E.;32.6%;11.0%;37.2%;;6.0%;1.2%;6.8%;1.0%;;1.2%;0.4%;;;;1.0%;;;;;;;;1.7%;
;;;Economics-Honors;202610;Fall 2025;001;10520;Moss, Leeann E.;;9.1%;81.8%;;;;;;;;;;;;;;;9.1%;;;;;;
;;;;;;Y01;53420;Moss, Leeann E.;;;100.0%;;;;;;;;;;;;;;;;;;;;;
;;22000;Econ Of Agricultural Markets;202610;Fall 2025;001;10523;Kilders, Valerie;20.8%;22.1%;13.0%;;14.3%;3.9%;14.3%;;2.6%;2.6%;2.6%;1.3%;;;1.3%;;;;;;;;1.3%;
;;26000;Mentoring Leadership;202610;Fall 2025;001;50861;Oppy, Andrew E.;;;100.0%;;;;;;;;;;;;;;;;;;;;;
;;29600;Discovering Agribusiness Comm;202610;Fall 2025;001;30225;Strong, Christine B.;29.4%;;47.1%;;11.8%;;;;;5.9%;;;;;;;;;;;;;5.9%;
;;29800;Careers In Agribusiness;202610;Fall 2025;001;66881;Akridge, Jay T.;45.5%;;31.8%;;12.5%;;;5.7%;;;2.3%;;;;2.3%;;;;;;;;;
;;30500;Agricultural Prices;202610;Fall 2025;002;59043;Foster, Kenneth A.;22.2%;19.4%;13.9%;;8.3%;2.8%;8.3%;11.1%;2.8%;2.8%;2.8%;;;;;;;;;;;;5.6%;
;;32100;Principles Commodity Marketing;202610;Fall 2025;001;10536;Mallory, Mindy L.;12.7%;17.5%;60.3%;;3.2%;;;3.2%;1.6%;1.6%;;;;;;;;;;;;;;
;;32700;Prin Of Food & Agribus Mrkt;202610;Fall 2025;001;11996;Katare, Bhagyashree;28.1%;24.8%;;;14.9%;6.6%;19.0%;1.7%;;3.3%;0.8%;;;;;;;;;;;;0.8%;
;;33000;Mgmt Methods Agr Bus;202610;Fall 2025;001;10537;Byrd, Elizabeth S.;34.5%;11.5%;33.6%;;6.2%;1.8%;7.1%;;0.9%;1.8%;1.8%;;;;0.9%;;;;;;;;;
;;;Mgmt Methods Agr Bus-Honors;202610;Fall 2025;001;10537;Byrd, Elizabeth S.;50.0%;;50.0%;;;;;;;;;;;;;;;;;;;;;
;;33100;Prin Of Industrial Selling;202610;Fall 2025;001;10538;Cochran, Amy L.;6.0%;8.6%;;;20.5%;11.9%;17.2%;9.3%;2.0%;7.9%;;1.3%;1.3%;;2.6%;;;;;;;;11.3%;
;;34000;Intl Econ Development;202610;Fall 2025;001;17139;Ricker-Gilbert, Jacob E.;12.7%;12.7%;15.9%;;12.7%;9.5%;9.5%;3.2%;1.6%;4.8%;;;1.6%;;1.6%;;;11.1%;;;;;3.2%;
;;;Intl Econ Development-Honors;202610;Fall 2025;001;17139;Ricker-Gilbert, Jacob E.;;;;;;;100.0%;;;;;;;;;;;;;;;;;
;;35200;Tech For Firm Decision;202610;Fall 2025;005;11072;Pastor, Daniel J.;37.0%;27.2%;;;13.6%;1.2%;14.8%;2.5%;;1.2%;1.2%;;;;;;;;;;;;1.2%;
;;40600;Nat Res & Envir Econ;202610;Fall 2025;001;10543;Pastor, Daniel J.;20.2%;16.7%;17.9%;;10.7%;2.4%;13.1%;7.1%;;2.4%;1.2%;;3.6%;;1.2%;;;1.2%;;;;;2.4%;
;;41100;Farm Management;202610;Fall 2025;001;10544;Fiechter, Chad M.;83.1%;;;;4.5%;;6.7%;4.5%;;;;;;;;;;;;;;;1.1%;
;;42400;Finan Mgt Agr Bus;202610;Fall 2025;001;10547;Byrd, Elizabeth S.;43.0%;27.8%;3.8%;;10.1%;1.3%;8.9%;1.3%;1.3%;;;;1.3%;;;;;;;;;;1.3%;
;;43000;Agr&Food Bus Strategy;202610;Fall 2025;001;10235;Moss, Leeann E.;45.2%;19.0%;11.9%;;11.9%;;4.8%;;;2.4%;;;4.8%;;;;;;;;;;;
;;43100;Adv Ind Sales And Marketing;202610;Fall 2025;001;53421;Cochran, Amy L.;67.7%;19.4%;;;;;9.7%;;;;;;;;;;;;;;;;3.2%;
;;45500;Agricultural Law;202610;Fall 2025;001;12068;Armstrong, Candace D.;26.3%;10.5%;54.4%;;;;5.3%;3.5%;;;;;;;;;;;;;;;;
;;49800;Agribusiness Entrepreneurship;202610;Fall 2025;001;19083;Malone, Donald J.;90.9%;;;;;;;;;;;;;;;;4.5%;;;;;;4.5%;
;;52500;Environmtl Policy Anly;202610;Fall 2025;002;11794;Sesmero, Juan P.;25.0%;25.0%;6.3%;;12.5%;6.3%;15.6%;3.1%;;3.1%;;;;;;3.1%;;;;;;;;
;;65400;Economic Dynamics;202610;Fall 2025;001;62806;Sesmero, Juan P.;16.7%;58.3%;16.7%;;;;8.3%;;;;;;;;;;;;;;;;;
AGR;AGR-Agriculture;10100;Intd To Agr And Purdue;202610;Fall 2025;001;12035;Kerr, Timothy P.;71.4%;;;;22.5%;;;3.6%;;;0.7%;;;;1.4%;;;;;;;;0.4%;
;;;;;;002;13920;Kerr, Timothy P.;62.0%;;;;28.7%;;;6.2%;;;1.9%;;;;1.2%;;;;;;;;;
;;10700;Pathway To Purdue;202610;Fall 2025;001;19178;Nelson, Russell C.;60.9%;;;;17.4%;;;17.4%;;;4.3%;;;;;;;;;;;;;
;;11100;Intro To ABE Programs;202610;Fall 2025;001;36231;Greulach, Samantha L.;22.7%;4.5%;45.5%;;4.5%;9.1%;4.5%;;4.5%;4.5%;;;;;;;;;;;;;;
;;11200;Intro To AGEC Programs;202610;Fall 2025;SC1;36232;Oppy, Andrew E.;12.5%;7.8%;78.1%;;;;;1.6%;;;;;;;;;;;;;;;;
;;11300;Intro To AGRY Programs;202610;Fall 2025;001;36233;Schweitzer, Lee E.;91.3%;;;;;;;4.3%;;;;;;;;;;;;;;;4.3%;
;;11400;Intro To ANSC Programs;202610;Fall 2025;004;36237;York, Ashley R.;56.3%;18.2%;;;2.6%;5.7%;7.8%;2.6%;2.1%;2.1%;;0.5%;0.5%;;1.6%;;;;;;;;;
;;11500;Intro To BCHM Programs;202610;Fall 2025;002;11224;Fornes, Heidi M.;86.2%;10.3%;;;3.4%;;;;;;;;;;;;;;;;;;;
;;11700;Intro To ENTM Programs;202610;Fall 2025;001;36240;Cameron, Stephen L.;88.2%;;;;5.9%;;;5.9%;;;;;;;;;;;;;;;;
;;11800;Intro To FS Programs;202610;Fall 2025;001;36241;Simsek, Senay;20.7%;3.4%;72.4%;;;;;3.4%;;;;;;;;;;;;;;;;
;;11900;Intro To FNR Programs;202610;Fall 2025;001;36242;Flaherty, Elizabeth A.;27.1%;4.2%;47.9%;;2.1%;6.3%;;;;6.3%;4.2%;;2.1%;;;;;;;;;;;
;;12000;Intro To HLA Programs;202610;Fall 2025;002;33387;Beck, MacOn A.;4.0%;16.0%;56.0%;;4.0%;8.0%;4.0%;;8.0%;;;;;;;;;;;;;;;
;;12100;Intro To ASEC Programs;202610;Fall 2025;003;54527;Conrad, Amy K.;;;95.7%;;;;;;;4.3%;;;;;;;;;;;;;;
;;12200;Intro To NRES Programs;202610;Fall 2025;001;36246;Shee, Christie N.;9.7%;6.5%;61.3%;;;6.5%;3.2%;;6.5%;;;;3.2%;;3.2%;;;;;;;;;
;;12400;Intro To PRMD Programs;202610;Fall 2025;001;17160;Harris, Carrie J.;77.8%;;;;14.8%;;;3.7%;;;3.7%;;;;;;;;;;;;;
;;12500;Introduction To Plant Science;202610;Fall 2025;001;19404;Anderson, Joseph M.;64.3%;;;;21.4%;;;;;;14.3%;;;;;;;;;;;;;
;;15000;Woman In Agriculture I;202610;Fall 2025;LC3;27661;Deering, Amanda J.;80.9%;;;;10.6%;;;4.3%;;;;;;;2.1%;;;;;;;;2.1%;
;;20100;Com Across Culture;202610;Fall 2025;001;10674;Morris, Pamala V.;40.7%;3.4%;38.1%;;5.9%;;6.8%;;;2.5%;;;;;;;;;;;;;2.5%;
;;;;;;Y01;54639;Morris, Pamala V.;51.9%;9.6%;5.8%;;7.7%;5.8%;13.5%;1.9%;;1.9%;;;;;;;;;;;;;1.9%;
;;;Com Across Culture-Honors;202610;Fall 2025;001;10674;Morris, Pamala V.;;;100.0%;;;;;;;;;;;;;;;;;;;;;
;;20500;Dean's Scholars Seminar-Honors;202610;Fall 2025;LC1;23977;Powers, Alyssa A.;97.6%;;;;;;;;;;2.4%;;;;;;;;;;;;;
;;29000;Intro To Ag Lead Pro;202610;Fall 2025;001;13396;Wilson, Christine A.;79.2%;;;;16.7%;;;;;;;;;;4.2%;;;;;;;;;
;;49000;Adv Agricultural Leadership;202610;Fall 2025;001;26628;Akridge, Jay T.;100.0%;;;;;;;;;;;;;;;;;;;;;;;
;;;Gateways To Graduate School;202610;Fall 2025;002;21848;Cronin, Janelle A.;100.0%;;;;;;;;;;;;;;;;;;;;;;;
AGRY;AGRY-Agronomy;10500;Crop Production;202610;Fall 2025;001;10683;Gerber, Corey K.;43.3%;;;;36.7%;;;11.7%;;;;;;;1.7%;;;3.3%;;;;;3.3%;
;;;Crop Production-Honors;202610;Fall 2025;001;10683;Gerber, Corey K.;33.3%;;;;;;;33.3%;;;;;;;;;;;;;;;33.3%;
;;12500;Environmental Scienc & Conserv;202610;Fall 2025;001;12188;Ruhl, Patrick J.;21.2%;9.1%;3.0%;;9.1%;9.1%;15.2%;3.0%;6.1%;9.1%;3.0%;;3.0%;;3.0%;;;;;;;;6.1%;
;;15500;Intd Soil Morphology;202610;Fall 2025;001;10699;Bradford, Jeffrey T.;90.9%;;;;;;;;;;;;;;9.1%;;;;;;;;;
;;25500;Soil Science;202610;Fall 2025;013;10735;Paltseva, Anna A.;24.3%;;;1.4%;24.3%;;5.7%;17.1%;;2.9%;10.0%;;5.7%;;4.3%;;;;;;;;4.3%;
;;;;;;056;21967;Paltseva, Anna A.;38.3%;;;;27.2%;;6.2%;9.9%;;6.2%;4.9%;;2.5%;;2.5%;;;;;;;;2.5%;
;;32000;Genetics;202610;Fall 2025;001;10762;Anderson, Joseph M.;13.3%;15.0%;25.6%;;10.6%;8.3%;11.7%;1.7%;1.7%;4.4%;1.1%;0.6%;1.1%;;3.3%;;;;;;;;1.7%;
;;;Genetics-Honors;202610;Fall 2025;001;10762;Anderson, Joseph M.;33.3%;33.3%;33.3%;;;;;;;;;;;;;;;;;;;;;
;;32100;Genetics Laboratory;202610;Fall 2025;001;10763;Allen, Sara L.;23.1%;30.8%;23.1%;;;;23.1%;;;;;;;;;;;;;;;;;
;;;;;;002;10764;Allen, Sara L.;;50.0%;;;7.1%;14.3%;14.3%;;7.1%;7.1%;;;;;;;;;;;;;;
;;;;;;004;10766;Danao, Jairam B.;53.8%;7.7%;7.7%;;;7.7%;15.4%;;;7.7%;;;;;;;;;;;;;;
;;;;;;006;10768;Danao, Jairam B.;23.1%;23.1%;7.7%;;7.7%;7.7%;23.1%;;;;;;;;;;;;;;;;7.7%;
;;34900;Soil Ecology;202610;Fall 2025;001;10769;Wilhelm, Roland C.;26.3%;26.3%;10.5%;;15.8%;;;;15.8%;5.3%;;;;;;;;;;;;;;
;;37500;Crop Production Systms;202610;Fall 2025;001;10776;Schweitzer, Lee E.;71.7%;;;;24.5%;;;3.8%;;;;;;;;;;;;;;;;
;;39800;Agronomy Seminar;202610;Fall 2025;001;10780;Schweitzer, Lee E.;100.0%;;;;;;;;;;;;;;;;;;;;;;;
;;39900;Idntfy Crops & Weeds Centrl IL;202610;Fall 2025;027;20460;Bradford, Jeffrey T.;78.9%;;;;;;;;;;;;;;;;;;;;;;21.1%;
;;42000;Computing For Natural Sciences;202610;Fall 2025;001;19825;Wang, Diane R.;30.8%;7.7%;7.7%;;7.7%;15.4%;30.8%;;;;;;;;;;;;;;;;;
;;45000;Soil Conser Water Mgt;202610;Fall 2025;001;10795;Armstrong, Shalamar D.;68.8%;;;;12.5%;;;18.8%;;;;;;;;;;;;;;;;
;;48000;Plant Genetics;202610;Fall 2025;001;63783;Ma, Jianxin;7.1%;7.1%;14.3%;;21.4%;21.4%;14.3%;;;;14.3%;;;;;;;;;;;;;
;;48500;Precision Crop Management;202610;Fall 2025;002;21651;Schweitzer, Lee E.;100.0%;;;;;;;;;;;;;;;;;;;;;;;
;;49800;Agry Senior Seminar;202610;Fall 2025;001;38344;Bradford, Jeffrey T.;78.0%;;;;12.2%;;;7.3%;;;;;;;;;;;;;;;2.4%;
;;52000;Prin & Mthd Plnt Breed;202610;Fall 2025;002;10077;Rainey, Katherine M.;16.7%;;58.3%;;8.3%;;16.7%;;;;;;;;;;;;;;;;;
;;54500;Remote Sens Land Resrc;202610;Fall 2025;004;33791;Crawford, Melba M.;29.4%;23.5%;;;11.8%;11.8%;;;5.9%;;;;;;;;;;;;;;17.6%;
;;56000;Soil Physics;202610;Fall 2025;001;10812;Kladivko, Eileen J.;38.5%;;2.6%;;15.4%;;17.9%;17.9%;;2.6%;5.1%;;;;;;;;;;;;;
;;56500;Soils And Landscapes;202610;Fall 2025;001;10814;Rahmani, Shams Rahman R.;30.0%;5.0%;25.0%;;10.0%;5.0%;10.0%;10.0%;;5.0%;;;;;;;;;;;;;;
;;60100;Intro To Graduate Research;202610;Fall 2025;001;28030;Zhang, Cankui;100.0%;;;;;;;;;;;;;;;;;;;;;;;
;;62400;Plant Ecophysiology;202610;Fall 2025;001;28686;Wang, Diane R.;45.5%;27.3%;;18.2%;;;;;;;;;;;;;;;;;;;;9.1%
AMST;AMST-American Studies;10100;America And The World;202610;Fall 2025;004;27861;Tan, Mindy H.;29.2%;8.3%;37.5%;;4.2%;4.2%;;;4.2%;;;;4.2%;;8.3%;;;;;;;;;
;;;;;;005;28377;Tan, Mindy H.;36.0%;4.0%;40.0%;;;;12.0%;;;;;;;;;;;4.0%;;;;;4.0%;
;;;;;;007;29725;Basmaz, Ozgun;30.0%;5.0%;55.0%;;;;5.0%;;;;;;;;;;;;;;;;5.0%;
;;20100;Interpreting America;202610;Fall 2025;001;20498;Tortolini, David;76.2%;;;;4.8%;;4.8%;4.8%;;4.8%;;;;;;4.8%;;;;;;;;
;;22000;Technology And Play;202610;Fall 2025;001;18920;Johnson, Michael D.;36.8%;;36.8%;;10.5%;;;;10.5%;;;;;;5.3%;;;;;;;;;
;;32000;Understanding The NFL;202610;Fall 2025;001;16361;Cooky, Cheryl A.;7.7%;11.5%;19.2%;;7.7%;3.8%;3.8%;7.7%;;3.8%;3.8%;3.8%;;;11.5%;;;;;;;;15.4%;
ANSC;ANSC-Animal Sciences;10200;Intro To Animal Agr;202610;Fall 2025;001;10902;Karcher, Elizabeth L.;46.7%;17.4%;;;8.4%;6.6%;9.0%;1.2%;2.4%;4.8%;;;;;1.2%;;;;;;;;2.4%;
;;;;;;022;27646;Ebner, Paul D.;23.9%;17.4%;;;10.9%;10.9%;15.2%;4.3%;2.2%;2.2%;;;;;8.7%;;;;;;;;4.3%;
;;;Intro To Animal Agr-Honors;202610;Fall 2025;022;27646;Ebner, Paul D.;50.0%;;;;;;50.0%;;;;;;;;;;;;;;;;;
;;12100;Ethics Of Animal Use;202610;Fall 2025;001;23797;Neave, Heather W.;13.9%;7.8%;51.7%;;6.1%;2.8%;5.6%;1.7%;1.7%;2.2%;0.6%;1.7%;1.1%;;2.2%;;;;;;;;1.1%;
;;22100;Princ Of Animal Nutr;202610;Fall 2025;001;10911;Forsyth, Dale M.;27.1%;10.6%;15.3%;;15.3%;2.4%;5.9%;7.1%;1.2%;3.5%;1.2%;4.7%;1.2%;;;1.2%;;;;;;;3.5%;
;;;;;;002;10912;Forsyth, Dale M.;20.0%;12.7%;14.5%;;9.1%;10.9%;1.8%;3.6%;1.8%;3.6%;3.6%;3.6%;3.6%;;5.5%;;;;;;;;5.5%;
;;;;;;Y06;57087;Forsyth, Dale M.;20.0%;10.0%;10.0%;;13.3%;3.3%;3.3%;10.0%;3.3%;;;3.3%;6.7%;;10.0%;;;;;;;;6.7%;
;;23000;Physiolo/Domestic Anim;202610;Fall 2025;001;10914;Markworth, James F.;13.3%;10.5%;6.7%;;9.5%;5.7%;4.8%;7.6%;6.7%;5.7%;2.9%;2.9%;6.7%;;6.7%;;1.0%;;;;;;9.5%;
;;;Physiolo/Domestic Anim-Honors;202610;Fall 2025;001;10914;Markworth, James F.;20.0%;20.0%;40.0%;;20.0%;;;;;;;;;;;;;;;;;;;
;;24000;Animal Production;202610;Fall 2025;001;21849;Nicholls, Griffin T.;25.2%;17.6%;10.1%;;9.2%;6.7%;11.8%;3.4%;2.5%;3.4%;0.8%;0.8%;1.7%;;3.4%;;;;;;;;3.4%;
;;24500;Appl Animal Mgmt;202610;Fall 2025;001;24457;Mcgrady, Hattie I.;24.6%;15.8%;50.9%;;;;7.0%;;;;;;;;1.8%;;;;;;;;;
;;25500;Principles Of Animal Products;202610;Fall 2025;006;25618;Zuelly, Stacy M.;29.0%;24.0%;10.0%;;7.0%;3.0%;8.0%;4.0%;1.0%;8.0%;1.0%;1.0%;1.0%;;2.0%;;;;;;;;1.0%;
;;30100;Anim Growth And Dev;202610;Fall 2025;001;21716;Mcgrady, Hattie I.;34.5%;27.6%;24.1%;;;;13.8%;;;;;;;;;;;;;;;;;
;;;;;;002;21718;Mcgrady, Hattie I.;40.0%;33.3%;20.0%;;3.3%;;3.3%;;;;;;;;;;;;;;;;;
;;31100;Animal Breeding And Genetics;202610;Fall 2025;001;10926;Brito, Luiz Fernando;14.3%;5.1%;3.1%;;20.4%;6.1%;9.2%;8.2%;2.0%;8.2%;4.1%;;6.1%;;3.1%;;;;;;;;10.2%;
;;32500;Applied Ruminant Nutrition;202610;Fall 2025;001;21867;Schoonmaker, Jon;28.6%;;;;19.0%;;;19.0%;;14.3%;4.8%;;;;9.5%;;;;;;;;4.8%;
;;32600;Applied Non-ruminant Nutrition;202610;Fall 2025;001;21870;Ajuwon, Kolapo M.;33.3%;;;;44.4%;;;16.7%;;;5.6%;;;;;;;;;;;;;
;;33300;Physiol Of Reproductn;202610;Fall 2025;007;11592;Fraley, Greg S.;11.5%;12.6%;9.2%;;10.3%;10.3%;11.5%;19.5%;;5.7%;2.3%;1.1%;3.4%;;1.1%;;;;;;;;1.1%;
;;;Physiol Of Reproductn-Honors;202610;Fall 2025;007;11592;Fraley, Greg S.;100.0%;;;;;;;;;;;;;;;;;;;;;;;
;;36000;Muscle Food Prod And Safety;202610;Fall 2025;004;15743;Zuelly, Stacy M.;33.3%;17.6%;27.5%;;5.9%;2.0%;13.7%;;;;;;;;;;;;;;;;;
;;38100;Workplace Leadership Devel;202610;Fall 2025;001;11915;York, Ashley R.;66.7%;20.0%;;;6.7%;;6.7%;;;;;;;;;;;;;;;;;
;;40400;Animal Welfare;202610;Fall 2025;001;10939;Erasmus, Marisa A.;26.8%;25.0%;8.9%;;12.5%;5.4%;14.3%;1.8%;1.8%;1.8%;;;;;1.8%;;;;;;;;;
;;;Animal Welfare-Honors;202610;Fall 2025;001;10939;Erasmus, Marisa A.;;100.0%;;;;;;;;;;;;;;;;;;;;;;
;;41500;Advanced Animal Physiology;202610;Fall 2025;003;29366;Machaty, Zoltan;14.3%;28.6%;14.3%;;4.8%;14.3%;9.5%;;;4.8%;;;4.8%;;;;;;;;;;4.8%;
;;44000;Horse Management;202610;Fall 2025;001;27531;Bass, Casie S.;39.1%;13.0%;8.7%;;30.4%;4.3%;4.3%;;;;;;;;;;;;;;;;;
;;44100;Beef Management;202610;Fall 2025;001;10946;Lemenager, Ronald P.;27.9%;;;;25.6%;2.3%;39.5%;;2.3%;2.3%;;;;;;;;;;;;;;
;;;Beef Management-Honors;202610;Fall 2025;001;10946;Lemenager, Ronald P.;50.0%;;;;50.0%;;;;;;;;;;;;;;;;;;;
;;44400;Dairy Management;202610;Fall 2025;002;57876;Boerman, Jacquelyn P.;5.9%;23.5%;;;35.3%;;14.7%;8.8%;2.9%;5.9%;2.9%;;;;;;;;;;;;;
;;;Dairy Management-Honors;202610;Fall 2025;002;57876;Boerman, Jacquelyn P.;;;;;;;100.0%;;;;;;;;;;;;;;;;;
;;44600;Companion Anim Mgmt;202610;Fall 2025;001;10948;Allrich, Rodney D.;24.0%;30.0%;8.0%;;10.0%;6.0%;6.0%;2.0%;8.0%;;;2.0%;;;2.0%;;;;;;;;2.0%;
;;48100;Contemp Issues An Sci;202610;Fall 2025;004;50161;Krotz, James J.;92.6%;;;;6.4%;;;1.1%;;;;;;;;;;;;;;;;
;;;;;;005;50162;Krotz, James J.;92.6%;;;;7.4%;;;;;;;;;;;;;;;;;;;
;;49300;Intro To Animal Agr Tchg Asst;202610;Fall 2025;005;38337;Karcher, Elizabeth L.;;;;;;;;;;;;;;;;;;100.0%;;;;;;
;;59500;Quantitative Genomics I;202610;Fall 2025;013;29691;Brito, Luiz Fernando;60.0%;;40.0%;;;;;;;;;;;;;;;;;;;;;
;;68100;Anim Sc Grad Sem;202610;Fall 2025;001;21425;Johnson, Timothy A.;88.9%;;;;11.1%;;;;;;;;;;;;;;;;;;;
;;;;;;002;30611;Johnson, Timothy A.;;;;;;;;;;;;;;;;;;100.0%;;;;;;
;;69900;Research PhD Thesis;202610;Fall 2025;009;11012;Brito, Luiz Fernando;;;;;;;;;;;;;;;;;;;;100.0%;;;;
ANTH;ANTH-Anthropology;10000;Being Human - Honors;202610;Fall 2025;001;11021;Beasley, Melanie M.;100.0%;;;;;;;;;;;;;;;;;;;;;;;
;;;Being Human: Intro To Anth;202610;Fall 2025;001;11021;Beasley, Melanie M.;51.6%;17.2%;;;16.7%;1.4%;0.5%;6.0%;;;0.5%;0.5%;0.9%;;1.4%;;;;;;;;3.3%;
;;;;;;Y01;16082;Schulze, Savannah M.;11.7%;6.7%;45.0%;;10.0%;3.3%;6.7%;5.0%;;1.7%;;;;;3.3%;;;1.7%;;;;;5.0%;
;;;Being Hmn:Intro To Anth-Honors;202610;Fall 2025;001;11021;Beasley, Melanie M.;;;;;100.0%;;;;;;;;;;;;;;;;;;;
;;20100;Intro Arch Prehist;202610;Fall 2025;001;22787;Otarola-Castillo, Erik R.;34.8%;19.7%;12.1%;;1.5%;1.5%;13.6%;7.6%;1.5%;4.5%;1.5%;;;;1.5%;;;;;;;;;
;;20400;Human Origins;202610;Fall 2025;001;11043;Veile, Amanda J.;12.4%;6.6%;65.0%;;2.9%;3.6%;1.5%;1.5%;1.5%;0.7%;1.5%;0.7%;0.7%;;0.7%;;;;;;;;0.7%;
;;;Human Origins-Honors;202610;Fall 2025;001;11043;Veile, Amanda J.;;;100.0%;;;;;;;;;;;;;;;;;;;;;
;;20500;Human Cultural Diversity;202610;Fall 2025;017;48884;Wirtz, Elizabeth J.;25.9%;10.5%;41.3%;;1.4%;3.5%;3.5%;1.4%;2.1%;2.1%;2.1%;;0.7%;;2.8%;;;;;;;;2.8%;
;;;;;;028;28382;Schulze, Savannah M.;20.5%;2.6%;64.1%;;7.7%;;;;;;;;;;5.1%;;;;;;;;;
;;;;;;029;23516;Eklund, Elizabeth M.;20.0%;15.0%;52.5%;;2.5%;;;2.5%;;2.5%;2.5%;2.5%;;;;;;;;;;;;
;;;;;;Y01;16099;Eklund, Elizabeth M.;32.7%;14.3%;34.7%;;2.0%;6.1%;2.0%;;;4.1%;;;;;2.0%;;;2.0%;;;;;;
;;;;;;Y02;54468;Christodoulaki, Kalliopi M.;2.0%;14.3%;;;16.3%;18.4%;14.3%;14.3%;4.1%;8.2%;2.0%;;;;;;;4.1%;;;;;2.0%;
;;;;;;Y03;59240;Christodoulaki, Kalliopi M.;2.1%;12.8%;;;10.6%;14.9%;21.3%;14.9%;8.5%;8.5%;2.1%;;2.1%;;;;;;;;;;2.1%;
;;;Hum Cltrl Diversity-Honors;202610;Fall 2025;017;48884;Wirtz, Elizabeth J.;;;100.0%;;;;;;;;;;;;;;;;;;;;;
;;;;;;028;28382;Schulze, Savannah M.;;;100.0%;;;;;;;;;;;;;;;;;;;;;
;;;Human Cultural Div-Honors;202610;Fall 2025;Y01;16099;Eklund, Elizabeth M.;;;100.0%;;;;;;;;;;;;;;;;;;;;;
;;21000;Technology And Culture;202610;Fall 2025;002;15355;Eklund, Elizabeth M.;23.8%;22.9%;12.4%;;9.5%;7.6%;6.7%;2.9%;2.9%;2.9%;1.0%;;1.9%;;3.8%;;;;;;;;1.9%;
;;;;;;003;27223;Eklund, Elizabeth M.;23.7%;31.6%;21.1%;;;7.9%;5.3%;2.6%;;2.6%;;2.6%;;;2.6%;;;;;;;;;
;;;;;;004;18670;Torquato, Melissa G.;71.7%;;;;3.3%;1.7%;;6.7%;1.7%;;;;;;1.7%;;;;;;;;13.3%;
;;;Technology And Culture-Honors;202610;Fall 2025;002;15355;Eklund, Elizabeth M.;;;100.0%;;;;;;;;;;;;;;;;;;;;;
;;;;;;003;27223;Eklund, Elizabeth M.;50.0%;;50.0%;;;;;;;;;;;;;;;;;;;;;
;;21200;Culture, Food & Health;202610;Fall 2025;001;15393;Lindshield, Stacy;33.3%;20.5%;5.1%;;7.7%;;15.4%;2.6%;;2.6%;;;;;10.3%;;;;;;;;2.6%;
;;;;;;006;29551;Schrader, Sarah A.;32.0%;22.0%;6.0%;;20.0%;;16.0%;2.0%;;;2.0%;;;;;;;;;;;;;
;;;;;;008;21885;Lindshield, Stacy;42.5%;25.0%;5.0%;;12.5%;;2.5%;5.0%;;;;;;;;;;;;;;;7.5%;
;;23000;Gender Across Cultures;202610;Fall 2025;001;36893;Wirtz, Elizabeth J.;27.7%;13.3%;19.3%;;6.0%;;15.7%;3.6%;1.2%;6.0%;;;;;2.4%;;;;;;;;4.8%;
;;23500;The Great Apes;202610;Fall 2025;001;16169;Schulze, Savannah M.;13.9%;2.8%;66.7%;;;;2.8%;;;2.8%;;;;;8.3%;;;;;;;;2.8%;
;;25400;Arch Hoaxes, Myths And Frauds;202610;Fall 2025;001;21902;Lindsay, Ian C.;23.1%;5.1%;;;23.1%;2.6%;15.4%;5.1%;5.1%;;;;7.7%;;5.1%;;;;;;;;7.7%;
;;30700;Anthropological Theory;202610;Fall 2025;001;29471;Wirtz, Elizabeth J.;32.4%;18.9%;35.1%;;2.7%;2.7%;2.7%;;;;;;;;2.7%;;;;;;;;2.7%;
;;31200;Arch Of Egypt;202610;Fall 2025;001;21905;Buzon, Michele R.;74.3%;;2.9%;;11.4%;;;5.7%;;;;;;;5.7%;;;;;;;;;
;;;Arch Of Egypt-Honors;202610;Fall 2025;001;21905;Buzon, Michele R.;100.0%;;;;;;;;;;;;;;;;;;;;;;;
;;33700;Human Diet;202610;Fall 2025;001;27348;Beasley, Melanie M.;67.5%;17.5%;;;12.5%;;;2.5%;;;;;;;;;;;;;;;;
;;34000;Global Health;202610;Fall 2025;002;15396;Rubaii, Kali;66.0%;6.0%;2.0%;;8.0%;;4.0%;;;;;;;;2.0%;2.0%;;;;;;;10.0%;
;;;;;;012;24763;Smith, Bonnie K.;54.5%;9.1%;25.5%;;5.5%;1.8%;1.8%;1.8%;;;;;;;;;;;;;;;;
;;34100;Culture & Personality;202610;Fall 2025;001;27239;Anderson, Myrdene;28.1%;9.4%;;;9.4%;3.1%;18.8%;3.1%;;9.4%;;;;;3.1%;;;;;;;;15.6%;
;;34600;Pregnancy, Birth, And Babies;202610;Fall 2025;001;21960;Veile, Amanda J.;13.3%;3.3%;50.0%;;6.7%;6.7%;3.3%;10.0%;;;;;;;;;;;;;;;6.7%;
;;37900;Native Amer Cultures-Honors;202610;Fall 2025;001;50866;Cooper, Harold K.;100.0%;;;;;;;;;;;;;;;;;;;;;;;
;;;Native American Cultures;202610;Fall 2025;001;50866;Cooper, Harold K.;72.8%;;;;14.9%;;;5.3%;;;0.9%;;;;3.5%;;;;;;;;2.6%;
;;38000;Using Anthropology In World;202610;Fall 2025;001;28416;Renkert, Sarah R.;33.3%;9.5%;38.1%;;4.8%;;9.5%;;;;;;;;4.8%;;;;;;;;;
;;38400;Designing For People;202610;Fall 2025;002;19883;Briller, Sherylyn H.;45.5%;15.2%;;;15.2%;3.0%;9.1%;3.0%;3.0%;;;;;;3.0%;;;;;;;;3.0%;
;;41001;Senior Capstone In Anthro;202610;Fall 2025;001;15187;Briller, Sherylyn H.;76.9%;;;;;;3.8%;;;;;;;;3.8%;11.5%;;;;;;;3.8%;
;;52300;GIS Humanities Social Science;202610;Fall 2025;001;20459;Lindsay, Ian C.;76.9%;;;;11.5%;;;3.8%;;;;;;;3.8%;;;;;;;;3.8%;
;;53400;Human Osteology;202610;Fall 2025;001;61631;Buzon, Michele R.;46.7%;;6.7%;;33.3%;;;6.7%;;;6.7%;;;;;;;;;;;;;
;;60500;Semnr Ethnogr Analysis;202610;Fall 2025;001;28422;Wittekind, Courtney T.;45.5%;18.2%;18.2%;;;9.1%;;;;;;;;;;;;;;;;;;9.1%
ARAB;ARAB-Arabic;10100;Std Arabic Level I;202610;Fall 2025;003;32259;Guerwane, Lhousseine N.;40.0%;;33.3%;;;;;6.7%;;6.7%;;;;;;;;6.7%;;;;;6.7%;
;;;;;;004;32260;Guerwane, Lhousseine N.;26.7%;13.3%;6.7%;6.7%;13.3%;13.3%;;;;6.7%;;;;;6.7%;;;6.7%;;;;;;
;;20100;Std Arabic Level III;202610;Fall 2025;003;67783;Guerwane, Lhousseine N.;40.0%;20.0%;10.0%;;20.0%;;10.0%;;;;;;;;;;;;;;;;;
;;;Std Arabic Level III-Honors;202610;Fall 2025;003;67783;Guerwane, Lhousseine N.;;;100.0%;;;;;;;;;;;;;;;;;;;;;
ASAM;ASAM-Asian American Studies;24000;Intro Asian American Studies;202610;Fall 2025;002;19082;Trieu, Monica M.;23.1%;23.1%;7.7%;;15.4%;7.7%;15.4%;7.7%;;;;;;;;;;;;;;;;
ASEC;ASEC-Agric Sciences Educ &Comm;10100;Ag, Science And Social Issues;202610;Fall 2025;001;30731;Forbes, Beth A.;29.4%;5.9%;35.3%;;;5.9%;;5.9%;;11.8%;;;5.9%;;;;;;;;;;;
;;15200;Agri Communication Sem;202610;Fall 2025;001;30096;Tucker, Mark A.;15.8%;5.3%;;;5.3%;10.5%;31.6%;;5.3%;15.8%;5.3%;;;;;5.3%;;;;;;;;
;;24000;Sem Agricultural Educ;202610;Fall 2025;SC1;30097;Conrad, Amy K.;3.4%;;75.9%;;;3.4%;13.8%;;;;;3.4%;;;;;;;;;;;;
;;25000;Storytelling For Prof Comm;202610;Fall 2025;001;27841;Smith, Kevin L.;25.0%;;;;58.3%;;;8.3%;;;;;;;;8.3%;;;;;;;;
;;30100;Building Intercultural Partner;202610;Fall 2025;001;11173;Bello Bravo, Maria J.;96.0%;;;;4.0%;;;;;;;;;;;;;;;;;;;
;;34000;Ag Ed Lab Practices;202610;Fall 2025;001;17136;LaRose, Sarah E.;36.4%;18.2%;27.3%;;;;9.1%;;;;;9.1%;;;;;;;;;;;;
;;35500;Controversial Sci&Media Public;202610;Fall 2025;001;16280;Forbes, Beth A.;31.0%;17.2%;41.4%;;;;6.9%;;;;;;;;3.4%;;;;;;;;;
;;44000;Mthd Tch Agricultrl Ed;202610;Fall 2025;001;30101;LaRose, Sarah E.;50.0%;18.8%;12.5%;;6.3%;6.3%;;;;;6.3%;;;;;;;;;;;;;
ASL;ASL-American Sign Language;10100;American Sign Lang I;202610;Fall 2025;006;24641;Mowl, Rita M.;17.6%;41.2%;5.9%;;11.8%;5.9%;;5.9%;;;;;;;;;;;;;;;11.8%;
;;;;;;007;24642;Mowl, Rita M.;25.0%;12.5%;;;12.5%;;6.3%;6.3%;;6.3%;6.3%;6.3%;6.3%;;12.5%;;;;;;;;;
;;;;;;008;31094;Borkowski, John A.;36.8%;52.6%;;;;;5.3%;;;;;;;;;;;;;;;;5.3%;
;;;;;;009;31095;Borkowski, John A.;50.0%;33.3%;5.6%;;;;5.6%;;;;;;;;5.6%;;;;;;;;;
;;;;;;010;20097;Steggs, Stacy A.;11.1%;33.3%;;;11.1%;5.6%;22.2%;;;11.1%;;;;;;;;;;;;;5.6%;
;;;;;;011;28220;Mowl, Rita M.;5.9%;11.8%;;;17.6%;17.6%;17.6%;;17.6%;;;;;;;;;;;;;;11.8%;
;;;;;;012;30377;Steggs, Stacy A.;11.8%;23.5%;;;5.9%;23.5%;17.6%;;;;;;;;11.8%;;;;;;;;5.9%;
;;10200;American Sign Lang II;202610;Fall 2025;007;25487;Ovesen, Dawn R.;;28.6%;7.1%;;14.3%;14.3%;14.3%;;;;;;;;7.1%;;7.1%;;;;;;7.1%;
;;;;;;008;31096;Borkowski, John A.;50.0%;25.0%;;;6.3%;6.3%;6.3%;;;;;;;;;;;;;;;;6.3%;
;;;;;;009;31098;Borkowski, John A.;43.8%;18.8%;12.5%;;;12.5%;6.3%;;;;;;;;;;;;;;;;6.3%;
;;;;;;010;31586;Ovesen, Dawn R.;18.8%;12.5%;;;;31.3%;6.3%;;;;6.3%;;;;;6.3%;;;;;;;18.8%;
;;;;;;011;20098;Steggs, Stacy A.;33.3%;44.4%;;;;5.6%;11.1%;;;;;;;;;5.6%;;;;;;;;
;;;American Sign Lang II-Honors;202610;Fall 2025;008;31096;Borkowski, John A.;100.0%;;;;;;;;;;;;;;;;;;;;;;;
;;20100;American Sign Lang III;202610;Fall 2025;010;26598;Borkowski, Sharon L.;41.2%;5.9%;17.6%;;;;17.6%;;5.9%;5.9%;;;;;;;;;;;;;5.9%;
;;;;;;011;26599;Borkowski, Sharon L.;52.9%;17.6%;11.8%;;;11.8%;;;;5.9%;;;;;;;;;;;;;;
;;;;;;012;19559;Borkowski, Sharon L.;16.7%;16.7%;8.3%;;16.7%;8.3%;25.0%;;;8.3%;;;;;;;;;;;;;;
;;20200;American Sign Lang IV;202610;Fall 2025;002;11115;Shay, Robin A.;16.7%;25.0%;8.3%;;16.7%;16.7%;16.7%;;;;;;;;;;;;;;;;;
;;30100;American Sign Language V;202610;Fall 2025;001;15009;Borkowski, Sharon L.;20.0%;53.3%;;;13.3%;;13.3%;;;;;;;;;;;;;;;;;
;;36100;The Structure Of ASL I;202610;Fall 2025;001;25490;Shay, Robin A.;42.9%;21.4%;28.6%;;;;;;;;;;;;;7.1%;;;;;;;;
ASM;ASM-Agricultural Systems Mgmt;10400;Intro To Agri Systems;202610;Fall 2025;001;11119;Ehlers, Shawn G.;35.7%;10.7%;;;28.6%;7.1%;3.6%;7.1%;3.6%;3.6%;;;;;;;;;;;;;;
;;22100;Career Opportunits Sem;202610;Fall 2025;001;11128;Tormoehlen, Roger L.;25.9%;;63.0%;;3.7%;3.7%;3.7%;;;;;;;;;;;;;;;;;
;;22200;Crop Prod Equip;202610;Fall 2025;001;11129;Stwalley, Robert M.;40.7%;;18.5%;;25.9%;;;14.8%;;;;;;;;;;;;;;;;
;;23600;Environmental Sys Mgmt;202610;Fall 2025;003;22101;Simsek, Halis;19.2%;30.1%;15.1%;;12.3%;8.2%;9.6%;2.7%;;1.4%;;;;;;;;1.4%;;;;;;
;;42100;Senior Seminar;202610;Fall 2025;001;11143;Buckmaster, Dennis R.;20.0%;20.0%;32.0%;;8.0%;4.0%;12.0%;;;4.0%;;;;;;;;;;;;;;
;;49400;Project Planning & Management;202610;Fall 2025;001;20642;Lay, Danielle W.;57.1%;19.0%;4.8%;;;;19.0%;;;;;;;;;;;;;;;;;
;;51100;Found In Homeland Sec Studies;202610;Fall 2025;001;30842;Ehlers, Shawn G.;42.9%;;42.9%;;14.3%;;;;;;;;;;;;;;;;;;;
;;54000;Geographic Info System Appl;202610;Fall 2025;010;32553;Saraswat, Dharmendra;33.3%;18.5%;3.7%;;11.1%;3.7%;22.2%;;;3.7%;;;;;;;;;;;;;3.7%;
ASTR;ASTR-Astronomy;26300;Dscr Astr-Solar System;202610;Fall 2025;001;38588;Austin, Robert A.;24.1%;9.0%;34.5%;;2.1%;2.1%;9.7%;4.1%;2.8%;2.8%;0.7%;1.4%;;;4.1%;;;0.7%;;;;;2.1%;
;;36300;The Solar System;202610;Fall 2025;001;11175;Caffee, Marc W.;39.0%;20.3%;;;11.9%;3.4%;11.9%;1.7%;;1.7%;;;;;3.4%;;;;;;;;6.8%;
;;;The Solar System-Honors;202610;Fall 2025;001;11175;Caffee, Marc W.;;100.0%;;;;;;;;;;;;;;;;;;;;;;
;;37000;Cosmology;202610;Fall 2025;001;11176;Duffell, Paul C.;35.9%;15.4%;20.5%;2.6%;10.3%;;7.7%;2.6%;;;;;;;;;;;;;;;5.1%;
;;56700;Observational Astronomy;202610;Fall 2025;001;10689;Milisavljevic, Danny;26.7%;20.0%;6.7%;;;6.7%;20.0%;;;13.3%;;;;;6.7%;;;;;;;;;
AT;AT-Aviation Technology;10000;Intro Aviation Tech;202610;Fall 2025;SC2;30203;Dillman, Brian G.;30.5%;3.3%;49.0%;;8.2%;;;1.2%;0.4%;2.5%;;;;;2.9%;;;;;;;;2.1%;
;;10200;Aviation Business;202610;Fall 2025;003;68633;Liu, Jiayu;72.3%;;11.3%;;12.8%;;;1.4%;;;;;;;1.4%;;;;;;;;0.7%;
;;10300;Aero Prop & Trck Sys - Honors;202610;Fall 2025;001;56811;Brewer, Todd A.;100.0%;;;;;;;;;;;;;;;;;;;;;;;
;;;Aero Prop & Trck Sys – Honors;202610;Fall 2025;001;56811;Brewer, Todd A.;100.0%;;;;;;;;;;;;;;;;;;;;;;;
;;;Aero Veh Prop & Track Sys;202610;Fall 2025;001;56811;Brewer, Todd A.;62.9%;;;;14.6%;;;12.4%;;;1.1%;;;;4.5%;;;;;;;;4.5%;
;;10600;Basic Aircraft Science;202610;Fall 2025;002;19480;Mitchell, George G.;43.6%;;;;39.3%;;;14.5%;;;0.9%;;;;1.7%;;;;;;;;;
;;;Basic Aircraft Science-Honors;202610;Fall 2025;002;19480;Mitchell, George G.;100.0%;;;;;;;;;;;;;;;;;;;;;;;
;;10901;Intro Uncrewed Aircrft Sys Ops;202610;Fall 2025;003;16452;Chen, Wenxin;32.0%;24.0%;8.0%;;4.0%;4.0%;24.0%;;;;;4.0%;;;;;;;;;;;;
;;11200;Intro Operational Aviat Safety;202610;Fall 2025;001;30715;Brown, Stephanie N.;57.0%;6.3%;24.1%;;3.8%;;5.1%;1.3%;;1.3%;;;;;1.3%;;;;;;;;;
;;11600;Aircraft Science For Eng Tech;202610;Fall 2025;004;30866;Mitchell, George G.;33.3%;;;;46.7%;;;16.7%;;;3.3%;;;;;;;;;;;;;
;;12700;Publications Records And Regs;202610;Fall 2025;003;30584;Gouwens, David W.;50.7%;;;;38.4%;;;4.1%;;;4.1%;;;;1.4%;;;;;;;;1.4%;
;;14400;Private Pilot Lectures;202610;Fall 2025;001;67659;Flores, Abner D.;28.2%;17.9%;30.8%;;10.3%;;5.1%;;;2.6%;;2.6%;;;2.6%;;;;;;;;;
;;;;;;002;26074;Flores, Abner D.;25.0%;23.5%;19.1%;;10.3%;2.9%;5.9%;1.5%;;7.4%;;1.5%;;;;;;;;;;;2.9%;
;;;Private Pilot Lectures-Honors;202610;Fall 2025;001;67659;Flores, Abner D.;100.0%;;;;;;;;;;;;;;;;;;;;;;;
;;20200;Aero Veh Sys Dsgn Analy & Ops;202610;Fall 2025;002;64981;Brewer, Todd A.;61.5%;;;;22.9%;;;10.4%;;;;;;;2.1%;;;;;;;;3.1%;
;;20300;Aviation Operations Management;202610;Fall 2025;001;57190;Karanki, Fecri;20.8%;21.7%;26.4%;;7.5%;9.4%;5.7%;0.9%;0.9%;2.8%;;0.9%;0.9%;;;;;;;;;;1.9%;
;;20501;Statics For Aerostructures;202610;Fall 2025;001;67393;Ziulkowski, Jonathon D.;72.9%;;;;16.9%;;;6.8%;;;1.7%;;;;;;;;;;;;1.7%;
;;20700;Intro Aircraft Systems;202610;Fall 2025;001;25251;Mitchell, George G.;72.0%;;;;24.0%;;;4.0%;;;;;;;;;;;;;;;;
;;20802;Aircraft Materials;202610;Fall 2025;001;14701;Habig, Ashley E.;54.8%;;;;32.3%;;;9.7%;;;;;;;3.2%;;;;;;;;;
;;20900;Auton Aircraft Tech & Maint I;202610;Fall 2025;002;13852;Rose, Nathan T.;13.3%;20.0%;6.7%;;6.7%;16.7%;23.3%;3.3%;3.3%;3.3%;;;;;3.3%;;;;;;;;;
;;21200;Operational Risk Assessment;202610;Fall 2025;003;21645;Brown, Stephanie N.;33.3%;2.0%;54.9%;;2.0%;;3.9%;;;;;;;;2.0%;;;;;;;;2.0%;
;;22300;Human Factors Flight Crew;202610;Fall 2025;002;29883;Ziulkowski, Jonathon D.;95.8%;;;;4.2%;;;;;;;;;;;;;;;;;;;
;;;Human Fctrs Flght Crw-Honors;202610;Fall 2025;002;29883;Ziulkowski, Jonathon D.;100.0%;;;;;;;;;;;;;;;;;;;;;;;
;;24900;Instrumt Flt Lectures;202610;Fall 2025;001;11558;Henneberry, Debra;38.2%;5.5%;32.7%;;9.1%;;7.3%;1.8%;;;;;;;5.5%;;;;;;;;;
;;;Instrumt Flt Lectures-Honors;202610;Fall 2025;001;11558;Henneberry, Debra;;25.0%;75.0%;;;;;;;;;;;;;;;;;;;;;
;;25200;Aviation Projects;202610;Fall 2025;001;57193;Marete, Caroline K.;8.1%;2.2%;80.9%;;2.2%;2.9%;1.5%;0.7%;;0.7%;;;;;0.7%;;;;;;;;;
;;;Aviation Projects-Honors;202610;Fall 2025;001;57193;Marete, Caroline K.;;;100.0%;;;;;;;;;;;;;;;;;;;;;
;;25400;Commercial Flt Lecture;202610;Fall 2025;001;11679;Henneberry, Debra;35.4%;16.7%;39.6%;;2.1%;2.1%;4.2%;;;;;;;;;;;;;;;;;
;;;Commercial Flt Lecture-Honors;202610;Fall 2025;001;11679;Henneberry, Debra;;;100.0%;;;;;;;;;;;;;;;;;;;;;
;;26200;Bsc Aircrft Pwrplt Tch;202610;Fall 2025;003;10550;Meyer, Corben D.;88.9%;;;;3.7%;;;7.4%;;;;;;;;;;;;;;;;
;;26502;Aircraft Electrical Systems;202610;Fall 2025;006;12369;Barnes, Donald K.;91.2%;;;;7.0%;;;;;;;;;;1.8%;;;;;;;;;
;;26700;Fixed & Rotry Wng Assy;202610;Fall 2025;001;11684;Thom, James M.;21.8%;3.6%;;;61.8%;;;10.9%;;;;;;;1.8%;;;;;;;;;
;;27200;Intro To Compst Tech;202610;Fall 2025;001;11688;Sterkenburg, Ronald;82.2%;;;2.2%;11.1%;;;;;;;;;;;;;;;;;;4.4%;
;;27800;Nondestruc Test Aircft;202610;Fall 2025;007;22367;Brewer, Todd A.;48.6%;;;;44.3%;;;5.7%;;;1.4%;;;;;;;;;;;;;
;;29000;Aviation Learning Community;202610;Fall 2025;LC1;57410;Brewer, Todd A.;91.5%;;;;6.4%;;;2.1%;;;;;;;;;;;;;;;;
;;;Career Resource Seminar;202610;Fall 2025;002;28829;Gilbert, Vicki L.;7.1%;5.4%;76.8%;;3.6%;;5.4%;;;;;;;;;;;;;;;;1.8%;
;;;Design Thinking In Technology;202610;Fall 2025;005;21173;Kim, Garam;33.3%;;;;28.2%;;;23.1%;;;12.8%;;;;2.6%;;;;;;;;;
;;30702;Advanced Aircraft Systems;202610;Fall 2025;005;62285;Habig, Ashley E.;100.0%;;;;;;;;;;;;;;;;;;;;;;;
;;30802;Aircraft Materials Processes;202610;Fall 2025;002;11985;Meyer, Corben D.;65.8%;;;;18.4%;;;5.3%;;;7.9%;;;;2.6%;;;;;;;;;
;;;Aircraft Mat Process-Honors;202610;Fall 2025;002;11985;Meyer, Corben D.;;;;;;;;;;;;;;;;;;;;;;;100.0%;
;;30901;Intro UAS Sensor Tech;202610;Fall 2025;003;16694;Hupy, Joseph P.;41.2%;35.3%;;;11.8%;;;5.9%;;5.9%;;;;;;;;;;;;;;
;;31400;Operational Safety Mitigation;202610;Fall 2025;001;24605;Brown, Stephanie N.;21.2%;;75.8%;;;;;;;3.0%;;;;;;;;;;;;;;
;;32001;Advanced Aviation Operations;202610;Fall 2025;001;23238;Kelly, Shaun J.;41.4%;24.1%;20.7%;;6.9%;;3.4%;3.4%;;;;;;;;;;;;;;;;
;;32501;Advanced Aviation Meteorology;202610;Fall 2025;001;14238;Flores, Abner D.;42.9%;2.4%;52.4%;;;;;;;2.4%;;;;;;;;;;;;;;
;;;Adv Aviation Meteo-Honors;202610;Fall 2025;001;14238;Flores, Abner D.;;;100.0%;;;;;;;;;;;;;;;;;;;;;
;;32700;Adv Transprt Flight Op;202610;Fall 2025;001;11727;Keller, Julius C.;63.8%;;;;34.5%;;;1.7%;;;;;;;;;;;;;;;;
;;;Adv Transprt Flight Op-Honors;202610;Fall 2025;001;11727;Keller, Julius C.;100.0%;;;;;;;;;;;;;;;;;;;;;;;
;;33502;Avionics Systems;202610;Fall 2025;003;14241;Barnes, Donald K.;84.6%;;;;15.4%;;;;;;;;;;;;;;;;;;;
;;;;;;004;26033;Barnes, Donald K.;75.0%;;;;16.7%;;;;;;;;;;;8.3%;;;;;;;;
;;;;;;005;26035;Barnes, Donald K.;72.2%;;;;22.2%;;;5.6%;;;;;;;;;;;;;;;;
;;33800;Airline Management;202610;Fall 2025;001;11728;Gao, Yi;56.5%;;;;34.8%;;;4.3%;;;;;;;4.3%;;;;;;;;;
;;35400;Turbine Flight Ops Lect;202610;Fall 2025;001;11760;Gephart, Raymond F.;38.5%;5.1%;51.3%;;;2.6%;2.6%;;;;;;;;;;;;;;;;;
;;35900;Airport Management;202610;Fall 2025;003;30258;Hubbard, Sarah M.;25.8%;12.9%;3.2%;;25.8%;;29.0%;;;;;;;;;;;3.2%;;;;;;
;;36302;Fundamentals Of Powerplant Sys;202610;Fall 2025;006;62292;Yother, Tracy L.;75.0%;;;;25.0%;;;;;;;;;;;;;;;;;;;
;;37200;Aircraft Maint Pract;202610;Fall 2025;001;11780;Gouwens, David W.;94.1%;;;;5.9%;;;;;;;;;;;;;;;;;;;
;;37600;Arcr Gas Trb Eng Tch I;202610;Fall 2025;001;11783;Davis, John M.;86.8%;;;;7.9%;;;5.3%;;;;;;;;;;;;;;;;
;;38100;Aviation Security;202610;Fall 2025;002;29382;Kelly, Shaun J.;16.0%;16.0%;32.0%;;8.0%;;20.0%;8.0%;;;;;;;;;;;;;;;;
;;38500;Design Support Anlysis;202610;Fall 2025;001;20407;Thom, James M.;59.4%;12.5%;;;25.0%;;;;;;;;;;3.1%;;;;;;;;;
;;38800;Large Aircraft Systems;202610;Fall 2025;001;17130;Ziulkowski, Jonathon D.;45.7%;;;;37.0%;;;8.7%;;;;;;;6.5%;;;;;;;;2.2%;
;;40300;Airman Certif Proced;202610;Fall 2025;002;32425;Barnes, Donald K.;90.9%;;;;;;;6.8%;;;;;;;;;;;;;;;2.3%;
;;40900;Adv Air Mobility: Mgmt & Ops;202610;Fall 2025;001;15725;Lercel, Damon J.;42.9%;;;;35.7%;;;21.4%;;;;;;;;;;;;;;;;
;;41200;Aviation Finance;202610;Fall 2025;002;30207;Zonsius, Michael F.;50.0%;;;;30.6%;;;15.3%;;;4.2%;;;;;;;;;;;;;
;;41600;Airline Indoctrination;202610;Fall 2025;003;33475;Strickland, Paul B.;59.3%;3.7%;33.3%;;1.9%;;;;;;;;;;1.9%;;;;;;;;;
;;42101;Managerial Econ In Aviation;202610;Fall 2025;001;27219;Karanki, Fecri;23.1%;7.7%;38.5%;;7.7%;7.7%;;7.7%;;7.7%;;;;;;;;;;;;;;
;;43800;Airline Operations;202610;Fall 2025;001;36679;Suckow, Michael W.;74.1%;3.7%;;;18.5%;3.7%;;;;;;;;;;;;;;;;;;
;;43900;Aviation Command Leadership;202610;Fall 2025;001;30404;Savage, Eric R.;97.7%;;;;1.1%;;;1.1%;;;;;;;;;;;;;;;;
;;44502;Aircraft Electronics;202610;Fall 2025;001;14697;Barnes, Donald K.;85.0%;;;;15.0%;;;;;;;;;;;;;;;;;;;
;;;;;;006;12371;Barnes, Donald K.;100.0%;;;;;;;;;;;;;;;;;;;;;;;
;;45100;Airport Operations;202610;Fall 2025;001;68446;Baxmeyer, Adam W.;66.7%;;;;25.9%;;;3.7%;;;;;;;3.7%;;;;;;;;;
;;47200;Adv Composite Tech;202610;Fall 2025;001;15883;Mazzarino, Vito A.;56.3%;;;;37.5%;;;6.3%;;;;;;;;;;;;;;;;
;;47500;Aviation Law;202610;Fall 2025;001;15056;Savage, Eric R.;96.7%;;;;;;;;;;;1.6%;;;;;;;;;;;1.6%;
;;;Aviation Law-Honors;202610;Fall 2025;001;15056;Savage, Eric R.;100.0%;;;;;;;;;;;;;;;;;;;;;;;
;;47600;Arcr Gas Trb En Tch II;202610;Fall 2025;001;11837;Davis, John M.;71.4%;;;;21.4%;;;7.1%;;;;;;;;;;;;;;;;
;;;Arcr Gas Trb En Tch II-Honors;202610;Fall 2025;001;11837;Davis, John M.;100.0%;;;;;;;;;;;;;;;;;;;;;;;
;;48000;Adv Aviation Manufacturing;202610;Fall 2025;001;29036;Johnson, Mary E.;47.4%;5.3%;21.1%;;15.8%;5.3%;5.3%;;;;;;;;;;;;;;;;;
;;48100;Aviation Safety Problm;202610;Fall 2025;001;11842;Brown, Stephanie N.;80.0%;;;;18.9%;;;;;;;;;;1.1%;;;;;;;;;
;;48400;Transport Aircraft Ops Sim Lab;202610;Fall 2025;038;19735;Strickland, Paul B.;;;;;;;;;;;;;;;;;;100.0%;;;;;;
;;48900;Capstn For Prof Flight-Honors;202610;Fall 2025;001;27728;Suckow, Michael W.;100.0%;;;;;;;;;;;;;;;;;;;;;;;
;;;Capstone For Prof Flight;202610;Fall 2025;001;27728;Suckow, Michael W.;79.4%;;2.9%;;5.9%;;11.8%;;;;;;;;;;;;;;;;;
;;49200;Aircrft Airworth Assur;202610;Fall 2025;003;24408;Ropp, Timothy D.;97.0%;;;;3.0%;;;;;;;;;;;;;;;;;;;
;;49600;Applied Research Proposal;202610;Fall 2025;002;32421;Ropp, Timothy D.;94.6%;;;;5.4%;;;;;;;;;;;;;;;;;;;
;;49700;Applied Resrch Project;202610;Fall 2025;003;32320;Ropp, Timothy D.;100.0%;;;;;;;;;;;;;;;;;;;;;;;
;;49800;Aviation Technology Capstone;202610;Fall 2025;002;62991;Marete, Caroline K.;94.4%;;;;;;5.6%;;;;;;;;;;;;;;;;;
;;51900;Aviation Geo Info Sci Appl;202610;Fall 2025;001;32173;Hupy, Joseph P.;27.3%;27.3%;;9.1%;;;18.2%;9.1%;;;;;;;;;;;;;;;9.1%;
BAND;BAND-Bands;11000;Marching Band;202610;Fall 2025;001;46611;Conaway, Matthew R.;99.2%;;;;;;;;;;;;;;;;;;;;;;0.8%;
;;;;;;002;18739;Nave, Pamela J.;;;100.0%;;;;;;;;;;;;;;;;;;;;;
;;;Marching Band-Honors;202610;Fall 2025;001;46611;Conaway, Matthew R.;100.0%;;;;;;;;;;;;;;;;;;;;;;;
;;;;;;002;18739;Nave, Pamela J.;;;100.0%;;;;;;;;;;;;;;;;;;;;;
;;11100;Symphony Orchestra;202610;Fall 2025;P01;22286;Bodony, Adam M.;98.9%;;;;;;;;;;;;;;;;;;;;;;1.1%;
;;;;;;S01;68960;Bodony, Adam M.;94.1%;3.5%;;;;;;;1.2%;;;;;;;;;;;;;;1.2%;
;;11200;American Music Review;202610;Fall 2025;001;11878;Robinson, Bethany E.;100.0%;;;;;;;;;;;;;;;;;;;;;;;
;;11300;Jazz Ensemble;202610;Fall 2025;002;11880;Robinson, Bethany E.;100.0%;;;;;;;;;;;;;;;;;;;;;;;
;;;;;;003;15370;Harris, Jarrard L.;72.0%;;28.0%;;;;;;;;;;;;;;;;;;;;;
;;11400;Basic Jazz;202610;Fall 2025;003;11883;Harris, Jarrard L.;62.9%;;31.4%;;;;;;;;;;;;;;;;;;;;5.7%;
;;;;;;004;25009;Robinson, Bethany E.;100.0%;;;;;;;;;;;;;;;;;;;;;;;
;;;;;;006;25014;Harris, Jarrard L.;89.3%;;3.6%;;;;;;;;;;;;;;;;;;;;7.1%;
;;11500;String Orchestra;202610;Fall 2025;001;25770;Gephart, Jay S.;98.6%;;;;;;;;;;;;;;;;;;;;;;1.4%;
;;;;;;002;25020;Bodony, Adam M.;98.6%;;;;;;;;;;;;;;;;;;;;;;1.4%;
;;11700;Concert Band;202610;Fall 2025;001;11886;Blon, David M.;95.3%;;;;;;;;;;;;;;;;;;;;;;4.7%;
;;;Concert Band-Honors;202610;Fall 2025;001;11886;Blon, David M.;100.0%;;;;;;;;;;;;;;;;;;;;;;;
;;11800;Collegiate Band;202610;Fall 2025;001;19282;Gephart, Jay S.;100.0%;;;;;;;;;;;;;;;;;;;;;;;
;;;Collegiate Band-Honors;202610;Fall 2025;001;19282;Gephart, Jay S.;100.0%;;;;;;;;;;;;;;;;;;;;;;;
;;11900;Varsity Band;202610;Fall 2025;001;19283;Blon, David M.;98.8%;;;;;;;;;;;;;;;;;;;;;;1.2%;
;;;;;;002;25023;Gephart, Jay S.;99.0%;;;;;;;;;;;;;;;;;;;;;;1.0%;
;;;;;;003;33279;Petersen, Lucas H.;100.0%;;;;;;;;;;;;;;;;;;;;;;;
;;;Varsity Band-Honors;202610;Fall 2025;001;19283;Blon, David M.;100.0%;;;;;;;;;;;;;;;;;;;;;;;
;;;;;;002;25023;Gephart, Jay S.;100.0%;;;;;;;;;;;;;;;;;;;;;;;
;;;;;;003;33279;Petersen, Lucas H.;100.0%;;;;;;;;;;;;;;;;;;;;;;;
;;35000;Wind Ensemble I;202610;Fall 2025;001;48049;Gephart, Jay S.;100.0%;;;;;;;;;;;;;;;;;;;;;;;
;;;Wind Ensemble I-Honors;202610;Fall 2025;001;48049;Gephart, Jay S.;100.0%;;;;;;;;;;;;;;;;;;;;;;;
BCHM;BCHM-Biochemistry;10000;Intro Biochemistry;202610;Fall 2025;001;11888;Cottrell, Kyle A.;34.0%;;;;28.3%;;;20.8%;;;9.4%;;;;;;;;;;;;7.5%;
;;;Intro Biochemistry-Honors;202610;Fall 2025;001;11888;Cottrell, Kyle A.;83.3%;;;;8.3%;;;8.3%;;;;;;;;;;;;;;;;
;;10100;Intro Biochem Lab;202610;Fall 2025;001;13409;Weake, Vikki M.;66.7%;;;;25.0%;;;;;;;;;;;8.3%;;;;;;;;
;;30700;Biochemistry;202610;Fall 2025;002;21108;Hart, Orla M.;70.4%;;;;25.1%;;;2.4%;;;0.6%;;;;0.3%;;;;;;;;1.2%;
;;;Biochemistry-Honors;202610;Fall 2025;002;21108;Hart, Orla M.;80.0%;;;;20.0%;;;;;;;;;;;;;;;;;;;
;;30900;Biochemistry Lab;202610;Fall 2025;001;11892;Hart, Orla M.;35.7%;;;;42.9%;;;14.3%;;;7.1%;;;;;;;;;;;;;
;;;;;;003;11894;Hart, Orla M.;44.4%;;;;22.2%;;;16.7%;;;5.6%;;;;11.1%;;;;;;;;;
;;;;;;005;11896;Hart, Orla M.;20.0%;;;;33.3%;;;33.3%;;;;;;;6.7%;;;;;;;;6.7%;
;;;;;;006;31600;Hart, Orla M.;50.0%;;;;42.9%;;;7.1%;;;;;;;;;;;;;;;;
;;;;;;007;32119;Hart, Orla M.;35.3%;;;;47.1%;;;11.8%;;;;;;;;5.9%;;;;;;;;
;;32200;Analytical Biochemistry II;202610;Fall 2025;003;12025;Carter, Benjamin C.;80.0%;;;;20.0%;;;;;;;;;;;;;;;;;;;
;;;;;;005;26874;Liu, Xing;28.6%;9.5%;14.3%;;19.0%;9.5%;14.3%;;;4.8%;;;;;;;;;;;;;;
;;39000;Professional Development Sem;202610;Fall 2025;001;50724;Fornes, Heidi M.;97.1%;;;;;;2.9%;;;;;;;;;;;;;;;;;
;;42100;R For Molecular Biosci-Honors;202610;Fall 2025;001;21884;Pascuzzi, Pete E.;33.3%;33.3%;;;33.3%;;;;;;;;;;;;;;;;;;;
;;;R For Molecular Biosciences;202610;Fall 2025;001;21884;Pascuzzi, Pete E.;36.0%;28.0%;;4.0%;24.0%;;4.0%;;;4.0%;;;;;;;;;;;;;;
;;42200;Computational Genomics;202610;Fall 2025;001;21888;Kazemian, Majid;25.0%;5.0%;65.0%;;5.0%;;;;;;;;;;;;;;;;;;;
;;46200;Metabolism;202610;Fall 2025;001;50723;Puthiyaveetil, Sujith;28.6%;;;;47.6%;;;16.7%;;;4.8%;;;;;2.4%;;;;;;;;
;;60501;Macromolecules;202610;Fall 2025;001;15564;Golden, Barbara L.;71.1%;;;;24.4%;;;;;;2.2%;;;;;;;;;;;;2.2%;
;;61200;Bioinfo Anly Genome Scale Data;202610;Fall 2025;002;25657;Carter, Benjamin C.;55.6%;;;5.6%;38.9%;;;;;;;;;;;;;;;;;;;
BIOL;BIOL-Biological Sciences;11000;Fundamentals Biol I;202610;Fall 2025;001;12061;Humphrey, Sean E.;18.8%;21.9%;1.3%;;19.1%;7.6%;21.7%;2.6%;0.5%;3.9%;1.3%;;0.3%;;0.3%;;;;;;;;0.8%;
;;;;;;002;24429;Humphrey, Sean E.;13.8%;26.3%;1.1%;;17.6%;6.1%;21.0%;3.2%;1.1%;6.4%;;0.5%;;;1.1%;;;0.5%;;;;;1.3%;
;;;;;;003;24430;Humphrey, Sean E.;15.4%;26.6%;0.3%;;16.7%;8.6%;20.1%;2.9%;1.3%;3.9%;0.5%;0.3%;0.3%;;1.3%;;;0.5%;;;;;1.3%;
;;;;;;004;24436;Humphrey, Sean E.;17.4%;25.6%;1.4%;;16.9%;5.2%;20.7%;2.5%;2.2%;3.8%;0.8%;;0.3%;;1.4%;;;0.8%;;;;;1.1%;
;;;Fundamentals Biol I-Honors;202610;Fall 2025;001;12061;Humphrey, Sean E.;50.0%;50.0%;;;;;;;;;;;;;;;;;;;;;;
;;;;;;002;24429;Humphrey, Sean E.;57.1%;7.1%;14.3%;;;;21.4%;;;;;;;;;;;;;;;;;
;;;;;;003;24430;Humphrey, Sean E.;27.3%;36.4%;9.1%;;;9.1%;18.2%;;;;;;;;;;;;;;;;;
;;;;;;004;24436;Humphrey, Sean E.;54.5%;18.2%;4.5%;;4.5%;;18.2%;;;;;;;;;;;;;;;;;
;;11100;Fundamentals Biol II;202610;Fall 2025;001;12157;Zielinski, Denise L.;10.2%;;4.2%;;23.4%;;10.8%;18.0%;;17.4%;3.6%;;5.4%;;0.6%;;;;;;;;6.6%;
;;;Fundamentals Biol II-Honors;202610;Fall 2025;001;12157;Zielinski, Denise L.;;;33.3%;;;;33.3%;;;33.3%;;;;;;;;;;;;;;
;;11200;Fundamental Of Biology;202610;Fall 2025;002;17661;Humphrey, Sean E.;36.4%;18.2%;;;27.3%;9.1%;;;;9.1%;;;;;;;;;;;;;;
;;12100;Biol I Divrs Ecol Behv;202610;Fall 2025;001;12194;Adler, Jacob J.;39.8%;;;;30.5%;;10.7%;9.0%;;5.1%;1.4%;;1.4%;;1.1%;;;;;;;;0.8%;
;;13500;First Year Biology Lab;202610;Fall 2025;001;50364;Adler, Jacob J.;81.5%;;;;7.5%;;8.0%;;;1.0%;1.5%;;;;0.5%;;;;;;;;;
;;19700;Biol Freshman Honr Sem;202610;Fall 2025;H01;12213;Sahley, Christie L.;;;;;;;;;;;;;;;;;;100.0%;;;;;;
;;20300;Human Antmy & Physiol;202610;Fall 2025;002;50991;Castro Bohorquez, Beatriz;30.9%;;5.1%;0.2%;23.8%;;9.0%;10.5%;;9.2%;7.1%;;;;2.2%;;;;;;;;1.9%;
;;;;;;003;23071;Castro Bohorquez, Beatriz;31.3%;;7.9%;;23.6%;;9.4%;11.8%;;5.8%;4.8%;;;;2.6%;;;;;;;;2.9%;
;;;;;;SC1;12217;Castro Bohorquez, Beatriz;25.6%;;5.1%;;24.1%;;11.5%;14.1%;;9.0%;5.9%;;;;2.4%;;;;;;;;2.2%;
;;;Human Antmy & Physiol-Honors;202610;Fall 2025;002;50991;Castro Bohorquez, Beatriz;57.1%;;9.5%;;14.3%;;9.5%;4.8%;;4.8%;;;;;;;;;;;;;;
;;;;;;003;23071;Castro Bohorquez, Beatriz;60.0%;;30.0%;;;;10.0%;;;;;;;;;;;;;;;;;
;;;;;;SC1;12217;Castro Bohorquez, Beatriz;60.0%;;5.0%;;25.0%;;5.0%;5.0%;;;;;;;;;;;;;;;;
;;20500;Biol Elem Sch Teach;202610;Fall 2025;001;12251;White, Stuart K.;20.6%;20.6%;25.5%;;7.8%;7.8%;7.1%;2.1%;1.4%;2.1%;0.7%;;0.7%;;1.4%;;;;;;;;2.1%;
;;;Biol Elem Sch Teach-Honors;202610;Fall 2025;001;12251;White, Stuart K.;;100.0%;;;;;;;;;;;;;;;;;;;;;;
;;22100;Intro To Microbiology;202610;Fall 2025;001;12262;Pappas, Donald L.;30.9%;;;;34.4%;;;22.0%;;;6.5%;;;;1.5%;;;;;;;;4.7%;
;;;Intro To Microbiology-Honors;202610;Fall 2025;001;12262;Pappas, Donald L.;100.0%;;;;;;;;;;;;;;;;;;;;;;;
;;23100;Bio III Cell Strct Fnc;202610;Fall 2025;001;38041;Kasinski, Andrea L.;18.8%;13.7%;9.4%;;18.1%;7.6%;8.3%;5.1%;3.2%;4.7%;1.8%;1.8%;2.2%;;2.2%;0.4%;;;;;;;2.9%;
;;;;;;002;24842;Kasinski, Andrea L.;19.2%;14.6%;9.5%;;11.3%;7.6%;12.5%;6.7%;4.0%;7.0%;1.2%;0.9%;3.4%;;0.9%;;;;;;;;1.2%;
;;23200;Lab Bio III Cell Strct;202610;Fall 2025;001;38060;Karve, Rucha A.;56.2%;;13.6%;;16.9%;;5.9%;2.7%;;2.1%;0.6%;;;;1.2%;;;;;;;;0.9%;
;;;;;;002;24474;Karve, Rucha A.;55.0%;;6.9%;;17.5%;;11.3%;1.9%;;1.9%;0.6%;;;;2.5%;;;;;;;;2.5%;
;;29500;Teach Cell Struc & Function;202610;Fall 2025;011;50425;Karve, Rucha A.;71.0%;3.2%;19.4%;;;3.2%;;;;;;;;;;;;;;;;;3.2%;
;;;Teach First Year Biol Lab;202610;Fall 2025;004;29921;Adler, Jacob J.;;;100.0%;;;;;;;;;;;;;;;;;;;;;
;;;Teach Fundamentals Biology;202610;Fall 2025;001;49455;Nelson, Taylor M.;;;91.7%;;;;;;;;;;;;;;;;;;;;8.3%;
;;;Teach Human Antmy&Physiology;202610;Fall 2025;007;50421;Castro Bohorquez, Beatriz;;;100.0%;;;;;;;;;;;;;;;;;;;;;
;;36700;Principles Of Development;202610;Fall 2025;001;19449;Leung, Yuk Fai;18.4%;18.4%;2.0%;;20.4%;10.2%;8.2%;4.1%;4.1%;6.1%;2.0%;2.0%;;;2.0%;;;;;;;;2.0%;
;;39500;The Gene And Human Society;202610;Fall 2025;001;31391;Adler, Jacob J.;91.7%;;;;4.2%;;4.2%;;;;;;;;;;;;;;;;;
;;39600;Premed Planning Sem;202610;Fall 2025;002;25105;Hines-Pham, Caralynn S.;;;;;;;;;;;;;;;;;;;;94.1%;;3.9%;2.0%;
;;41919;Data Science For Biologists;202610;Fall 2025;001;24730;He, Qixin;11.8%;5.9%;47.1%;;23.5%;;;5.9%;;;5.9%;;;;;;;;;;;;;
;;42000;Eukaryotic Cell Biol;202610;Fall 2025;001;25008;Aguilar, Ruben C.;54.7%;1.1%;25.3%;;9.5%;;;3.2%;;;3.2%;;;;;1.1%;;;;;;;;2.1%
;;43600;Neurobiology;202610;Fall 2025;001;11469;Suter, Daniel M.;23.5%;15.3%;2.0%;;13.3%;7.1%;15.3%;6.1%;3.1%;7.1%;2.0%;;2.0%;;1.0%;;;;;;;;2.0%;
;;43800;General Microbiology;202610;Fall 2025;001;12403;Applegate, Bruce M.;20.2%;12.3%;14.9%;;9.6%;7.0%;8.8%;11.4%;4.4%;4.4%;0.9%;;2.6%;;2.6%;;;;;;;;0.9%;
;;43900;Lab In Gen Microbiol;202610;Fall 2025;001;59201;Pappas, Donald L.;18.2%;13.6%;18.2%;;22.7%;4.5%;18.2%;4.5%;;;;;;;;;;;;;;;;
;;;;;;002;12405;Pappas, Donald L.;50.0%;18.2%;;;13.6%;4.5%;;;9.1%;4.5%;;;;;;;;;;;;;;
;;;;;;003;12404;Pappas, Donald L.;27.8%;;5.6%;;38.9%;;11.1%;;5.6%;;;;;;;;;;;;;;11.1%;
;;44100;Senior Sem In Genetics;202610;Fall 2025;001;59901;Hanna, Jason A.;100.0%;;;;;;;;;;;;;;;;;;;;;;;
;;;;;;002;18697;Allen-Petersen, Brittany L.;100.0%;;;;;;;;;;;;;;;;;;;;;;;
;;47800;Intro Bioinformatics;202610;Fall 2025;001;15065;Gribskov, Michael R.;54.8%;;;6.5%;19.4%;;;3.2%;;;;;;;3.2%;;;;;;;;12.9%;
;;51099;Neural Mechanisms;202610;Fall 2025;001;16768;Makin, Maria C.;28.6%;35.7%;7.1%;;;;14.3%;;;;;;;;7.1%;7.1%;;;;;;;;
;;51202;Methods & Measures Biophy Chem;202610;Fall 2025;001;23767;Stauffacher, Cynthia V.;11.8%;17.6%;5.9%;;11.8%;17.6%;23.5%;;;5.9%;;;;;;;;;;;;;5.9%;
;;51606;Pathways In Health & Disease;202610;Fall 2025;001;13674;Tesmer, John J.;32.0%;9.3%;17.3%;1.3%;5.3%;2.7%;8.0%;4.0%;;8.0%;2.7%;;;;1.3%;;;;;;;;8.0%;
;;53700;Immunobiology;202610;Fall 2025;001;21597;Deng, Qing;43.9%;2.0%;12.2%;1.0%;14.3%;;16.3%;3.1%;;3.1%;1.0%;;;;2.0%;;;;;;;;1.0%;
;;57340;Neurobiol Of Learning & Memory;202610;Fall 2025;001;26557;Chubykin, Alexander A.;69.0%;;;;27.6%;;;3.4%;;;;;;;;;;;;;;;;
;;58210;Ecological Statistics;202610;Fall 2025;001;17607;Fernandez-Juricic, Esteban;60.7%;;14.3%;;5.4%;;8.9%;1.8%;;1.8%;1.8%;;;;;1.8%;;;;;;;1.8%;1.8%
;;58601;Ecology;202610;Fall 2025;001;23688;Bernal, Ximena;32.5%;;12.5%;;25.0%;;;15.0%;;;5.0%;;;;2.5%;5.0%;;;;;;;2.5%;
;;58602;Lab In Ecology;202610;Fall 2025;001;32445;Zielinski, Denise L.;20.0%;15.0%;20.0%;;5.0%;;20.0%;;10.0%;5.0%;;;;;5.0%;;;;;;;;;
;;;;;;002;32446;Zielinski, Denise L.;29.4%;17.6%;11.8%;;11.8%;;23.5%;;;5.9%;;;;;;;;;;;;;;
;;59100;Field Ecology;202610;Fall 2025;001;14785;Searle, Catherine L.;75.0%;12.5%;;;;4.2%;4.2%;;4.2%;;;;;;;;;;;;;;;
;;59500;Introduction To Bioinformatics;202610;Fall 2025;025;19496;Gribskov, Michael R.;83.3%;;;8.3%;8.3%;;;;;;;;;;;;;;;;;;;
;;60200;Cellular Neurobiology;202610;Fall 2025;004;23396;Dooley, James C.;90.0%;;;;10.0%;;;;;;;;;;;;;;;;;;;
;;66200;Sem Methods Prof Dev I;202610;Fall 2025;001;11449;Mattoo, Seema;42.5%;;50.0%;;;;7.5%;;;;;;;;;;;;;;;;;
;;69100;Biological Res Mthds;202610;Fall 2025;003;30127;Girouard, Linda A.;;;;;;;;;;;;;;;;;;93.3%;;;;;6.7%;
;;;;;;004;30128;Girouard, Linda A.;;;;;;;;;;;;;;;;;;100.0%;;;;;;
;;69500;Structural Biol Rsrch Seminar;202610;Fall 2025;001;13378;Chang, Leifu;55.6%;;;;;;;;;;;;;;;;;38.9%;;;;;5.6%;
;;;Tchg Asst Prof Development;202610;Fall 2025;019;30365;Girouard, Linda A.;41.2%;14.7%;32.4%;;5.9%;;5.9%;;;;;;;;;;;;;;;;;
;;69900;Research PhD Thesis;202610;Fall 2025;060;10954;Deng, Qing;;;;;;;;;;;;;;;;;;;;100.0%;;;;
BME;BME-Biomedical Engineering;21400;Intro To Biomechanics;202610;Fall 2025;001;21043;Kim, Tae Yoon;10.5%;16.5%;9.0%;;9.0%;21.8%;12.0%;1.5%;12.0%;6.0%;;;;;;;;;;;;;1.5%;
;;21401;Fund Biomech Analysis;202610;Fall 2025;001;19181;Linnes, Michael P.;5.6%;50.0%;;;11.1%;;27.8%;;;5.6%;;;;;;;;;;;;;;
;;;;;;003;19186;Linnes, Michael P.;38.1%;57.1%;;;;;4.8%;;;;;;;;;;;;;;;;;
;;;;;;004;19188;Linnes, Michael P.;12.5%;25.0%;;;18.8%;;43.8%;;;;;;;;;;;;;;;;;
;;;;;;005;19199;Linnes, Michael P.;33.3%;45.8%;;;4.2%;4.2%;12.5%;;;;;;;;;;;;;;;;;
;;;;;;006;19200;Linnes, Michael P.;36.4%;54.5%;;;;;4.5%;;;;;;;;4.5%;;;;;;;;;
;;;;;;007;19203;Linnes, Michael P.;;40.0%;;;20.0%;5.0%;30.0%;;;;5.0%;;;;;;;;;;;;;
;;;;;;008;19204;Linnes, Michael P.;15.4%;61.5%;;;;7.7%;7.7%;;;;;;;;;;;;;;;;7.7%;
;;28000;Frontiers In BME;202610;Fall 2025;001;20285;Brightman, Andrew O.;23.3%;8.9%;51.1%;;4.4%;1.1%;5.6%;;;3.3%;1.1%;;;;;;;;;;;;1.1%;
;;;;;;002;20286;Brightman, Andrew O.;20.9%;16.3%;37.2%;;4.7%;2.3%;14.0%;;;2.3%;;;;;;;;;;;;;2.3%;
;;29199;Cooperative Experience I;202610;Fall 2025;001;29114;Render, Darshini N.;;;;;;;;;;;;;;;;;;;;100.0%;;;;
;;29500;Cell Biology For BMEs;202610;Fall 2025;002;15198;Park, Sunghee;66.7%;7.5%;5.0%;;7.5%;3.3%;9.2%;;;;;;;;0.8%;;;;;;;;;
;;;;;;003;30457;Jimenez-Useche, Isabel C.;42.9%;10.0%;;;28.6%;1.4%;12.9%;;;2.9%;;;;;;;;;;;;;1.4%;
;;;Cell Biology For BMEs-Honors;202610;Fall 2025;002;15198;Park, Sunghee;75.0%;;25.0%;;;;;;;;;;;;;;;;;;;;;
;;;;;;003;30457;Jimenez-Useche, Isabel C.;100.0%;;;;;;;;;;;;;;;;;;;;;;;
;;31300;Biofluid Mechanics;202610;Fall 2025;001;20544;Rayz, Vitaliy L.;8.7%;17.4%;2.9%;;11.6%;7.2%;13.0%;10.1%;8.7%;8.7%;2.9%;2.9%;2.9%;;2.9%;;;;;;;;;
;;32000;Biomaterials;202610;Fall 2025;001;20196;Qazi, Taimoor Hasan;8.0%;13.8%;9.2%;;19.5%;16.1%;8.0%;2.3%;1.1%;4.6%;;;3.4%;;;;;;;;;;13.8%;
;;32001;Biomolecule & Biomaterials Lab;202610;Fall 2025;001;16355;Linnes, Michael P.;11.1%;5.6%;;;38.9%;16.7%;16.7%;;;11.1%;;;;;;;;;;;;;;
;;;;;;002;16356;Linnes, Michael P.;;27.3%;9.1%;;18.2%;13.6%;18.2%;4.5%;;9.1%;;;;;;;;;;;;;;
;;;;;;003;16357;Linnes, Michael P.;8.7%;17.4%;;;13.0%;21.7%;30.4%;4.3%;;4.3%;;;;;;;;;;;;;;
;;;;;;004;16360;Linnes, Michael P.;20.8%;8.3%;8.3%;;8.3%;29.2%;16.7%;4.2%;;4.2%;;;;;;;;;;;;;;
;;;;;;005;16362;Linnes, Michael P.;29.4%;23.5%;11.8%;;;23.5%;11.8%;;;;;;;;;;;;;;;;;
;;;;;;006;16365;Linnes, Michael P.;25.0%;25.0%;;;25.0%;16.7%;8.3%;;;;;;;;;;;;;;;;;
;;33000;Bioelectricity;202610;Fall 2025;001;19152;Jayant, Krishna;87.0%;6.5%;;;2.6%;1.3%;1.3%;;1.3%;;;;;;;;;;;;;;;
;;35600;Mathematical Models Physiology;202610;Fall 2025;001;11520;Babbs, Charles F.;82.0%;;;;18.0%;;;;;;;;;;;;;;;;;;;
;;36000;Intro Bioimaging;202610;Fall 2025;001;13918;Tong, Yunjie;15.5%;25.9%;6.9%;;17.2%;5.2%;19.0%;3.4%;1.7%;5.2%;;;;;;;;;;;;;;
;;;Intro Bioimaging-Honors;202610;Fall 2025;001;13918;Tong, Yunjie;50.0%;;50.0%;;;;;;;;;;;;;;;;;;;;;
;;38000;Professionalization In BME;202610;Fall 2025;001;21060;Render, Darshini N.;79.5%;;;;18.2%;;;2.3%;;;;;;;;;;;;;;;;
;;;;;;002;13862;Render, Darshini N.;88.8%;;;;7.9%;;;2.2%;;;1.1%;;;;;;;;;;;;;
;;40100;Bio, Med, And Health Analysis;202610;Fall 2025;001;13946;Cody, Jonathan W.;15.9%;4.8%;77.8%;;;1.6%;;;;;;;;;;;;;;;;;;
;;46000;CV Mechanical Support & Device;202610;Fall 2025;002;24522;Goergen, Craig J.;30.0%;20.0%;5.0%;;5.0%;5.0%;25.0%;;;10.0%;;;;;;;;;;;;;;
;;47000;Biomolecular Engineering;202610;Fall 2025;002;29819;Green, Leopold N.;26.4%;;71.7%;;;;;;;;;;;;;;;;;;;;1.9%;
;;;Biomolecular Engr-Honors;202610;Fall 2025;002;29819;Green, Leopold N.;;;100.0%;;;;;;;;;;;;;;;;;;;;;
;;48901;Sr Design Project Lab;202610;Fall 2025;004;20522;Park, Kinam;;;100.0%;;;;;;;;;;;;;;;;;;;;;
;;;;;;005;20525;Harbin, Sherry L.;43.2%;;56.8%;;;;;;;;;;;;;;;;;;;;;
;;;;;;006;20528;Lee, Chi Hwan;90.6%;6.3%;;;;;;;;;;;;;;;;;;;;;3.1%;
;;;;;;007;13876;Cody, Jonathan W.;84.4%;12.5%;;;;;3.1%;;;;;;;;;;;;;;;;;
;;49000;Professional Elements Design;202610;Fall 2025;001;56898;Linnes, Jacqueline C.;37.8%;14.1%;40.0%;;1.5%;1.5%;5.2%;;;;;;;;;;;;;;;;;
;;49500;CV Mech Support &Sevice-Honors;202610;Fall 2025;006;24521;Goergen, Craig J.;100.0%;;;;;;;;;;;;;;;;;;;;;;;
;;;CV Mechanical Support & Device;202610;Fall 2025;006;24521;Goergen, Craig J.;50.0%;20.0%;10.0%;;;;20.0%;;;;;;;;;;;;;;;;;
;;50100;Biostatistics;202610;Fall 2025;001;21357;Kim, Young L.;83.3%;;;;8.3%;;;8.3%;;;;;;;;;;;;;;;;
;;;;;;MJD;21810;Kim, Young L.;89.1%;;;;7.8%;;;;;;;;;;;;;;;;;;3.1%;
;;51000;Neural Mechanisms;202610;Fall 2025;001;16550;Makin, Maria C.;38.1%;23.8%;4.8%;9.5%;4.8%;4.8%;4.8%;;;;;;;;;4.8%;;;;;;;4.8%;
;;53000;Bio & Med Imag Diagnostic Tech;202610;Fall 2025;001;25613;Huang, Fang;81.5%;7.4%;11.1%;;;;;;;;;;;;;;;;;;;;;
;;54000;Biomechanics;202610;Fall 2025;001;23123;Chan, Deva D.;36.8%;26.3%;10.5%;;5.3%;5.3%;;10.5%;;;;;;;;;;;;;;;5.3%;
;;55600;Intro To Clinical Medicine;202610;Fall 2025;MJD;21852;Babbs, Charles F.;95.5%;;;1.5%;1.5%;;;1.5%;;;;;;;;;;;;;;;;
;;56100;Preclinical & Clinical Design;202610;Fall 2025;002;27359;Lottes, Aaron E.;61.5%;7.7%;7.7%;;;7.7%;15.4%;;;;;;;;;;;;;;;;;
;;;;;;MJD;24381;Lottes, Aaron E.;51.8%;17.9%;7.1%;3.6%;1.8%;;17.9%;;;;;;;;;;;;;;;;;
;;59500;Research Fundamentals;202610;Fall 2025;019;30212;Chan, Deva D.;15.4%;;84.6%;;;;;;;;;;;;;;;;;;;;;
;;;VR Anatomy Lab;202610;Fall 2025;032;29795;Ward, Matthew P.;25.0%;31.3%;37.5%;6.3%;;;;;;;;;;;;;;;;;;;;
;;69000;BME Seminar;202610;Fall 2025;001;23143;Siemers, Tammy R.;;;;;;;;;;;;;;;;;;;;82.4%;;5.9%;11.8%;
;;;;;;MJD;12659;Surowiec, Rachel K.;;;;;;;;;;;;;;;;;;;;97.4%;;;2.6%;
;;69500;Hallmarks Of Metastasis;202610;Fall 2025;059;16565;Solorio, Luis;92.9%;;;;;;;;;;;;;;;;;;;;;;;7.1%
;;;Pediatric Medical Devices;202610;Fall 2025;055;14011;Wodicka, George R.;29.7%;8.1%;59.5%;;;;2.7%;;;;;;;;;;;;;;;;;
;;;Quantitative Systems Biology;202610;Fall 2025;060;27437;Pienaar, Elsje;43.5%;4.3%;47.8%;;;;4.3%;;;;;;;;;;;;;;;;;
BMS;BMS-Basic Medical Sciences;23100;Anatomy-VN;202610;Fall 2025;002;16723;Hannon, Kevin M.;37.5%;;;;43.8%;;;18.8%;;;;;;;;;;;;;;;;
;;23200;Physiology-VN;202610;Fall 2025;001;53393;Asem, Elikplimi K.;21.9%;;;;43.8%;;;28.1%;;;6.3%;;;;;;;;;;;;;
;;33100;Pharmacology-VN;202610;Fall 2025;003;22434;Anderson, Melinda J.;3.4%;;;;27.6%;;;41.4%;;13.8%;6.9%;;6.9%;;;;;;;;;;;
;;53400;Systemic Mammalian Physiology;202610;Fall 2025;001;19551;Xu, Ranjie;50.0%;;;;43.8%;;;6.3%;;;;;;;;;;;;;;;;
;;69200;Seminar Basic Med Sci;202610;Fall 2025;001;18579;Kimbrough, Adam J.;;;;;;;;;;;;;;;;;;100.0%;;;;;;
;;80100;Gross Anatomy Of Dog And Cat;202610;Fall 2025;003;21976;Hannon, Kevin M.;57.0%;;1.2%;;39.5%;;;2.3%;;;;;;;;;;;;;;;;
;;80400;Applied Anatomy Horse;202610;Fall 2025;001;12733;Hermida Casas, Jesus A.;100.0%;;;;;;;;;;;;;;;;;;;;;;;
;;80700;Veterinary Cell & Tissue Bio I;202610;Fall 2025;005;20737;Da Silva Vieira, Dielson;54.7%;;;;43.0%;;;2.3%;;;;;;;;;;;;;;;;
;;81000;Foundations In Basic Med Sci;202610;Fall 2025;003;14861;Mendrysa, Susan M.;97.7%;;;;2.3%;;;;;;;;;;;;;;;;;;;
;;81100;Physiology Of Dom Animals I;202610;Fall 2025;006;48821;Mendrysa, Susan M.;54.7%;;;;41.9%;;;3.5%;;;;;;;;;;;;;;;;
;;81401;Pharmacology Princ And App;202610;Fall 2025;002;16658;Anderson, Melinda J.;44.4%;;;;51.9%;;;2.5%;;;;;;;;;;;;;;;1.2%;
BTNY;BTNY-Botany & Plant Pathology;11000;Intro To Plant Science;202610;Fall 2025;059;17907;Fields, Jeneen S.;34.0%;;;;40.9%;;;17.6%;;;1.9%;;;;1.3%;;;3.8%;;;;;0.6%;
;;;Intro To Plant Science-Honors;202610;Fall 2025;059;17907;Fields, Jeneen S.;100.0%;;;;;;;;;;;;;;;;;;;;;;;
;;12000;Principles Of Plant Biology I;202610;Fall 2025;001;22566;Furze, Morgan E.;18.1%;15.3%;33.3%;;6.9%;2.8%;13.9%;1.4%;1.4%;2.8%;;;1.4%;;2.8%;;;;;;;;;
;;26200;Plant Struct & Tissue Biology;202610;Fall 2025;013;28638;Zhou, Yun;40.0%;;;;40.0%;;;10.0%;;;;;;;10.0%;;;;;;;;;
;;28500;Plants And Civilization;202610;Fall 2025;001;16155;Yoon, Gyeong Mee;42.1%;;7.9%;;15.8%;;18.4%;10.5%;;;2.6%;;;;2.6%;;;;;;;;;
;;;Plants And Civilization-Honors;202610;Fall 2025;001;16155;Yoon, Gyeong Mee;100.0%;;;;;;;;;;;;;;;;;;;;;;;
;;30100;Intro Plant Pathology;202610;Fall 2025;005;18342;Zhang, Lei;42.5%;;;1.4%;39.7%;;;9.6%;;;6.8%;;;;;;;;;;;;;
;;30400;Intro Weed Science;202610;Fall 2025;001;67404;Young, Bryan G.;23.5%;;;;30.9%;;;34.6%;;;3.7%;;;;2.5%;;;2.5%;;;;;2.5%;
;;30500;Plant Evolution And Taxonomy;202610;Fall 2025;002;13751;Mcadam, Scott;27.6%;15.5%;;;17.2%;10.3%;8.6%;10.3%;3.4%;3.4%;;;1.7%;;;;;;;;;;1.7%;
;;50400;Advanced Weed Science;202610;Fall 2025;002;19098;Young, Bryan G.;52.9%;;;;35.3%;;;5.9%;;;;;;;;;;5.9%;;;;;;
;;52500;Intermed Plant Pathol;202610;Fall 2025;003;20776;Mengiste, Tesfaye D;33.3%;13.3%;6.7%;20.0%;13.3%;;;6.7%;;;;;;;;;;;;;;;6.7%;
;;55000;Biology Of Fungi;202610;Fall 2025;001;20870;Xu, Jin-Rong;30.0%;25.0%;10.0%;;15.0%;;10.0%;5.0%;;;;;;;;;;;;;;;5.0%;
;;69100;Skills For Success Grad School;202610;Fall 2025;001;19862;Kessler, Sharon A.;;;;;;;;;;;;;;;;;;100.0%;;;;;;
;;69700;Departmental Seminar Series;202610;Fall 2025;001;32670;Iyer-Pascuzzi, Anjali S.;97.6%;;;;;;;;;;;;;;;;;;;;;;2.4%;
CDIS;CDIS-Critical Disability Std;23900;Intro To Disability Studies;202610;Fall 2025;001;28693;Linett, Maren T.;29.2%;45.8%;;;4.2%;4.2%;16.7%;;;;;;;;;;;;;;;;;
CE;CE-Civil Engineering;20300;Princ & Pract Geomtics;202610;Fall 2025;001;12822;Crawford, Melba M.;0.7%;6.7%;;;21.5%;20.7%;20.0%;8.9%;2.2%;14.1%;0.7%;;1.5%;;;;;;;;;;3.0%;
;;21101;Thermal & Energy Sciences;202610;Fall 2025;001;24627;Boor, Brandon E.;22.6%;15.7%;18.9%;;9.4%;8.2%;8.8%;5.0%;0.6%;3.1%;0.6%;1.9%;0.6%;;3.1%;;;;;;;;1.3%;
;;22200;Life Cycle Engr Construct Fac;202610;Fall 2025;001;56746;Graff, Geoffrey H.;17.5%;21.6%;;;14.4%;7.2%;21.6%;3.1%;1.0%;8.2%;3.1%;;;;2.1%;;;;;;;;;
;;27000;Intro Strctrl Mchncs;202610;Fall 2025;001;12841;Condori Uribe, Johnny W.;9.3%;2.1%;2.1%;;8.2%;3.1%;3.1%;19.6%;13.4%;9.3%;21.6%;;;;2.1%;;;;;;;;6.2%;
;;29202;Contemporary Issues In CE;202610;Fall 2025;001;11182;Tompkins, John C.;91.8%;;;;2.9%;;;2.9%;;;;;;;0.6%;;;;;;;;1.8%;
;;29700;Basic Mech I Statics;202610;Fall 2025;001;12848;Condori Uribe, Johnny W.;25.4%;7.1%;10.3%;;8.7%;2.4%;11.9%;7.1%;1.6%;5.6%;9.5%;;;;4.0%;;;;;;;;6.3%;
;;;;;;002;12849;Condori Uribe, Johnny W.;19.4%;3.1%;9.3%;;17.1%;9.3%;10.1%;6.2%;1.6%;6.2%;12.4%;;;;3.1%;;;;;;;;2.3%;
;;29800;Basic Mech II Dynamics;202610;Fall 2025;001;12850;Irfanoglu, Ayhan;16.7%;4.8%;6.0%;;15.5%;7.1%;3.6%;9.5%;7.1%;4.8%;13.1%;;;;11.9%;;;;;;;;;
;;31100;Architectural Engr;202610;Fall 2025;001;18544;Karava, Panagiota;12.5%;1.8%;48.2%;;8.9%;;10.7%;3.6%;;5.4%;1.8%;1.8%;;;5.4%;;;;;;;;;
;;32201;Proj Cntrl Life Cyc Constr Fac;202610;Fall 2025;002;64714;Mohammadhasanzadeh, Sogand;17.1%;2.9%;45.7%;;17.1%;2.9%;11.4%;;;;;;;;2.9%;;;;;;;;;
;;33500;Civil Engineering Materials;202610;Fall 2025;009;27675;Olek, Jan;7.1%;4.5%;3.9%;;9.0%;18.1%;7.7%;15.5%;12.9%;18.1%;0.6%;1.9%;;;0.6%;;;;;;;;;
;;34000;Hydraulics;202610;Fall 2025;003;16625;Lyn, Dennis A.;9.2%;6.9%;0.5%;;7.8%;7.8%;3.7%;12.0%;31.3%;6.0%;4.6%;1.4%;4.1%;0.5%;1.4%;;;;;;;;2.8%;
;;34300;Elem Hydraulics Lab;202610;Fall 2025;001;12863;Mohammad Galib, Mohammad Galib;75.0%;;;;18.8%;;;6.3%;;;;;;;;;;;;;;;;
;;;;;;004;12866;Mohammad Galib, Mohammad Galib;79.2%;;;;8.3%;;;4.2%;;;;;;;;;;;;;;;8.3%;
;;;;;;005;12867;Njeru, Trazigate W.;39.1%;;;;47.8%;4.3%;;4.3%;;;;;;;;;;;;;;;4.3%;
;;;;;;006;12868;Xu, Tianle;47.8%;;;;30.4%;;;;;;8.7%;;;;13.0%;;;;;;;;;
;;;;;;008;53878;Rankhambe, Prasad S.;34.8%;;;;43.5%;;;8.7%;;;8.7%;;;;4.3%;;;;;;;;;
;;;;;;009;53879;Njeru, Trazigate W.;45.8%;;;;41.7%;;;4.2%;;;4.2%;;;;;;;;;;;;4.2%;
;;;;;;010;19246;Xu, Tianle;56.5%;;;;26.1%;;;17.4%;;;;;;;;;;;;;;;;
;;;;;;011;25460;Lee, Moonyoung;39.1%;;;;30.4%;;;13.0%;;;4.3%;;;;8.7%;;;;;;;;4.3%;
;;35000;Intro Env And Ecol Engineering;202610;Fall 2025;001;12870;Nies, Loring F.;36.9%;22.6%;1.2%;;14.3%;4.8%;10.7%;1.2%;;2.4%;;1.2%;2.4%;;;;;;;;;;2.4%;
;;35500;Eng Env Sustainability;202610;Fall 2025;001;28549;Payne Haugen, Lindsey B.;33.3%;45.8%;;;;;16.7%;;;4.2%;;;;;;;;;;;;;;
;;;;;;002;28551;Payne Haugen, Lindsey B.;56.5%;17.4%;;;4.3%;;17.4%;;;4.3%;;;;;;;;;;;;;;
;;36100;Transportation Engr;202610;Fall 2025;001;12873;Bullock, Darcy M.;29.1%;3.8%;7.6%;1.3%;30.4%;1.3%;;20.3%;1.3%;;;;1.3%;;;;;;;;;;3.8%;
;;37100;Structural Analysis I;202610;Fall 2025;001;12874;Jahanshahi, Mohammad Reza;19.0%;6.3%;20.3%;;11.4%;7.6%;10.1%;5.1%;5.1%;8.9%;;5.1%;1.3%;;;;;;;;;;;
;;38300;Geotechnical Engr I;202610;Fall 2025;001;12876;Salgado, Rodrigo;42.7%;14.6%;1.9%;;10.7%;4.9%;22.3%;;1.0%;1.0%;;;;;;;;;;;;;1.0%;
;;39201;Technical Communication In CE;202610;Fall 2025;001;12833;Tompkins, John C.;96.2%;;;;2.6%;;;1.3%;;;;;;;;;;;;;;;;
;;39800;Intro CE Systems Dsgn;202610;Fall 2025;001;12884;Labi, Samuel;26.0%;13.0%;23.4%;;16.9%;1.3%;14.3%;1.3%;1.3%;1.3%;;;;;1.3%;;;;;;;;;
;;44000;Urban Hydraulics;202610;Fall 2025;001;12893;Govindaraju, Rao S.;20.0%;6.0%;4.0%;2.0%;18.0%;20.0%;16.0%;6.0%;;8.0%;;;;;;;;;;;;;;
;;45600;Wastewater Treatment Processes;202610;Fall 2025;001;13438;Zhou, Zhi;33.3%;27.8%;22.2%;;5.6%;;11.1%;;;;;;;;;;;;;;;;;
;;46100;Rodwy And Pvmnt Design;202610;Fall 2025;001;15570;Haddock, John E.;13.2%;26.5%;4.4%;;22.1%;11.8%;16.2%;1.5%;;4.4%;;;;;;;;;;;;;;
;;46300;Highway Transportation;202610;Fall 2025;003;32363;Tarko, Andrew P.;13.8%;24.1%;13.8%;;6.9%;10.3%;10.3%;6.9%;;10.3%;3.4%;;;;;;;;;;;;;
;;47000;Struct Steel Design;202610;Fall 2025;001;32922;Connor, Robert J.;14.3%;21.4%;;;14.3%;21.4%;21.4%;3.6%;;3.6%;;;;;;;;;;;;;;
;;47300;Reinf Concrete Design;202610;Fall 2025;005;59593;Sharma, Akanshu;23.9%;17.0%;18.2%;;13.6%;4.5%;15.9%;2.3%;;4.5%;;;;;;;;;;;;;;
;;47900;Design Bldg Comp & Sys;202610;Fall 2025;001;20912;Soleimani Ziabari, Sayed Mohamad;7.1%;17.9%;21.4%;3.6%;10.7%;;7.1%;7.1%;3.6%;7.1%;;;;;7.1%;;;;;;;;7.1%;
;;48300;Geotechnical Engr II;202610;Fall 2025;002;53802;Prezzi, Monica;22.2%;24.4%;2.2%;;13.3%;11.1%;20.0%;2.2%;;4.4%;;;;;;;;;;;;;;
;;49700;3D Printing For Infrastr Apps;202610;Fall 2025;001;25122;Zavattieri, Pablo D.;8.3%;8.3%;83.3%;;;;;;;;;;;;;;;;;;;;;
;;49800;C E Design Project;202610;Fall 2025;001;12913;Jacko, Robert B.;40.9%;;;;59.1%;;;;;;;;;;;;;;;;;;;
;;52000;Const Proj Cntl Systms;202610;Fall 2025;002;17466;Esmaeili, Behzad;40.0%;;53.3%;;;;6.7%;;;;;;;;;;;;;;;;;
;;52300;Sel & Util Const Equip;202610;Fall 2025;001;23198;Dunston, Phillip S.;;14.3%;14.3%;;7.1%;7.1%;7.1%;17.9%;7.1%;7.1%;3.6%;3.6%;;;7.1%;;;;;;;;3.6%;
;;52501;Built Environment Modeling;202610;Fall 2025;001;25567;Cai, Hubo;35.7%;35.7%;;;;;14.3%;7.1%;;7.1%;;;;;;;;;;;;;;
;;53000;Properties Concrete;202610;Fall 2025;001;25462;Velay Lizancos, Maria Mirian;33.3%;26.7%;20.0%;;6.7%;;13.3%;;;;;;;;;;;;;;;;;
;;54000;Open Channl Hydraulics;202610;Fall 2025;001;15690;Lyn, Dennis A.;45.5%;;;;45.5%;;;9.1%;;;;;;;;;;;;;;;;
;;54300;Coastal Engineering;202610;Fall 2025;001;19634;Troy, Cary D.;18.5%;25.9%;5.6%;1.9%;11.1%;;35.2%;1.9%;;;;;;;;;;;;;;;;
;;54900;Cmptnl Wtrshd Hydrlgy;202610;Fall 2025;001;25472;Merwade, Venkatesh M.;11.8%;17.6%;52.9%;;5.9%;;5.9%;;5.9%;;;;;;;;;;;;;;;
;;55700;Air Quality Management;202610;Fall 2025;001;12929;Jacko, Robert B.;90.9%;;;;4.5%;;;;;;;;;;;;;;;;;;4.5%;
;;56500;Traffic Engr Oper Cont;202610;Fall 2025;003;26248;Feng, Yiheng;12.5%;8.3%;33.3%;;8.3%;12.5%;4.2%;12.5%;4.2%;;;;;;4.2%;;;;;;;;;
;;57000;Adv Struct Mech;202610;Fall 2025;001;48967;Prakash, Arun;20.0%;24.0%;4.0%;;20.0%;4.0%;24.0%;4.0%;;;;;;;;;;;;;;;;
;;57300;Structural Dynamics;202610;Fall 2025;001;12932;Dyke, Shirley J.;50.0%;;6.7%;;13.3%;;30.0%;;;;;;;;;;;;;;;;;
;;57600;Adv Reinf Concrt Dsign;202610;Fall 2025;002;48965;Soleimani Ziabari, Sayed Mohamad;19.4%;22.2%;22.2%;;11.1%;2.8%;5.6%;5.6%;2.8%;8.3%;;;;;;;;;;;;;;
;;59100;Adv Struct Steel Des;202610;Fall 2025;001;32925;Soleimani Ziabari, Sayed Mohamad;13.5%;10.8%;16.2%;;8.1%;10.8%;13.5%;;8.1%;13.5%;;2.7%;2.7%;;;;;;;;;;;
;;59601;Entrprnshp & Busn Stgy In Engr;202610;Fall 2025;002;32270;Sinfield, Joseph V.;10.5%;7.9%;7.9%;;34.2%;13.2%;18.4%;5.3%;;;;;;;;;;;;;;;2.6%;
;;59700;Adv Des Steel Bridge Flex Mbrs;202610;Fall 2025;238;30214;Bonachera Martin, Francisco Javier;27.3%;;18.2%;9.1%;;9.1%;18.2%;;;9.1%;;;;;;;;;;;;;9.1%;
;;;Adv Proj Mgmt & Analysis;202610;Fall 2025;070;48996;Bowen, Robert L.;47.1%;11.8%;17.6%;;11.8%;;11.8%;;;;;;;;;;;;;;;;;
;;;Advanced Wastewater Treatment;202610;Fall 2025;235;27922;Zhou, Zhi;90.9%;9.1%;;;;;;;;;;;;;;;;;;;;;;
;;;Disasters & Emergencies;202610;Fall 2025;191;25841;Whelton, Andrew J.;8.1%;2.7%;81.1%;;2.7%;;2.7%;;;;;;;;;;;;;;;;2.7%;
;;;Intelligent Transportation Sys;202610;Fall 2025;230;25700;Wang, Ziran;42.9%;;35.7%;;;;;7.1%;;;;;;;;;;;;;;;;14.3%
;;69100;CE Sem-Construction;202610;Fall 2025;009;15714;Cai, Hubo;;;;;;;;;;;;;;;;;;;;100.0%;;;;
;;;CE Sem-Gr Stdnt Orient;202610;Fall 2025;008;64675;Abraham, Dulcy M.;;;;;;;;;;;;;;;;;;;;100.0%;;;;
;;;CE Sem-Hydraul & Hyd;202610;Fall 2025;001;12971;Merwade, Venkatesh M.;;;;;;;;;;;;;;;;;;;;100.0%;;;;
;;;CE Sem-Structural;202610;Fall 2025;005;12975;Ramirez, Julio A.;;;;;;;;;;;;;;;;;;;;98.1%;;;1.9%;
;;;CE Sem-Transportation;202610;Fall 2025;006;12976;Sinha, Kumares C.;;;;;;;;;;;;;;;;;;;;96.9%;;3.1%;;
;;69700;Seismic Dsgn Steel Structures;202610;Fall 2025;001;25628;Varma, Amit H.;47.6%;9.5%;14.3%;4.8%;4.8%;4.8%;4.8%;4.8%;;;;;;;;;;4.8%;;;;;;
CEM;CEM-Construction Engr & Mgmt;20100;Life Cycle Engr Construct Fac;202610;Fall 2025;001;51168;Graff, Geoffrey H.;21.3%;12.8%;;;10.6%;19.1%;17.0%;4.3%;;8.5%;4.3%;;;;2.1%;;;;;;;;;
;;28000;CEM Prof Development I;202610;Fall 2025;001;20481;Rajkarnikar, Rabita;9.5%;40.5%;11.9%;;9.5%;7.1%;9.5%;4.8%;;4.8%;;;;;;;;;;;;;2.4%;
;;30100;Proj Cntrl Life Cyc Constr Fac;202610;Fall 2025;002;64715;Mohammadhasanzadeh, Sogand;20.6%;2.9%;55.9%;;11.8%;;2.9%;;;5.9%;;;;;;;;;;;;;;
;;;Prj Ctrl LifeCyc Cnstr -Honors;202610;Fall 2025;002;64715;Mohammadhasanzadeh, Sogand;;;100.0%;;;;;;;;;;;;;;;;;;;;;
;;32400;Human Resource Mgmt In Constr;202610;Fall 2025;001;54147;Iseley, David T.;19.0%;57.1%;4.8%;;;;19.0%;;;;;;;;;;;;;;;;;
;;42501;Construction Capstone I;202610;Fall 2025;001;23966;Fulk, Brandon M.;32.5%;20.0%;45.0%;;;;;;;2.5%;;;;;;;;;;;;;;
;;45100;Integrative Building Design;202610;Fall 2025;001;20483;Graff, Geoffrey H.;23.1%;30.8%;;;7.7%;;30.8%;;;;;;;;;;;;;;;;7.7%;
;;45500;Temp Structures Construction;202610;Fall 2025;001;19869;Fulk, Brandon M.;26.7%;17.8%;15.6%;;17.8%;;15.6%;2.2%;4.4%;;;;;;;;;;;;;;;
;;59700;Ldrshp & Adv Proj Mgmt;202610;Fall 2025;001;30401;Bowen, Robert L.;20.5%;20.5%;7.7%;;10.3%;10.3%;10.3%;7.7%;2.6%;5.1%;;;;;;;;;;;;;5.1%;
CGT;CGT-Computer Graphics Tech;10501;Introduction To Games;202610;Fall 2025;006;22006;Howard, Robert T.;81.4%;;;;7.2%;;;3.1%;;;2.1%;;;;4.1%;;;;;;;;2.1%;
;;11200;Sketch Visualiz & Comm;202610;Fall 2025;004;23796;Triplett, Daniel P.;40.0%;;;;23.3%;;;13.3%;;;6.7%;;;;;3.3%;;;;;;;13.3%;
;;11600;Geom Mdl Visual & Comm;202610;Fall 2025;006;16157;Triplett, Daniel P.;48.2%;;;;16.5%;;;7.1%;;;1.2%;;;;12.9%;1.2%;;;;;;;12.9%;
;;11800;Fund Of Imaging Tech;202610;Fall 2025;013;22615;Hassan, Raymond P.;73.0%;;;;19.0%;;;3.6%;;;1.5%;;;;0.7%;;;;;;;;2.2%;
;;12300;Animation Foundations;202610;Fall 2025;001;22209;Hu, Yunjie;76.2%;;;;14.3%;;;;;;;;;;4.8%;;;;;;;;4.8%;
;;;;;;019;20125;Hu, Yunjie;50.0%;;;;31.8%;;;9.1%;;;4.5%;;;;;;;;;;;;4.5%;
;;;;;;020;20126;Hu, Yunjie;50.0%;;;;14.3%;;;7.1%;;;14.3%;;;;7.1%;;;;;;;;7.1%;
;;;;;;021;20127;Hu, Yunjie;70.0%;;;;30.0%;;;;;;;;;;;;;;;;;;;
;;14100;Internet Found,Tch&Dev;202610;Fall 2025;001;13704;Morales, Carlos R.;30.4%;0.7%;50.7%;;3.4%;;;5.4%;0.7%;;2.0%;;;;2.0%;;;;;;;;4.7%;
;;;Internet Found,Tch&Dev-Honors;202610;Fall 2025;001;13704;Morales, Carlos R.;100.0%;;;;;;;;;;;;;;;;;;;;;;;
;;14700;Visual Effects Introduction;202610;Fall 2025;003;19486;Morales, Carlos R.;25.6%;;48.7%;;10.3%;;;2.6%;;;;;;;7.7%;;;;;;;;5.1%;
;;17208;UXD Studio I: Fundamentals;202610;Fall 2025;002;16710;Shah, Shobhan D.;27.3%;22.7%;18.2%;;9.1%;13.6%;;;;;;;;;;;;;;;;;9.1%;
;;;;;;003;16713;Lotfabadi, Ramtin;23.5%;11.8%;17.6%;;14.7%;17.6%;11.8%;;;;;;;;;;;;;;;;2.9%;
;;21500;Comptr Graph Program I;202610;Fall 2025;001;37138;Kesselman, Jeffrey P.;6.9%;5.2%;50.0%;;1.7%;1.7%;1.7%;1.7%;;;17.2%;3.4%;;;5.2%;;;;;;;;5.2%;
;;24100;Intro Comptr Animation;202610;Fall 2025;001;13758;Hassan, Raymond P.;67.9%;;;;7.1%;;;10.7%;;;;;;;7.1%;3.6%;;;;;;;3.6%;
;;24500;Game Development I;202610;Fall 2025;001;21769;Kesselman, Jeffrey P.;28.7%;9.2%;26.4%;;5.7%;2.3%;6.9%;2.3%;;3.4%;1.1%;2.3%;2.3%;;3.4%;;;;;;;;5.7%;
;;;;;;005;30883;Kesselman, Jeffrey P.;26.3%;15.8%;26.3%;;10.5%;;;;;5.3%;;;5.3%;;10.5%;;;;;;;;;
;;;Game Development I-Honors;202610;Fall 2025;001;21769;Kesselman, Jeffrey P.;;;100.0%;;;;;;;;;;;;;;;;;;;;;
;;;;;;005;30883;Kesselman, Jeffrey P.;;;100.0%;;;;;;;;;;;;;;;;;;;;;
;;26505;Video Game Level Design;202610;Fall 2025;002;15045;Howard, Robert T.;53.5%;;;;14.0%;;;9.3%;;;;;;;20.9%;;;;;;;;2.3%;
;;27000;Intro To Data Visualization;202610;Fall 2025;008;26636;Zong, Hannah Y.;30.8%;10.3%;25.6%;;6.4%;2.6%;2.6%;3.8%;2.6%;;;;1.3%;;6.4%;;;;;;;;7.7%;
;;27108;UXD Studio II: Screen;202610;Fall 2025;001;18994;Williams, Rua M.;53.2%;10.6%;12.8%;;4.3%;;12.8%;4.3%;;2.1%;;;;;;;;;;;;;;
;;27207;UXD Experience Studio II;202610;Fall 2025;001;12377;Rasche, Nancy J.;40.0%;44.0%;;;4.0%;;12.0%;;;;;;;;;;;;;;;;;
;;;;;;002;19298;Rasche, Nancy J.;40.9%;45.5%;;;4.5%;;4.5%;;;4.5%;;;;;;;;;;;;;;
;;32101;Digital Illustration;202610;Fall 2025;012;28974;Zaman, Nasheet;27.6%;13.8%;6.9%;;10.3%;3.4%;10.3%;3.4%;;;;3.4%;3.4%;;13.8%;;;;;;;;3.4%;
;;;;;;013;28977;Zaman, Nasheet;28.6%;32.1%;3.6%;;10.7%;;7.1%;3.6%;;;3.6%;;;;7.1%;;;;;;;;3.6%;
;;33300;Modeling For Entertain Graph;202610;Fall 2025;001;21136;Hassan, Raymond P.;66.7%;;;;20.0%;;;;;;13.3%;;;;;;;;;;;;;
;;34000;Digital Light & Render;202610;Fall 2025;001;13781;Zaman, Nasheet;21.7%;4.3%;;;13.0%;4.3%;4.3%;4.3%;8.7%;8.7%;4.3%;;4.3%;;17.4%;;;;;;;;4.3%;
;;34100;Motion For Comp Anim;202610;Fall 2025;001;13784;Baker, Stephen E.;57.1%;;;;14.3%;;;7.1%;;;;;;;7.1%;14.3%;;;;;;;;
;;34505;Environment Modeling;202610;Fall 2025;001;30353;Triplett, Daniel P.;41.4%;;6.9%;;17.2%;;;20.7%;;;;;;;6.9%;3.4%;;;;;;;3.4%;
;;35300;Principles Of Interact Media;202610;Fall 2025;001;24111;Glotzbach, Ronald J.;22.2%;11.1%;14.8%;;3.7%;14.8%;11.1%;;;;;3.7%;;;14.8%;;;;;;;;3.7%;
;;35600;Web Prog,Dev&Data Intg;202610;Fall 2025;011;24113;Glotzbach, Ronald J.;23.8%;4.8%;28.6%;;;4.8%;4.8%;4.8%;14.3%;;;;;;9.5%;;;;;;;;4.8%;
;;36500;Game Development Practicum;202610;Fall 2025;001;18193;Pappas, Georgios;78.0%;;;;18.0%;;;4.0%;;;;;;;;;;;;;;;;
;;;;;;002;26900;Pappas, Georgios;90.0%;;;;6.7%;;;;;;;;;;3.3%;;;;;;;;;
;;37108;UXD Studio IV: Strategy;202610;Fall 2025;001;18995;Lotfabadi, Ramtin;52.2%;10.9%;2.2%;;21.7%;;6.5%;2.2%;;2.2%;;;;;2.2%;;;;;;;;;
;;37207;UXD Experience Studio III;202610;Fall 2025;001;12385;Rasche, Nancy J.;43.8%;46.9%;;;3.1%;;3.1%;;;3.1%;;;;;;;;;;;;;;
;;;;;;002;19302;Rasche, Nancy J.;31.3%;62.5%;;;;;;;;;;;;;6.3%;;;;;;;;;
;;37700;Scientific Visualization;202610;Fall 2025;001;13542;Simhadri, Danvi Sai Sapthasw Reddy;43.8%;;18.8%;;;;6.3%;18.8%;;;;;;;;;;;;;;;12.5%;
;;39000;Interactive Web Applications;202610;Fall 2025;002;30751;Zong, Hannah Y.;14.3%;;35.7%;;;14.3%;;7.1%;;7.1%;;;;;14.3%;;;;;;;;7.1%;
;;41101;Problems In Appl Comp Graph I;202610;Fall 2025;001;11971;Morales, Carlos R.;59.3%;2.7%;25.8%;;9.9%;;;0.5%;;;;;;;0.5%;;;;;;;;1.1%;
;;42500;Game Design;202610;Fall 2025;002;26785;Howard, Robert T.;56.0%;;;;28.0%;;;8.0%;;;;;;;8.0%;;;;;;;;;
;;44200;Productn Cmptr Animatn;202610;Fall 2025;003;13530;Zaman, Nasheet;28.6%;14.3%;14.3%;;21.4%;3.6%;3.6%;;3.6%;;7.1%;;;;;3.6%;;;;;;;;
;;;;;;006;27440;Zaman, Nasheet;29.2%;;8.3%;;20.8%;8.3%;8.3%;8.3%;;;4.2%;;;;8.3%;;;;;;;;4.2%;
;;47000;Data Visualization Studio;202610;Fall 2025;001;14964;Zong, Hannah Y.;33.3%;6.7%;40.0%;;;13.3%;;6.7%;;;;;;;;;;;;;;;;
;;50100;Seminar In CGT;202610;Fall 2025;003;32039;Giri, Nandhini;100.0%;;;;;;;;;;;;;;;;;;;;;;;
;;51200;Foundational Readings Of UX;202610;Fall 2025;001;13809;Williams, Rua M.;64.3%;21.4%;7.1%;;;;;;;;;;;;;;;;;;;;7.1%;
;;52000;Computer Graphics Programming;202610;Fall 2025;004;29202;Kesselman, Jeffrey P.;;;93.8%;;;;6.3%;;;;;;;;;;;;;;;;;
;;52500;Virtual Reality;202610;Fall 2025;001;21576;Mousas, Christos;76.9%;15.4%;;;;;;;;;;;;;;;;;;;;;7.7%;
;;54500;Game Development I;202610;Fall 2025;001;20741;Pappas, Georgios;100.0%;;;;;;;;;;;;;;;;;;;;;;;
;;56200;Cogn & Human-Cmptr Interaction;202610;Fall 2025;002;30657;Parsons, Paul;59.1%;13.6%;;;4.5%;4.5%;13.6%;;;;;;;;;;;;;;;;4.5%;
;;63700;Creative AI;202610;Fall 2025;001;32767;Chen, Yingjie;93.8%;;6.3%;;;;;;;;;;;;;;;;;;;;;
;;64500;Games Research;202610;Fall 2025;002;31461;Whittinghill, David M.;94.7%;;;;;;;;;;;;;;5.3%;;;;;;;;;
CHE;CHE-Chemical Engineering;20000;Chem Engr Semnr;202610;Fall 2025;001;22700;Raderstorf, Karissa L.;39.1%;;56.4%;;1.3%;;;1.3%;;;;;;;0.9%;;;;;;;;0.9%;
;;20100;Co-Op Seminar I;202610;Fall 2025;001;13826;Nagy, Gabriela;;;;;;;;;;;;;;;;;;;;100.0%;;;;
;;20500;Ch Engr Calculations;202610;Fall 2025;003;25377;Liu, Julie C.;8.8%;18.6%;0.5%;;15.7%;8.3%;10.3%;11.3%;;13.7%;6.9%;;;;2.0%;;;;;;;;3.9%;
;;21100;Ch Engr Thermodynamics;202610;Fall 2025;001;42925;Won, You-Yeon;9.1%;3.0%;3.0%;;36.4%;1.5%;;28.8%;6.1%;3.0%;3.0%;;;;3.0%;;;;;;;;3.0%;
;;30000;ChE Seminar;202610;Fall 2025;001;22410;Nagy, Gabriela;10.7%;;87.5%;;;;;;;;;;;;1.8%;;;;;;;;;
;;30100;Co-Op Seminar II;202610;Fall 2025;001;45833;Nagy, Gabriela;;;;;;;;;;;;;;;;;;;;100.0%;;;;
;;30600;Des Staged Separ Proc;202610;Fall 2025;001;13838;Martinez Sainz, Enrico;21.3%;20.2%;7.9%;;13.5%;9.0%;21.3%;2.2%;1.1%;;;1.1%;;;1.1%;1.1%;;;;;;;;
;;32000;Stat Mdl & Qual Enhnce;202610;Fall 2025;003;12589;Li, Can;51.6%;4.8%;19.4%;;9.7%;3.2%;;9.7%;;;;;;;;;;;;;;;1.6%;
;;34800;Chem Reaction Engr;202610;Fall 2025;001;13847;Tackett, Brian M.;26.1%;;8.7%;;13.0%;13.0%;8.7%;8.7%;;13.0%;4.3%;;;;4.3%;;;;;;;;;
;;37700;Momentum Transfer;202610;Fall 2025;001;13851;Thomson, Kendall T.;34.5%;18.4%;2.3%;;13.8%;4.6%;13.8%;5.7%;;5.7%;;;;;1.1%;;;;;;;;;
;;37800;Heat And Mass Transfer;202610;Fall 2025;001;13858;Narsimhan, Vivek;7.3%;18.2%;9.1%;;12.7%;5.5%;7.3%;20.0%;5.5%;7.3%;3.6%;;1.8%;;1.8%;;;;;;;;;
;;40000;ChE Seminar;202610;Fall 2025;001;17842;Nagy, Gabriela;7.4%;1.2%;85.2%;;2.5%;1.2%;;;;;;;;;2.5%;;;;;;;;;
;;41200;Chem-E Car Design;202610;Fall 2025;002;22349;Masuku, Cornelius M.;100.0%;;;;;;;;;;;;;;;;;;;;;;;
;;42000;Process Safety Mgmt & Anlys;202610;Fall 2025;003;13096;Mentzer, Ray A.;17.2%;11.0%;11.7%;;20.7%;14.5%;9.0%;4.8%;4.1%;3.4%;0.7%;;;;2.1%;0.7%;;;;;;;;
;;43500;Chemical Engineering Lab;202610;Fall 2025;002;51100;Martinez Sainz, Enrico;64.6%;12.7%;6.3%;;5.1%;3.8%;6.3%;;;;;;;;;1.3%;;;;;;;;
;;45000;Desgn & Anly Proc Sys;202610;Fall 2025;001;21560;Siirola, Jeffrey J.;41.2%;5.9%;;;;17.6%;23.5%;;;;;;;;11.8%;;;;;;;;;
;;45600;Proc Dynamics & Contr;202610;Fall 2025;014;22269;Bernal Neira, David E.;24.3%;5.4%;14.2%;;16.9%;16.2%;11.5%;2.7%;1.4%;4.7%;;;;;0.7%;1.4%;;;;;;;0.7%;
;;50200;Anlyt Approach Healthc Deliv;202610;Fall 2025;001;27938;Clark, William R.;40.0%;;35.0%;;;;20.0%;;;;;;;;;;;;;;;;5.0%;
;;52300;Engr Apps Biological Molecules;202610;Fall 2025;001;25153;Yuan, Chongli;58.3%;;16.7%;;16.7%;;;8.3%;;;;;;;;;;;;;;;;
;;54300;Polym React Engr;202610;Fall 2025;001;25154;Hebner, Tayler S.;29.2%;20.8%;;16.7%;4.2%;8.3%;20.8%;;;;;;;;;;;;;;;;;
;;55300;Pharm Process Develop & Design;202610;Fall 2025;001;25392;Reklaitis, Gintaras V.;10.8%;8.1%;8.1%;2.7%;29.7%;5.4%;10.8%;10.8%;;5.4%;;;;;2.7%;;;2.7%;;;;;2.7%;
;;56200;Battery Systems;202610;Fall 2025;001;25156;Pol, Vilas G.;50.0%;9.1%;31.8%;4.5%;;;4.5%;;;;;;;;;;;;;;;;;
;;59700;Advanced Solar Conversion;202610;Fall 2025;060;30613;Agrawal, Rakesh;58.3%;;;;25.0%;;;;;;;;;;;;;;;;;;16.7%;
;;;Enr App In Mrkt Mgmt;202610;Fall 2025;024;23670;Chutka, Michelle N.;100.0%;;;;;;;;;;;;;;;;;;;;;;;
;;;Industrial Chemical Technology;202610;Fall 2025;015;21558;Siirola, Jeffrey J.;97.1%;;;;2.9%;;;;;;;;;;;;;;;;;;;
;;;Princ Inject Drug Pdct Mnfctng;202610;Fall 2025;061;30650;Chutka, Michelle N.;71.4%;7.1%;;14.3%;;7.1%;;;;;;;;;;;;;;;;;;
;;;Prof MS Capstone Project;202610;Fall 2025;010;21161;Clark, William R.;45.5%;;36.4%;;18.2%;;;;;;;;;;;;;;;;;;;
;;;Purdue Military Rch Instit Sem;202610;Fall 2025;047;21389;Bhagwat, Swati;94.1%;;5.9%;;;;;;;;;;;;;;;;;;;;;
;;;Rheology Of Soft Materials;202610;Fall 2025;057;25220;Schultz, Kelly M.;20.0%;14.3%;11.4%;22.9%;8.6%;;;8.6%;;;2.9%;;;;2.9%;;;;;;;;8.6%;
;;61000;Adv Chem Engr Thermo;202610;Fall 2025;001;13922;Corti, David S.;18.2%;6.8%;;;56.8%;6.8%;4.5%;2.3%;;;;;;;;;;;;;;;4.5%;
;;62000;Trans Phenomena I;202610;Fall 2025;001;13923;Basaran, Osman A.;23.8%;11.9%;2.4%;;19.0%;4.8%;33.3%;;;;;;;;;;;;;;;;4.8%;
;;63000;Applied Math Chem Engr;202610;Fall 2025;001;13924;Medvedev, Grigori;40.9%;;;;52.3%;;;2.3%;;;;;;;;;;;;;;;4.5%;
;;65500;Safety In Chemical Engineering;202610;Fall 2025;001;29892;Nagy, Gabriela;40.0%;26.0%;18.0%;;2.0%;;10.0%;;;;;;;;;;;;;;;;4.0%;
;;66600;Methods In Catalysis;202610;Fall 2025;001;25158;Gounder, Rajamani P.;55.2%;10.3%;20.7%;;3.4%;;10.3%;;;;;;;;;;;;;;;;;
;;69000;Chem Engr Seminar;202610;Fall 2025;002;56753;Corti, David S.;;;;;;;;;;;;;;;;;;;;98.9%;;;1.1%;
;;69700;Statistical Methods In CHE;202610;Fall 2025;041;13566;Thomson, Kendall T.;35.5%;19.4%;12.9%;;16.1%;;16.1%;;;;;;;;;;;;;;;;;
;;;Heterogeneous Catalysis;202610;Fall 2025;030;16725;Gounder, Rajamani P.;;;;;;;;;;;;;;;;;;100.0%;;;;;;
;;69900;Research PhD Thesis;202610;Fall 2025;017;13984;Morgan, John A.;;;;;;;;;;;;;;;;;;;;91.3%;2.2%;2.2%;4.3%;
;;;;;;037;16819;Gounder, Rajamani P.;;;;;;;;;;;;;;;;;;;;100.0%;;;;
CHM;CHM-Chemistry;11100;General Chemistry;202610;Fall 2025;001;14040;Harwood, Cynthia A.;33.3%;;2.3%;;24.1%;;13.2%;2.6%;;10.9%;2.3%;;2.3%;;5.0%;;;;;;;;4.0%;
;;;;;;002;14038;Harwood, Cynthia A.;34.0%;;0.3%;;24.0%;;11.5%;3.8%;;11.8%;2.8%;;3.1%;;4.9%;;;;;;;;3.8%;
;;;;;;003;14039;Harwood, Cynthia A.;28.3%;;1.6%;0.3%;24.3%;;12.2%;3.3%;;12.8%;4.9%;;3.0%;;4.3%;;;;;;;;4.9%;
;;11510;General Chemistry I;202610;Fall 2025;001;15265;Schmidt, Gudrun;20.5%;9.4%;7.9%;;9.6%;6.7%;15.4%;4.4%;2.3%;9.6%;1.5%;1.3%;3.1%;;4.2%;;;;;;;;4.2%;
;;;;;;002;15272;Schmidt, Gudrun;17.4%;14.2%;7.3%;;9.9%;8.8%;13.5%;4.1%;3.0%;8.8%;1.7%;0.6%;4.5%;;3.2%;;;;;;;;2.8%;
;;;;;;003;15280;Nash, John J.;17.9%;11.5%;11.9%;;9.6%;8.1%;14.7%;2.8%;3.0%;7.7%;0.9%;1.7%;2.3%;;3.2%;0.2%;;;;;;;4.7%;
;;;;;;004;15281;Nash, John J.;17.2%;12.1%;10.3%;;9.4%;7.1%;15.9%;4.4%;3.1%;6.7%;1.7%;0.8%;4.2%;;2.7%;;;;;;;;4.4%;
;;;;;;005;15260;Miller, Marybeth S.;16.1%;8.7%;8.2%;;10.6%;8.5%;14.8%;4.6%;4.3%;8.2%;3.7%;0.7%;2.6%;;4.8%;;;;;;;;4.3%;
;;11520;General Chemistry I - Lab;202610;Fall 2025;222;16269;Lukov, Laura L.;79.2%;4.2%;;;;;;;;;;;;;;;;;;;;;16.7%;
;;;;;;223;16271;Folarin, Hannah O.;95.8%;;;;;;4.2%;;;;;;;;;;;;;;;;;
;;;;;;224;16272;Paul, Aritrika;66.7%;4.2%;;;4.2%;8.3%;8.3%;;;;;;;;4.2%;;;;;;;;4.2%;
;;;;;;225;16274;Lubinsky, Thomas G.;66.7%;16.7%;;;4.2%;;8.3%;;;;;;;;;;;;;;;;4.2%;
;;;;;;226;16265;Grechi Doll, Emanuela;79.2%;4.2%;;;;;8.3%;;;;;;;;4.2%;;;;;;;;4.2%;
;;;;;;227;16266;Kruger, Zachary T.;70.8%;12.5%;;;4.2%;;4.2%;;4.2%;;;;4.2%;;;;;;;;;;;
;;;;;;228;16267;Polichetti, Patrizia;87.5%;8.3%;;;;;;;;;;;;;;;;;;;;;4.2%;
;;;;;;229;16268;Gray, Ryan H.;60.9%;17.4%;;;4.3%;;8.7%;4.3%;;4.3%;;;;;;;;;;;;;;
;;;;;;232;16235;Ruotsala, Zachary A.;79.2%;12.5%;;;;;4.2%;;4.2%;;;;;;;;;;;;;;;
;;;;;;233;16236;Erickson, Carmen R.;62.5%;12.5%;;;4.2%;;4.2%;;;4.2%;;;;;;;;;;;;;12.5%;
;;;;;;234;16238;Suthaharan, Sivanujan;77.3%;;;;;;9.1%;;;;;4.5%;;;4.5%;;;;;;;;4.5%;
;;;;;;235;16239;Dicesare, Jake T.;70.8%;16.7%;;;4.2%;;4.2%;;;;;;;;4.2%;;;;;;;;;
;;;;;;236;16212;Pronk, Austin J.;52.2%;8.7%;;;4.3%;8.7%;17.4%;;4.3%;;;;;;;;;;;;;;4.3%;
;;;;;;237;16213;Ofori, Isaac;73.9%;8.7%;;;;;8.7%;;;4.3%;;;;;;;;;;;;;4.3%;
;;;;;;238;16221;Pinedo, Thomas;70.8%;12.5%;;;8.3%;;4.2%;4.2%;;;;;;;;;;;;;;;;
;;;;;;239;16227;Haruna, Maijidda;60.9%;17.4%;;;4.3%;;8.7%;;;;;;;;4.3%;;;;;;;;4.3%;
;;;;;;312;16257;Wu, Kaixin;70.8%;12.5%;;;;4.2%;4.2%;;;4.2%;;;;;;;;;;;;;4.2%;
;;;;;;313;16260;Zhang, Xinyu;70.8%;12.5%;;;;;12.5%;;;;;;;;;;;;;;;;4.2%;
;;;;;;314;16263;Pinedo, Thomas;66.7%;20.8%;;;4.2%;;;;;;;;;;;;;;;;;;8.3%;
;;;;;;315;16264;Gallo, Michael C.;83.3%;8.3%;;;;;;;;;;;;;;;;;;;;;8.3%;
;;;;;;316;16244;Rocha, Cody;62.5%;8.3%;;;4.2%;;16.7%;;;;;;4.2%;;;;;;;;;;4.2%;
;;;;;;317;16248;Lee, Katherine J.;66.7%;12.5%;;;;;8.3%;;;;;;;;;;;;;;;;12.5%;
;;;;;;318;16255;Bayoumi, Akram K.;70.8%;8.3%;;;4.2%;;8.3%;;;;;;;;4.2%;;;;;;;;4.2%;
;;;;;;319;16256;Jen, Hung-Hsiang;79.2%;16.7%;;;;;4.2%;;;;;;;;;;;;;;;;;
;;;;;;322;16041;Blanco-Combariza, Cristian A.;79.2%;8.3%;;;4.2%;;4.2%;;;;;;;;;;;;;;;;4.2%;
;;;;;;323;16042;Koloski, Seth M.;62.5%;4.2%;;;4.2%;4.2%;8.3%;;;4.2%;;;;;;;;;;;;;12.5%;
;;;;;;324;16043;Gupta, Archit;79.2%;12.5%;;;;4.2%;4.2%;;;;;;;;;;;;;;;;;
;;;;;;325;16045;Suthaharan, Sivanujan;87.5%;;;;;;;;;4.2%;;;4.2%;;;;;;;;;;4.2%;
;;;;;;326;16036;Ananthaswamy, Kavya;91.3%;4.3%;;;;;4.3%;;;;;;;;;;;;;;;;;
;;;;;;327;16037;Olayemi, Temitope E.;79.2%;8.3%;;;;;4.2%;;;4.2%;;;;;4.2%;;;;;;;;;
;;;;;;328;16038;Paul, Aritrika;50.0%;29.2%;;;;;8.3%;4.2%;;4.2%;;;;;;;;;;;;;4.2%;
;;;;;;329;16039;Uzokboev, Shakhzodjon;70.8%;;;;4.2%;;12.5%;;;4.2%;;;4.2%;;;;;;;;;;4.2%;
;;;;;;332;16052;Le, Hoai Anh;83.3%;4.2%;;;;;8.3%;;;;;;;;;;;;;;;;4.2%;
;;;;;;333;16053;Brown, Megan M.;79.2%;8.3%;;;;;8.3%;;;;;;;;;;;;;;;;4.2%;
;;;;;;334;16054;Ridgleyjones, Dejuan L.;70.8%;;;;8.3%;;4.2%;4.2%;;;;;12.5%;;;;;;;;;;;
;;;;;;335;16056;Ataei, Shiva;79.2%;8.3%;;;;4.2%;4.2%;;4.2%;;;;;;;;;;;;;;;
;;;;;;336;16047;Khan, Shaista Ijaz;82.6%;4.3%;;;;;4.3%;4.3%;;;;;;;;;;;;;;;4.3%;
;;;;;;337;16049;Gallagher, Jacklyn M.;75.0%;4.2%;;;4.2%;;12.5%;;;;;;;;;;;;;;;;4.2%;
;;;;;;338;16050;Jen, Hung-Hsiang;79.2%;8.3%;;;;;12.5%;;;;;;;;;;;;;;;;;
;;;;;;339;16051;Lee, Teresa;70.8%;16.7%;;;;;4.2%;;;8.3%;;;;;;;;;;;;;;
;;;;;;410;16009;Koloski, Seth M.;66.7%;12.5%;;;;;8.3%;;4.2%;;;;;;;;;;;;;;8.3%;
;;;;;;411;16013;Gachema, Maryanne W.;62.5%;8.3%;;;;4.2%;20.8%;;;;;;;;;;;;;;;;4.2%;
;;;;;;412;16014;Lukov, Laura L.;87.5%;;;;;;4.2%;;4.2%;;;;;;;;;;;;;;4.2%;
;;;;;;413;16015;Duvall, Philip L.;72.7%;13.6%;;;;4.5%;9.1%;;;;;;;;;;;;;;;;;
;;;;;;414;16002;Lubinsky, Thomas G.;79.2%;8.3%;;;;;4.2%;;4.2%;4.2%;;;;;;;;;;;;;;
;;;;;;415;16005;Zhang, Xinyu;58.3%;20.8%;;;;4.2%;4.2%;;;;;4.2%;;;4.2%;;;;;;;;4.2%;
;;;;;;416;16007;Gray, Ryan H.;47.8%;8.7%;;;;4.3%;17.4%;4.3%;;;;;;;13.0%;;;;;;;;4.3%;
;;;;;;417;16008;Gachema, Maryanne W.;50.0%;4.2%;;;;4.2%;12.5%;;4.2%;12.5%;;;4.2%;;;;;;;;;;8.3%;
;;;;;;418;16027;Ataei, Shiva;54.5%;13.6%;;;9.1%;;13.6%;;;4.5%;;;;;;;;;;;;;4.5%;
;;;;;;419;16029;Uzokboev, Shakhzodjon;91.7%;;;;;;;4.2%;4.2%;;;;;;;;;;;;;;;
;;;;;;420;16032;Gorijala, Lithesh S.;81.8%;4.5%;;;4.5%;;;4.5%;;;;;;;;;;;;;;;4.5%;
;;;;;;421;16034;Maxwell, Kristine M.;79.2%;12.5%;;;4.2%;;4.2%;;;;;;;;;;;;;;;;;
;;;;;;422;16016;Dicesare, Jake T.;75.0%;8.3%;;;;;4.2%;;;;;;;;;4.2%;;;;;;;8.3%;
;;;;;;423;16017;Slowinski, Roman P.;79.2%;4.2%;;;4.2%;;8.3%;;;;;;;;4.2%;;;;;;;;;
;;;;;;424;16024;Ananthaswamy, Kavya;87.5%;8.3%;;;;;;;;;;;4.2%;;;;;;;;;;;
;;;;;;425;16025;Olayemi, Temitope E.;45.8%;8.3%;;;8.3%;;12.5%;8.3%;;4.2%;;;4.2%;;;;;;;;;;8.3%;
;;;;;;426;16131;Polichetti, Patrizia;83.3%;;;;4.2%;;4.2%;;8.3%;;;;;;;;;;;;;;;
;;;;;;427;16146;Grechi Doll, Emanuela;79.2%;8.3%;;;;;4.2%;4.2%;;;;;;;;;;;;;;;4.2%;
;;;;;;428;16151;Zhang, Xiao;83.3%;8.3%;;;4.2%;;4.2%;;;;;;;;;;;;;;;;;
;;;;;;429;16154;Gallagher, Jacklyn M.;66.7%;16.7%;;;4.2%;4.2%;;;;;;;;;4.2%;;;;;;;;4.2%;
;;;;;;430;16092;Vera, Jennifer L.;75.0%;8.3%;;;4.2%;;12.5%;;;;;;;;;;;;;;;;;
;;;;;;431;16125;Zwiller, Patrick W.;60.9%;4.3%;;;;8.7%;4.3%;;;8.7%;4.3%;;;;4.3%;;;;;;;;4.3%;
;;;;;;432;16129;Haruna, Maijidda;79.2%;8.3%;;;;;8.3%;;;;;;;;;;;;;;;;4.2%;
;;;;;;433;16130;Ruotsala, Zachary A.;83.3%;4.2%;;;;4.2%;8.3%;;;;;;;;;;;;;;;;;
;;;;;;434;16197;Brown, Megan M.;75.0%;4.2%;;;;;8.3%;;;;;;;;8.3%;;;;;;;;4.2%;
;;;;;;435;16199;Need, William I.;66.7%;8.3%;;;4.2%;;4.2%;;4.2%;;4.2%;;;;;;;;;;;;8.3%;
;;;;;;436;16202;Lee, Katherine J.;62.5%;12.5%;;;4.2%;;4.2%;;4.2%;4.2%;;;;;;;;;;;;;8.3%;
;;;;;;437;16207;Rocha, Cody;95.8%;;;;;;;;;;4.2%;;;;;;;;;;;;;
;;;;;;438;16158;Pronk, Austin J.;75.0%;12.5%;;;4.2%;;4.2%;;;;;;;;;;;;;;;;4.2%;
;;;;;;439;16164;Uddin, Md Jaish;83.3%;4.2%;;;4.2%;;4.2%;;;4.2%;;;;;;;;;;;;;;
;;;;;;510;16173;Gallo, Michael C.;43.5%;13.0%;;;;;8.7%;;4.3%;8.7%;;;;;8.7%;;;;;;;;13.0%;
;;;;;;511;16193;Slowinski, Roman P.;79.2%;8.3%;;;;;4.2%;;;4.2%;;;;;;;;;;;;;4.2%;
;;;;;;512;16063;Ridgleyjones, Dejuan L.;75.0%;4.2%;;;4.2%;4.2%;4.2%;;;;;;;;4.2%;;;;;;;;4.2%;
;;;;;;513;16064;Brown, Jacob L.;69.6%;13.0%;;;;;4.3%;;;4.3%;;;;;4.3%;;;;;;;;4.3%;
;;;;;;514;16065;Chan, Annika K.;73.9%;13.0%;;;8.7%;;;;;;;;4.3%;;;;;;;;;;;
;;;;;;515;16066;Smith, Abigail M.;58.3%;12.5%;;;4.2%;4.2%;8.3%;;;;;;;;4.2%;;;;;;;;8.3%;
;;;;;;516;16057;Koval, Joshua T.;72.7%;4.5%;;;;;4.5%;;;;;;4.5%;;;;;;;;;;13.6%;
;;;;;;517;16060;Le, Hoai Anh;87.5%;4.2%;;;;;4.2%;;;;;;;;;;;;;;;;4.2%;
;;;;;;518;16061;Lee, Teresa;69.6%;4.3%;;;;;21.7%;;;;;4.3%;;;;;;;;;;;;
;;;;;;519;16062;Kruger, Zachary T.;71.4%;9.5%;;;;4.8%;14.3%;;;;;;;;;;;;;;;;;
;;;;;;520;16077;Carrillo, Noah C.;54.2%;16.7%;;;12.5%;;4.2%;4.2%;;;;;4.2%;;;;;;;;;;4.2%;
;;;;;;521;16078;Smith, Abigail M.;41.7%;25.0%;;;4.2%;4.2%;12.5%;;;8.3%;4.2%;;;;;;;;;;;;;
;;;;;;522;16079;Uddin, Md Jaish;56.5%;17.4%;;;8.7%;;4.3%;;;4.3%;;;;;;;;;;;;;8.7%;
;;;;;;523;16081;Koval, Joshua T.;54.2%;16.7%;;;;;12.5%;4.2%;;;;;;;4.2%;;;;;;;;8.3%;
;;;;;;524;16067;Zhang, Xiao;78.3%;4.3%;;;8.7%;;;;;;;;;;;;;;;;;;8.7%;
;;;;;;525;16069;Chan, Annika K.;69.6%;8.7%;;;8.7%;;4.3%;;;;4.3%;;;;;;;;;;;;4.3%;
;;;;;;526;16075;Putman, Charles G.;70.8%;8.3%;;;;;8.3%;;;4.2%;4.2%;;;;4.2%;;;;;;;;;
;;;;;;527;16076;Khan, Shaista Ijaz;87.5%;8.3%;;;;;4.2%;;;;;;;;;;;;;;;;;
;;;;;;528;15959;Maxwell, Kristine M.;79.2%;8.3%;;;;;4.2%;;;;;;;;;;;;;;;;8.3%;
;;;;;;529;15966;De Cordoba, Nicolas A.;73.9%;8.7%;;;;;8.7%;;4.3%;;;;;;;;;;;;;;4.3%;
;;;;;;530;15967;Bayoumi, Akram K.;61.1%;5.6%;;;;;27.8%;;;5.6%;;;;;;;;;;;;;;
;;;;;;531;15968;Vera, Jennifer L.;70.8%;4.2%;;;4.2%;;8.3%;4.2%;;;;;;;;;;;;;;;8.3%;
;;;;;;532;15951;Blanco-Combariza, Cristian A.;82.6%;;;;;8.7%;;;;4.3%;;;;;;;;;;;;;4.3%;
;;;;;;533;15954;Ofori, Isaac;70.8%;12.5%;;;;;8.3%;;;4.2%;;;;;;;;;;;;;4.2%;
;;;;;;534;15956;Putman, Charles G.;58.3%;16.7%;;;4.2%;4.2%;8.3%;;4.2%;;;;;;;;;;;;;;4.2%;
;;;;;;535;15957;Gupta, Archit;75.0%;12.5%;;;;;12.5%;;;;;;;;;;;;;;;;;
;;;;;;536;15972;Wu, Kaixin;84.2%;5.3%;;;;;5.3%;;;;;;;;;;;;;;;;5.3%;
;;;;;;537;15980;Folarin, Hannah O.;76.5%;;;;5.9%;;11.8%;;;;;;;;;;;;;;;;5.9%;
;;;;;;538;15991;De Cordoba, Nicolas A.;47.1%;17.6%;;;;;5.9%;;;5.9%;;;5.9%;;5.9%;;;;;;;;11.8%;
;;;;;;539;15996;Murotani, Elizabeth R.;50.0%;31.8%;;;;4.5%;;;;9.1%;4.5%;;;;;;;;;;;;;
;;11610;General Chemistry II;202610;Fall 2025;001;16275;Nash, John J.;7.2%;8.8%;5.2%;;7.4%;9.3%;9.5%;9.7%;7.7%;9.0%;4.3%;3.4%;4.5%;;7.2%;;;;;;;;6.8%;
;;11620;General Chemistry II - Lab;202610;Fall 2025;231;16318;Cutrona-Bouillon, Tazio A.;47.8%;26.1%;;;13.0%;;8.7%;4.3%;;;;;;;;;;;;;;;;
;;;;;;232;16321;Sills, Joel T.;62.5%;8.3%;;;4.2%;;25.0%;;;;;;;;;;;;;;;;;
;;;;;;233;16320;Manoharan, Haritha;66.7%;20.8%;;;4.2%;4.2%;4.2%;;;;;;;;;;;;;;;;;
;;;;;;234;16315;Hendler, Marcos A.;33.3%;25.0%;;;;4.2%;29.2%;;;;;;4.2%;;;;;;;;;;4.2%;
;;;;;;311;16314;Lyon, Brantley K.;58.3%;;;;12.5%;4.2%;12.5%;;;;;;;;;;;;;;;;12.5%;
;;;;;;312;16317;Hendler, Marcos A.;58.3%;12.5%;;;8.3%;8.3%;;;;;;;;;;;;;;;;;12.5%;
;;;;;;313;16316;Wilson, Matthew R.;58.3%;12.5%;;;8.3%;4.2%;4.2%;;;;;;;;4.2%;;;;;;;;8.3%;
;;;;;;314;16334;Toba Veloza, David S.;65.2%;4.3%;;;;;13.0%;4.3%;;;;;;;4.3%;;;;;;;;8.7%;
;;;;;;315;30062;Capelozi De Freitas, Isabela;70.8%;12.5%;;;8.3%;4.2%;;4.2%;;;;;;;;;;;;;;;;
;;;;;;321;16332;Sills, Joel T.;75.0%;;;;;;12.5%;;;;;;;;8.3%;;;;;;;;4.2%;
;;;;;;322;16336;Presz, Chase J.;58.3%;4.2%;;;8.3%;;12.5%;8.3%;;;;4.2%;;;;;;;;;;;4.2%;
;;;;;;323;16335;Arabambi, Fatimah D.;58.3%;12.5%;;;4.2%;;;;4.2%;;;;;;;;;;;;;;20.8%;
;;;;;;324;16323;Yachuw, Stephen C.;62.5%;8.3%;;;8.3%;8.3%;8.3%;;;;;;4.2%;;;;;;;;;;;
;;;;;;325;16322;Sharpe, Steven A.;58.3%;12.5%;;;;;16.7%;;;;4.2%;;;;;;;;;;;;8.3%;
;;;;;;331;16325;Arabambi, Fatimah D.;73.9%;4.3%;;;;;17.4%;;;;;;;;;;;;;;;;4.3%;
;;;;;;332;16324;Sharpe, Steven A.;65.2%;4.3%;;;4.3%;;13.0%;;;4.3%;;;;;;;;;;;;;8.7%;
;;;;;;333;16309;Cutrona-Bouillon, Tazio A.;34.8%;17.4%;;;13.0%;;13.0%;4.3%;;8.7%;;;;;;;;;;;;;8.7%;
;;;;;;334;16308;Capelozi De Freitas, Isabela;58.3%;16.7%;;;4.2%;4.2%;12.5%;;;;;;;;4.2%;;;;;;;;;
;;;;;;335;16313;Manoharan, Haritha;65.2%;8.7%;;;4.3%;;13.0%;;;4.3%;;;;;;;;;;;;;4.3%;
;;;;;;411;30823;Toba Veloza, David S.;50.0%;8.3%;;;4.2%;4.2%;20.8%;;;4.2%;;;;;;;;;;;;;8.3%;
;;12500;Intro To Chemistry I;202610;Fall 2025;SC1;14361;Starr, Hannah E.;10.0%;16.0%;11.0%;;8.0%;8.0%;12.0%;8.0%;3.0%;9.0%;2.0%;;3.0%;;6.0%;;;;;;;;4.0%;
;;12901;Gen Chem With Bio Focus;202610;Fall 2025;001;10402;Schlebach, Jonathan P.;38.8%;;2.9%;;29.8%;;;12.2%;;;7.3%;;;;2.0%;;;;;;;;6.9%;
;;;;;;002;24552;Low-Nam, Shalini T.;37.5%;;4.2%;;31.1%;;;16.2%;;;6.5%;;;;1.6%;;;;;;;;2.9%;
;;13600;Gen Chem Honors;202610;Fall 2025;H01;23989;Wasserman, Adam;70.6%;;8.8%;;11.8%;;;5.9%;;;2.9%;;;;;;;;;;;;;
;;19400;Freshman Chm Orient;202610;Fall 2025;001;14371;Dinius, Todd A.;55.2%;;28.4%;;6.0%;;;4.5%;;;1.5%;;;;3.0%;;;;;;;;1.5%;
;;;;;;002;39426;Dinius, Todd A.;48.5%;;30.3%;;7.6%;;;10.6%;;;;;;;3.0%;;;;;;;;;
;;19700;Chm Freshman Honor Res;202610;Fall 2025;H01;14372;Schertz, Christine M.;92.3%;;7.7%;;;;;;;;;;;;;;;;;;;;;
;;24100;Intro Inorganic Chem;202610;Fall 2025;001;15320;Ren, Tong;18.4%;21.6%;2.4%;;14.4%;6.4%;20.8%;0.8%;1.6%;7.2%;;0.8%;1.6%;;0.8%;;;;;;;;3.2%;
;;25500;Org Chem Life Sci I;202610;Fall 2025;001;14378;Drown, Bryon S.;19.7%;;1.9%;;21.8%;;10.4%;12.1%;;14.7%;3.6%;;5.9%;;3.8%;;;;;;;;6.2%;
;;;;;;002;27655;Drown, Bryon S.;21.5%;;6.9%;;18.5%;;16.2%;9.2%;;10.0%;3.8%;;2.3%;;3.8%;;;;;;;;7.7%;
;;25501;Org Chem Life Sci Lab I;202610;Fall 2025;311;14390;Allabadi, Odai M.;76.2%;;;;19.0%;;;;;;;;;;;;;;;;;;4.8%;
;;;;;;312;40735;Cortes, Mauricio;100.0%;;;;;;;;;;;;;;;;;;;;;;;
;;;;;;313;14389;Fontanetta, Meghan M.;76.5%;;;;17.6%;;;;;;;;;;;;;;;;;;5.9%;
;;;;;;321;14385;Fatima, Sheeza;87.5%;;4.2%;;4.2%;;;;;;;;;;;;;;;;;;4.2%;
;;;;;;322;14387;Nguyen, Ngoc T.;78.3%;;13.0%;;4.3%;;;;;;;;;;;;;;;;;;4.3%;
;;;;;;323;14388;Ji, Fan;83.3%;;4.2%;;4.2%;;;;;;;;;;4.2%;;;;;;;;4.2%;
;;;;;;331;14386;Johnston, Bridger L.;82.6%;;;;17.4%;;;;;;;;;;;;;;;;;;;
;;;;;;332;48465;Locke, Angelina K.;100.0%;;;;;;;;;;;;;;;;;;;;;;;
;;;;;;333;14383;Ellenson, Kyden A.;75.0%;;;;16.7%;;;;;;;;;;4.2%;;;;;;;;4.2%;
;;;;;;411;30825;Bratcher, Fox L.;72.7%;;;;18.2%;;;9.1%;;;;;;;;;;;;;;;;
;;;;;;521;14391;Furlow, Christopher T.;91.7%;;4.2%;;;;;4.2%;;;;;;;;;;;;;;;;
;;;;;;522;54073;Johnson, Lucas O.;91.7%;;;;4.2%;;;;;;;;;;;;;;;;;;4.2%;
;;;;;;523;20023;Birke, Josh M.;75.0%;;;;8.3%;;;8.3%;;;;;;;;;;;;;;;8.3%;
;;;;;;524;18604;Hagerty, Joseph B.;87.0%;;;;8.7%;;;;;;;;;;;;;;;;;;4.3%;
;;;;;;525;23324;Ellenson, Kyden A.;70.8%;;;;20.8%;;;;;;;;;;;;;;;;;;8.3%;
;;;;;;531;19265;Allabadi, Odai M.;76.2%;;;;19.0%;;;4.8%;;;;;;;;;;;;;;;;
;;;;;;532;23453;Birke, Josh M.;60.0%;;;;15.0%;;;10.0%;;;;;;;;;;;;;;;15.0%;
;;;;;;533;23401;Nasser, Aya A.;76.2%;;;;19.0%;;;;;;;;;;4.8%;;;;;;;;;
;;;;;;534;23402;Locke, Angelina K.;78.9%;;5.3%;;10.5%;;;5.3%;;;;;;;;;;;;;;;;
;;;;;;535;25062;Bratcher, Fox L.;58.3%;;;;37.5%;;;4.2%;;;;;;;;;;;;;;;;
;;;;;;536;28456;Cortes, Mauricio;75.0%;;;;20.8%;;;4.2%;;;;;;;;;;;;;;;;
;;;;;;537;28461;Biswas, Ratri;75.0%;;;;20.8%;;;4.2%;;;;;;;;;;;;;;;;
;;25600;Org Chem Life Sci II;202610;Fall 2025;001;14393;Kern, Mallory K.;24.1%;2.7%;16.7%;;14.7%;1.7%;3.9%;11.1%;1.5%;4.9%;6.4%;;2.9%;;5.2%;;;;;;;;4.2%;
;;;;;;002;23780;Kern, Mallory K.;20.7%;0.7%;24.4%;;15.6%;1.5%;3.7%;5.9%;1.5%;3.7%;7.4%;;0.7%;;8.1%;;;;;;;;5.9%;
;;;Org Chem Life Sci II-Honors;202610;Fall 2025;001;14393;Kern, Mallory K.;40.0%;;40.0%;;20.0%;;;;;;;;;;;;;;;;;;;
;;25601;Organic Chem Life Sci Lab II;202610;Fall 2025;111;10093;Chen, Szu-Han;95.0%;;5.0%;;;;;;;;;;;;;;;;;;;;;
;;;;;;112;14400;Singh, Mihir S.;82.4%;;;;11.8%;;;;;;;;;;;;;;;;;;5.9%;
;;;;;;113;14398;Dai, Tianyang;81.3%;;;;6.3%;;;6.3%;;;;;;;;;;;;;;;6.3%;
;;;;;;115;16576;Hardin, Maison C.;77.8%;;;;5.6%;;;5.6%;;;5.6%;;;;;;;;;;;;5.6%;
;;;;;;121;16675;Sharma, Tanya;83.3%;;8.3%;;8.3%;;;;;;;;;;;;;;;;;;;
;;;;;;122;14402;Little, Annika M.;95.5%;;;;4.5%;;;;;;;;;;;;;;;;;;;
;;;;;;123;16674;Dai, Tianyang;87.5%;;;;8.3%;;;4.2%;;;;;;;;;;;;;;;;
;;;;;;124;30057;Fan, Zixi;87.0%;;8.7%;;;;;;;;;;;;4.3%;;;;;;;;;
;;;;;;131;10094;Singh, Mihir S.;100.0%;;;;;;;;;;;;;;;;;;;;;;;
;;;;;;132;16676;Saikia, Jyotishman;95.8%;;4.2%;;;;;;;;;;;;;;;;;;;;;
;;;;;;133;14399;Asghar, Amina;91.7%;;;;4.2%;;;;;;;;;;;;;;;;;;4.2%;
;;;;;;134;14401;Little, Annika M.;70.8%;;;;25.0%;;;;;;;;;;4.2%;;;;;;;;;
;;;;;;135;19827;Mitra, Saikat;91.7%;;;;4.2%;;;;;;;;;;;;;;;;;;4.2%;
;;;;;;211;22329;Hardin, Maison C.;95.8%;;;;;;;;;;;;;;;;;;;;;;4.2%;
;;;;;;212;22467;Fan, Zixi;87.5%;;8.3%;;4.2%;;;;;;;;;;;;;;;;;;;
;;;;;;213;22623;Barton, Sebastian B.;83.3%;;;;16.7%;;;;;;;;;;;;;;;;;;;
;;;;;;221;10355;Asghar, Amina;87.5%;;;;;;;;;;;;;;;;;;;;;;12.5%;
;;;;;;222;23409;Atencio Martinez, Cindy L.;75.0%;;16.7%;;4.2%;;;;;;;;;;4.2%;;;;;;;;;
;;;;;;223;23410;Grocki, Samuel B.;91.7%;;;;4.2%;;;4.2%;;;;;;;;;;;;;;;;
;;;;;;231;20251;Chen, Szu-Han;95.8%;;;;4.2%;;;;;;;;;;;;;;;;;;;
;;;;;;232;32146;Atencio Martinez, Cindy L.;91.7%;;;;;;;8.3%;;;;;;;;;;;;;;;;
;;;;;;233;32145;Kim, Taeho;95.8%;;;;4.2%;;;;;;;;;;;;;;;;;;;
;;25700;Organic Chemistry;202610;Fall 2025;001;14403;Ramachandran, Padinjaremadhom V.;7.3%;12.4%;19.7%;;11.8%;6.2%;9.0%;6.2%;6.2%;10.1%;1.1%;;2.2%;;1.1%;;;;;;;;6.7%;
;;25701;Organic Chem Lab;202610;Fall 2025;311;14410;Hutson, Hunter M.;45.5%;;4.5%;;27.3%;;;4.5%;;;4.5%;;;;9.1%;;;;;;;;4.5%;
;;;;;;331;14409;Furlow, Christopher T.;42.9%;;;;38.1%;;;9.5%;;;;;;;;;;;;;;;9.5%;
;;;;;;332;19340;Sen, Abhirup;68.8%;;18.8%;;12.5%;;;;;;;;;;;;;;;;;;;
;;26100;Organic Chemistry I;202610;Fall 2025;001;14411;Thompson, David H.;37.6%;;15.2%;;25.7%;;;17.1%;;;2.9%;;;;1.0%;;;;;;;;0.5%;
;;26300;Organic Chemistry Lab I;202610;Fall 2025;411;30058;Dasgupta, Sneha;47.8%;;47.8%;;;;;;;;4.3%;;;;;;;;;;;;;
;;;;;;412;30060;Bello, Lukman A.;70.8%;;4.2%;;8.3%;;8.3%;8.3%;;;;;;;;;;;;;;;;
;;;;;;421;14416;Marte De Aza, Alejandra Y.;70.8%;;4.2%;;12.5%;;8.3%;;;4.2%;;;;;;;;;;;;;;
;;;;;;422;14414;Bedda, Loay A.;45.8%;;45.8%;;;;8.3%;;;;;;;;;;;;;;;;;
;;;;;;431;14420;Bedda, Loay A.;75.0%;;12.5%;;8.3%;;;;;;4.2%;;;;;;;;;;;;;
;;;;;;432;14417;Galligan, Ashley J.;83.3%;;8.3%;;4.2%;;;4.2%;;;;;;;;;;;;;;;;
;;;;;;433;30828;Brincken, Jeremiah C.;41.7%;;4.2%;;20.8%;;12.5%;16.7%;;4.2%;;;;;;;;;;;;;;
;;;;;;511;14421;Marte De Aza, Alejandra Y.;44.4%;5.6%;5.6%;;16.7%;;11.1%;11.1%;;;;;;;5.6%;;;;;;;;;
;;;;;;512;14415;Brincken, Jeremiah C.;59.1%;;;;27.3%;;13.6%;;;;;;;;;;;;;;;;;
;;26500;Organic Chemistry Lab I;202610;Fall 2025;211;34261;Chowdhury, Vaskar;57.9%;;;;15.8%;;10.5%;10.5%;;;;;;;;;;;;;;;5.3%;
;;;;;;221;48414;Enlow, Charles R.;45.8%;;37.5%;;8.3%;;4.2%;;;;;;;;4.2%;;;;;;;;;
;;;;;;222;60179;Sathar, Bazil Muhammed;45.5%;;31.8%;;9.1%;;13.6%;;;;;;;;;;;;;;;;;
;;;;;;231;23424;Darko, Kwabena;36.4%;;40.9%;;4.5%;;9.1%;;;4.5%;4.5%;;;;;;;;;;;;;
;;;;;;232;26239;Bai, Yuntian;56.5%;;21.7%;;4.3%;;4.3%;4.3%;;;4.3%;;4.3%;;;;;;;;;;;
;;26505;Organic Chemistry I;202610;Fall 2025;001;36107;Lipton, Mark A.;31.7%;;11.3%;0.7%;19.7%;;6.3%;18.3%;;2.1%;4.9%;;;;2.8%;;;;;;;;2.1%;
;;26700;Organic Chem Lab I Honors;202610;Fall 2025;H31;26164;Dhanasinghe, Hidda Marakkala Jayani C.;87.5%;;6.3%;;6.3%;;;;;;;;;;;;;;;;;;;
;;29400;Sophomore Chm Seminar;202610;Fall 2025;001;23758;Schmidt, Gudrun;95.5%;;;;1.5%;;;0.8%;;;0.8%;;;;;;;;;;;;1.5%;
;;32100;Analytical Chemistry I;202610;Fall 2025;001;12424;Laskin, Julia;20.2%;10.6%;14.4%;;9.6%;7.7%;6.7%;5.8%;1.9%;2.9%;2.9%;;4.8%;;6.7%;;;;;;;;5.8%;
;;;Analytical Chemistry I-Honors;202610;Fall 2025;001;12424;Laskin, Julia;;;;;;;;100.0%;;;;;;;;;;;;;;;;
;;32700;Bioanalytical Chemistry;202610;Fall 2025;001;25346;Subramanian, Ramaswamy;56.5%;13.0%;8.7%;;17.4%;;4.3%;;;;;;;;;;;;;;;;;
;;34800;Bioinorganic Chemistry;202610;Fall 2025;001;30181;Wilker, Jonathan J.;80.6%;16.1%;;;;;;;;;;;;;;;;;;;;;3.2%;
;;37000;Topics In Physical Chm;202610;Fall 2025;001;14437;Liu, Lee;10.3%;17.2%;11.5%;;10.3%;12.6%;12.6%;3.4%;4.6%;3.4%;2.3%;1.1%;;;8.0%;;;;;;;;2.3%;
;;37300;Physical Chemistry I;202610;Fall 2025;001;14438;Chopra, Gaurav;26.0%;2.0%;22.0%;;17.0%;1.0%;13.0%;8.0%;;3.0%;5.0%;;;;2.0%;;;;;;;;1.0%;
;;37301;Physical Chemistry Lab I;202610;Fall 2025;001;25397;Bower, Paul W.;92.5%;2.2%;;;;1.1%;2.2%;2.2%;;;;;;;;;;;;;;;;
;;43300;Biochemistry;202610;Fall 2025;001;16545;Zacharioudakis, Emmanouil;28.8%;;;;34.2%;;;11.0%;;;23.3%;;;;1.4%;;;;;;;;1.4%;
;;48100;Environmental Chem;202610;Fall 2025;001;28285;Laskin, Alexander;10.0%;20.0%;;;10.0%;10.0%;;;;;;;20.0%;;;;;;;;;;30.0%;
;;;Environmental Chem-Honors;202610;Fall 2025;001;28285;Laskin, Alexander;;;;;;;;100.0%;;;;;;;;;;;;;;;;
;;49400;Jun-Sen Chem Seminar;202610;Fall 2025;001;14451;Wenthold, Paul G.;28.6%;3.6%;64.3%;;;;3.6%;;;;;;;;;;;;;;;;;
;;;;;;002;23847;Wenthold, Paul G.;8.7%;;87.0%;;4.3%;;;;;;;;;;;;;;;;;;;
;;49900;Special Assignments;202610;Fall 2025;020;41030;Chopra, Gaurav;58.3%;16.7%;25.0%;;;;;;;;;;;;;;;;;;;;;
;;;;;;047;35481;Low, Philip S.;30.0%;2.5%;62.5%;;;;;;;;;;;;2.5%;;;;;;;;2.5%;
;;;Special Assignments-Honors;202610;Fall 2025;047;35481;Low, Philip S.;;;100.0%;;;;;;;;;;;;;;;;;;;;;
;;56000;Org Spectroscop Analys;202610;Fall 2025;001;14490;Chmielewski, Jean A.;68.0%;;20.0%;;12.0%;;;;;;;;;;;;;;;;;;;
;;59900;Teaching In Chemistry;202610;Fall 2025;002;27585;Starr, Hannah E.;79.6%;;;;14.8%;;;3.7%;;;1.9%;;;;;;;;;;;;;
;;60500;Safety In Laboratory;202610;Fall 2025;001;14494;Bower, Paul W.;;;;;;;;;;;;;;;;;;;;83.8%;;4.1%;12.2%;
;;62000;Spectrochem Instrument;202610;Fall 2025;001;29785;Claridge, Shelley A.;20.8%;12.5%;8.3%;4.2%;33.3%;12.5%;;;;;;;;;;;;;;;;;8.3%;
;;62200;Chem Asp Of Mass Spec;202610;Fall 2025;001;14498;Kenttamaa, Hilkka I.;64.3%;;;14.3%;10.7%;;;3.6%;;;;;;;;;;3.6%;;;;;3.6%;
;;63200;Membrane: Struct/Fnctn;202610;Fall 2025;001;14500;Lyon, Angeline M.;25.0%;;18.8%;;31.3%;;25.0%;;;;;;;;;;;;;;;;;
;;63400;Biochem Struct Aspects;202610;Fall 2025;001;14501;Cochrane, Wesley G.;53.8%;;;7.7%;30.8%;;;;;;;;;;3.8%;;;;;;;;3.8%;
;;64100;Adv Inorganic Chem;202610;Fall 2025;001;14502;Li, Christina W.;15.4%;15.4%;7.7%;7.7%;15.4%;15.4%;15.4%;;;;;;;;;;;;;;;;7.7%;
;;64400;Solid State Chem;202610;Fall 2025;001;25278;Andrews, Justin L.;29.4%;17.6%;5.9%;;17.6%;;23.5%;5.9%;;;;;;;;;;;;;;;;
;;65100;Adv Organic Chemistry;202610;Fall 2025;001;14504;Ngai, Ming-Yu;20.8%;33.3%;;12.5%;;4.2%;20.8%;;;;;;;;;;;;;;;;8.3%;
;;67100;Adv Physical Chem;202610;Fall 2025;001;13562;Liu, Hanzhe;36.4%;9.1%;36.4%;;;;9.1%;;;;;;;;;;;;;;;;9.1%;
;;69500;Sem Analytical Chem;202610;Fall 2025;001;14508;Zhang, Chi;;;;;;;;;;;;;;;;;;;;97.8%;;;2.2%;
;;;;;;014;42151;Zhang, Chi;32.0%;20.0%;;;8.0%;4.0%;12.0%;;;4.0%;;;;;;8.0%;;;;;;;12.0%;
;;;Sem Biochemistry;202610;Fall 2025;006;14513;Low-Nam, Shalini T.;;;;;;;;;;;;;;;;;;;;97.8%;;;2.2%;
;;;Sem Inorganic Chem;202610;Fall 2025;003;14510;Li, Christina W.;;;;;;;;;;;;;;;;;;;;100.0%;;;;
;;;Sem Materials Chem;202610;Fall 2025;021;29643;Dong, Qi;;;;;;;;;;;;;;;;;;;;97.3%;;;2.7%;
;;;Sem NSF Fellow;202610;Fall 2025;023;30829;Dick, Jeffrey E.;;;;;;;;;;;;;;;;;;;;94.7%;;;5.3%;
;;;Sem Organic Chem;202610;Fall 2025;005;14512;Lovinger, Gabriel J.;;;;;;;;;;;;;;;;;;;;94.3%;;;5.7%;
;;;Sem Physical Chem;202610;Fall 2025;004;14511;Chen, Ming;;;;;;;;;;;;;;;;;;;;100.0%;;;;
;;69600;Aspects Drug Design Med Chem;202610;Fall 2025;021;25863;Ghosh, Arun K.;35.7%;28.6%;;;;7.1%;21.4%;;7.1%;;;;;;;;;;;;;;;
;;;BioNanotechnology;202610;Fall 2025;012;24734;Mao, Chengde;25.0%;25.0%;;;18.8%;;18.8%;;;;;;;;;;;;;;;;12.5%;
;;;Chemistry Of Soft Materials;202610;Fall 2025;018;29789;Wei, Alexander;23.1%;15.4%;;15.4%;15.4%;7.7%;23.1%;;;;;;;;;;;;;;;;;
;;;Foundational Analytical Chem;202610;Fall 2025;017;29788;Mcluckey, Scott A.;29.6%;;18.5%;;7.4%;;29.6%;14.8%;;;;;;;;;;;;;;;;
;;;Optical Spect And Imaging;202610;Fall 2025;020;25860;Zhang, Chi;30.8%;;30.8%;23.1%;;;15.4%;;;;;;;;;;;;;;;;;
;;;Quantum Optics;202610;Fall 2025;022;25868;Walther, Valentin;23.1%;23.1%;30.8%;7.7%;7.7%;;;7.7%;;;;;;;;;;;;;;;;
;;69900;Research PhD Thesis;202610;Fall 2025;006;14538;Dick, Jeffrey E.;;;;;;;;;;;;;;;;;;;;100.0%;;;;
;;;;;;020;14562;Chopra, Gaurav;;;;;;;;;;;;;;;;;;;;100.0%;;;;
;;;;;;021;15438;Doucette, Suzanne C.;;;;;;;;;;;;;;;;;;;;98.2%;;1.8%;;
;;;;;;028;15436;Laskin, Julia;;;;;;;;;;;;;;;;;;;;100.0%;;;;
;;;;;;047;14543;Low, Philip S.;;;;;;;;;;;;;;;;;;;;100.0%;;;;
;;;;;;050;14546;Simpson, Garth J.;;;;;;;;;;;;;;;;;;;;92.3%;;7.7%;;
;;;;;;066;14531;Schlebach, Jonathan P.;;;;;;;;;;;;;;;;;;;;100.0%;;;;
;;;;;;070;14529;Kenttamaa, Hilkka I.;;;;;;;;;;;;;;;;;;;;100.0%;;;;
;;;;;;071;54594;Uyeda, Christopher H.;;;;;;;;;;;;;;;;;;;;100.0%;;;;
CHNS;CHNS-Chinese;10100;Chinese Level I;202610;Fall 2025;001;28730;Guo, Xiaoyang;80.0%;;;5.0%;10.0%;;;;;;;;;;;;;;;;;;5.0%;
;;;;;;003;28732;Guo, Xiaoyang;88.9%;;;;5.6%;;;;;;;;;;;;;;;;;;5.6%;
;;;;;;007;31851;Qin, Lei;56.5%;;;4.3%;26.1%;;;8.7%;;;;;;;;;;4.3%;;;;;;
;;;;;;008;33116;Qin, Lei;65.2%;;;;13.0%;;;8.7%;;;;;;;8.7%;;;;;;;;4.3%;
;;20100;Chinese Level III;202610;Fall 2025;015;19295;Feng, Zeyu;65.0%;10.0%;;;;10.0%;;5.0%;;;;;10.0%;;;;;;;;;;;
;;;;;;021;31853;Zheng, Ning;53.8%;30.8%;;;;;;;;;;;;;;;;;;;;;15.4%;
;;;;;;022;31854;Qin, Lei;50.0%;30.0%;;;;10.0%;5.0%;;5.0%;;;;;;;;;;;;;;;
;;24100;Intro Study Chinese Lit;202610;Fall 2025;001;19429;Hsiung, Yuwen;56.3%;25.0%;;;12.5%;;;;;;;;;;;;;;;;;;6.3%;
;;;Intro Study Chinese Lit-Honors;202610;Fall 2025;001;19429;Hsiung, Yuwen;100.0%;;;;;;;;;;;;;;;;;;;;;;;
;;28100;Intro To Chinese Food Culture;202610;Fall 2025;001;13424;Wann, Ai-Jen;12.5%;18.8%;;6.3%;12.5%;12.5%;18.8%;6.3%;;6.3%;;;6.3%;;;;;;;;;;;
;;28500;Chinese Calligraphy;202610;Fall 2025;011;19414;Wann, Ai-Jen;41.7%;16.7%;16.7%;;;;;;;;;;;;;;;8.3%;;;;;16.7%;
;;30100;Chinese Level V;202610;Fall 2025;004;67814;Ye, Lijing;44.0%;24.0%;;;4.0%;8.0%;4.0%;4.0%;;8.0%;4.0%;;;;;;;;;;;;;
;;31300;Reading And Writing;202610;Fall 2025;001;13768;Ye, Lijing;53.3%;20.0%;;;6.7%;6.7%;13.3%;;;;;;;;;;;;;;;;;
;;40100;Chinese Level VII;202610;Fall 2025;001;14604;Route, Hongjian W.;46.2%;23.1%;;;;7.7%;7.7%;;;;;;;;;;;;;;;;15.4%;
;;;Chinese Level VII-Honors;202610;Fall 2025;001;14604;Route, Hongjian W.;;;;;;;100.0%;;;;;;;;;;;;;;;;;
CLCS;CLCS-Classics;18100;Classical Wrld Civiliz;202610;Fall 2025;002;20794;Barnes, Robert J.;28.8%;19.2%;21.2%;;9.6%;9.6%;7.7%;;;;;1.9%;;;;;;;;;;;1.9%;
;;23300;Comparative Mythology;202610;Fall 2025;001;21157;Dickson, Keith M.;26.7%;20.0%;;;17.8%;6.7%;10.0%;1.1%;2.2%;2.2%;2.2%;;2.2%;;4.4%;;;;;;;;4.4%;
;;23500;Intr To Classical Myth;202610;Fall 2025;001;67122;Barnes, Robert J.;30.9%;17.3%;20.9%;;8.2%;2.7%;5.5%;3.6%;;3.6%;;1.8%;;;0.9%;;;;;;;;4.5%;
;;;Intr To Classical Myth-Honors;202610;Fall 2025;001;67122;Barnes, Robert J.;25.0%;;75.0%;;;;;;;;;;;;;;;;;;;;;
;;23800;The Tragic Vision;202610;Fall 2025;001;19619;Moodie, Erin K.;22.2%;;11.1%;;16.7%;;16.7%;5.6%;5.6%;;;5.6%;5.6%;;5.6%;;;;;;;;5.6%;
;;;The Tragic Vision-Honors;202610;Fall 2025;001;19619;Moodie, Erin K.;100.0%;;;;;;;;;;;;;;;;;;;;;;;
;;38100;Julius Caesar;202610;Fall 2025;001;19756;Conner, Daniel A.;29.4%;23.5%;23.5%;;5.9%;5.9%;11.8%;;;;;;;;;;;;;;;;;
;;38400;Ancient Western Medicine;202610;Fall 2025;001;19787;Dickson, Keith M.;28.9%;18.4%;;;15.8%;5.3%;18.4%;5.3%;;2.6%;;;;;2.6%;;;;;;;;2.6%;
CLPH;CLPH-Clinical Pharmacy;44800;Therapeutic Case Studies;202610;Fall 2025;001;69904;Scott, Steven A.;78.6%;;;;;;;;;;;;;;;;;14.3%;;;;;7.1%;
;;44900;Intro To Psych Pharm;202610;Fall 2025;001;14203;Ott, Carol A.;2.6%;;97.4%;;;;;;;;;;;;;;;;;;;;;
;;45000;Formulary Dossier Management;202610;Fall 2025;002;27928;Sheehan, Amy H.;61.5%;;;;38.5%;;;;;;;;;;;;;;;;;;;
CM;CM-Construction Management;10000;Intro To Construction Mgmt;202610;Fall 2025;SC1;10921;Cabral, Jessica A.;31.2%;2.9%;5.8%;;20.2%;5.2%;9.8%;4.0%;2.9%;1.2%;3.5%;0.6%;5.8%;;4.6%;;;;;;;;2.3%;
;;15000;Construction Mgmt Fundamentals;202610;Fall 2025;001;10143;Manuel, Joseph R.;35.6%;17.8%;;;20.0%;3.3%;11.1%;5.6%;;4.4%;;;1.1%;;;;;;;;;;1.1%;
;;16000;Surveying;202610;Fall 2025;001;18307;Starr, Todd A.;19.8%;9.9%;5.0%;;21.8%;5.0%;16.8%;15.8%;2.0%;1.0%;2.0%;;;;;;;;;;;;1.0%;
;;16400;Graphics For Civ Engr & Const;202610;Fall 2025;SC1;11786;Cory, Clark A.;30.1%;;22.8%;;18.4%;0.3%;7.6%;6.3%;0.6%;3.5%;1.3%;;;;4.1%;;;;;;;;5.1%;
;;20002;Intermed Pre-Construction Mgmt;202610;Fall 2025;002;15894;Weida, James R.;35.6%;14.4%;1.1%;;28.9%;;10.0%;2.2%;2.2%;3.3%;1.1%;;;;;;;;;;;;1.1%;
;;21500;Mechanical Constructn;202610;Fall 2025;001;18412;Wyman, Dan A.;5.0%;8.3%;53.3%;;10.0%;5.0%;18.3%;;;;;;;;;;;;;;;;;
;;21601;Electrical Construction;202610;Fall 2025;001;20455;Sparkling, Anthony E.;32.5%;12.5%;22.5%;;7.5%;;20.0%;2.5%;;;;;;;;;;;;;;;2.5%;
;;23301;MEP Sys In Built Environment;202610;Fall 2025;001;21091;Cory, Clark A.;54.8%;;11.9%;;14.3%;;7.1%;4.8%;;;;;;;;;;;;;;;7.1%;
;;26200;Intro To Construction Graphics;202610;Fall 2025;003;17772;George, Sarah J.;20.7%;13.8%;41.4%;;6.9%;3.4%;3.4%;;;;;;;;3.4%;;;;;;;;6.9%;
;;27000;Statics;202610;Fall 2025;001;15908;Tao, Chengcheng;44.4%;9.3%;;;9.3%;7.4%;16.7%;1.9%;;5.6%;1.9%;1.9%;;;1.9%;;;;;;;;;
;;30002;Advanced Pre-Construction Mgmt;202610;Fall 2025;004;18244;Wyman, Dan A.;42.4%;10.1%;34.3%;;3.0%;2.0%;8.1%;;;;;;;;;;;;;;;;;
;;30101;Intro Constr Company Fin Mgmt;202610;Fall 2025;001;18247;Dib, Hazar N.;14.9%;18.1%;6.4%;;17.0%;13.8%;12.8%;3.2%;2.1%;5.3%;1.1%;;1.1%;;1.1%;;;;;;;;3.2%;
;;31000;Equipment & Field Operations;202610;Fall 2025;002;18408;Sexton, Candice S.;15.2%;34.2%;2.5%;;20.3%;6.3%;13.9%;1.3%;1.3%;5.1%;;;;;;;;;;;;;;
;;33200;Arch, Construction And Society;202610;Fall 2025;001;23141;George, Sarah J.;7.1%;14.3%;71.4%;;3.6%;3.6%;;;;;;;;;;;;;;;;;;
;;36200;Construction Competition;202610;Fall 2025;001;24014;Manuel, Joseph R.;100.0%;;;;;;;;;;;;;;;;;;;;;;;
;;36400;Jobsite Management;202610;Fall 2025;001;18419;Wallace, Lewie J.;39.1%;10.9%;;;28.3%;4.3%;10.9%;;;2.2%;;;;;2.2%;;;;;;;;2.2%;
;;37100;Industrial Construction Mgmt;202610;Fall 2025;001;17369;Kang, Kyubyung;33.3%;17.9%;15.4%;;12.8%;5.1%;12.8%;;;;;;;;;;;;;;;;2.6%;
;;37200;Plan Dsgn Const Hlthc Blt Envr;202610;Fall 2025;001;13891;Benhart, Bradley L.;77.4%;3.2%;;;16.1%;;;;;;;;;;;;;;;;;;3.2%;
;;37400;Mech And Elec Constr Mgmt I;202610;Fall 2025;001;13892;Wyman, Dan A.;11.1%;;72.2%;;11.1%;;5.6%;;;;;;;;;;;;;;;;;
;;37600;Residential Green Const Mgmt;202610;Fall 2025;001;13894;Manuel, Joseph R.;67.5%;7.5%;5.0%;;15.0%;;2.5%;;;;;;;;;;;;;;;;2.5%;
;;38000;Soils And Foundations;202610;Fall 2025;006;18298;Guan, Shanyue;36.4%;12.1%;18.2%;;9.1%;;12.1%;3.0%;3.0%;;;;;;;;;;;;;;6.1%;
;;40000;Construction Capstone I;202610;Fall 2025;002;11852;Benhart, Bradley L.;65.7%;13.4%;;;7.5%;1.5%;7.5%;1.5%;1.5%;1.5%;;;;;;;;;;;;;;
;;43300;Risk & Legal Design/Constr;202610;Fall 2025;001;18433;Wallace, Lewie J.;32.0%;6.2%;3.1%;;24.7%;7.2%;12.4%;5.2%;4.1%;1.0%;;;;;2.1%;;;;;;;;2.1%;
;;45001;Construction Capstone II;202610;Fall 2025;009;26641;Zimpfer, Mark D.;39.2%;2.0%;49.0%;;;3.9%;;2.0%;3.9%;;;;;;;;;;;;;;;
;;45701;Construction Safety;202610;Fall 2025;001;18486;Lew, Jeffrey J.;57.1%;;;;20.0%;;;17.1%;;;2.9%;;;;;;;;;;;;2.9%;
;;;;;;002;13640;Lew, Jeffrey J.;85.7%;;;;5.7%;;;8.6%;;;;;;;;;;;;;;;;
;;46200;Appl Constr Document II;202610;Fall 2025;001;17774;Cory, Clark A.;50.0%;;13.3%;;13.3%;;3.3%;10.0%;;;3.3%;;;;;;;;;;;;6.7%;
;;47500;Construction Costs;202610;Fall 2025;001;18421;Li, Qingchun;22.4%;12.1%;31.0%;;15.5%;6.9%;5.2%;1.7%;1.7%;;;;;;1.7%;;;;;;;;1.7%;
CNIT;CNIT-Computer & Info Tech;10500;Intro To C Program;202610;Fall 2025;SC1;13354;Salem, Tawfiq M.;22.0%;18.5%;1.5%;;12.5%;7.0%;14.0%;7.5%;1.5%;6.0%;2.5%;;1.0%;;4.0%;;;;;;;;2.0%;
;;;Intro To C Program-Honors;202610;Fall 2025;SC1;13354;Salem, Tawfiq M.;100.0%;;;;;;;;;;;;;;;;;;;;;;;
;;13600;PC Tech & Applications;202610;Fall 2025;Y01;51233;Boowuo, Henrietta;41.6%;17.1%;;;8.4%;3.8%;10.1%;1.7%;1.0%;2.4%;1.4%;0.7%;0.7%;;4.5%;;;;;;;;6.3%;
;;15501;Intro To Software Dev Concepts;202610;Fall 2025;004;69969;Salem, Tawfiq M.;37.7%;15.6%;1.6%;;6.6%;5.7%;9.8%;4.9%;3.3%;7.4%;;;1.6%;;3.3%;;;;;;;;2.5%;
;;17500;Visual Programming;202610;Fall 2025;009;42900;Wang, Ruiqi;11.4%;28.6%;;;17.1%;8.6%;20.0%;;;2.9%;2.9%;;;;5.7%;;;;;;;;2.9%;
;;17600;Info Tech Architecture;202610;Fall 2025;SC1;21514;Hiday, Lawrence A.;33.1%;;;;43.8%;;;13.1%;;;3.8%;;;;4.6%;0.8%;;;;;;;0.8%;
;;;;;;SC2;33292;Hiday, Lawrence A.;38.5%;;;;38.5%;;;14.6%;;;2.3%;;;;3.1%;;;;;;;;3.1%;
;;18000;Intro To Systems Devel;202610;Fall 2025;001;13397;Ledbetter, William C.;16.3%;32.6%;1.1%;;8.4%;7.9%;18.0%;1.7%;2.2%;5.1%;1.1%;;1.1%;;2.8%;;;;;;;;1.7%;
;;18200;System & Org Security;202610;Fall 2025;014;14093;Josekutty Thomas, Paul;53.8%;;;;37.8%;;;5.0%;;;1.7%;;;;1.7%;;;;;;;;;
;;;;;;SC1;29612;Josekutty Thomas, Paul;50.8%;;;;34.7%;;;6.8%;;;1.7%;;;;3.4%;;;;;;;;2.5%;
;;24200;System Administration;202610;Fall 2025;001;36500;Deadman, Robert C.;4.4%;;;;39.0%;;;35.2%;;;7.1%;;;;3.3%;;;;;;;;11.0%;
;;25501;Obj-Oriented Prog Intro-Honors;202610;Fall 2025;005;69974;Smith, Eunsun C.;100.0%;;;;;;;;;;;;;;;;;;;;;;;
;;;Obj-Oriented Prog Introduction;202610;Fall 2025;005;69974;Smith, Eunsun C.;25.9%;16.1%;9.2%;;10.9%;9.2%;11.5%;1.7%;1.7%;3.4%;;;0.6%;;1.1%;;;;;;;;8.6%;
;;27000;Cybersecurity Fndmntls-Honors;202610;Fall 2025;008;15130;Zuel, Brian C.;100.0%;;;;;;;;;;;;;;;;;;;;;;;
;;;Cybersecurity Fundamentals I;202610;Fall 2025;008;15130;Zuel, Brian C.;33.3%;;;;41.1%;;;19.4%;;;0.8%;;;;3.9%;;;;;;;;1.6%;
;;;Cybersecurty Fndmntls I-Honors;202610;Fall 2025;008;15130;Zuel, Brian C.;100.0%;;;;;;;;;;;;;;;;;;;;;;;
;;;Cybersecrty Fndmntls II-Honors;202610;Fall 2025;008;15130;Zuel, Brian C.;;;;;;;;;;;;;;;100.0%;;;;;;;;;
;;27100;Cybersecrty Fndmntls II-Honors;202610;Fall 2025;001;29619;Bhatt, Smriti;66.7%;;;;33.3%;;;;;;;;;;;;;;;;;;;
;;;Cybersecurity Fundamentals II;202610;Fall 2025;001;29619;Bhatt, Smriti;62.3%;;;;25.4%;;;4.9%;;;1.6%;;;;;;;;;;;;5.7%;
;;27200;Database Fundamentals;202610;Fall 2025;001;13415;Smith, Eunsun C.;22.6%;15.5%;;;19.6%;5.4%;19.0%;4.8%;1.8%;4.8%;1.2%;1.2%;0.6%;;2.4%;;;;;;;;1.2%;
;;28000;Syst Analysis & Design;202610;Fall 2025;001;64559;Patel, Devang A.;20.4%;21.3%;16.7%;;7.4%;7.4%;12.0%;2.8%;0.9%;6.5%;0.9%;;;;1.9%;;;;;;;;1.9%;
;;30600;Game Development I;202610;Fall 2025;008;23391;Kesselman, Jeffrey P.;27.3%;18.2%;18.2%;;9.1%;9.1%;9.1%;;;;;;;;;;;;;;;;9.1%;
;;31500;Systems Programming;202610;Fall 2025;001;23051;Matson, Eric T.;28.8%;;;;55.0%;1.8%;1.8%;9.0%;;;1.8%;;;;1.8%;;;;;;;;;
;;32000;Pol, Reg & Global Info Tech;202610;Fall 2025;001;12384;Ledbetter, William C.;61.4%;;;;34.3%;;;1.4%;;;2.9%;;;;;;;;;;;;;
;;;Pol, Reg&Globl Info Tch-Honors;202610;Fall 2025;001;12384;Ledbetter, William C.;50.0%;;;;50.0%;;;;;;;;;;;;;;;;;;;
;;32200;Research Methodology & Design;202610;Fall 2025;003;13204;Ledbetter, William C.;50.7%;;11.3%;;16.9%;;9.9%;2.8%;;2.8%;1.4%;;;;1.4%;;;;;;;;2.8%;
;;32300;Basic Cyberforensics;202610;Fall 2025;001;10052;Thompson, Marcus A.;20.2%;;;;54.3%;;;18.1%;;;;;;;1.1%;;;;;;;;6.4%;
;;34000;UNIX Administration;202610;Fall 2025;001;36472;Hacker, Thomas J.;33.3%;9.7%;;;40.3%;3.5%;;7.6%;0.7%;;1.4%;;;;;0.7%;;;;;;;2.8%;
;;34220;Network Administration;202610;Fall 2025;001;13722;Hiday, Lawrence A.;10.9%;;;;49.1%;;;37.3%;;;;;;;1.8%;;;;;;;;0.9%;
;;34400;Network Engr Fundamentals;202610;Fall 2025;003;13355;Deadman, Robert C.;10.5%;;;;31.0%;;;43.3%;;;7.0%;;;;5.3%;;;;;;;;2.9%;
;;34500;Internet Desgn&Implem;202610;Fall 2025;001;36490;Hiday, Lawrence A.;22.4%;;;;38.8%;;;24.5%;;;4.1%;;;;;;;;;;;;10.2%;
;;34600;Wireless Networks;202610;Fall 2025;001;15581;Smith, Anthony H.;9.8%;2.4%;;;43.9%;2.4%;4.9%;22.0%;;7.3%;2.4%;;;;2.4%;;;;;;;;2.4%;
;;35500;Mobile Programming;202610;Fall 2025;001;15285;Obi, Ikechukwu A.;30.8%;7.7%;3.8%;;11.5%;;34.6%;3.8%;3.8%;;;;;;;;;;;;;;3.8%;
;;37000;Introduction To Cryptography;202610;Fall 2025;001;15652;Sun, Wenhai;62.5%;;;;34.2%;;;3.3%;;;;;;;;;;;;;;;;
;;37100;Cyberlaw And Ethics;202610;Fall 2025;001;14766;Kronenberger, Melissa T.;39.4%;;;;46.8%;;;11.9%;;;1.8%;;;;;;;;;;;;;
;;37200;Database Programming;202610;Fall 2025;001;13444;Li, Tianyi;57.8%;15.6%;;;8.9%;3.3%;12.2%;1.1%;;;;;;;;;;;;;;;1.1%;
;;38000;Adv Analysis & Design;202610;Fall 2025;008;24548;Casner, Melissa R.;76.2%;;;;19.0%;;;4.8%;;;;;;;;;;;;;;;;
;;38101;Enterprise Info Governance;202610;Fall 2025;001;27657;Laux, Dawn D.;41.2%;20.6%;;;14.7%;;11.8%;2.9%;;;;;5.9%;;;;;;;;;;2.9%;
;;41500;Adv Coding Security-Honors;202610;Fall 2025;001;14825;Springer, John A.;100.0%;;;;;;;;;;;;;;;;;;;;;;;
;;;Advanced Coding Security;202610;Fall 2025;001;14825;Springer, John A.;75.0%;;;;7.1%;;;;;;;;;;;3.6%;;;;;;;14.3%;
;;42000;Basic Cyber Forensics;202610;Fall 2025;001;10004;Thompson, Marcus A.;10.0%;;;;20.0%;;;50.0%;;;;;;;10.0%;;;;;;;;10.0%;
;;42200;Cyber Criminology;202610;Fall 2025;001;13195;Ringenberg, Tatiana R.;13.3%;;;;51.7%;;;31.7%;;;3.3%;;;;;;;;;;;;;
;;;;;;002;12904;Ringenberg, Tatiana R.;13.6%;;;;61.0%;;;22.0%;;;3.4%;;;;;;;;;;;;;
;;;Cyber Criminology-Honors;202610;Fall 2025;002;12904;Ringenberg, Tatiana R.;100.0%;;;;;;;;;;;;;;;;;;;;;;;
;;45500;Network Security;202610;Fall 2025;001;13461;Rawles, Phillip T.;15.4%;0.7%;;;31.6%;18.4%;6.6%;16.2%;2.2%;6.6%;0.7%;0.7%;;;0.7%;;;;;;;;;
;;47000;Incident Response Management;202610;Fall 2025;001;13215;Thompson, Marcus A.;50.0%;;;;42.9%;;;7.1%;;;;;;;;;;;;;;;;
;;;;;;012;11452;Thompson, Marcus A.;61.8%;;;;32.4%;;;2.9%;;;;;;;;;;;;;;;2.9%;
;;47100;Vuln Analysis & Testing;202610;Fall 2025;003;21543;Zuel, Brian C.;9.1%;;;;50.6%;;;35.1%;;;1.3%;;;;;;;;;;;;3.9%;
;;;Vuln Analysis & Testing-Honors;202610;Fall 2025;003;21543;Zuel, Brian C.;100.0%;;;;;;;;;;;;;;;;;;;;;;;
;;48000;Manag Info Tech Projct;202610;Fall 2025;007;32482;Josekutty Thomas, Paul;40.2%;;;;39.3%;;;13.9%;;;3.3%;;;;;;;;;;;;3.3%;
;;48101;Cloud Computing Infrastructure;202610;Fall 2025;019;21511;Nadig Anantha, Deepak;47.4%;42.1%;;;;;10.5%;;;;;;;;;;;;;;;;;
;;48300;Applied Machine Learning;202610;Fall 2025;002;21427;Kocsis, Jin;64.0%;;;;14.0%;;17.4%;1.2%;;;1.2%;;;;1.2%;;;;;;;;1.2%;
;;51100;Found Homeland Sec Std;202610;Fall 2025;001;59916;Ehlers, Shawn G.;73.4%;;23.4%;;1.6%;;;;;;;;;;;;;;;;;;1.6%;
;;51900;Natural Language Technologies;202610;Fall 2025;002;27643;Rayz, Julia M.;32.0%;12.0%;44.0%;;4.0%;4.0%;;;;;;;;;;;;;;;;;4.0%;
;;54600;IoT For IT;202610;Fall 2025;002;26856;Smith, Anthony H.;54.5%;22.7%;;;4.5%;;13.6%;;;;;;;;;;;;;;;;4.5%;
;;54900;Internet Of Things Security;202610;Fall 2025;001;29346;Bhatt, Smriti;92.3%;;;;;;;;;;;;;;;;;;;;;;7.7%;
;;55200;Info Tech Proj Mgmt;202610;Fall 2025;001;69810;Josekutty Thomas, Paul;83.3%;;;;8.3%;;;8.3%;;;;;;;;;;;;;;;;
;;57000;IT Data Analytics;202610;Fall 2025;001;23965;Springer, John A.;84.6%;;;;2.6%;;;;;;2.6%;;;;;;;;;;;;10.3%;
;;57100;Responsible Data Science;202610;Fall 2025;001;33485;Pradhan, Romila;78.9%;;;;15.8%;;;;;;;;;;5.3%;;;;;;;;;
;;58100;Advanced Cloud Computing;202610;Fall 2025;069;27178;Hacker, Thomas J.;64.7%;;;;29.4%;;;5.9%;;;;;;;;;;;;;;;;
;;;Malware Forensics;202610;Fall 2025;063;20499;Thompson, Marcus A.;93.1%;;;3.4%;;;;;;;;;;;;;;;;;;;3.4%;
;;62300;Deep Learn Sec & Priv;202610;Fall 2025;003;16188;Kocsis, Jin;100.0%;;;;;;;;;;;;;;;;;;;;;;;
;;;Intro To Cloud Infrastructure;202610;Fall 2025;023;25903;Nadig Anantha, Deepak;36.4%;27.3%;9.1%;;;;27.3%;;;;;;;;;;;;;;;;;
;;62500;Research Methods In Computing;202610;Fall 2025;001;32354;Li, Tianyi;95.7%;;;;4.3%;;;;;;;;;;;;;;;;;;;
COM;COM-Communication;10000;Intro To Com Studies;202610;Fall 2025;SC1;16939;Dexter-Wiens, Joshua L.;66.7%;4.8%;;;3.2%;1.6%;3.2%;4.8%;4.8%;1.6%;1.6%;;1.6%;;4.8%;;;;;;;;1.6%;
;;10200;Intro To Com Theory;202610;Fall 2025;001;16940;Zulli, Diana G.;19.4%;15.5%;;;22.5%;8.5%;17.8%;3.9%;1.6%;4.7%;;0.8%;1.6%;;0.8%;;;;;;;;3.1%;
;;11400;Fundament Of Speech;202610;Fall 2025;836;20415;Bowling, Roy N.;45.8%;8.3%;;;16.7%;4.2%;12.5%;4.2%;;;;;4.2%;;;;;;;;;;4.2%;
;;;;;;840;21497;Delworth, Angeline Mills;56.5%;13.0%;;;13.0%;4.3%;4.3%;;4.3%;;;;;;;;;;;;;;4.3%;
;;;;;;847;21520;Stogsdill, Gabrielle E.;60.9%;17.4%;;;13.0%;;4.3%;;;;4.3%;;;;;;;;;;;;;
;;;;;;848;21521;Greulach, Samantha L.;4.3%;30.4%;;;21.7%;13.0%;17.4%;4.3%;4.3%;;;;;;4.3%;;;;;;;;;
;;;;;;849;21522;Riordan, Zachary J.;47.8%;13.0%;;;8.7%;;26.1%;;4.3%;;;;;;;;;;;;;;;
;;;;;;850;21524;Ilesanmi, Rusheedah O.;54.2%;12.5%;;;8.3%;4.2%;4.2%;;4.2%;4.2%;;;;;8.3%;;;;;;;;;
;;;;;;851;21525;Ilesanmi, Rusheedah O.;54.2%;16.7%;;;12.5%;;12.5%;4.2%;;;;;;;;;;;;;;;;
;;;;;;858;21553;Grasham, Timothy M.;47.8%;17.4%;;;17.4%;;13.0%;;;;;;;;;;;;;;;;4.3%;
;;;;;;859;21554;Boersma, Cari A.;47.8%;21.7%;;;13.0%;;8.7%;;;;;;;;4.3%;;;;;;;;4.3%;
;;;;;;860;21556;Sung, Eubin;45.8%;20.8%;;;4.2%;;20.8%;;;4.2%;;;;;;;;;;;;;4.2%;
;;;;;;861;21557;Boesch, Yuliya N.;78.3%;8.7%;;;4.3%;4.3%;;;;;;;;;;;;;;;;;4.3%;
;;;;;;862;21563;Afoakwa-Acheampong, Cindy;82.6%;13.0%;;;;;;4.3%;;;;;;;;;;;;;;;;
;;;;;;867;21591;Albitz, Michelle L.;54.5%;22.7%;;;4.5%;;9.1%;4.5%;;4.5%;;;;;;;;;;;;;;
;;;;;;868;21592;Yngve, Katherine N.;69.6%;8.7%;;;8.7%;;8.7%;;;4.3%;;;;;;;;;;;;;;
;;;;;;869;21593;Mohammed, Inusah;39.1%;13.0%;;;17.4%;4.3%;13.0%;;;4.3%;;;4.3%;;4.3%;;;;;;;;;
;;;;;;870;21598;Albitz, Michelle L.;52.2%;8.7%;;;8.7%;;8.7%;;4.3%;4.3%;13.0%;;;;;;;;;;;;;
;;;;;;871;21600;Albitz, Michelle L.;26.1%;43.5%;;;13.0%;;8.7%;;;4.3%;;;;;;;;;;;;;4.3%;
;;;;;;874;21617;Engelberth, Nathan P.;39.1%;21.7%;13.0%;;;8.7%;8.7%;;4.3%;;;;;;;;;;;;;;4.3%;
;;;;;;875;21622;Stith, David R.;54.2%;8.3%;4.2%;;4.2%;8.3%;16.7%;;;;;;;;4.2%;;;;;;;;;
;;;;;;876;21623;Gerald, Maggie L.;63.6%;13.6%;;;4.5%;4.5%;4.5%;;;4.5%;;;;;;;;;;;;;4.5%;
;;;;;;877;21624;Stith, David R.;52.2%;17.4%;;;21.7%;;4.3%;;;;;;;;;;;;;;;;4.3%;
;;;;;;878;21627;Bantle, Donald O.;45.5%;9.1%;4.5%;;9.1%;9.1%;18.2%;;;;;;;;;;;;;;;;4.5%;
;;;;;;883;18556;Smith, Carol E.;78.3%;;;;13.0%;;;;;;;;;;4.3%;;;;;;;;4.3%;
;;;;;;884;18558;Williams, Madison L.;45.8%;12.5%;;;16.7%;4.2%;8.3%;8.3%;;4.2%;;;;;;;;;;;;;;
;;;;;;885;18560;Watley, Kimberly J.;45.5%;9.1%;;;18.2%;;13.6%;4.5%;;;;;;;4.5%;;;;;;;;4.5%;
;;;;;;887;18562;Williams, Madison L.;34.8%;13.0%;;;21.7%;4.3%;13.0%;4.3%;;;4.3%;;;;;;;;;;;;4.3%;
;;;;;;889;16729;Stocker, Jessica L.;68.2%;18.2%;;;4.5%;4.5%;;4.5%;;;;;;;;;;;;;;;;
;;;;;;890;23587;Lawson, Andrea L.;85.7%;9.5%;;;4.8%;;;;;;;;;;;;;;;;;;;
;;;;;;891;33264;White, Genevieve K.;39.1%;17.4%;;;30.4%;4.3%;8.7%;;;;;;;;;;;;;;;;;
;;;;;;893;33266;Rosales-Burdin, Gloribel;36.4%;31.8%;31.8%;;;;;;;;;;;;;;;;;;;;;
;;;;;;894;33298;Sung, Eubin;33.3%;12.5%;;;25.0%;4.2%;12.5%;4.2%;;4.2%;;;;;;;;;;;;;4.2%;
;;;;;;896;33528;Ramos, Jennifer M.;45.8%;4.2%;;;16.7%;4.2%;8.3%;12.5%;;;4.2%;;4.2%;;;;;;;;;;;
;;;;;;898;19057;Bittinger, Michael D.;31.8%;22.7%;;;13.6%;4.5%;22.7%;;;;;;4.5%;;;;;;;;;;;
;;;;;;899;19062;Riordan, Zachary J.;29.2%;12.5%;;;29.2%;12.5%;8.3%;;;;;;;;4.2%;;;;;;;;4.2%;
;;;;;;900;19063;Koliantz, Ara;73.9%;8.7%;;;;4.3%;8.7%;4.3%;;;;;;;;;;;;;;;;
;;;;;;901;27484;Salazar, Hannah N.;60.0%;8.0%;;;8.0%;4.0%;12.0%;4.0%;;;;;;;;;;;;;;;4.0%;
;;;;;;902;31173;Boersma, Cari A.;80.0%;6.7%;;;;;13.3%;;;;;;;;;;;;;;;;;
;;;;;;903;31174;Boersma, Cari A.;57.1%;7.1%;;;14.3%;;;7.1%;;;;;;;;;;;;;;;14.3%;
;;;;;;LC3;15414;Boyd, Joshua E.;50.0%;;;;21.4%;7.1%;7.1%;;;7.1%;7.1%;;;;;;;;;;;;;
;;;;;;X01;47915;Strickler, Joseph A.;72.7%;18.2%;;;;;9.1%;;;;;;;;;;;;;;;;;
;;;;;;X02;20821;Johnson, Peggy A.;71.4%;9.5%;;;14.3%;;;4.8%;;;;;;;;;;;;;;;;
;;;Fundament Of Speech-Honors;202610;Fall 2025;847;21520;Stogsdill, Gabrielle E.;100.0%;;;;;;;;;;;;;;;;;;;;;;;
;;;;;;858;21553;Grasham, Timothy M.;100.0%;;;;;;;;;;;;;;;;;;;;;;;
;;;;;;861;21557;Boesch, Yuliya N.;100.0%;;;;;;;;;;;;;;;;;;;;;;;
;;;;;;862;21563;Afoakwa-Acheampong, Cindy;100.0%;;;;;;;;;;;;;;;;;;;;;;;
;;;;;;868;21592;Yngve, Katherine N.;100.0%;;;;;;;;;;;;;;;;;;;;;;;
;;;;;;869;21593;Mohammed, Inusah;100.0%;;;;;;;;;;;;;;;;;;;;;;;
;;;;;;870;21598;Albitz, Michelle L.;;100.0%;;;;;;;;;;;;;;;;;;;;;;
;;;;;;871;21600;Albitz, Michelle L.;100.0%;;;;;;;;;;;;;;;;;;;;;;;
;;;;;;876;21623;Gerald, Maggie L.;100.0%;;;;;;;;;;;;;;;;;;;;;;;
;;;;;;878;21627;Bantle, Donald O.;;;;;100.0%;;;;;;;;;;;;;;;;;;;
;;;;;;883;18556;Smith, Carol E.;100.0%;;;;;;;;;;;;;;;;;;;;;;;
;;;;;;885;18560;Watley, Kimberly J.;100.0%;;;;;;;;;;;;;;;;;;;;;;;
;;;;;;887;18562;Williams, Madison L.;100.0%;;;;;;;;;;;;;;;;;;;;;;;
;;;;;;898;19057;Bittinger, Michael D.;50.0%;;;;;50.0%;;;;;;;;;;;;;;;;;;
;;;;;;902;31173;Boersma, Cari A.;100.0%;;;;;;;;;;;;;;;;;;;;;;;
;;;;;;H01;63969;Hall, Jennifer M.;68.4%;10.5%;;;5.3%;;5.3%;;5.3%;;;;;;5.3%;;;;;;;;;
;;;;;;H02;63967;Pendleton, Cassandra E.;30.0%;35.0%;;;;5.0%;25.0%;;;;;;5.0%;;;;;;;;;;;
;;;;;;H03;63970;Acosta-Roberts, Guadalupe E.;80.0%;;;;5.0%;;15.0%;;;;;;;;;;;;;;;;;
;;;;;;H04;63968;Jha, Bedadyuti;75.0%;10.0%;;;5.0%;;5.0%;;;;;;;;5.0%;;;;;;;;;
;;;;;;H05;18354;Vaught, Megan F.;55.0%;20.0%;;;5.0%;;10.0%;;;5.0%;;;5.0%;;;;;;;;;;;
;;;;;;H06;33584;Bowling, Roy N.;85.0%;;;;10.0%;;5.0%;;;;;;;;;;;;;;;;;
;;;;;;H07;27608;Stewart, Stephen R.;90.0%;5.0%;;;5.0%;;;;;;;;;;;;;;;;;;;
;;20400;Crit Perspectives Com;202610;Fall 2025;001;17079;Boyd, Joshua E.;10.3%;;2.2%;;21.3%;5.9%;2.2%;20.6%;4.4%;2.9%;2.9%;1.5%;2.2%;;5.9%;;;1.5%;;;;;16.2%;
;;;Crit Perspectives Com-Honors;202610;Fall 2025;001;17079;Boyd, Joshua E.;100.0%;;;;;;;;;;;;;;;;;;;;;;;
;;21200;Appr Stdy Interp Commn;202610;Fall 2025;002;17094;Buehler, Emily M.;31.6%;10.5%;;;15.8%;26.3%;5.3%;5.3%;5.3%;;;;;;;;;;;;;;;
;;;;;;005;17089;Haughton, Chantel N.;35.0%;20.0%;;;5.0%;5.0%;15.0%;;;10.0%;5.0%;;;;;;;;;;;;5.0%;
;;;;;;007;17090;Greene, John O.;;;;;10.0%;30.0%;10.0%;10.0%;;15.0%;;;5.0%;;5.0%;;;5.0%;;;;;10.0%;
;;;;;;008;16971;Momade, Gladys M.;5.0%;30.0%;;;15.0%;5.0%;10.0%;5.0%;;15.0%;;;10.0%;;;;;;;;;;5.0%;
;;;;;;009;12789;Deyoe, Diana L.;15.0%;5.0%;10.0%;;15.0%;15.0%;15.0%;5.0%;10.0%;5.0%;;;5.0%;;;;;;;;;;;
;;;;;;010;22562;Bowling, Roy N.;27.8%;22.2%;;;22.2%;5.6%;22.2%;;;;;;;;;;;;;;;;;
;;;;;;011;32462;Greene, John O.;11.1%;5.6%;5.6%;;27.8%;;5.6%;27.8%;;11.1%;;;5.6%;;;;;;;;;;;
;;21700;Sci Writing & Presentn-Honors;202610;Fall 2025;015;69673;Boersma, Cari A.;;;;;100.0%;;;;;;;;;;;;;;;;;;;
;;;;;;017;69675;Wright, Jon D.;100.0%;;;;;;;;;;;;;;;;;;;;;;;
;;;;;;021;69679;Crain, Steven D.;100.0%;;;;;;;;;;;;;;;;;;;;;;;
;;;;;;022;69680;Wright, Jon D.;100.0%;;;;;;;;;;;;;;;;;;;;;;;
;;;;;;026;19588;O'Shea, Kevin J.;100.0%;;;;;;;;;;;;;;;;;;;;;;;
;;;;;;029;19594;Boersma, Cari A.;100.0%;;;;;;;;;;;;;;;;;;;;;;;
;;;;;;031;19598;Mukhopadhyay, Anaggha;100.0%;;;;;;;;;;;;;;;;;;;;;;;
;;;;;;032;19599;Creech, Brett A.;100.0%;;;;;;;;;;;;;;;;;;;;;;;
;;;;;;034;23331;Wagner, Amy B.;100.0%;;;;;;;;;;;;;;;;;;;;;;;
;;;;;;037;16756;Mobolaji, Adeola O.;100.0%;;;;;;;;;;;;;;;;;;;;;;;
;;;;;;040;16776;Latoz, Traci L.;100.0%;;;;;;;;;;;;;;;;;;;;;;;
;;;;;;043;15686;Dufault, Sean G.;;;;;100.0%;;;;;;;;;;;;;;;;;;;
;;;;;;044;27401;Latoz, Traci L.;100.0%;;;;;;;;;;;;;;;;;;;;;;;
;;;;;;H37;20262;Nwoko, Onyinyechi B.;75.0%;15.0%;;;;;10.0%;;;;;;;;;;;;;;;;;
;;;;;;H41;16777;Iserman, Adam D.;75.0%;15.0%;;;;;10.0%;;;;;;;;;;;;;;;;;
;;;Science Writing & Presentation;202610;Fall 2025;014;69672;Crain, Steven D.;90.0%;5.0%;;;;;;;;;;;;;;5.0%;;;;;;;;
;;;;;;015;69673;Boersma, Cari A.;68.4%;15.8%;;;10.5%;;;5.3%;;;;;;;;;;;;;;;;
;;;;;;017;69675;Wright, Jon D.;73.7%;15.8%;;;;;;5.3%;;;;;;;5.3%;;;;;;;;;
;;;;;;018;69676;Crain, Steven D.;89.5%;;;;;;5.3%;;;;;;;;;5.3%;;;;;;;;
;;;;;;019;69677;Boersma, Cari A.;52.6%;21.1%;;;5.3%;5.3%;5.3%;5.3%;;;;;;;;;;;;;;;5.3%;
;;;;;;020;69678;Evans, Chad A.;85.0%;5.0%;;;;;;;;;;;5.0%;;;;;;;;;;5.0%;
;;;;;;021;69679;Crain, Steven D.;78.9%;5.3%;;;;;5.3%;10.5%;;;;;;;;;;;;;;;;
;;;;;;022;69680;Wright, Jon D.;61.1%;11.1%;;;11.1%;;11.1%;;;;;;;;5.6%;;;;;;;;;
;;;;;;023;69681;Wright, Jon D.;90.0%;;;;;;5.0%;;;;5.0%;;;;;;;;;;;;;
;;;;;;024;69682;Momade, Gladys M.;36.8%;36.8%;;;5.3%;;15.8%;;;;;;;;;;;;;;;;5.3%;
;;;;;;025;15718;Maschinot, Alexus D.;68.4%;;;;26.3%;;5.3%;;;;;;;;;;;;;;;;;
;;;;;;026;19588;O'Shea, Kevin J.;57.9%;5.3%;;;;;10.5%;5.3%;5.3%;5.3%;;;;;;;;;;;;;10.5%;
;;;;;;027;19589;Linville, Jamie L.;95.0%;;;;;;;;;;;;;;;;;;;;;;5.0%;
;;;;;;028;19590;Crain, Steven D.;90.0%;;;;5.0%;;;5.0%;;;;;;;;;;;;;;;;
;;;;;;029;19594;Boersma, Cari A.;38.9%;22.2%;;;5.6%;5.6%;16.7%;;;;;;;;;;;;;;;;11.1%;
;;;;;;030;19597;Mukhopadhyay, Anaggha;85.0%;5.0%;;;;;10.0%;;;;;;;;;;;;;;;;;
;;;;;;031;19598;Mukhopadhyay, Anaggha;58.8%;17.6%;;;11.8%;;5.9%;;;;;;;;5.9%;;;;;;;;;
;;;;;;032;19599;Creech, Brett A.;93.8%;;;;6.3%;;;;;;;;;;;;;;;;;;;
;;;;;;033;19600;Evans, Chad A.;70.0%;10.0%;;;;;;;5.0%;5.0%;;;;;5.0%;;;;;;;;5.0%;
;;;;;;034;23331;Wagner, Amy B.;84.2%;;5.3%;;;;5.3%;;;;5.3%;;;;;;;;;;;;;
;;;;;;037;16756;Mobolaji, Adeola O.;22.2%;27.8%;;;16.7%;5.6%;22.2%;;;5.6%;;;;;;;;;;;;;;
;;;;;;038;16759;Gilbert, Molly E.;47.1%;17.6%;;;11.8%;5.9%;11.8%;;;;;;;;5.9%;;;;;;;;;
;;;;;;039;16775;Denham, Alexis M.;70.0%;5.0%;;;10.0%;;15.0%;;;;;;;;;;;;;;;;;
;;;;;;040;16776;Latoz, Traci L.;73.7%;15.8%;;;10.5%;;;;;;;;;;;;;;;;;;;
;;;;;;041;25266;Johnson, Ethan T.;80.0%;15.0%;;;;;;;;;;;;;;;;;;;;;5.0%;
;;;;;;042;25268;Allwes, Beth A.;90.0%;5.0%;;;5.0%;;;;;;;;;;;;;;;;;;;
;;;;;;043;15686;Dufault, Sean G.;47.1%;11.8%;;;11.8%;5.9%;;5.9%;;5.9%;5.9%;;;;5.9%;;;;;;;;;
;;;;;;044;27401;Latoz, Traci L.;84.2%;;;;5.3%;;;;;5.3%;;;;;;;;;;;;;5.3%;
;;;;;;045;27402;Goodrich, Negin H.;80.0%;20.0%;;;;;;;;;;;;;;;;;;;;;;
;;;;;;046;33009;Smith, Margaret J.;;5.0%;75.0%;;10.0%;;;5.0%;;;;;;;;;;;;;;;5.0%;
;;;;;;047;19066;Mueller, Holly L.;47.4%;31.6%;;;;;10.5%;;;5.3%;;;;;5.3%;;;;;;;;;
;;;Science Writing & Prsnt-Honors;202610;Fall 2025;031;19598;Mukhopadhyay, Anaggha;100.0%;;;;;;;;;;;;;;;;;;;;;;;
;;;Science Wrtng & Present-Honors;202610;Fall 2025;025;15718;Maschinot, Alexus D.;100.0%;;;;;;;;;;;;;;;;;;;;;;;
;;22400;Com Global Workplace;202610;Fall 2025;001;62685;Lee, Seungyoon;21.7%;30.4%;;;;4.3%;;4.3%;4.3%;8.7%;;4.3%;4.3%;;8.7%;;;;;;;;8.7%;
;;;;;;002;19901;Boyd, Blake A.;73.9%;;;;4.3%;4.3%;;8.7%;;;;4.3%;;;;;;;;;;;4.3%;
;;25000;Mass Commun & Society;202610;Fall 2025;009;54796;Natt, Caitlin M.;17.2%;20.7%;;;24.1%;13.8%;;3.4%;3.4%;6.9%;3.4%;;;;;;;;;;;;6.9%;
;;;Mass Commun & Society-Honors;202610;Fall 2025;009;54796;Natt, Caitlin M.;100.0%;;;;;;;;;;;;;;;;;;;;;;;
;;25100;Comm, Info, And Society;202610;Fall 2025;001;13487;Lim, Sue;4.8%;23.8%;;;14.3%;14.3%;33.3%;;;4.8%;;;;;4.8%;;;;;;;;;
;;25200;Writing For Mass Media;202610;Fall 2025;003;17103;Mattingly, Andrea L.;50.0%;5.0%;5.0%;;20.0%;10.0%;;;;;;;;;;;;;;;;;10.0%;
;;;;;;007;63584;Natt, Jane G.;20.0%;10.0%;5.0%;;15.0%;10.0%;5.0%;5.0%;5.0%;15.0%;;;;;5.0%;;;;;;;;5.0%;
;;25300;Intro To Public Rels;202610;Fall 2025;001;17111;Zulli, Diana G.;5.7%;5.7%;;;20.8%;20.8%;15.1%;5.7%;5.7%;15.1%;1.9%;;;;;;;;;;;;3.8%;
;;25600;Intro To Advertising;202610;Fall 2025;001;17112;Ju, Ilwoo;17.8%;30.7%;3.7%;;8.6%;6.1%;16.0%;3.7%;2.5%;4.9%;1.8%;;;;1.8%;;;0.6%;;;;;1.8%;
;;25700;PR Techniques;202610;Fall 2025;002;14286;Catalano, Charles S.;20.0%;30.0%;5.0%;;30.0%;;5.0%;;;5.0%;;;;;5.0%;;;;;;;;;
;;;;;;003;27408;Mattingly, Andrea L.;50.0%;;5.0%;;5.0%;5.0%;15.0%;10.0%;5.0%;;;;;;5.0%;;;;;;;;;
;;26100;Intr Digitl Video Prod;202610;Fall 2025;005;59712;Deaztlan, Tonantzin;36.4%;9.1%;45.5%;;;;;;;;;;;;9.1%;;;;;;;;;
;;27100;Podcasting;202610;Fall 2025;001;26808;Deaztlan, Tonantzin;8.3%;16.7%;25.0%;;;;;8.3%;8.3%;16.7%;;;;;8.3%;;;;;;;;8.3%;
;;30300;Intercultural Communic;202610;Fall 2025;001;17117;Afoakwa-Acheampong, Cindy;85.7%;;;;;;4.8%;;;;4.8%;;;;;;;;;;;;4.8%;
;;;;;;003;63587;Denham, Alexis M.;28.6%;19.0%;;;9.5%;;23.8%;4.8%;;9.5%;;;;;;;;;;;;;4.8%;
;;30400;Quant Methods Com Res;202610;Fall 2025;001;17123;Byrd, Gabrielle A.;15.0%;27.5%;;;25.0%;7.5%;7.5%;;2.5%;7.5%;2.5%;;;;5.0%;;;;;;;;;
;;31100;Copy Editing;202610;Fall 2025;001;46314;Natt, Jane G.;10.0%;5.0%;;;20.0%;10.0%;10.0%;15.0%;5.0%;10.0%;;;;;;;;;;;;;15.0%;
;;;;;;002;19894;Natt, Jane G.;10.5%;15.8%;10.5%;;15.8%;10.5%;10.5%;5.3%;10.5%;;;;;;;;;;;;;;10.5%;
;;31400;Adv Presntatnl Spk;202610;Fall 2025;002;17140;Freeman, Julius D.;30.8%;38.5%;;;;;15.4%;;;7.7%;;;;;7.7%;;;;;;;;;
;;;;;;003;17141;Hall, Jennifer M.;75.0%;8.3%;;;;8.3%;;;8.3%;;;;;;;;;;;;;;;
;;;;;;005;17143;Jones, Barbara K.;25.0%;;41.7%;;25.0%;;;;;;;;;;;;;;;;;;8.3%;
;;;;;;007;12790;Deyoe, Diana L.;27.3%;9.1%;63.6%;;;;;;;;;;;;;;;;;;;;;
;;;;;;008;20254;Jones, Barbara K.;46.2%;;30.8%;;;;15.4%;7.7%;;;;;;;;;;;;;;;;
;;;;;;012;10372;Hall, Jennifer M.;64.3%;14.3%;;;;;7.1%;7.1%;;;;;;;;;;;;;;;7.1%;
;;31800;Prin Of Persuasion;202610;Fall 2025;001;17149;Hoewe, Jennifer E.;20.8%;13.7%;1.4%;;15.8%;9.8%;13.4%;6.0%;3.3%;6.8%;1.9%;0.3%;1.4%;;1.9%;;;0.8%;;;;;2.7%;
;;32000;Small Group Communication;202610;Fall 2025;002;17153;Loaiza Ramirez, Juan P.;34.6%;15.4%;11.5%;;23.1%;;7.7%;;;3.8%;;;;;;;;;;;;;3.8%;
;;;;;;004;17155;Jiboye, Subulola E.;48.0%;24.0%;4.0%;;12.0%;4.0%;8.0%;;;;;;;;;;;;;;;;;
;;;;;;005;17157;Boyd, Blake A.;60.0%;4.0%;;;4.0%;4.0%;16.0%;;;8.0%;;;4.0%;;;;;;;;;;;
;;;;;;006;17158;Kim, Joshua;60.0%;20.0%;8.0%;;4.0%;;4.0%;;;;;;;;4.0%;;;;;;;;;
;;32400;Intro To Organzal Com;202610;Fall 2025;002;13942;Jha, Bedadyuti;45.8%;8.3%;;;12.5%;8.3%;16.7%;4.2%;;4.2%;;;;;;;;;;;;;;
;;;;;;004;16539;Barton, Rachel M.;37.5%;8.3%;8.3%;;16.7%;16.7%;8.3%;;;;;;;;;;;;;;;;4.2%;
;;;Intro To Organzal Com-Honors;202610;Fall 2025;004;16539;Barton, Rachel M.;100.0%;;;;;;;;;;;;;;;;;;;;;;;
;;32500;Interview Princ Prac;202610;Fall 2025;001;17166;Latoz, Traci L.;82.6%;4.3%;;;4.3%;4.3%;4.3%;;;;;;;;;;;;;;;;;
;;;;;;010;17176;Sawyer, Haley E.;50.0%;25.0%;;;;4.2%;4.2%;;4.2%;8.3%;;4.2%;;;;;;;;;;;;
;;32800;Divrsty Wrk:Rhet Aprch;202610;Fall 2025;001;22447;Connaughton, Stacey L.;80.0%;13.3%;6.7%;;;;;;;;;;;;;;;;;;;;;
;;33000;Theories Of Mass Comm;202610;Fall 2025;001;17180;Sherrick, Brett I.;13.3%;6.7%;26.7%;;20.0%;13.3%;13.3%;;;6.7%;;;;;;;;;;;;;;
;;33200;Television Production;202610;Fall 2025;009;63952;Natt, Caitlin M.;38.9%;16.7%;11.1%;;13.9%;;13.9%;5.6%;;;;;;;;;;;;;;;;
;;33600;Advertising Media Strategy;202610;Fall 2025;001;27428;Mattingly, Andrea L.;61.5%;7.7%;7.7%;;15.4%;;7.7%;;;;;;;;;;;;;;;;;
;;33701;Producing Digital Advertising;202610;Fall 2025;001;20653;Martin, Caleb A.;27.3%;36.4%;27.3%;;;;;;;9.1%;;;;;;;;;;;;;;
;;35100;Mass Commun Ethics;202610;Fall 2025;001;18866;Harmeson, Susan S.;45.0%;;10.0%;;15.0%;;20.0%;5.0%;;;;;;;;;;;;;;;5.0%;
;;35300;Prob Public Relations;202610;Fall 2025;001;17190;Catalano, Charles S.;40.0%;20.0%;26.7%;;;;6.7%;;;;;;;;;;;;;;;;6.7%;
;;;;;;005;14285;Gehres, Ericka K.;26.7%;;53.3%;;13.3%;;;;;;;;;;6.7%;;;;;;;;;
;;35600;Problms In Advertising;202610;Fall 2025;001;22464;Mattingly, Andrea L.;80.0%;;;;13.3%;;6.7%;;;;;;;;;;;;;;;;;
;;37800;Intro To Health Communication;202610;Fall 2025;001;13167;Dietz, Brigitte S.;7.7%;23.1%;;;15.4%;11.5%;11.5%;7.7%;7.7%;11.5%;;;;;;;;;;;;;3.8%;
;;41100;Communication & Soc Networks;202610;Fall 2025;001;16552;Foote, Jeremy D.;40.0%;20.0%;;;6.7%;20.0%;6.7%;6.7%;;;;;;;;;;;;;;;;
;;41500;Discuss Tech Problem;202610;Fall 2025;001;17205;Bowling, Roy N.;75.0%;16.7%;;;4.2%;;4.2%;;;;;;;;;;;;;;;;;
;;41600;US Politic & The Media;202610;Fall 2025;001;29297;Hoewe, Jennifer E.;27.3%;18.2%;9.1%;;18.2%;;;18.2%;;9.1%;;;;;;;;;;;;;;
;;41900;Judgment & Decision Making;202610;Fall 2025;001;24517;Song, Hwanseok;30.0%;5.0%;10.0%;;20.0%;10.0%;;10.0%;5.0%;;;;;;;;;;;;;;10.0%;
;;45600;Advertising Writing;202610;Fall 2025;002;33393;Lamer, Maryann D.;48.0%;;;;16.0%;;;16.0%;;;4.0%;;;;8.0%;;;4.0%;;;;;4.0%;
;;47900;Intro To Risk Communication;202610;Fall 2025;001;23148;Song, Hwanseok;26.7%;13.3%;26.7%;;;;20.0%;6.7%;;;;;;;;;;;;;;;6.7%;
;;48900;Research Exp In Com;202610;Fall 2025;002;66379;Hall, Jennifer M.;;;;;;;;;;;;;;;;;;100.0%;;;;;;
;;49101;Boiler Communication;202610;Fall 2025;001;30846;Gehres, Ericka K.;100.0%;;;;;;;;;;;;;;;;;;;;;;;
;;49500;PR In Entertainment;202610;Fall 2025;070;26102;Gehres, Ericka K.;90.0%;;;;;;;5.0%;;;5.0%;;;;;;;;;;;;;
;;49502;Travel Writing;202610;Fall 2025;001;24573;Natt, Jane G.;28.6%;;7.1%;;7.1%;7.1%;28.6%;14.3%;7.1%;;;;;;;;;;;;;;;
;;49504;Social Media For Social Good;202610;Fall 2025;001;27715;Gehres, Ericka K.;25.0%;;75.0%;;;;;;;;;;;;;;;;;;;;;
;;49700;Sports Reporting;202610;Fall 2025;072;23200;Martin, Caleb A.;9.1%;36.4%;54.5%;;;;;;;;;;;;;;;;;;;;;
CPB;CPB-Comparative Pathobiology;46400;Clinical Toxicology-VN;202610;Fall 2025;001;15331;Wilson-Frank, Christina R.;87.0%;;;;8.7%;;;4.3%;;;;;;;;;;;;;;;;
;;48000;Sem Anim Wel & Hum-Anim Int-VN;202610;Fall 2025;001;17286;Nieforth, Leanne O.;56.5%;13.0%;13.0%;;8.7%;;8.7%;;;;;;;;;;;;;;;;;
;;69700;Research Seminar;202610;Fall 2025;002;41445;Kimbrough, Adam J.;;;;;;;;;;;;;;;;;;95.7%;2.2%;;;;2.2%;
;;85100;General Pathology;202610;Fall 2025;007;13405;Cox, Abigail D.;64.2%;;;;34.6%;;;;;;;;;;;;;;;;;;1.2%;
;;85204;Veterinary Parasitology;202610;Fall 2025;003;15425;Dangoudoubiyam, Sriveny;43.8%;;;;53.8%;;;1.3%;;;;;;;;;;;;;;;1.3%;
;;85500;Vet Hematol & Cytology;202610;Fall 2025;005;25812;Messick, Joanne B.;42.0%;;;;50.6%;;;6.2%;;;;;;;;;;;;;;;1.2%;
;;85603;Vet Bacteriology & Mycology;202610;Fall 2025;001;16084;Thangamani, Shankar;48.8%;;;;50.0%;;;;;;;;;;;;;;;;;;1.3%;
CS;CS-Computer Sciences;10100;Digital Literacy;202610;Fall 2025;LE1;11989;Cicala, Fabrizio;25.9%;9.3%;7.4%;;7.4%;14.8%;7.4%;7.4%;3.7%;7.4%;;;1.9%;;1.9%;;;;;;;;5.6%;
;;15900;C Programming;202610;Fall 2025;LE1;23897;Crum, William N.;46.2%;;2.3%;;21.2%;1.5%;0.8%;13.6%;3.8%;0.8%;4.5%;;;;0.8%;;;;;;;;4.5%;
;;;;;;LE2;23898;Diyab, Eman S.;34.1%;1.5%;5.9%;;23.7%;0.7%;2.2%;15.6%;;3.0%;7.4%;;;;2.2%;;;;;;;;3.7%;
;;;;;;LE3;23899;Robinson, John A.;41.4%;2.3%;3.8%;;17.3%;1.5%;2.3%;18.0%;0.8%;2.3%;3.8%;;;;2.3%;;;;;;;;4.5%;
;;;;;;LE4;23900;Zhou, Ning;26.2%;2.3%;1.5%;;23.8%;0.8%;1.5%;21.5%;3.1%;0.8%;8.5%;;;;5.4%;;;;;;;;4.6%;
;;;;;;LE5;12941;Zhou, Ning;41.4%;2.3%;7.0%;;25.0%;0.8%;0.8%;10.9%;;0.8%;5.5%;;;;1.6%;0.8%;;;;;;;3.1%;
;;;;;;LE6;11458;Robinson, John A.;27.4%;3.5%;5.3%;;21.2%;;1.8%;13.3%;6.2%;2.7%;8.0%;;;;8.0%;;;;;;;;2.7%;
;;17600;Data Engineering In Python;202610;Fall 2025;LE1;11998;Liu, Xiaojin;10.8%;13.6%;3.4%;;10.8%;9.1%;13.6%;11.4%;2.3%;2.8%;2.8%;;;;3.4%;;;1.1%;;;;;14.8%;
;;;;;;LE2;15704;Liu, Xiaojin;10.8%;9.7%;7.5%;;13.4%;9.1%;14.5%;4.8%;3.8%;10.2%;4.3%;;;;2.7%;;;;;;;;9.1%;
;;17700;Progrmng With MM Objs;202610;Fall 2025;LE1;13126;Crowe, Marta A.;69.2%;;;;22.6%;;;5.5%;;;2.1%;;;;;;;;;;;;0.7%;
;;;;;;LE2;15483;Conner-Strunk, Jessica M.;57.8%;;;;28.4%;;;5.9%;;;4.9%;;;;1.0%;;;;;;;;2.0%;
;;18000;Prob Solving & O-O Programming;202610;Fall 2025;BLK;10687;Turkstra, Jeffrey A.;28.8%;13.2%;3.3%;;28.5%;4.8%;7.6%;7.9%;;0.5%;1.8%;;;;1.8%;;;;;;;;1.8%;
;;;;;;GLD;26043;Bergstrom, Anthony D.;12.3%;9.4%;2.1%;;36.2%;4.5%;3.4%;18.6%;;1.3%;2.9%;;;;3.9%;;;;;;;;5.2%;
;;;Prob Slvng & O-O Prgrm-Honors;202610;Fall 2025;BLK;10687;Turkstra, Jeffrey A.;;100.0%;;;;;;;;;;;;;;;;;;;;;;
;;;;;;GLD;26043;Bergstrom, Anthony D.;;;;;;;;100.0%;;;;;;;;;;;;;;;;
;;18200;Foundations Of Comp Sc;202610;Fall 2025;LE1;13146;Makur, Anuran;16.8%;9.0%;1.2%;;11.1%;9.0%;12.3%;11.5%;;11.9%;4.5%;;;;4.1%;;;;;;;;8.6%;
;;19300;Tools;202610;Fall 2025;007;30787;Chaganti, Pranavi;89.4%;;;;2.8%;;;7.3%;;;;;;;;;;;;;;;0.5%;
;;;;;;008;30791;Keney, Hanako S.;87.0%;;;;5.1%;;;2.9%;;;;;;;4.3%;;;;;;;;0.7%;
;;;;;;LE1;24529;Chaganti, Pranavi;83.0%;;;;7.1%;;;3.8%;;;;;;;4.4%;;;;;;;;1.6%;
;;;;;;LE3;24531;Ramos Perez, Paula C.;89.6%;;;;6.4%;;;2.5%;;;;;;;1.0%;;;;;;;;0.5%;
;;21100;Competitive Programming I;202610;Fall 2025;CP1;22931;Dickey, Ethan W.;24.2%;;14.7%;;;1.1%;2.1%;1.1%;;1.1%;;;;;1.1%;;3.2%;32.6%;;;;;18.9%;
;;24000;Programming In C;202610;Fall 2025;LE1;51076;May, Christopher K.;8.7%;2.4%;2.8%;0.4%;14.6%;1.6%;1.2%;25.7%;;2.4%;7.5%;;;;7.9%;;;;;;;;24.9%;
;;24200;Introduction To Data Science;202610;Fall 2025;LE1;18502;Bergstrom, Anthony D.;15.8%;8.3%;1.7%;;26.7%;1.7%;20.0%;13.3%;;10.8%;0.8%;;;;;;;;;;;;0.8%;
;;24300;Artificial Intelligence Basics;202610;Fall 2025;AIB;31498;Xue, Yexiang;36.7%;16.7%;14.4%;;10.0%;6.7%;6.7%;2.2%;2.2%;2.2%;;;;;;1.1%;;;;;;;1.1%;
;;25000;Computer Architecture;202610;Fall 2025;LE1;13209;Adams, George B.;3.6%;13.6%;;;18.8%;20.0%;22.0%;6.8%;;14.8%;0.4%;;;;;;;;;;;;;
;;;;;;LE2;11961;Adams, George B.;3.7%;11.6%;0.4%;;17.4%;16.5%;21.5%;11.2%;;16.5%;0.4%;;;;;;;;;;;;0.8%;
;;25100;Data Structures And Algorithms;202610;Fall 2025;LE1;12283;Blocki, Jeremiah M.;8.9%;9.9%;2.6%;;10.2%;12.5%;12.2%;12.8%;;13.5%;10.9%;;0.7%;;3.0%;;;;;;;;3.0%;
;;;;;;LE2;26787;Blocki, Jeremiah M.;16.2%;12.5%;4.2%;;11.1%;12.5%;16.2%;10.2%;;6.9%;6.5%;;0.5%;;1.4%;;;;;;;;1.9%;
;;25200;Systems Programming;202610;Fall 2025;LE1;64662;May, Christopher K.;2.4%;5.4%;1.2%;;12.5%;17.9%;5.4%;16.1%;;13.1%;10.1%;;;;9.5%;;;;;;;;6.5%;
;;25300;Data Structrs & Algs For DS/AI;202610;Fall 2025;LE1;29665;Ameranis, Konstantinos;12.5%;8.3%;4.2%;;8.3%;20.8%;12.5%;8.3%;;12.5%;4.2%;;;;4.2%;;;;;;;;4.2%;
;;29100;Soph Developmt Seminar;202610;Fall 2025;LE1;68697;Langenkamp, John R.;;;;;;;;;;;;;;;;;0.8%;84.0%;;;;;15.1%;
;;30700;Software Engineerng I;202610;Fall 2025;LE1;52675;Turkstra, Jeffrey A.;38.7%;3.6%;4.5%;;32.4%;2.7%;5.4%;5.4%;;;2.7%;;;;;;;;;;;;4.5%;
;;31100;Competitive Programming II;202610;Fall 2025;CP2;22932;Ramaswami, Arvind;31.8%;;50.0%;;;;;;;;;;;;;;;18.2%;;;;;;
;;31400;Numerical Methods;202610;Fall 2025;LE1;67279;Pothen, Alex;12.8%;14.0%;3.7%;;13.4%;5.5%;14.0%;8.5%;1.2%;8.5%;5.5%;;;;7.9%;;;0.6%;;;;;4.3%;
;;33400;Fund Of Computer Graph;202610;Fall 2025;LE1;58534;Popescu, Voicu S.;27.8%;8.3%;38.9%;2.8%;;;2.8%;2.8%;;;;;;;2.8%;;;;;;;;13.9%;
;;34800;Information Systems;202610;Fall 2025;LE1;26857;Benotman, Hisham R.;23.9%;9.9%;3.7%;;11.5%;16.0%;11.9%;2.9%;0.8%;7.4%;3.3%;;3.3%;;2.5%;;0.4%;;;;;;2.5%;
;;35200;Compilers Prin & Pract;202610;Fall 2025;LE1;15451;Jung, Changhee;12.4%;12.4%;9.5%;;22.9%;10.5%;13.3%;5.7%;1.0%;5.7%;1.0%;1.0%;;;1.0%;;;;;;;;3.8%;
;;35400;Operating Systems;202610;Fall 2025;LE1;13241;Comer, Douglas E.;32.8%;;10.9%;;7.4%;14.8%;17.0%;4.4%;;6.1%;;;;;3.9%;;;0.9%;;;;;1.7%;
;;35500;Intro To Cryptography;202610;Fall 2025;LE1;13246;Maji, Hemanta K.;18.6%;9.3%;4.7%;;27.9%;14.0%;16.3%;2.3%;;2.3%;2.3%;;;;;2.3%;;;;;;;;
;;36100;Great Issues In Computer Sci;202610;Fall 2025;LE1;31692;Rodriguez-Rivera, Gustavo;89.7%;;;;2.6%;;;;;;0.9%;;;;3.4%;;;;;;;;3.4%;
;;37300;Data Mining & Machine Learning;202610;Fall 2025;LE1;11717;Felisberto Martins Ribeiro, Bruno;18.2%;27.6%;5.9%;;14.7%;8.8%;11.8%;1.2%;1.8%;5.3%;;0.6%;;;0.6%;1.2%;;;;;;;2.4%;
;;;;;;LE2;11986;Goldwasser, Dan;11.9%;14.9%;9.9%;;14.9%;9.9%;10.9%;5.0%;3.0%;5.9%;;;3.0%;;5.0%;;;;;;;;5.9%;
;;38003;Python Programming;202610;Fall 2025;LE1;11344;Balakrishnan, Sai Lakshminarayanan;80.0%;;;;;;;;5.0%;10.0%;;;;;;;;;;;;;5.0%;
;;;;;;LE2;11277;Balakrishnan, Sai Lakshminarayanan;74.1%;3.7%;;;5.6%;3.7%;;;5.6%;5.6%;;;;;;;;1.9%;;;;;;
;;38100;Intro Analysis Algor;202610;Fall 2025;LE1;13247;Dey, Tamal K.;15.2%;8.1%;2.8%;;18.0%;2.8%;9.0%;12.3%;;22.7%;1.9%;;;;3.8%;;;;;;;;3.3%;
;;;;;;LE2;12508;Psomas, Christos Alexandros;17.7%;11.3%;2.4%;;18.5%;3.6%;15.3%;5.2%;;19.4%;1.6%;;;;3.2%;0.4%;;0.4%;;;;;0.8%;
;;39000;AI Forge I;202610;Fall 2025;AF1;30535;Islam, Tunazzina;10.0%;3.3%;50.0%;;6.7%;;;;3.3%;;;;;;3.3%;;;;;;;;23.3%;
;;;Web Application Development;202610;Fall 2025;WAP;26036;Gondil, Tanay H.;;;92.1%;;;;;;;;;;;;;;;2.6%;;;;;5.3%;
;;39699;Prof Practice Internship;202610;Fall 2025;PPI;11505;Williams, Jermaine;;;;;;;;;;;;;;;;;;;;60.0%;20.0%;20.0%;;
;;39700;Honors Seminar;202610;Fall 2025;H01;13251;Garman, Christina L.;;;;;;;;;;;;;;;;;;;;100.0%;;;;
;;40700;Software Engr Senior Project;202610;Fall 2025;SEP;11750;Dunsmore, Hubert E.;60.6%;;38.5%;;;;1.0%;;;;;;;;;;;;;;;;;
;;40800;Software Testing;202610;Fall 2025;LE1;11423;Sousa Da Fonseca, Pedro Jose;22.9%;9.4%;8.3%;;11.5%;5.2%;14.6%;11.5%;3.1%;7.3%;1.0%;;;;1.0%;;;;;;;;4.2%;
;;42200;Computer Networks;202610;Fall 2025;LE1;21548;Peng, Chunyi;13.8%;29.3%;8.6%;;13.8%;3.4%;13.8%;6.9%;;3.4%;;;;;1.7%;1.7%;;1.7%;;;;;1.7%;
;;42600;Computer Security;202610;Fall 2025;LE1;26875;Taram, Mohammadkazem;11.6%;10.5%;7.0%;;14.0%;10.5%;9.3%;11.6%;;5.8%;3.5%;;;;3.5%;2.3%;;1.2%;;;;;9.3%;
;;43900;Intro To Data Visualization;202610;Fall 2025;LE1;11988;Tricoche, Xavier M.;28.4%;25.4%;6.0%;;9.0%;3.0%;14.9%;1.5%;3.0%;6.0%;;;1.5%;;;;;;;;;;1.5%;
;;44000;Large Scale Data Analytics;202610;Fall 2025;LE1;11987;Wang, Jianguo;14.1%;15.4%;20.5%;;23.1%;11.5%;15.4%;;;;;;;;;;;;;;;;;
;;44100;Data Science Capstone;202610;Fall 2025;DSC;30660;Kingston, Zachary K.;15.3%;6.8%;49.2%;;13.6%;;15.3%;;;;;;;;;;;;;;;;;
;;44800;Intro Relational Db Sy;202610;Fall 2025;LE1;19624;Bertino, Elisa;19.6%;21.6%;9.8%;;11.8%;3.9%;11.8%;2.0%;2.0%;7.8%;2.0%;;;;3.9%;;;;;;;;3.9%;
;;45600;Programming Languages;202610;Fall 2025;LE1;26616;Jagannathan, Suresh;21.4%;14.3%;;;;42.9%;;;;;;;;;7.1%;;;7.1%;;;;;7.1%;
;;45800;Intro To Robotics;202610;Fall 2025;LE1;31438;Qureshi, Ahmed H.;22.7%;10.6%;7.6%;;7.6%;;18.2%;7.6%;3.0%;3.0%;;;1.5%;;4.5%;;;7.6%;;;;;6.1%;
;;47100;Intr To Artifcl Intlgn;202610;Fall 2025;LE1;11746;Yin, Ming;25.0%;18.2%;4.2%;;21.4%;2.6%;20.1%;1.0%;;3.2%;;0.6%;;;0.3%;;;1.0%;;;;;2.3%;
;;;Intr To Artifcl Intlgn-Honors;202610;Fall 2025;LE1;11746;Yin, Ming;;;;;100.0%;;;;;;;;;;;;;;;;;;;
;;47300;Web Info Search & Management;202610;Fall 2025;LE1;12510;Benotman, Hisham R.;23.9%;9.8%;6.5%;;13.0%;6.5%;15.2%;4.3%;;10.9%;;;1.1%;;3.3%;;;;;;;;5.4%;
;;47500;Human-Computer Interaction;202610;Fall 2025;LE1;12778;Zhang, Tianyi;43.4%;36.1%;2.4%;;8.4%;1.2%;6.0%;;;;;;;;1.2%;;;1.2%;;;;;;
;;48300;Theory Of Computation;202610;Fall 2025;001;30658;Valiant, Paul A.;42.9%;7.1%;28.6%;14.3%;;;7.1%;;;;;;;;;;;;;;;;;
;;48900;Embedded Systems;202610;Fall 2025;LE1;26978;Comer, Douglas E.;48.6%;;40.5%;;;;;;;;;;;;2.7%;;;2.7%;;;;;5.4%;
;;50100;Computing For Sci And Engrng;202610;Fall 2025;LE1;10781;Rego, Vernon J.;93.3%;;;;;;;;;;;;;;;;;;;;;;6.7%;
;;50200;Compil & Progr Systms;202610;Fall 2025;LE1;13216;Rompf, Tiark;16.0%;12.0%;12.0%;;8.0%;8.0%;12.0%;4.0%;;8.0%;;;;;12.0%;;;;;;;;8.0%;
;;50500;Distributed Systems;202610;Fall 2025;LE1;12667;Zhang, Yongle;11.9%;21.4%;9.5%;4.8%;7.1%;4.8%;26.2%;9.5%;;;;;;;;;;;;;;;4.8%;
;;51000;Software Engineering;202610;Fall 2025;LE1;12668;Zhang, Xiangyu;71.0%;;;3.2%;19.4%;;;;;;;;;;;3.2%;;;;;;;3.2%;
;;51400;Numerical Analysis;202610;Fall 2025;LE1;46551;Dong, Suchuan;;27.3%;9.1%;;;9.1%;45.5%;;;9.1%;;;;;;;;;;;;;;
;;51500;Numerical Linear Algeb;202610;Fall 2025;LE1;11599;Gleich, David F.;23.3%;10.0%;;3.3%;10.0%;10.0%;16.7%;;;;6.7%;;;;;;;;;;;;20.0%;
;;52600;Information Security;202610;Fall 2025;LE1;46101;Garman, Christina L.;40.6%;13.0%;7.2%;1.4%;17.4%;5.8%;7.2%;1.4%;;;1.4%;;;;;;;2.9%;;;;;1.4%;
;;52900;Security Analytics;202610;Fall 2025;LE1;11512;Celik, Zeynel B.;31.3%;12.5%;25.0%;;6.3%;6.3%;12.5%;;;;;;;;;;;;;;;;6.3%;
;;53400;Motion Planning;202610;Fall 2025;LE1;27631;Bera, Aniket;4.5%;;95.5%;;;;;;;;;;;;;;;;;;;;;
;;53600;Data Comm & Comp Netwk;202610;Fall 2025;LE1;13281;Park, Kihong;11.8%;16.5%;29.4%;;15.3%;7.1%;10.6%;1.2%;;2.4%;;;;;1.2%;1.2%;;;;;;;3.5%;
;;54100;Database Systems;202610;Fall 2025;LE1;10857;Aref, Walid G.;24.2%;18.2%;9.1%;;18.2%;9.1%;12.1%;6.1%;;;;;;;;;;;;;;;3.0%;
;;55500;Cryptography;202610;Fall 2025;LE1;12526;Xiao, Hanshen;52.0%;4.0%;12.0%;;;;16.0%;;;;;;;;;;;;;;;;16.0%;
;;56000;Reasoning About Programs;202610;Fall 2025;LE1;12065;Delaware, Benjamin J.;14.3%;50.0%;;;7.1%;;21.4%;;;;;;;;;7.1%;;;;;;;;
;;57100;Artificial Intelligence;202610;Fall 2025;LE1;11993;Bullins, Brian A.;30.2%;12.7%;3.2%;1.6%;20.6%;3.2%;27.0%;;;;;;;;;;;;;;;;1.6%;
;;57300;Data Mining;202610;Fall 2025;LE1;11534;Khanna, Rajiv A.;28.6%;35.7%;9.5%;2.4%;;;14.3%;;;;;;;;;;;;;;;;9.5%;
;;57700;Natural Language Processing;202610;Fall 2025;LE1;12813;Saparov, Abulhair;29.2%;16.7%;5.6%;2.8%;26.4%;5.6%;6.9%;1.4%;;2.8%;;;;;;;;;;;;;2.8%;
;;57800;Statistical Machine Learning;202610;Fall 2025;LE1;60972;Zhang, Ruqi;50.7%;19.2%;13.7%;;4.1%;;6.8%;1.4%;;;;;;;;;1.4%;;;;;;1.4%;1.4%
;;58000;Alg Design Anly & Impl;202610;Fall 2025;LE1;38512;Atallah, Mikhail J.;18.7%;21.1%;16.3%;0.8%;16.3%;5.7%;17.1%;;;;;;;;;;;;;;;;4.1%;
;;58800;Randomized Algorithms;202610;Fall 2025;LE1;12816;Quanrud, Kent R.;27.3%;24.2%;3.0%;;9.1%;;27.3%;;;;;;;;;1.5%;;4.5%;;;;;3.0%;
;;59100;Res Sem First Yr Gr Student;202610;Fall 2025;RS1;17268;Maji, Hemanta K.;;;;;;;;;;;;;;;;;1.2%;98.8%;;;;;;
;;;CERIAS Security Seminar;202610;Fall 2025;SEC;34240;Kate, Aniket Pundlik;;;;;;;;;;;;;;;;;;100.0%;;;;;;
;;59200;AI/DC Networking;202610;Fall 2025;AIN;12703;Addanki Venkata Lalitha Sesha Sai, Vamsi Krishna;63.6%;;;18.2%;;;;;;;;;;;;;;9.1%;;;;;9.1%;
;;;Data Management For AI;202610;Fall 2025;DMA;30229;Liu, Chunwei;50.0%;7.1%;28.6%;14.3%;;;;;;;;;;;;;;;;;;;;
;;;Hardware Security;202610;Fall 2025;HWS;12704;Tian, Jing;81.3%;6.3%;;;6.3%;;;;;;;;;;;;;6.3%;;;;;;
;;;Imitation Learning/Robotics;202610;Fall 2025;ILR;12706;Paleja, Rohan R.;16.7%;11.1%;66.7%;;;;5.6%;;;;;;;;;;;;;;;;;
;;;Machine Learning Systems;202610;Fall 2025;MLS;12812;Miao, Xupeng;21.9%;15.6%;21.9%;6.3%;6.3%;3.1%;9.4%;;;;;;;;;;;;;;;;15.6%;
;;;Pseudorandomness;202610;Fall 2025;PRS;30227;Zhan, Wei;41.7%;8.3%;;25.0%;;;;;;;;;;;;;;8.3%;;;;;16.7%;
;;59300;Comp Vision With Deep Learning;202610;Fall 2025;CVD;12814;Yeh, Raymond A.;17.5%;17.5%;5.0%;;17.5%;7.5%;22.5%;;;;;;;;;;;2.5%;;;;;10.0%;
;;;Human-Computer Interaction;202610;Fall 2025;HCI;12688;Jeong, Sooyeon;32.0%;24.0%;16.0%;12.0%;;;8.0%;4.0%;;;;;;;4.0%;;;;;;;;;
;;;Intro To Quantum Computing;202610;Fall 2025;IQC;13994;Peng, Yuxiang;24.2%;6.1%;24.2%;24.2%;3.0%;6.1%;;;;3.0%;;;;;;;;3.0%;;;;;6.1%;
;;;Machine Learning Theory;202610;Fall 2025;MLT;12692;Hanneke, Stephen R.;14.3%;14.3%;25.0%;7.1%;7.1%;3.6%;17.9%;;;;;;;;;;;;;;;;10.7%;
;;;Reinforcement Learning;202610;Fall 2025;RL1;13416;Campbell, Joseph A.;43.2%;9.1%;43.2%;4.5%;;;;;;;;;;;;;;;;;;;;
;;69900;Research PhD Thesis;202610;Fall 2025;009;13330;Zhang, Xiangyu;;;;;;;;;;;;;;;;;;;;100.0%;;;;
;;;;;;010;13331;Bertino, Elisa;;;;;;;;;;;;;;;;;;;;100.0%;;;;
;;;;;;060;18185;Goldwasser, Dan;;;;;;;;;;;;;;;;;;;;100.0%;;;;
;;;;;;101;16116;Zhang, Tianyi;;;;;;;;;;;;;;;;;;;;100.0%;;;;
;;;;;;112;30970;Bera, Aniket;;;;;;;;;;;;;;;;;;;;100.0%;;;;
;;;;;;122;10390;Saparov, Abulhair;;;;;;;;;;;;;;;;;;;;100.0%;;;;
CSR;CSR-Consumer Science;10000;Introduction To CSR;202610;Fall 2025;001;25223;Runyan, Rodney C.;42.2%;;;;31.4%;1.0%;1.0%;12.7%;;1.0%;2.0%;;;;2.9%;;;;;;;;5.9%;
;;10300;Intro To Personal Finance;202610;Fall 2025;001;25586;Park, Hye Jun;25.7%;19.2%;30.5%;;6.6%;1.8%;6.6%;0.6%;;2.4%;0.6%;;1.2%;;3.0%;;;;;;;;1.8%;
;;20000;Prof Dev In Consumer Science;202610;Fall 2025;001;19910;Love, Samantha N.;16.7%;6.7%;70.0%;;;3.3%;;;;;;;;;;;;;;;;;3.3%;
;;;;;;002;29082;Love, Samantha N.;20.0%;16.0%;20.0%;;;4.0%;4.0%;4.0%;4.0%;4.0%;4.0%;4.0%;4.0%;;8.0%;;;;;;;;4.0%;
;;20100;Intro To Professional Sales;202610;Fall 2025;001;23127;Pressler, Robert E.;16.0%;48.0%;;;12.0%;10.0%;4.0%;2.0%;6.0%;;;;;;2.0%;;;;;;;;;
;;20900;Intro To Retail Mgmt;202610;Fall 2025;001;17415;Runyan, Rodney C.;10.3%;13.8%;;;6.9%;6.9%;20.7%;17.2%;3.4%;3.4%;3.4%;;;;6.9%;;;;;;;;6.9%;
;;28200;Customer Relation Mgmt;202610;Fall 2025;001;17422;Bies, Amanda R.;25.0%;17.2%;25.0%;;9.4%;6.3%;9.4%;3.1%;1.6%;3.1%;;;;;;;;;;;;;;
;;;;;;002;21348;Bies, Amanda R.;32.8%;23.4%;28.1%;;6.3%;;6.3%;1.6%;1.6%;;;;;;;;;;;;;;;
;;30700;Field Exp In SSM;202610;Fall 2025;001;21433;Helfert, Rene M.;33.3%;25.0%;33.3%;;;;8.3%;;;;;;;;;;;;;;;;;
;;30900;Leadership Strategies;202610;Fall 2025;001;21360;Nicely, Annmarie J.;8.0%;21.8%;3.4%;;21.8%;13.8%;9.2%;;4.6%;9.2%;1.1%;;;;3.4%;;;;;;;;3.4%;
;;31500;Relationship Selling;202610;Fall 2025;006;33066;Pressler, Robert E.;28.0%;32.0%;;;6.0%;8.0%;12.0%;;2.0%;6.0%;2.0%;;;;4.0%;;;;;;;;;
;;33100;Consumer Behavior;202610;Fall 2025;001;17435;Kang, Ji Yun;26.5%;24.5%;4.1%;;8.2%;10.2%;16.3%;;;4.1%;2.0%;;2.0%;;2.0%;;;;;;;;;
;;34100;Luxury Brand Management;202610;Fall 2025;001;24971;Kang, Ji Yun;6.3%;25.0%;6.3%;;31.3%;6.3%;25.0%;;;;;;;;;;;;;;;;;
;;34200;Personal Finance;202610;Fall 2025;001;22809;Heo, Wookjae;18.2%;15.9%;29.5%;;4.5%;9.1%;9.1%;2.3%;;6.8%;;;2.3%;;;;;;;;;;2.3%;
;;;Personal Finance-Honors;202610;Fall 2025;001;22809;Heo, Wookjae;;;;;;;100.0%;;;;;;;;;;;;;;;;;
;;34400;Fundamentals Of Negotiations;202610;Fall 2025;001;14423;Abdinoor, Julie M.;78.6%;;;;10.7%;;;7.1%;;;;;;;;;;;;;;;3.6%;
;;;;;;002;25601;Abdinoor, Julie M.;76.7%;;;;20.0%;;;3.3%;;;;;;;;;;;;;;;;
;;36300;Retail Tech: Category Mgmt;202610;Fall 2025;001;23538;Strunk, Daniel P.;80.0%;10.0%;;;5.0%;;5.0%;;;;;;;;;;;;;;;;;
;;39900;Tax & Estate Fin Planning;202610;Fall 2025;001;22273;Adamiec, Larissa J.;9.8%;29.3%;;;17.1%;9.8%;24.4%;2.4%;;2.4%;;;;;2.4%;;;;;;;;2.4%;
;;40400;Strategic Mgmt For Svc Ind;202610;Fall 2025;002;30040;Nicely, Annmarie J.;6.3%;8.3%;2.1%;;22.9%;14.6%;20.8%;8.3%;;10.4%;;2.1%;2.1%;;2.1%;;;;;;;;;
;;41500;Sales Force Management;202610;Fall 2025;001;38501;Abdinoor, Julie M.;65.9%;;;;29.5%;;;;;;;;;;;;;;;;;;4.5%;
;;41600;Retail Supply Chain Management;202610;Fall 2025;001;19904;Sun, Jiong;11.8%;5.9%;;;17.6%;11.8%;35.3%;5.9%;;11.8%;;;;;;;;;;;;;;
;;41800;Selling & Sales Mgmt Capstone;202610;Fall 2025;001;43702;Strunk, Daniel P.;88.0%;;;;12.0%;;;;;;;;;;;;;;;;;;;
;;;;;;002;21675;Strunk, Daniel P.;88.5%;7.7%;;;3.8%;;;;;;;;;;;;;;;;;;;
;;48400;Consumer Investment;202610;Fall 2025;001;57586;Adamiec, Larissa J.;25.8%;19.4%;9.7%;;9.7%;16.1%;6.5%;;;;;;;;3.2%;;;;;;;;9.7%;
;;48600;Ret Plan Employee Ben;202610;Fall 2025;001;17480;Adamiec, Larissa J.;13.8%;6.9%;;;13.8%;;24.1%;24.1%;;6.9%;;;3.4%;;3.4%;;;;;;;;3.4%;
DANC;DANC-Dance;10100;Modern Dance Technique I;202610;Fall 2025;020;22146;Mcewen, Joy C.;14.8%;;81.5%;;;;;;;;;;;;;;;;;;;;3.7%;
;;;;;;027;26882;Murray, Renee L.;5.9%;;94.1%;;;;;;;;;;;;;;;;;;;;;
;;10200;Ballet I;202610;Fall 2025;001;17502;Iliev, Petre G.;47.4%;10.5%;42.1%;;;;;;;;;;;;;;;;;;;;;
;;;;;;002;20049;Iliev, Petre G.;61.9%;;28.6%;;;;;;;;;;;;;;;4.8%;;;;;4.8%;
;;;;;;003;20055;Iliev, Petre G.;42.9%;4.8%;42.9%;;;;;;;;;;;;4.8%;;;;;;;;4.8%;
;;10400;Hip Hop I;202610;Fall 2025;001;22759;Kim, Vivian;50.0%;35.7%;;;;;;;;;;7.1%;;;;;;7.1%;;;;;;
;;;;;;003;22766;Kim, Vivian;45.0%;20.0%;30.0%;;;;5.0%;;;;;;;;;;;;;;;;;
;;20100;Modern Dance Technique II;202610;Fall 2025;001;17511;Kim, Vivian;16.7%;25.0%;50.0%;;;;8.3%;;;;;;;;;;;;;;;;;
;;20200;Ballet II;202610;Fall 2025;001;17513;Iliev, Petre G.;40.0%;;44.0%;4.0%;;;;;;;;;;;;;;;;;;;12.0%;
;;24500;Practicum Dance Perf;202610;Fall 2025;001;17517;Hickey, Kathleen M.;8.7%;;89.1%;;;;;;;;;;;;;;;2.2%;;;;;;
;;26000;Dance Improvisation;202610;Fall 2025;001;19818;Jaycox, Holly A.;61.1%;;11.1%;;;;11.1%;;;;11.1%;;;;;;;5.6%;;;;;;
;;30100;Modern Dance Technique III;202610;Fall 2025;001;17522;Murray, Renee L.;;;86.7%;;;;;;;;;;;;6.7%;;;6.7%;;;;;;
;;37800;Dance History;202610;Fall 2025;001;22774;Hickey, Kathleen M.;52.4%;14.3%;14.3%;;9.5%;;4.8%;4.8%;;;;;;;;;;;;;;;;
EAPS;EAPS-Earth Atmos Planetary Sci;10000;Planet Earth;202610;Fall 2025;001;17524;Eddy, Michael P.;73.8%;5.6%;3.9%;;6.9%;0.4%;5.6%;0.4%;;0.4%;0.4%;;;;1.7%;;;;;;;;0.9%;
;;;;;;Y01;25084;Eddy, Michael P.;82.3%;3.5%;4.8%;;2.8%;0.5%;3.0%;0.8%;;1.3%;0.5%;;;;0.3%;;0.3%;;;;;;0.3%;
;;10400;Oceanography;202610;Fall 2025;002;14763;Michalski, Greg M.;42.4%;;16.7%;;21.2%;;;7.6%;;;3.0%;;;;4.5%;;;;;;;;4.5%;
;;;;;;003;14767;Nelson, Jennifer A.;34.9%;22.6%;8.9%;;7.5%;4.8%;13.0%;1.4%;;2.7%;;0.3%;0.3%;;1.0%;;;;;;;;2.4%;
;;;Oceanography-Honors;202610;Fall 2025;003;14767;Nelson, Jennifer A.;100.0%;;;;;;;;;;;;;;;;;;;;;;;
;;10500;The Planets;202610;Fall 2025;001;67275;Freed, Andrew M.;31.4%;6.3%;46.7%;;5.6%;0.5%;4.5%;1.1%;;0.9%;0.9%;;;;1.1%;;;;;;;;0.9%;
;;;;;;002;22696;Freed, Andrew M.;28.7%;6.2%;51.1%;;4.6%;1.1%;4.8%;0.7%;0.3%;0.8%;0.3%;;;;0.9%;;;;;;;;0.6%;
;;10600;Geosciences Cinema;202610;Fall 2025;001;67271;Freed, Andrew M.;27.8%;5.9%;47.5%;;5.2%;1.3%;5.9%;2.8%;;1.5%;1.3%;;;;0.2%;;;;;;;;0.7%;
;;;;;;002;22409;Freed, Andrew M.;27.4%;6.5%;52.7%;;3.4%;0.3%;6.1%;0.7%;0.3%;0.8%;0.2%;;;;0.8%;;;;;;;;0.8%;
;;11100;Physical Geology;202610;Fall 2025;001;17544;Haq, Saad S.;39.1%;23.2%;10.6%;;10.6%;2.9%;7.2%;1.0%;0.5%;0.5%;;;;;1.4%;;;;;;;;2.9%;
;;;Physical Geology-Honors;202610;Fall 2025;001;17544;Haq, Saad S.;50.0%;;;;50.0%;;;;;;;;;;;;;;;;;;;
;;11200;Earth Through Time;202610;Fall 2025;006;24876;Nelson, Jennifer A.;29.9%;23.6%;2.3%;;16.1%;4.0%;15.5%;1.7%;1.7%;1.1%;;;0.6%;;1.7%;;;;;;;;1.7%;
;;;Earth Through Time-Honors;202610;Fall 2025;006;24876;Nelson, Jennifer A.;;;;;;;100.0%;;;;;;;;;;;;;;;;;
;;11600;Earthquakes Volcanoes;202610;Fall 2025;002;22365;Yang, Xiaotao;7.8%;14.7%;55.9%;;5.9%;2.9%;6.9%;;;3.9%;1.0%;;;;;;;;;;;;1.0%;
;;;;;;Y02;21822;Haq, Saad S.;38.6%;35.0%;16.4%;;;1.4%;6.4%;;;;;;;;0.5%;;;;;;;;1.8%;
;;11700;Intro Atmospheric Sci;202610;Fall 2025;001;12012;Vermeuel, Michael P.;17.5%;10.0%;22.5%;;10.0%;7.5%;15.0%;2.5%;2.5%;10.0%;;;;;;;;;;;;;2.5%;
;;11800;Intro To Earth Sciences-Honors;202610;Fall 2025;002;15843;Schmitt, Douglas R.;100.0%;;;;;;;;;;;;;;;;;;;;;;;
;;;Introduction To Earth Sciences;202610;Fall 2025;002;15843;Schmitt, Douglas R.;12.9%;25.8%;3.2%;;19.4%;6.5%;22.6%;3.2%;;;;;;;3.2%;;;;;;;;3.2%;
;;12500;Environmental Scienc & Conserv;202610;Fall 2025;001;12190;Ruhl, Patrick J.;26.9%;9.0%;19.4%;;11.9%;4.5%;11.9%;3.0%;;6.0%;1.5%;;3.0%;;3.0%;;;;;;;;;
;;13700;Freshman Seminar In EAPS;202610;Fall 2025;001;13931;Montes, Jennifer L.;76.9%;;;;15.4%;;;7.7%;;;;;;;;;;;;;;;;
;;22500;Science Atmosphere;202610;Fall 2025;001;17570;Chavas, Daniel R.;43.8%;2.7%;31.5%;1.4%;16.4%;1.4%;;1.4%;;;;;;;;;;;;;;;1.4%;
;;;Science Atmosphere-Honors;202610;Fall 2025;001;17570;Chavas, Daniel R.;;;100.0%;;;;;;;;;;;;;;;;;;;;;
;;22700;Intro To Atmos Obs And Meas;202610;Fall 2025;SC1;20565;Tanamachi, Robin L.;44.8%;;6.9%;;20.7%;;13.8%;3.4%;;10.3%;;;;;;;;;;;;;;
;;24300;Mineralogy;202610;Fall 2025;001;17571;Thompson, Michelle S.;16.7%;12.5%;;2.1%;6.3%;16.7%;10.4%;8.3%;12.5%;4.2%;;4.2%;;;2.1%;;;;;;;;4.2%;
;;;Mineralogy-Honors;202610;Fall 2025;001;17571;Thompson, Michelle S.;100.0%;;;;;;;;;;;;;;;;;;;;;;;
;;31201;Earth Systems Sci For Elem;202610;Fall 2025;001;25826;Ballotti, Dean M.;64.3%;;;;7.1%;7.1%;14.3%;7.1%;;;;;;;;;;;;;;;;
;;;;;;003;25828;Ballotti, Dean M.;70.6%;;;;5.9%;5.9%;;17.6%;;;;;;;;;;;;;;;;
;;31500;Biogeochemistry;202610;Fall 2025;001;27873;Welp-Smith, Lisa R.;16.7%;25.0%;8.3%;8.3%;8.3%;8.3%;25.0%;;;;;;;;;;;;;;;;;
;;32700;Climate, Science & Society;202610;Fall 2025;Y01;25603;Nelson, Jennifer A.;30.5%;2.5%;54.8%;;3.0%;1.5%;2.0%;;1.0%;1.0%;;;0.5%;;1.0%;;;;;;;;2.0%;
;;;Climate, Sci & Society-Honors;202610;Fall 2025;Y01;25603;Nelson, Jennifer A.;;;100.0%;;;;;;;;;;;;;;;;;;;;;
;;35300;Earth Surface Processes;202610;Fall 2025;002;47862;Bramson, Ali;32.0%;12.0%;4.0%;;12.0%;;24.0%;4.0%;4.0%;;;;;;4.0%;;;;;;;;4.0%;
;;36000;Great Issues Climate Chg Soc;202610;Fall 2025;001;16175;Prabhakar, Gouri;42.9%;11.9%;33.3%;;;;7.1%;;;;2.4%;;2.4%;;;;;;;;;;;
;;;;;;002;27899;Couillard, Maxim H.;19.5%;;58.5%;;2.4%;;4.9%;;4.9%;;;2.4%;;;;;;;;;;;7.3%;
;;;;;;003;14425;Bryant, Roger N.;48.8%;7.0%;39.5%;;;;2.3%;;;;;;;;2.3%;;;;;;;;;
;;37500;Fossil Fuels, Energy & Society;202610;Fall 2025;002;16428;Ballotti, Dean M.;68.3%;4.2%;;;9.2%;0.8%;3.3%;4.2%;;3.3%;0.8%;1.7%;;;0.8%;;;;;;;;3.3%;
;;39100;Great Issues Space Exploration;202610;Fall 2025;002;22779;Sciascia Borlina, Caue;;5.3%;68.4%;;;;15.8%;;;;;;;;5.3%;;;;;;;;5.3%;
;;40700;Earth & Planetary System Sci;202610;Fall 2025;001;22900;Olson, Stephanie L.;41.7%;8.3%;25.0%;;8.3%;;8.3%;8.3%;;;;;;;;;;;;;;;;
;;42100;Atmos Thermodynamics;202610;Fall 2025;001;16528;Johnson, Alexandria V.;81.3%;;;;18.8%;;;;;;;;;;;;;;;;;;;
;;42300;Atmos Dynamics II;202610;Fall 2025;001;22258;Orton, Andrea E.;;5.3%;94.7%;;;;;;;;;;;;;;;;;;;;;
;;42501;Physics Of Climate;202610;Fall 2025;001;22907;Wang, Lei;6.3%;;87.5%;;6.3%;;;;;;;;;;;;;;;;;;;
;;43100;Synoptic Lab I;202610;Fall 2025;001;22953;Couillard, Maxim H.;23.1%;7.7%;46.2%;;7.7%;;;7.7%;;;;;;;7.7%;;;;;;;;;
;;43300;Synoptic Lab III;202610;Fall 2025;001;22965;Couillard, Maxim H.;26.7%;13.3%;40.0%;;;13.3%;;;6.7%;;;;;;;;;;;;;;;
;;50700;Intro Analysis Geosci Data;202610;Fall 2025;002;19005;Couillard, Maxim H.;46.7%;26.7%;20.0%;;;;;;;;;;;;6.7%;;;;;;;;;
;;;;;;003;21303;Couillard, Maxim H.;21.1%;;36.8%;;5.3%;;5.3%;10.5%;;10.5%;5.3%;;;;;;;;;;;;5.3%;
;;52100;Atmospheric Chemistry;202610;Fall 2025;001;20045;Prabhakar, Gouri;9.1%;9.1%;63.6%;;;;9.1%;9.1%;;;;;;;;;;;;;;;;
;;53900;Mesoscale Meteorology;202610;Fall 2025;001;23112;Dawson, Daniel T.;55.6%;;;;33.3%;;;5.6%;;;;;;;;;;5.6%;;;;;;
;;57700;Remote Sensing Of The Planets;202610;Fall 2025;001;14874;Horgan, Briony H.;42.2%;15.6%;;4.4%;11.1%;2.2%;8.9%;2.2%;2.2%;4.4%;;2.2%;;;;;;2.2%;;;;;2.2%;
;;58400;Hydrogeology;202610;Fall 2025;001;16732;Frisbee, Marty D.;25.8%;19.4%;12.9%;;9.7%;12.9%;16.1%;;;;;;;;;;;;;;;;3.2%;
;;59100;Global Tectonic Systems;202610;Fall 2025;133;14927;Delph, Jonathan R.;63.6%;9.1%;;;9.1%;;18.2%;;;;;;;;;;;;;;;;;
;;;Space Policy;202610;Fall 2025;132;14885;Wiens, Roger C.;26.7%;46.7%;13.3%;;;;6.7%;;;;;;;;;;;;;;;;6.7%;
;;60200;New Grad Seminar;202610;Fall 2025;001;23179;Johnson, Brandon C.;28.6%;7.1%;64.3%;;;;;;;;;;;;;;;;;;;;;
;;69100;Colloquium In EAPS;202610;Fall 2025;001;17637;Johnson, Alexandria V.;;;100.0%;;;;;;;;;;;;;;;;;;;;;
ECE;ECE-Electrical & Computer Engr;20001;Elec Engr Fndmnls-Honors;202610;Fall 2025;002;20739;Mckinney, Jason D.;10.0%;10.0%;20.0%;;40.0%;;10.0%;;;10.0%;;;;;;;;;;;;;;
;;;;;;044;12785;Mckinney, Jason D.;20.0%;;20.0%;;20.0%;;;;20.0%;;;;;;;;;20.0%;;;;;;
;;;Electrical Engr Fundamentals I;202610;Fall 2025;002;20739;Mckinney, Jason D.;12.3%;11.6%;8.3%;;12.5%;7.3%;7.8%;5.4%;9.4%;14.2%;2.8%;1.9%;1.9%;;3.1%;;;;;;;;1.7%;
;;;;;;044;12785;Mckinney, Jason D.;12.0%;10.8%;8.0%;;12.3%;9.2%;7.5%;11.1%;6.6%;12.0%;3.1%;1.4%;1.7%;;3.1%;;;;;;;;1.2%;
;;;Electrical Engr Fndmtls-Honors;202610;Fall 2025;002;20739;Mckinney, Jason D.;;;;;;;;;;100.0%;;;;;;;;;;;;;;
;;;;;;044;12785;Mckinney, Jason D.;;;;;;100.0%;;;;;;;;;;;;;;;;;;
;;;Elec Engr Fndmnls-Honor;202610;Fall 2025;002;20739;Mckinney, Jason D.;;;;;;;;100.0%;;;;;;;;;;;;;;;;
;;20002;Elect Engr Fundamental II;202610;Fall 2025;001;20765;Lukens, Joseph M.;16.8%;;5.8%;;23.7%;;;25.3%;;;21.6%;;;;3.7%;;;;;;;;3.2%;
;;;;;;002;24060;Kildishev, Alexander V.;14.3%;;5.9%;;17.6%;;;23.5%;;;21.8%;;;;9.2%;;;;;;;;7.6%;
;;20007;Elec Engr Fundamentals I Lab;202610;Fall 2025;001;20748;Rank, Soumya Navnit;23.1%;12.8%;48.7%;;5.1%;;5.1%;2.6%;;;;;;;;;;;;;;;2.6%;
;;;;;;002;20749;Pujary, Vaidehi;20.5%;28.2%;28.2%;;;;10.3%;;;;;;;;7.7%;;;;;;;;5.1%;
;;;;;;003;20751;Pena Alegre, Roy Daly;17.5%;12.5%;47.5%;;5.0%;5.0%;7.5%;;;2.5%;2.5%;;;;;;;;;;;;;
;;;;;;004;20752;Psencik, Jaden A.;5.1%;17.9%;25.6%;;10.3%;10.3%;15.4%;;2.6%;7.7%;;2.6%;;;2.6%;;;;;;;;;
;;;;;;005;20761;Huang, Tony;23.1%;20.5%;28.2%;;2.6%;;10.3%;;2.6%;5.1%;;;2.6%;;2.6%;;;;;;;;2.6%;
;;;;;;006;20762;Mwarunzika, Tinotenda A.;17.9%;15.4%;46.2%;;;2.6%;10.3%;;;2.6%;2.6%;;2.6%;;;;;;;;;;;
;;;;;;007;21693;Pujary, Vaidehi;17.5%;12.5%;35.0%;;2.5%;5.0%;20.0%;;;2.5%;;;;;2.5%;2.5%;;;;;;;;
;;;;;;008;21695;Pena Alegre, Roy Daly;25.0%;2.5%;42.5%;;7.5%;2.5%;7.5%;;;10.0%;2.5%;;;;;;;;;;;;;
;;;;;;009;21702;Caccamise, Lauren;25.0%;7.5%;40.0%;;2.5%;7.5%;5.0%;;;2.5%;;;2.5%;;;;;;;;;;7.5%;
;;;;;;010;21703;Parash, Hayder Jahan;35.0%;5.0%;37.5%;;;;10.0%;2.5%;2.5%;;;;;;2.5%;;;;;;;;5.0%;
;;;;;;014;24195;Rank, Soumya Navnit;15.0%;10.0%;50.0%;;;7.5%;10.0%;;;2.5%;;;;;2.5%;;;;;;;;2.5%;
;;;;;;015;24201;Nelson, David R.;20.0%;2.5%;60.0%;;;;10.0%;2.5%;;;;;2.5%;;2.5%;;;;;;;;;
;;;;;;021;10387;Huang, Tony;17.5%;17.5%;55.0%;;2.5%;2.5%;2.5%;;;;;;;;;;;;;;;;2.5%;
;;;;;;022;17070;Parash, Hayder Jahan;25.6%;15.4%;33.3%;;2.6%;;15.4%;;;2.6%;;;2.6%;;;;;;;;;;2.6%;
;;;;;;023;21148;Psencik, Jaden A.;20.0%;15.0%;7.5%;;10.0%;5.0%;27.5%;;2.5%;5.0%;;;2.5%;;2.5%;;;;;;;;2.5%;
;;;;;;024;21149;Nelson, David R.;13.2%;18.4%;39.5%;;2.6%;2.6%;13.2%;5.3%;;;;;2.6%;;2.6%;;;;;;;;;
;;;;;;025;21150;Rattan, Arpita;15.4%;10.3%;53.8%;;5.1%;2.6%;2.6%;;2.6%;;2.6%;;;;;2.6%;;;;;;;2.6%;
;;;;;;026;21152;Karmakar, Shrija;17.5%;10.0%;52.5%;;5.0%;;7.5%;;;;2.5%;;;;;;;;;;;;5.0%;
;;;;;;027;21153;Imran, Mohammed Thushar;21.6%;18.9%;45.9%;;;;8.1%;;;;;;;;2.7%;;;;;;;;2.7%;
;;;;;;028;21154;Caccamise, Lauren;8.1%;16.2%;35.1%;;8.1%;;16.2%;2.7%;;5.4%;;;;;5.4%;;;;;;;;2.7%;
;;;;;;038;31398;Mwarunzika, Tinotenda A.;10.0%;15.0%;30.0%;;10.0%;;10.0%;5.0%;10.0%;;;;;;10.0%;;;;;;;;;
;;20008;Elec Engr Fundamentals II Lab;202610;Fall 2025;002;20767;Shin, Young Tae;40.6%;6.3%;34.4%;;;3.1%;;6.3%;;;;;;;3.1%;;;;;;;;6.3%;
;;;;;;003;20770;Shin, Young Tae;61.3%;3.2%;16.1%;;9.7%;;;6.5%;;;;;;;3.2%;;;;;;;;;
;;;;;;004;24896;Dakroury, Karim Yasser Hisham;54.8%;3.2%;29.0%;;;3.2%;;;;;3.2%;;;;3.2%;;;;;;;;3.2%;
;;;;;;005;24897;Shovan, Saumik Dey;48.4%;12.9%;22.6%;;3.2%;3.2%;;3.2%;;;3.2%;;;;;;;;;;;;3.2%;
;;;;;;009;10388;Shovan, Saumik Dey;47.8%;;26.1%;;8.7%;;4.3%;;;4.3%;;;;;4.3%;;;;;;;;4.3%;
;;;;;;011;30707;Dakroury, Karim Yasser Hisham;44.8%;17.2%;10.3%;;10.3%;6.9%;;3.4%;;;;;;;6.9%;;;;;;;;;
;;20869;Discrete Math For Comput Engr;202610;Fall 2025;001;31418;Chen, Xiaoqi;22.7%;13.0%;5.2%;;16.2%;8.4%;14.9%;1.9%;;2.6%;0.6%;;;;3.9%;;;;;;;;10.4%;
;;;;;;002;31420;Bagchi, Saurabh;23.1%;15.6%;5.4%;;12.9%;14.3%;15.6%;3.4%;;;2.7%;;;;;0.7%;;;;;;;6.1%;
;;20875;Python For Data Science;202610;Fall 2025;001;21503;Liu, Chaoyue;24.2%;17.5%;10.8%;;10.0%;10.0%;10.0%;6.7%;1.7%;5.0%;0.8%;;1.7%;;;;;;;;;;1.7%;
;;;;;;002;23070;Qiu, Qiang;29.0%;12.4%;5.3%;;8.3%;10.1%;11.8%;1.2%;5.3%;6.5%;1.2%;0.6%;1.2%;;3.6%;;;;;;;;3.6%;
;;;;;;004;27067;Uslu, Suleyman;29.5%;16.1%;6.3%;;8.9%;7.1%;7.1%;3.6%;5.4%;5.4%;;;;;2.7%;;;;;;;;8.0%;
;;;Python For Data Science-Honors;202610;Fall 2025;002;23070;Qiu, Qiang;;;100.0%;;;;;;;;;;;;;;;;;;;;;
;;26400;Advanced C Programming;202610;Fall 2025;001;59109;Lu, Yung-Hsiang;82.2%;;5.7%;;2.9%;;;1.3%;;;0.6%;;;;3.5%;;;;;;;;3.8%;
;;;;;;002;59110;Lu, Yung-Hsiang;68.6%;;2.6%;;9.0%;;;0.6%;;;1.9%;;;;10.3%;0.6%;;;;;;;6.4%;
;;;Advanced C Programming-Honors;202610;Fall 2025;002;59110;Lu, Yung-Hsiang;100.0%;;;;;;;;;;;;;;;;;;;;;;;
;;27000;Intro Digitl Sys Desgn;202610;Fall 2025;011;35660;Li, Junfei;14.6%;11.2%;8.2%;;9.4%;7.1%;9.4%;9.7%;1.9%;7.1%;1.9%;1.9%;3.0%;;6.7%;;;;;;;;7.9%;
;;;;;;023;30591;Li, Junfei;8.8%;5.9%;11.8%;;11.8%;8.8%;2.9%;11.8%;;5.9%;2.9%;5.9%;5.9%;;5.9%;;;;;;;;11.8%;
;;;;;;024;30592;Li, Junfei;6.1%;6.1%;3.0%;;12.1%;12.1%;12.1%;9.1%;;3.0%;3.0%;9.1%;9.1%;;;;;;;;;;15.2%;
;;;;;;035;31002;Heckman, Brett M.;31.6%;10.5%;10.5%;;15.8%;5.3%;10.5%;;;5.3%;;;;;5.3%;;;;;;;;5.3%;
;;;Intro Digitl Sys Desgn-Honors;202610;Fall 2025;011;35660;Li, Junfei;33.3%;33.3%;33.3%;;;;;;;;;;;;;;;;;;;;;
;;29401;ECE Sophomore Seminar;202610;Fall 2025;001;20774;Seadeek, Jamie L.;85.0%;;;;8.9%;;;;;;;;;;1.7%;;;;;;;;4.4%;
;;;;;;002;20798;Rainwater, Angela S.;86.0%;;;;6.7%;;0.6%;;;;;;;;5.6%;;;;;;;;1.1%;
;;30100;Signals And Systems;202610;Fall 2025;002;17727;Guo, Qi;15.0%;10.6%;6.9%;;14.4%;5.6%;10.0%;10.6%;5.6%;9.4%;1.3%;;5.6%;;0.6%;;;;;;;;4.4%;
;;;;;;003;17101;Kim, Kwang Taik;9.2%;14.5%;3.1%;;12.2%;14.5%;11.5%;4.6%;14.5%;6.9%;;1.5%;4.6%;;1.5%;;;;;;;;1.5%;
;;;;;;004;17102;Cui, Meng;4.0%;2.4%;2.4%;;20.0%;4.8%;2.4%;18.4%;4.8%;19.2%;3.2%;3.2%;7.2%;;3.2%;;;;;;;;4.8%;
;;;Signals And Systems-Honors;202610;Fall 2025;002;17727;Guo, Qi;;;;;;;;;;;;;100.0%;;;;;;;;;;;
;;;;;;004;17102;Cui, Meng;;;;;100.0%;;;;;;;;;;;;;;;;;;;
;;30200;Probabilistic Methods;202610;Fall 2025;001;17728;Reibman, Amy R.;16.7%;6.9%;1.0%;;12.7%;8.8%;9.8%;18.6%;7.8%;5.9%;4.9%;2.0%;3.9%;;;;;;;;;;1.0%;
;;;;;;003;17104;Tripathi, Vishrant;18.5%;4.2%;3.4%;;14.3%;7.6%;9.2%;10.1%;7.6%;8.4%;8.4%;2.5%;3.4%;;2.5%;;;;;;;;;
;;;;;;005;20124;Hashemi, Abolfazl;11.4%;11.4%;8.6%;;8.6%;17.1%;14.3%;8.6%;;2.9%;8.6%;;5.7%;;;;;;;;;;2.9%;
;;30411;Electromagnetics I;202610;Fall 2025;002;21495;Jiao, Dan;22.5%;15.5%;2.8%;;4.2%;8.5%;9.9%;5.6%;8.5%;8.5%;2.8%;2.8%;;1.4%;2.8%;;;;;;;;4.2%;
;;;;;;003;30358;Melloch, Michael R.;37.8%;1.2%;11.0%;;12.2%;3.7%;2.4%;14.6%;;3.7%;2.4%;;3.7%;;2.4%;;;;;;;;4.9%;
;;30412;Electromagnetics II;202610;Fall 2025;001;24033;Webb, Kevin J.;54.2%;6.3%;2.1%;;27.1%;2.1%;4.2%;;;;;;;;2.1%;;;;;;;;2.1%;
;;30414;Elmt Fiber Opt/Lasers/Optoelec;202610;Fall 2025;001;24992;Boltasseva, Alexandra;26.7%;20.0%;33.3%;;;3.3%;13.3%;;;;;;;;;3.3%;;;;;;;;
;;30500;Semiconductor Devices;202610;Fall 2025;002;17731;Chen, Zhihong;15.6%;6.3%;4.2%;1.0%;12.5%;13.5%;14.6%;8.3%;4.2%;13.5%;1.0%;1.0%;;;2.1%;;;;;;;;2.1%;
;;30600;Circuits & Systems Lab;202610;Fall 2025;003;17734;Nekoie, Masood;61.5%;7.7%;;;15.4%;;15.4%;;;;;;;;;;;;;;;;;
;;30800;Sysm Simul & Contr Lab;202610;Fall 2025;002;61744;Sun, Joey H.;30.8%;7.7%;30.8%;;;;15.4%;15.4%;;;;;;;;;;;;;;;;
;;;;;;003;11869;Oguchienti, Somtochukwu M.;27.3%;9.1%;27.3%;;9.1%;;18.2%;;;;;;;;9.1%;;;;;;;;;
;;30834;Fund Of Computer Graphics;202610;Fall 2025;004;59177;Popescu, Voicu S.;31.8%;4.5%;15.9%;;9.1%;;6.8%;;4.5%;2.3%;;;;;6.8%;;;;;;;;18.2%;
;;30861;Software Engineering;202610;Fall 2025;001;28647;Davis, James C.;40.2%;20.5%;;;7.4%;4.1%;18.0%;0.8%;;1.6%;4.9%;;;;0.8%;;;;;;;;1.6%;
;;;Software Engineering-Honors;202610;Fall 2025;001;28647;Davis, James C.;;100.0%;;;;;;;;;;;;;;;;;;;;;;
;;30864;Software Engineering Tools;202610;Fall 2025;002;20241;Eappen, Joe K.;36.8%;5.3%;21.1%;;5.3%;;5.3%;;5.3%;;10.5%;;;;5.3%;;;;;;;;5.3%;
;;;;;;003;20243;Eappen, Joe K.;25.9%;;22.2%;;11.1%;3.7%;14.8%;3.7%;7.4%;;3.7%;;;;7.4%;;;;;;;;;
;;32100;Electromech Motion Dev;202610;Fall 2025;002;23706;Lee, Woongkul;3.5%;23.5%;2.4%;;18.8%;10.6%;30.6%;1.2%;;2.4%;;;;;4.7%;;;;;;;;2.4%;
;;32300;Elec-Mech Mot Dev Lab;202610;Fall 2025;003;17745;Sudhoff, Scott D.;50.0%;14.3%;7.1%;;;;14.3%;;7.1%;;;;;;7.1%;;;;;;;;;
;;;;;;006;11870;Sudhoff, Scott D.;27.3%;9.1%;63.6%;;;;;;;;;;;;;;;;;;;;;
;;33700;ASIC Design Lab;202610;Fall 2025;010;21734;Swabey, Matthew A.;25.6%;7.7%;8.3%;;21.2%;3.2%;7.7%;5.8%;0.6%;3.8%;4.5%;;;;3.8%;;;;;;;;7.7%;
;;;;;;019;31027;Swabey, Matthew A.;26.3%;10.5%;5.3%;;21.1%;;7.9%;10.5%;;2.6%;2.6%;;2.6%;;5.3%;;;;;;;;5.3%;
;;36200;Micropro Sys & Intrfac;202610;Fall 2025;001;17750;Kim, Younghyun;20.2%;14.2%;13.6%;;14.7%;9.5%;11.8%;4.0%;2.3%;3.2%;0.6%;;1.4%;;1.4%;;;;;;;;2.9%;
;;36800;Data Structures;202610;Fall 2025;001;17766;Kim, Jongwook;12.6%;10.8%;3.6%;;9.0%;19.8%;11.7%;5.4%;7.2%;4.5%;0.9%;0.9%;;;2.7%;;;;;;;;10.8%;
;;;;;;003;26543;Kim, Jongwook;10.8%;10.8%;10.8%;;6.5%;14.0%;15.1%;10.8%;4.3%;3.2%;1.1%;2.2%;;;4.3%;;;;;;;;6.5%;
;;38200;Fdbk Sys Anly & Design;202610;Fall 2025;001;17768;Sundaram, Shreyas;20.0%;16.3%;17.5%;1.3%;13.8%;11.3%;16.3%;;1.3%;1.3%;;;;;;;;;;;;;1.3%;
;;39595; Obj Oriented Pgming With C++;202610;Fall 2025;006;24238;Uslu, Suleyman;36.4%;12.5%;12.5%;;10.2%;5.7%;13.6%;1.1%;2.3%;3.4%;;;;;1.1%;;;;;;;;1.1%;
;;;Communication & Collaboration;202610;Fall 2025;015;31464;Hack, Conner J.;92.5%;5.7%;;;1.9%;;;;;;;;;;;;;;;;;;;
;;;;;;016;31465;Hack, Conner J.;88.3%;3.3%;;;3.3%;;3.3%;;;;;;1.7%;;;;;;;;;;;
;;;;;;017;31466;Hack, Conner J.;86.0%;12.0%;;;2.0%;;;;;;;;;;;;;;;;;;;
;;;;;;018;31467;Olaosebikan, Favour O.;91.7%;6.7%;;;1.7%;;;;;;;;;;;;;;;;;;;
;;;;;;019;31468;Olaosebikan, Favour O.;87.8%;2.0%;;;4.1%;;6.1%;;;;;;;;;;;;;;;;;
;;;;;;020;31469;Olaosebikan, Favour O.;84.6%;5.8%;;;3.8%;1.9%;3.8%;;;;;;;;;;;;;;;;;
;;;;;;021;31470;Parks, Brooke A.;66.7%;13.7%;;;9.8%;2.0%;5.9%;;;;;;;;;;;;;;;;2.0%;
;;;;;;022;31471;Olaosebikan, Favour O.;79.3%;5.2%;;;5.2%;1.7%;6.9%;;;;;;;;;;;;;;;;1.7%;
;;;;;;023;31472;Hack, Conner J.;90.0%;3.3%;;;1.7%;;3.3%;;;1.7%;;;;;;;;;;;;;;
;;;The Entrepreneurial Engineer;202610;Fall 2025;013;29634;Ziaie, Babak;69.6%;8.7%;;;13.0%;;4.3%;;;;;;;;4.3%;;;;;;;;;
;;39600;Ind Pract Seminar I;202610;Fall 2025;001;68281;Seadeek, Jamie L.;;;;;;;;;;;;;;;;;2.3%;97.7%;;;;;;
;;39699;Prof Practice Internship;202610;Fall 2025;001;52602;Seadeek, Jamie L.;;;;;;;;;;;;;;;;;;;;100.0%;;;;
;;40655;Dig Int Circit Anlys & Dsgn;202610;Fall 2025;001;29891;Mohammadi, Saeed;10.3%;12.8%;15.4%;;12.8%;;;15.4%;;;5.1%;;;;12.8%;;;;;;;;10.3%;5.1%
;;40862;Software For Embedded Systems;202610;Fall 2025;001;16696;Su, Lu;46.3%;9.8%;6.5%;;13.8%;4.9%;8.1%;4.9%;1.6%;1.6%;0.8%;;;;1.6%;;;;;;;;;
;;43700;Computer Des&Prototypg;202610;Fall 2025;001;17782;Rogers, Timothy G.;10.7%;8.9%;6.3%;;17.9%;12.5%;11.6%;6.3%;4.5%;7.1%;1.8%;5.4%;;;0.9%;;;;;;;;6.3%;
;;43800;Dig Sig Proc With Appl;202610;Fall 2025;001;17787;Zhu, Fengqing;16.7%;22.2%;11.1%;;11.1%;16.7%;;5.6%;;;;;;;5.6%;;;;;;;;11.1%;
;;44000;Transmission Informa;202610;Fall 2025;001;17791;Li, Husheng;5.9%;52.9%;17.6%;;;;17.6%;;;5.9%;;;;;;;;;;;;;;
;;46300;Intro Comp Comm Netwrk;202610;Fall 2025;001;57741;Shrivastav, Vishal;11.8%;13.2%;3.9%;1.3%;9.2%;10.5%;18.4%;5.3%;5.3%;11.8%;3.9%;;5.3%;;;;;;;;;;;
;;;Intro Comp Comm Netwrk-Honors;202610;Fall 2025;001;57741;Shrivastav, Vishal;;50.0%;;;;;50.0%;;;;;;;;;;;;;;;;;
;;46800;Int Cmplrs & Trnsl Eng;202610;Fall 2025;002;53460;Wang, Jingbo;16.0%;4.0%;4.0%;;4.0%;16.0%;12.0%;4.0%;8.0%;12.0%;;;;;16.0%;;;;;;;;4.0%;
;;49022;Elec Engr Sr Design Proj;202610;Fall 2025;010;13524;Beasley, Ryan M.;25.9%;14.6%;56.3%;;;1.9%;;;;1.3%;;;;;;;;;;;;;;
;;49401;Professional Comm Capstone;202610;Fall 2025;005;22392;Beck, Robert S.;80.9%;8.6%;;;1.9%;1.3%;2.7%;;0.3%;1.3%;;0.3%;0.3%;;1.6%;;;;;;;;0.8%;
;;49595;Computer Vision;202610;Fall 2025;053;27455;Siskind, Jeffrey M.;88.0%;;;;;;;;;;;;;;;;;;;;;;12.0%;
;;;Introduction To Game Theory;202610;Fall 2025;054;31156;Gupta, Vijay;18.2%;9.1%;;;18.2%;27.3%;18.2%;;;9.1%;;;;;;;;;;;;;;
;;;Senior Design Part I;202610;Fall 2025;046;20511;France, Stephen P.;23.7%;23.0%;9.4%;;14.4%;4.3%;21.6%;0.7%;0.7%;;0.7%;;;;0.7%;;;;;;;;0.7%;
;;50005;Intellect Property Gen & Mgmt;202610;Fall 2025;001;28959;Badesha, Santokh S.;25.6%;41.0%;;;10.3%;2.6%;17.9%;;;;;;;;;;;;;;;;2.6%;
;;50435;Intro To Quantum Sci And Tech;202610;Fall 2025;001;30170;Roth, Thomas E.;26.3%;10.5%;31.6%;10.5%;;;;;;;;;5.3%;;5.3%;;;;;;;;10.5%;
;;50616;Phys & Manufact Of Solar Cells;202610;Fall 2025;001;18187;Bermel, Peter A.;50.0%;15.0%;;5.0%;10.0%;;10.0%;;;;;;;;5.0%;;;;;;;;5.0%;
;;50631;Fundamentals Of Current Flow;202610;Fall 2025;002;19123;Datta, Supriyo;85.9%;;;;10.9%;;;1.6%;;;;;;;;;;;;;;;1.6%;
;;50632;Intro To Quantum Transport;202610;Fall 2025;002;19125;Datta, Supriyo;84.3%;;;;12.9%;;;;;;;;;;;;;;;;;;2.9%;
;;50633;Boltzmann Law;202610;Fall 2025;002;19133;Datta, Supriyo;69.1%;;;;15.4%;;8.8%;1.5%;;2.9%;;;;;1.5%;;;;;;;;0.7%;
;;50836;Intro To Data Mining;202610;Fall 2025;002;30167;Gao, Jing;23.5%;23.5%;35.3%;;11.8%;;5.9%;;;;;;;;;;;;;;;;;
;;;;;;WNG;30165;Gao, Jing;30.3%;22.7%;25.8%;1.5%;7.6%;4.5%;6.1%;;;;;;;;;;;;;;;;1.5%;
;;51032;Comp Meth Pwr Sys Anly;202610;Fall 2025;001;27633;Qin, Junjie;57.9%;21.1%;21.1%;;;;;;;;;;;;;;;;;;;;;
;;51214;CMOS Analog IC Design;202610;Fall 2025;001;18188;Jung, Byunghoo;20.4%;;;3.7%;46.3%;;;1.9%;;;1.9%;;;;;;;;;;;;25.9%;
;;51220;Applied Algorithms;202610;Fall 2025;FNY;14213;Koh, Cheng-Kok;77.8%;;3.7%;1.9%;3.7%;;3.7%;;;;;;;;3.7%;;;;;;;;5.6%;
;;51300;Diffrtn,Four Optic&Img;202610;Fall 2025;001;25624;Chan, Stanley H.;64.1%;15.4%;;7.7%;;;;;;;;;;;;;;;;;;;12.8%;
;;53800;Digital Signal Proc I;202610;Fall 2025;WNG;17840;Zoltowski, Michael D.;52.8%;6.9%;8.3%;1.4%;11.1%;;11.1%;1.4%;;2.8%;;;;;1.4%;;;;;;;;2.8%;
;;54700;Intr Cmptr Comm Ntwrks;202610;Fall 2025;002;30407;Brinton, Christopher G.;52.6%;18.4%;5.3%;;2.6%;;15.8%;;;;;;;;;;;;;;;;5.3%;
;;55900;MOS VLSI Design;202610;Fall 2025;005;27174;Gupta, Sumeet K.;45.0%;10.0%;5.0%;;5.0%;25.0%;5.0%;;;;;;;;;;;;;;;;5.0%;
;;;;;;FNY;21559;Gupta, Sumeet K.;9.2%;32.3%;6.2%;;15.4%;9.2%;21.5%;;;1.5%;;;;;;;;;;;;;4.6%;
;;56500;Computer Architecture;202610;Fall 2025;004;21105;Vijaykumar, T N.;11.1%;4.2%;4.2%;;16.7%;12.5%;5.6%;5.6%;5.6%;8.3%;;;;;1.4%;;;;;;;;25.0%;
;;56900;Intro To Robotic Syst;202610;Fall 2025;001;12296;Chang, Hamin;24.4%;13.4%;24.4%;;12.2%;1.2%;9.8%;1.2%;2.4%;4.9%;2.4%;1.2%;;;;;;;;;;;2.4%;
;;57000;Artificial Intellignce;202610;Fall 2025;002;34846;Inouye, David I.;63.2%;;;1.7%;28.7%;;;1.7%;;;0.6%;;;;0.6%;;;;;;;;3.4%;
;;;;;;004;27733;Inouye, David I.;73.7%;;;7.9%;10.5%;;;7.9%;;;;;;;;;;;;;;;;
;;57300;Cmplr & Trnslr Wrt Sys;202610;Fall 2025;002;24218;Wang, Jingbo;34.1%;20.5%;5.7%;;12.5%;3.4%;11.4%;1.1%;2.3%;3.4%;1.1%;;;;2.3%;;;;;;;;2.3%;
;;59500;AI, Ethics, And Society;202610;Fall 2025;086;25592;Jesiek, Brent K.;65.6%;9.4%;12.5%;;6.3%;;3.1%;;;;3.1%;;;;;;;;;;;;;
;;;Applied Crypto;202610;Fall 2025;062;31866;Ghodsi, Zahra;27.3%;22.7%;45.5%;;;;4.5%;;;;;;;;;;;;;;;;;
;;;Computational Lithography;202610;Fall 2025;113;31428;Goossens, Ronaldus J.;36.4%;27.3%;9.1%;;;;9.1%;;;9.1%;;;;;;9.1%;;;;;;;;
;;;DL For Computer Vision;202610;Fall 2025;099;28237;Siskind, Jeffrey M.;95.1%;;;1.6%;;;;;;;;;;;;;;;;;;;3.3%;
;;;Integratd Circuit/MEMS Fab;202610;Fall 2025;038;30450;Hussain, Muhammad M.;80.0%;;20.0%;;;;;;;;;;;;;;;;;;;;;
;;;Intro Nanolithography;202610;Fall 2025;111;31425;Goossens, Ronaldus J.;27.3%;;36.4%;9.1%;9.1%;9.1%;;;;9.1%;;;;;;;;;;;;;;
;;;Introduction To Game Theory;202610;Fall 2025;WN1;28690;Gupta, Vijay;23.3%;20.0%;13.3%;;16.7%;3.3%;13.3%;;3.3%;3.3%;;;;;;;;;;;;;3.3%;
;;;MEMS I;202610;Fall 2025;008;20868;Weinstein, Dana;33.3%;13.3%;20.0%;;;;20.0%;13.3%;;;;;;;;;;;;;;;;
;;;MEMS II;202610;Fall 2025;074;18195;Weinstein, Dana;33.3%;22.2%;16.7%;5.6%;11.1%;;11.1%;;;;;;;;;;;;;;;;;
;;;MEMS III;202610;Fall 2025;075;18196;Weinstein, Dana;42.9%;7.1%;28.6%;7.1%;7.1%;;7.1%;;;;;;;;;;;;;;;;;
;;;Reinforcement Learning-ThryAlg;202610;Fall 2025;060;28890;Ghasemi, Mahsa;21.1%;15.8%;15.8%;5.3%;5.3%;;31.6%;;;;;;;;;;;;;;;;5.3%;
;;;;;;WN2;31608;Ghasemi, Mahsa;20.3%;25.0%;12.5%;3.1%;7.8%;4.7%;20.3%;;;1.6%;1.6%;;;;;;;;;;;;3.1%;
;;;Semi Mem Tech & App;202610;Fall 2025;088;28221;Li, Haitong;44.8%;;44.8%;3.4%;;;3.4%;;;;;;;;;;;;;;;;3.4%;
;;60000;Random Variables;202610;Fall 2025;001;17855;Comer, Mary L.;26.9%;9.0%;1.5%;;31.3%;13.4%;9.0%;;3.0%;;;;;;;;;;;;;;6.0%;
;;60001;Concepts To Innovation I;202610;Fall 2025;001;28888;Chen, Arnold C.;27.8%;52.8%;;;5.6%;2.8%;11.1%;;;;;;;;;;;;;;;;;
;;60002;Concepts To Innovation II;202610;Fall 2025;001;28945;Janes, David B.;41.7%;;16.7%;;8.3%;8.3%;25.0%;;;;;;;;;;;;;;;;;
;;60131;Generative Models;202610;Fall 2025;001;29776;Makin, Joseph G.;8.3%;33.3%;2.8%;8.3%;11.1%;2.8%;19.4%;;;;;;;;2.8%;5.6%;;;;;;;5.6%;
;;60141;Foundations Of Comp Imaging;202610;Fall 2025;001;29402;Bouman, Charles A.;36.4%;9.1%;36.4%;;;;;;;;;;;;;;;;;;;;18.2%;
;;60200;Lumped System Theory;202610;Fall 2025;001;16449;Hu, Jianghai;36.8%;10.5%;5.3%;;5.3%;;18.4%;2.6%;2.6%;;;;;;;;;;;;;;18.4%;
;;60281;Intro Math Fundm Sys & Control;202610;Fall 2025;001;30172;Pare, Philip E.;68.8%;6.3%;12.5%;;;;12.5%;;;;;;;;;;;;;;;;;
;;60400;Electromag Fld Theo;202610;Fall 2025;003;30230;Du, Shengwang;15.4%;19.2%;15.4%;;11.5%;15.4%;15.4%;;;;;;;;;;;;;;;;7.7%;
;;60420;Radio Frequency Integrated Cir;202610;Fall 2025;001;18350;Mohammadi, Saeed;26.5%;8.8%;20.6%;5.9%;14.7%;;;2.9%;;;;;;;;;;;;;;;20.6%;
;;60421;Nanophotonics & Metamaterials;202610;Fall 2025;001;18362;Shalaev, Vladimir M.;40.7%;14.8%;44.4%;;;;;;;;;;;;;;;;;;;;;
;;60422;Primer On RF Design;202610;Fall 2025;002;27884;Peroulis, Dimitrios;27.5%;7.5%;32.5%;;7.5%;5.0%;10.0%;;;;;;5.0%;;;;;2.5%;;;;;2.5%;
;;60423;RF System Design;202610;Fall 2025;003;27984;Peroulis, Dimitrios;38.5%;2.6%;41.0%;5.1%;5.1%;2.6%;2.6%;;;;;;;;;;;;;;;;2.6%;
;;60424;RF Design: Passive/Active Comp;202610;Fall 2025;002;27986;Peroulis, Dimitrios;27.0%;13.5%;37.8%;5.4%;2.7%;;5.4%;2.7%;;;;;;;;;;2.7%;;;;;2.7%;
;;60600;Solid State Devices;202610;Fall 2025;003;26011;Klimeck, Gerhard;8.0%;8.0%;40.0%;;12.0%;;20.0%;;;;;;;;;;;;;;;;12.0%;
;;60800;Comp Models & Methods;202610;Fall 2025;001;17860;Qiu, Xiaokang;26.0%;17.8%;6.8%;;15.1%;6.8%;11.0%;4.1%;2.7%;9.6%;;;;;;;;;;;;;;
;;61000;Energy Conversion;202610;Fall 2025;005;25587;Pekarek, Steven D.;44.4%;;11.1%;5.6%;5.6%;5.6%;;16.7%;5.6%;;;;;;;;;;;;;;5.6%;
;;61200;Advanced VLSI Devices;202610;Fall 2025;001;28966;Appenzeller, Joerg;9.1%;;27.3%;18.2%;9.1%;9.1%;;9.1%;;9.1%;;;;;;;;9.1%;;;;;;
;;61600;Ultrafast Optics;202610;Fall 2025;001;18414;Mckinney, Jason D.;30.0%;;;10.0%;40.0%;;;;;;5.0%;;;;5.0%;;;;;;;;10.0%;
;;66400;Frm Lng Compt & Complx;202610;Fall 2025;001;18422;Kak, Avinash C.;5.6%;;88.9%;;;;;;;;;;;;;;;;;;;;5.6%;
;;68000;Modern Automatic Cntrl;202610;Fall 2025;002;32814;Zak, Stanislaw H.;64.3%;3.6%;17.9%;3.6%;;;3.6%;;;;;;;;;;;;;;;;3.6%;3.6%
;;69400;ECE Seminar;202610;Fall 2025;001;17891;Klimeck, Gerhard;;;;;;;;;;;;;;;;;;;;94.7%;2.6%;;2.6%;
;;69500;Comm For Engr Leaders I2I;202610;Fall 2025;338;34020;Beck, Robert S.;85.7%;8.6%;;;;;2.9%;;;;;;2.9%;;;;;;;;;;;
;;;Flex & Stretchable Electronics;202610;Fall 2025;337;32815;Hussain, Muhammad M.;90.9%;;;;;;;;;;;;;;;;;;;;;;;9.1%
;;;Hardware-Software Security;202610;Fall 2025;360;30215;Torres Arias, Santiago;46.4%;3.6%;32.1%;3.6%;3.6%;;3.6%;;;;;;;;;;;;;;;;7.1%;
;;;Intro To Operating Systems;202610;Fall 2025;202;24469;Hu, Y Charlie;16.1%;16.1%;9.7%;;19.4%;3.2%;25.8%;9.7%;;;;;;;;;;;;;;;;
;;;ML Driven Computer Networking;202610;Fall 2025;353;20430;Rao, Sanjay G.;78.9%;15.8%;;;;;;;;;;;;;;;;;;;;;5.3%;
;;;ML In Bioinfo And Healthcare;202610;Fall 2025;362;30706;Wang, Xiaoqian;89.5%;;;5.3%;;;5.3%;;;;;;;;;;;;;;;;;
;;;Quantum Optics;202610;Fall 2025;001;30251;Alaeian, Hadiseh;63.6%;9.1%;27.3%;;;;;;;;;;;;;;;;;;;;;
;;;AI Foundation Model Basics;202610;Fall 2025;357;28468;Wang, Xiaoqian;;10.0%;85.0%;;;;5.0%;;;;;;;;;;;;;;;;;
;;69900;Research PhD Thesis;202610;Fall 2025;002;17957;Brinton, Christopher G.;;;;;;;;;;;;;;;;;;;;100.0%;;;;
;;;;;;014;17969;Jacob, Zubin;;;;;;;;;;;;;;;;;;;;100.0%;;;;
;;;;;;021;17976;Mohammadi, Saeed;;;;;;;;;;;;;;;;;;;;100.0%;;;;
;;;;;;087;40607;Gupta, Vijay;;;;;;;;;;;;;;;;;;;;100.0%;;;;
;;;;;;121;20331;Qiu, Qiang;;;;;;;;;;;;;;;;;;;;100.0%;;;;
;;;;;;123;23640;Raghunathan, Anand;;;;;;;;;;;;;;;;;;;;100.0%;;;;
;;;;;;133;28784;Roy, Kaushik;;;;;;;;;;;;;;;;;;;;100.0%;;;;
;;;;;;135;28786;Sen, Shreyas;;;;;;;;;;;;;;;;;;;;100.0%;;;;
;;;;;;163;22158;Zhu, Fengqing;;;;;;;;;;;;;;;;;;;;100.0%;;;;
ECET;ECET-Electrical&Comp Engr Tech;17700;DAQ And Systems Control;202610;Fall 2025;003;13609;Freije, Elizabeth A.;16.1%;;;;41.9%;;;19.4%;;;6.5%;;;;3.2%;;;;;;;;12.9%;
;;17900;Intro To Digital Systems;202610;Fall 2025;005;56365;Richardson, Jeffrey J.;32.1%;3.6%;1.8%;;25.0%;;3.6%;10.7%;5.4%;1.8%;3.6%;;;;3.6%;;;;;;;;8.9%;
;;22400;Electronic Systems;202610;Fall 2025;025;26631;Richardson, Jeffrey J.;39.0%;1.0%;;;27.6%;3.8%;5.7%;10.5%;3.8%;1.0%;1.0%;;;;1.9%;;;;;;;;4.8%;
;;22700;DC And Pulse Electronics;202610;Fall 2025;006;56369;Weissbach, Robert S.;4.2%;1.1%;;;5.3%;8.4%;2.1%;22.1%;;5.3%;11.6%;4.2%;10.5%;;11.6%;;;;;;;;13.7%;
;;;;;;018;30437;Weissbach, Robert S.;;;;;;16.7%;;16.7%;;;;8.3%;8.3%;;16.7%;8.3%;;;;;;;25.0%;
;;22900;Concurrent Digital Systems;202610;Fall 2025;007;56374;Faezipour, Miad;29.2%;16.7%;23.6%;;8.3%;;13.9%;2.8%;;4.2%;;;;;1.4%;;;;;;;;;
;;;Concurr Digital Sys-Honors;202610;Fall 2025;007;56374;Faezipour, Miad;;;100.0%;;;;;;;;;;;;;;;;;;;;;
;;;Concurrent Digital Sys-Honors;202610;Fall 2025;007;56374;Faezipour, Miad;;;100.0%;;;;;;;;;;;;;;;;;;;;;
;;27000;Electronic Prototype Develop;202610;Fall 2025;003;64383;Richardson, Jeffrey J.;31.1%;2.2%;24.4%;;17.8%;2.2%;6.7%;11.1%;;2.2%;;2.2%;;;;;;;;;;;;
;;27400;Wireless Communications;202610;Fall 2025;004;64373;Sundararajan, Rajeswari;35.3%;11.8%;;;;5.9%;17.6%;2.9%;;14.7%;;;5.9%;;;2.9%;;;;;;;2.9%;
;;27700;AC And Power Electronics;202610;Fall 2025;003;16622;Jacob, James M.;52.4%;;;;28.6%;;;9.5%;;;4.8%;;;;4.8%;;;;;;;;;
;;27900;Embedded Digital Systems;202610;Fall 2025;005;64364;Cheung, April;19.7%;;;;4.9%;8.2%;16.4%;6.6%;3.3%;4.9%;11.5%;;;;13.1%;;;;;;;;11.5%;
;;29801;Lab Assistant;202610;Fall 2025;006;26450;Richardson, Jeffrey J.;;;;;;;;;;;;;;;;;;100.0%;;;;;;
;;30201;Intro To Industrial Controls;202610;Fall 2025;013;12010;Richards, Grant P.;50.0%;;30.6%;;11.1%;;5.6%;;;;;;;;2.8%;;;;;;;;;
;;32700;Instrmnt Data Aquisitn Design;202610;Fall 2025;005;13893;Kim, Noori;9.3%;16.7%;5.6%;;11.1%;16.7%;3.7%;9.3%;5.6%;11.1%;3.7%;5.6%;;;1.9%;;;;;;;;;
;;33400;Embed Sys Interface And Comm;202610;Fall 2025;003;26754;Freije, Elizabeth A.;26.3%;15.8%;10.5%;;10.5%;5.3%;21.1%;;5.3%;;;;;;5.3%;;;;;;;;;
;;33900;Digital Signal Processing;202610;Fall 2025;004;18487;Leon-Salas, Walter Daniel;33.3%;;18.7%;;16.0%;;6.7%;8.0%;;13.3%;;;1.3%;;;;;;;;;;2.7%;
;;34900;Advanced Digital Systems;202610;Fall 2025;002;63418;Leon-Salas, Walter Daniel;29.4%;;21.6%;;9.8%;;13.7%;9.8%;;7.8%;;;;;3.9%;;;;;;;;3.9%;
;;35901;Computer Data Acquisition Appl;202610;Fall 2025;002;24927;Kim, Noori;18.8%;18.8%;25.0%;;6.3%;;31.3%;;;;;;;;;;;;;;;;;
;;36400;Fund Of Electromagnetics;202610;Fall 2025;005;26652;Hoppenjans, Eric E.;68.8%;;;;18.8%;;;6.3%;;;;;;;;;;;;;;;6.3%;
;;36900;Applied Computer Vision;202610;Fall 2025;002;16618;Panigrahi, Suranjan;34.7%;9.7%;;;9.7%;1.4%;27.8%;4.2%;2.8%;5.6%;;;;;2.8%;;;;;;;;1.4%;
;;37600;Electrical Energy Systems;202610;Fall 2025;005;19633;Sundararajan, Rajeswari;32.4%;9.5%;;;4.1%;4.1%;25.7%;1.4%;2.7%;13.5%;1.4%;;;;4.1%;;;;;;;;1.4%;
;;38800;Analog IC Applications;202610;Fall 2025;003;13927;Jacob, James M.;24.2%;;;;33.3%;;;33.3%;;;9.1%;;;;;;;;;;;;;
ECON;ECON-Economics;21000;Prin Of Economics;202610;Fall 2025;001;18170;Van Kammen, Benjamin J.;16.2%;4.8%;0.5%;;23.3%;5.2%;2.4%;21.0%;2.4%;5.2%;9.5%;;1.9%;;3.8%;;;;;;;;3.8%;
;;;Prin Of Economics-Honors;202610;Fall 2025;001;18170;Van Kammen, Benjamin J.;100.0%;;;;;;;;;;;;;;;;;;;;;;;
;;25100;Microeconomics;202610;Fall 2025;001;18189;Banan, Abigail R.;22.4%;9.6%;4.0%;;12.9%;7.7%;9.2%;7.0%;4.8%;5.1%;1.8%;0.4%;5.1%;;5.1%;0.4%;;;;;;;4.4%;
;;;;;;004;20012;Guo, Wei;35.0%;1.7%;8.3%;;18.3%;3.3%;13.3%;6.7%;1.7%;3.3%;1.7%;;1.7%;;1.7%;;;;;;;;3.3%;
;;;;;;005;20015;Liu, Yixuan;20.3%;16.9%;5.1%;;10.2%;6.8%;10.2%;;5.1%;10.2%;1.7%;1.7%;3.4%;;;;;;;;;;8.5%;
;;;;;;006;20016;Li, Hao;28.3%;10.0%;;;15.0%;5.0%;11.7%;10.0%;;5.0%;1.7%;;1.7%;;3.3%;;;;;;;;8.3%;
;;;;;;007;12317;Su, Chengxi;18.3%;11.7%;1.7%;;15.0%;11.7%;6.7%;10.0%;3.3%;6.7%;5.0%;;;;3.3%;;;;;;;;6.7%;
;;;;;;010;12712;Banan, Abigail R.;23.2%;6.8%;5.5%;;10.5%;8.2%;6.8%;8.2%;6.4%;9.5%;4.1%;1.4%;2.3%;;2.7%;;;;;;;;4.5%;
;;;;;;012;12715;Banan, Abigail R.;24.6%;7.8%;6.0%;;13.1%;8.6%;7.8%;6.3%;4.5%;6.0%;1.9%;0.7%;2.2%;;5.2%;;;;;;;;5.2%;
;;;;;;013;12716;Banan, Abigail R.;19.6%;7.9%;6.1%;;11.7%;7.5%;10.3%;5.6%;2.3%;7.9%;0.9%;3.3%;3.7%;;5.6%;0.5%;;;;;;;7.0%;
;;;Microeconomics-Honors;202610;Fall 2025;013;12716;Banan, Abigail R.;;100.0%;;;;;;;;;;;;;;;;;;;;;;
;;;;;;H01;15775;Yarbrough, Todd R.;16.7%;2.4%;;;40.5%;;16.7%;2.4%;;19.0%;;;;;;;;;;;;;2.4%;
;;;;;;H02;16559;Yarbrough, Todd R.;26.9%;7.7%;;;38.5%;3.8%;11.5%;3.8%;;3.8%;;;;;;;;;;;;;3.8%;
;;25200;Macroeconomics;202610;Fall 2025;001;21082;Kim, Yuri;8.5%;10.2%;10.2%;;28.8%;1.7%;8.5%;6.8%;5.1%;6.8%;;;3.4%;;6.8%;;;;;;;;3.4%;
;;;;;;002;33270;Fox, Melanie E.;10.6%;7.3%;8.4%;;16.8%;8.4%;5.6%;15.1%;3.4%;6.1%;3.4%;1.1%;1.7%;;5.6%;0.6%;;;;;;;6.1%;
;;;;;;003;12333;Qi, Yaling;6.9%;12.1%;3.4%;;15.5%;12.1%;12.1%;12.1%;5.2%;8.6%;1.7%;;;;3.4%;;;;;;;;6.9%;
;;;;;;004;12337;Safahieh, Navid;15.8%;5.3%;;;14.0%;7.0%;8.8%;8.8%;1.8%;15.8%;1.8%;;5.3%;;5.3%;;;;;;;;10.5%;
;;;;;;005;12340;Fox, Melanie E.;11.2%;7.3%;5.1%;;21.9%;9.6%;3.4%;14.0%;5.6%;5.6%;4.5%;1.1%;3.4%;;2.8%;;;;;;;;4.5%;
;;;;;;006;13791;Vargas, Andres J.;18.3%;6.9%;7.4%;;16.6%;5.7%;10.3%;12.0%;1.1%;6.3%;5.7%;2.3%;1.7%;;1.1%;;;0.6%;;;;;4.0%;
;;;;;;010;14192;Fox, Melanie E.;8.5%;5.1%;3.4%;;18.2%;8.5%;6.8%;13.6%;5.1%;5.1%;4.5%;;0.6%;;5.1%;1.1%;;;;;;;14.2%;
;;;Macroeconomics-Honors;202610;Fall 2025;005;12340;Fox, Melanie E.;;;;;100.0%;;;;;;;;;;;;;;;;;;;
;;;;;;006;13791;Vargas, Andres J.;;;;;;;;;;100.0%;;;;;;;;;;;;;;
;;26000;Data Visualization & Inference;202610;Fall 2025;001;13798;Umbeck, J R.;7.0%;10.5%;3.5%;;19.3%;5.3%;5.3%;17.5%;15.8%;3.5%;;;;;5.3%;;;;;;;;7.0%;
;;;;;;002;24428;Vargas, Andres J.;17.4%;8.1%;26.7%;;9.3%;5.8%;11.6%;2.3%;1.2%;5.8%;2.3%;;2.3%;;1.2%;;;;;;;;5.8%;
;;;Data Visualztn&Infrnce-Honors;202610;Fall 2025;001;13798;Umbeck, J R.;100.0%;;;;;;;;;;;;;;;;;;;;;;;
;;;;;;002;24428;Vargas, Andres J.;25.0%;;75.0%;;;;;;;;;;;;;;;;;;;;;
;;;Data Vsualiztn & Infrnc-Honors;202610;Fall 2025;001;13798;Umbeck, J R.;;;100.0%;;;;;;;;;;;;;;;;;;;;;
;;28600;Econ Scholars;202610;Fall 2025;004;13583;Crucini, Mario J.;38.5%;53.8%;;;;;;;;;;;;;;;;;;;;;7.7%;
;;30100;Managerial Economics;202610;Fall 2025;001;10332;Yetter, Erin A.;21.6%;29.5%;1.1%;;13.6%;2.3%;18.2%;2.3%;1.1%;3.4%;1.1%;;1.1%;;3.4%;;;;;;;;1.1%;
;;;;;;002;10334;Yetter, Erin A.;33.8%;9.2%;;;16.9%;9.2%;12.3%;1.5%;1.5%;4.6%;1.5%;;;;3.1%;;;;;;;;6.2%;
;;;;;;003;12722;Yetter, Erin A.;33.3%;16.7%;;;12.5%;8.3%;8.3%;;4.2%;;8.3%;;;;4.2%;;;;;;;;4.2%;
;;32200;Econ Of Public Policy-Honors;202610;Fall 2025;002;16990;Carr, Jillian B.;100.0%;;;;;;;;;;;;;;;;;;;;;;;
;;;Economics Of Public Policy;202610;Fall 2025;002;16990;Carr, Jillian B.;6.4%;25.5%;8.5%;;17.0%;8.5%;17.0%;2.1%;4.3%;6.4%;;;;;4.3%;;;;;;;;;
;;34000;Intrm Microecon Thry;202610;Fall 2025;001;16580;Suleymanov, Elchin;19.4%;14.5%;4.8%;;9.7%;14.5%;9.7%;3.2%;6.5%;4.8%;1.6%;;3.2%;;3.2%;;;;;;;;4.8%;
;;;;;;002;12342;Das, Somdeepa;10.2%;22.0%;1.7%;;15.3%;11.9%;15.3%;6.8%;;5.1%;1.7%;;3.4%;;;;;;;;;;6.8%;
;;;;;;003;12344;Suleymanov, Elchin;16.9%;15.4%;3.1%;;1.5%;6.2%;9.2%;12.3%;12.3%;3.1%;;;3.1%;;3.1%;4.6%;;;;;;;9.2%;
;;35200;Intermed Macroecon;202610;Fall 2025;001;15777;Zhang, Cathy M.;19.2%;13.5%;3.8%;;9.6%;7.7%;7.7%;3.8%;3.8%;13.5%;1.9%;1.9%;;;1.9%;;;;;;;;11.5%;
;;;;;;002;38639;Zhang, Cathy M.;3.6%;10.9%;5.5%;;18.2%;7.3%;3.6%;14.5%;7.3%;9.1%;1.8%;1.8%;;;3.6%;;;;;;;;12.7%;
;;;;;;003;23777;Yarbrough, Todd R.;17.6%;;;;37.3%;;13.7%;11.8%;;9.8%;;;;;;;;;;;;;9.8%;
;;36000;Econometrics;202610;Fall 2025;001;14173;Umbeck, J R.;8.7%;15.9%;1.4%;;29.0%;10.1%;8.7%;10.1%;11.6%;2.9%;;;;;;;;;;;;;1.4%;
;;;;;;002;64762;Nguyen, Linh H.;8.5%;29.8%;21.3%;;10.6%;4.3%;10.6%;8.5%;;;;;;;;;;;;;;;6.4%;
;;37000;International Trade;202610;Fall 2025;001;18207;Soderbery, Anson;19.3%;12.3%;1.8%;;21.1%;5.3%;3.5%;12.3%;5.3%;3.5%;3.5%;1.8%;3.5%;;3.5%;;;;;;;;3.5%;
;;;;;;002;18206;Soderbery, Anson;18.3%;3.3%;5.0%;;26.7%;11.7%;11.7%;6.7%;3.3%;3.3%;1.7%;1.7%;1.7%;;1.7%;;;;;;;;3.3%;
;;;;;;003;21116;Umbeck, J R.;3.2%;11.3%;;;21.0%;21.0%;4.8%;9.7%;14.5%;9.7%;;;;;1.6%;;;;;;;;3.2%;
;;;International Trade-Honors;202610;Fall 2025;001;18207;Soderbery, Anson;;;100.0%;;;;;;;;;;;;;;;;;;;;;
;;37300;Computational Economics;202610;Fall 2025;001;16234;Nguyen, Linh H.;12.2%;28.6%;51.0%;;4.1%;;;;;;;;;;2.0%;;;;;;;;2.0%;
;;;;;;002;21117;Nguyen, Linh H.;11.5%;23.1%;59.6%;;3.8%;;;1.9%;;;;;;;;;;;;;;;;
;;38000;Money And Banking;202610;Fall 2025;001;21156;Lopez Espino, Adriana Alejandra;28.3%;13.0%;15.2%;;8.7%;4.3%;15.2%;4.3%;2.2%;2.2%;;;2.2%;;;;;;;;;;4.3%;
;;;;;;002;21158;Lopez Espino, Adriana Alejandra;24.5%;10.2%;24.5%;;6.1%;8.2%;6.1%;;2.0%;;2.0%;;2.0%;;6.1%;;;;;;;;8.2%;
;;;;;;003;21122;Hong, Seungki;5.6%;13.9%;8.3%;;8.3%;13.9%;11.1%;8.3%;5.6%;5.6%;;;;;;;;;;;;;19.4%;
;;38500;Labor Economics;202610;Fall 2025;001;12348;Van Kammen, Benjamin J.;44.1%;22.0%;;;3.4%;8.5%;3.4%;1.7%;3.4%;1.7%;;;;;5.1%;;;;;;;;6.8%;
;;43200;Econ Of Growth & Innovation;202610;Fall 2025;001;33031;Hummels, David L.;12.9%;22.6%;;;25.8%;9.7%;25.8%;;;;;;;;3.2%;;;;;;;;;
;;;;;;002;33032;Hummels, David L.;7.1%;19.0%;;;26.2%;21.4%;21.4%;2.4%;;;;;;;;;;;;;;;2.4%;
;;;Econ Of Growth & Inno-Honors;202610;Fall 2025;001;33031;Hummels, David L.;;100.0%;;;;;;;;;;;;;;;;;;;;;;
;;;Econ Of Growth & Innvtn-Honors;202610;Fall 2025;002;33032;Hummels, David L.;;100.0%;;;;;;;;;;;;;;;;;;;;;;
;;45100;Game Theory;202610;Fall 2025;001;52492;Klose, Bettina S.;21.5%;6.2%;4.6%;;33.8%;4.6%;7.7%;;;6.2%;;;;;1.5%;;;1.5%;;;;;12.3%;
;;;;;;002;18061;Klose, Bettina S.;32.8%;4.9%;1.6%;;26.2%;3.3%;16.4%;;;6.6%;;;;;1.6%;;;;;;;;6.6%;
;;46100;Industrial Organizatn;202610;Fall 2025;001;15948;Martin, Stephen;6.7%;11.1%;;;28.9%;11.1%;13.3%;4.4%;4.4%;;;;4.4%;;2.2%;;;;;;;;13.3%;
;;;;;;002;12656;Mcclure, Jonathon C.;20.4%;10.2%;;;12.2%;10.2%;16.3%;10.2%;;6.1%;6.1%;;;;4.1%;;;;;;;;4.1%;
;;47100;Behavioral Economics;202610;Fall 2025;001;14175;Grodeck, Ben L.;18.2%;12.7%;25.5%;;10.9%;1.8%;7.3%;7.3%;3.6%;7.3%;;3.6%;1.8%;;;;;;;;;;;
;;;;;;002;20343;Grodeck, Ben L.;6.9%;13.8%;6.9%;;10.3%;10.3%;10.3%;20.7%;6.9%;10.3%;;;3.4%;;;;;;;;;;;
;;57600;Statistical & Machine Learning;202610;Fall 2025;004;25950;Chan, Chi C.;10.5%;15.8%;15.8%;;5.3%;;31.6%;;;;;;;;;;;;;;;;21.1%;
;;60600;Microeconomics I;202610;Fall 2025;001;59875;Suleymanov, Elchin;15.8%;36.8%;;;10.5%;;36.8%;;;;;;;;;;;;;;;;;
;;60700;Microeconomics II;202610;Fall 2025;001;18239;Roberson, Brian A.;27.8%;38.9%;;;5.6%;11.1%;16.7%;;;;;;;;;;;;;;;;;
;;60800;Macroeconomic Theory I;202610;Fall 2025;002;30248;Single Toledo, Gabriel;5.6%;27.8%;5.6%;;22.2%;11.1%;27.8%;;;;;;;;;;;;;;;;;
;;61500;Math Anly Economists;202610;Fall 2025;001;18241;Suleymanov, Elchin;35.3%;23.5%;;;17.6%;;17.6%;;;;;;;;;;;;;;;;5.9%;
;;62000;Indus Organization;202610;Fall 2025;001;32901;Martin, Stephen;66.7%;25.0%;;;;;8.3%;;;;;;;;;;;;;;;;;
;;62100;Appl Indust Organizatn;202610;Fall 2025;001;12360;Siebert, Ralph B.;100.0%;;;;;;;;;;;;;;;;;;;;;;;
;;64100;Agent-Based Comp Econ;202610;Fall 2025;001;32883;Rosokha, Yaroslav;41.7%;58.3%;;;;;;;;;;;;;;;;;;;;;;
;;65000;Applied Microeconometrics;202610;Fall 2025;001;10091;Mumford, Kevin;71.4%;7.1%;;;7.1%;;;;;;;;;;7.1%;;;;;;;;7.1%;
;;66800;Topics In Applied Economics;202610;Fall 2025;006;30609;Zhang, Cathy M.;;;;;;;;;;;;;;;;;2.6%;94.9%;;;;;2.6%;
;;67100;Econometrics I;202610;Fall 2025;001;21659;Tobias, Justin L.;40.0%;10.0%;;5.0%;15.0%;20.0%;5.0%;;;;;;;;;;;;;;;;5.0%;
;;68500;Experimntl Economics I;202610;Fall 2025;001;18316;Cason, Timothy N.;7.7%;30.8%;;;15.4%;;38.5%;;;;;;;;;;;;;;;;;7.7%
EDCI;EDCI-Educ-Curric & Instruction;20500;Exploring Teaching;202610;Fall 2025;001;17624;Reyes Puente, Daniela;24.1%;13.8%;48.3%;;;3.4%;6.9%;3.4%;;;;;;;;;;;;;;;;
;;;;;;002;17626;Scherer, Stephanie;7.1%;17.9%;53.6%;;;3.6%;3.6%;;7.1%;3.6%;;;;;;3.6%;;;;;;;;
;;;;;;003;17627;Scherer, Stephanie;13.0%;4.3%;47.8%;;8.7%;4.3%;;;4.3%;;;;;;4.3%;;;;;;;;13.0%;
;;;;;;004;17628;Reyes Puente, Daniela;22.2%;3.7%;59.3%;;;;3.7%;;3.7%;3.7%;;;;;;;;;;;;;3.7%;
;;;Exploring Teaching-Honors;202610;Fall 2025;001;17624;Reyes Puente, Daniela;;;100.0%;;;;;;;;;;;;;;;;;;;;;
;;;;;;002;17626;Scherer, Stephanie;;;100.0%;;;;;;;;;;;;;;;;;;;;;
;;;;;;003;17627;Scherer, Stephanie;;;100.0%;;;;;;;;;;;;;;;;;;;;;
;;21510;Lang & Lit Foundations;202610;Fall 2025;001;25483;Wessel-Powell, Christina L.;10.2%;37.3%;8.5%;;10.2%;3.4%;18.6%;1.7%;1.7%;3.4%;;;1.7%;;1.7%;;;;;;;;1.7%;
;;21710;Teaching Geography;202610;Fall 2025;001;16346;Demir, Vahap;19.2%;11.5%;50.0%;;;;3.8%;;;;3.8%;7.7%;;;;;;;;;;;3.8%;
;;21910;Teaching Economic Literacy;202610;Fall 2025;001;24857;Broome, John P.;96.0%;;;;;;;;;;4.0%;;;;;;;;;;;;;
;;22200;Knowing The World Through Math;202610;Fall 2025;001;25570;Fulwider, Doris;58.3%;8.3%;;;4.2%;;20.8%;;;;4.2%;;4.2%;;;;;;;;;;;
;;27000;Intro Ed Tech;202610;Fall 2025;001;23976;Koehler-Blair, Adrie A.;62.9%;12.4%;;;5.7%;2.9%;1.9%;;;1.0%;;;;;5.7%;2.9%;;;;;;;4.8%;
;;28550;Found Multicult Ed & Community;202610;Fall 2025;001;24477;Peter, Jayvaughn F.;20.0%;3.3%;70.0%;;3.3%;;;;;;;;;;;;;;;;;;3.3%;
;;;;;;002;24479;Peter, Jayvaughn F.;6.9%;3.4%;69.0%;;3.4%;3.4%;;3.4%;;3.4%;;;;;6.9%;;;;;;;;;
;;;;;;003;24480;Odondi, Asenath A.;53.3%;6.7%;20.0%;;;;10.0%;;;3.3%;;;;;;;;;;;;;6.7%;
;;;;;;004;24484;Mamoon, Mahreen;10.7%;7.1%;57.1%;;3.6%;3.6%;;;3.6%;;;3.6%;;;10.7%;;;;;;;;;
;;;;;;005;25594;Dolby, Nadine E.;37.9%;27.6%;10.3%;;3.4%;3.4%;10.3%;;3.4%;;;;;;;;;;;;;;3.4%;
;;30101;Teaching And Learning In K-2;202610;Fall 2025;001;16246;Martin, Kathleen A.;;7.7%;84.6%;;;;7.7%;;;;;;;;;;;;;;;;;
;;;;;;003;24520;Martin, Kathleen A.;;;100.0%;;;;;;;;;;;;;;;;;;;;;
;;30900;Rdg In Mdle & Sec Schl;202610;Fall 2025;001;26130;Martin, Kathleen A.;12.5%;16.7%;58.3%;;;4.2%;4.2%;4.2%;;;;;;;;;;;;;;;;
;;;;;;002;29484;Martin, Kathleen A.;29.4%;5.9%;47.1%;;;11.8%;5.9%;;;;;;;;;;;;;;;;;
;;;;;;003;31820;Martin, Kathleen A.;20.0%;;40.0%;;20.0%;6.7%;;;6.7%;;;;;;;;;;;;;;6.7%;
;;31103;Integrat Media In K-6 Classrm;202610;Fall 2025;00A;25886;Boes, Nancy A.;30.8%;7.7%;38.5%;;15.4%;;;7.7%;;;;;;;;;;;;;;;;
;;;;;;00B;26515;Boes, Nancy A.;56.0%;;44.0%;;;;;;;;;;;;;;;;;;;;;
;;;;;;00C;26516;Boes, Nancy A.;54.5%;;36.4%;;;;9.1%;;;;;;;;;;;;;;;;;
;;31950;Approaches To English Learn Ed;202610;Fall 2025;002;26604;Chan, Virak;66.7%;23.8%;;;;;9.5%;;;;;;;;;;;;;;;;;
;;32250;Phys Ed In Elementary School;202610;Fall 2025;001;19513;Bornino, Andrea K.;22.2%;11.1%;42.2%;;2.2%;2.2%;13.3%;4.4%;2.2%;;;;;;;;;;;;;;;
;;;;;;002;19517;Bornino, Andrea K.;32.4%;8.1%;40.5%;;2.7%;2.7%;5.4%;;;;;;;;;;;;;;;;8.1%;
;;32501;Teaching Literacy In K-2;202610;Fall 2025;A01;17723;Rippy, Whitney M.;60.0%;15.0%;;;;;10.0%;;;5.0%;;;;;5.0%;;;;;;;;5.0%;
;;32602;Teaching Literacy In 3-6;202610;Fall 2025;036;17621;Abramova, Inna;83.3%;;;;8.3%;;;;;;;;;;;;;;;;;;8.3%;
;;32650;Intro To Linguistics & Lang Ed;202610;Fall 2025;001;26167;Sarmiento-Quezada, Brenda;11.1%;33.3%;11.1%;;11.1%;22.2%;3.7%;;;3.7%;;;;;3.7%;;;;;;;;;
;;33500;Reading For Tier 1 & 2;202610;Fall 2025;001;17788;Kuhn, Melanie R.;16.0%;12.0%;60.0%;;4.0%;;8.0%;;;;;;;;;;;;;;;;;
;;;;;;002;17789;Abramova, Inna;100.0%;;;;;;;;;;;;;;;;;;;;;;;
;;35950;Content Area Instr For EL;202610;Fall 2025;001;29189;Chan, Virak;83.3%;5.6%;;;11.1%;;;;;;;;;;;;;;;;;;;
;;36101;Teaching Social Studies K-2;202610;Fall 2025;00A;26533;Broome, John P.;100.0%;;;;;;;;;;;;;;;;;;;;;;;
;;;;;;00B;26534;Obenchain, Kathryn M.;48.0%;40.0%;4.0%;;4.0%;;4.0%;;;;;;;;;;;;;;;;;
;;;;;;00C;26536;Obenchain, Kathryn M.;46.7%;33.3%;;;;13.3%;6.7%;;;;;;;;;;;;;;;;;
;;36102;Teaching Social Studies 3-6;202610;Fall 2025;001;17720;Broome, John P.;83.3%;8.3%;;;;;;;;;;;;;;;;;;;;;8.3%;
;;36303;Literacy Teaching & Assessment;202610;Fall 2025;00A;26517;Mentzer, Fay E.;;15.4%;69.2%;;15.4%;;;;;;;;;;;;;;;;;;;
;;;;;;00B;24684;Mentzer, Fay E.;8.3%;;91.7%;;;;;;;;;;;;;;;;;;;;;
;;;;;;00C;26521;Mentzer, Fay E.;9.1%;9.1%;81.8%;;;;;;;;;;;;;;;;;;;;;
;;36401;Teaching Mathematics In K-2;202610;Fall 2025;00A;26522;Bofferding, Laura C.;61.5%;15.4%;;;;;23.1%;;;;;;;;;;;;;;;;;
;;;;;;00B;26523;Larison, Sarah A.;100.0%;;;;;;;;;;;;;;;;;;;;;;;
;;;;;;00C;26531;Larison, Sarah A.;93.3%;;;;6.7%;;;;;;;;;;;;;;;;;;;
;;36402;Teaching Mathematics 3-6;202610;Fall 2025;036;17049;Kastberg, Signe E.;46.7%;;26.7%;;6.7%;;6.7%;6.7%;;;;;;;;;;;;;;;6.7%;
;;36501;Teaching Science K-2;202610;Fall 2025;00A;26539;Ballotti, Dean M.;76.9%;;;;15.4%;;;7.7%;;;;;;;;;;;;;;;;
;;;;;;00B;26551;Hammack, Rebekah J.;91.7%;8.3%;;;;;;;;;;;;;;;;;;;;;;
;;;;;;00C;26553;Hammack, Rebekah J.;81.3%;;;;12.5%;;6.3%;;;;;;;;;;;;;;;;;
;;36502;Teaching Science 3-6;202610;Fall 2025;036;17016;Hammack, Rebekah J.;83.3%;;;;;;8.3%;;;;;;;;;;;;;;;;8.3%;
;;37001;Teaching And Learning ENL;202610;Fall 2025;001;25468;Kushki, Ali;7.7%;11.5%;38.5%;;7.7%;7.7%;3.8%;;;;;;;;11.5%;7.7%;;;;;;;3.8%;
;;;;;;003;25470;Kushki, Ali;7.7%;15.4%;30.8%;;3.8%;;7.7%;3.8%;;7.7%;;;3.8%;;;19.2%;;;;;;;;
;;;;;;004;25471;Kushki, Ali;18.5%;;48.1%;;14.8%;;7.4%;;;;;;;;;11.1%;;;;;;;;
;;;Teaching &Lrng ENL-Honors;202610;Fall 2025;003;25470;Kushki, Ali;;;100.0%;;;;;;;;;;;;;;;;;;;;;
;;38100;Teaching For Social Justice;202610;Fall 2025;001;15605;Lennon, Mary Ellen;12.5%;;56.3%;;;;;;;12.5%;;;6.3%;;12.5%;;;;;;;;;
;;42600;Teaching Sec Math - Methods II;202610;Fall 2025;001;15086;Fitch, Jennifer M.;36.4%;;45.5%;;9.1%;;;;;;;;;;;9.1%;;;;;;;;
;;49600;Student Tch Elem Sch;202610;Fall 2025;008;26615;Mitchell, Krista D.;75.0%;16.7%;8.3%;;;;;;;;;;;;;;;;;;;;;
;;49601;Expanded Student Teaching;202610;Fall 2025;6CR;27400;Mitchell, Krista D.;66.1%;13.6%;13.6%;;1.7%;1.7%;3.4%;;;;;;;;;;;;;;;;;
;;55201;AI Integration In Education;202610;Fall 2025;002;27602;Huang, Wanju;76.5%;11.8%;;;;;5.9%;;;;;;;;5.9%;;;;;;;;;
;;57200;Learning Sys Design;202610;Fall 2025;005;16631;Wynkoop, Ryan D.;90.9%;9.1%;;;;;;;;;;;;;;;;;;;;;;
;;58000;Foundations Of Curric;202610;Fall 2025;001;25639;Burdick, Steven J.;100.0%;;;;;;;;;;;;;;;;;;;;;;;
;;59100;Data Collection In Qual Rsch;202610;Fall 2025;088;24898;Burdick, Steven J.;92.9%;;;;;;;;;;;;;;;;;;;;;;7.1%;
;;;Settler Colonialism In Ed;202610;Fall 2025;089;24905;Zywicki, Stephanie M.;100.0%;;;;;;;;;;;;;;;;;;;;;;;
;;61500;Qual Res Meth In Educ;202610;Fall 2025;004;16297;Dolby, Nadine E.;15.0%;;85.0%;;;;;;;;;;;;;;;;;;;;;
;;61600;Qual Data Collection& Analysis;202610;Fall 2025;001;13787;Zywicki, Stephanie M.;100.0%;;;;;;;;;;;;;;;;;;;;;;;
;;62700;Intro To Crit Read&Res In LDT;202610;Fall 2025;001;26982;Huang, Wanju;100.0%;;;;;;;;;;;;;;;;;;;;;;;
;;62800;Curric&Inst Doctoral Seminar I;202610;Fall 2025;001;15518;Morita-Mullaney, Patricia M.;94.1%;5.9%;;;;;;;;;;;;;;;;;;;;;;
;;63700;Teaching Mathematics;202610;Fall 2025;006;27974;Kastberg, Signe E.;16.7%;25.0%;50.0%;;8.3%;;;;;;;;;;;;;;;;;;;
EDPS;EDPS-Educ-Ed'l and Psy Studies;10101;Intro Learning Sciences-Honors;202610;Fall 2025;001;17530;Eisman, Joseph I.;100.0%;;;;;;;;;;;;;;;;;;;;;;;
;;;Intro To Learning Sciences;202610;Fall 2025;001;17530;Eisman, Joseph I.;28.6%;14.3%;28.6%;;7.1%;;14.3%;;;;;;7.1%;;;;;;;;;;;
;;10500;Academic & Career Plan-Honors;202610;Fall 2025;H01;19064;Lencke, Mary Beth;20.0%;;75.0%;;;;5.0%;;;;;;;;;;;;;;;;;
;;;Academic And Career Planning;202610;Fall 2025;057;14707;Allen, Darcy H.;27.8%;11.1%;22.2%;;5.6%;5.6%;5.6%;11.1%;;5.6%;5.6%;;;;;;;;;;;;;
;;;;;;107;14741;Vana, Edward S.;40.0%;8.0%;36.0%;;4.0%;4.0%;4.0%;;4.0%;;;;;;;;;;;;;;;
;;;;;;108;26518;Lott, Erica A.;25.0%;4.2%;33.3%;;16.7%;8.3%;4.2%;8.3%;;;;;;;;;;;;;;;;
;;;;;;109;26519;Jack, Miranda A.;20.0%;4.0%;48.0%;;4.0%;;16.0%;;;;;;;;8.0%;;;;;;;;;
;;;;;;110;26520;Jack, Miranda A.;32.0%;4.0%;56.0%;;;;;;;;;;4.0%;;4.0%;;;;;;;;;
;;;;;;112;26525;Scott, James R.;23.5%;5.9%;29.4%;;;11.8%;5.9%;;;11.8%;;5.9%;;;5.9%;;;;;;;;;
;;;;;;113;26528;Montes, Jennifer L.;33.3%;23.8%;4.8%;;14.3%;;4.8%;4.8%;4.8%;4.8%;;;;;4.8%;;;;;;;;;
;;;;;;114;26529;Bleed, Lynette J.;33.3%;;33.3%;;4.8%;9.5%;4.8%;4.8%;;;;;4.8%;;4.8%;;;;;;;;;
;;;;;;115;26530;Bleed, Lynette J.;24.0%;12.0%;36.0%;;12.0%;;8.0%;4.0%;4.0%;;;;;;;;;;;;;;;
;;;;;;120;26537;Layman, Katherine J.;20.0%;8.0%;44.0%;;4.0%;8.0%;4.0%;4.0%;;;4.0%;;4.0%;;;;;;;;;;;
;;;;;;121;26538;Layman, Katherine J.;17.4%;17.4%;39.1%;;4.3%;8.7%;4.3%;8.7%;;;;;;;;;;;;;;;;
;;;;;;122;26541;Panozzo, Katy M.;21.1%;5.3%;52.6%;;5.3%;;;;;;;5.3%;;;10.5%;;;;;;;;;
;;;;;;124;26545;Wong, Nathan M.;26.9%;;38.5%;;3.8%;7.7%;11.5%;3.8%;;3.8%;;;;;;;;;;;;;3.8%;
;;;;;;128;26550;Mcdonald, Jennifer R.;40.0%;12.0%;16.0%;;4.0%;8.0%;4.0%;;4.0%;;;;8.0%;;4.0%;;;;;;;;;
;;;;;;129;26558;Mcdonald, Jennifer R.;29.2%;16.7%;25.0%;;;4.2%;4.2%;;;8.3%;;;;;12.5%;;;;;;;;;
;;;;;;130;26560;Cartwright, Samuel J.;17.4%;17.4%;;;21.7%;4.3%;4.3%;4.3%;4.3%;4.3%;4.3%;;8.7%;;8.7%;;;;;;;;;
;;;;;;134;26567;Emmons, Amanda J.;39.1%;4.3%;34.8%;;8.7%;4.3%;4.3%;4.3%;;;;;;;;;;;;;;;;
;;;;;;136;26572;Cunningham, Karla K.;24.0%;24.0%;28.0%;;4.0%;8.0%;4.0%;;;;4.0%;;;;4.0%;;;;;;;;;
;;;;;;137;26573;Cunningham, Karla K.;21.7%;17.4%;56.5%;;4.3%;;;;;;;;;;;;;;;;;;;
;;;;;;138;26583;Wetzel, Cara R.;20.8%;8.3%;45.8%;;;4.2%;4.2%;;8.3%;;;;;;4.2%;;;;;;;;4.2%;
;;;;;;139;26584;Vana, Edward S.;20.0%;12.0%;60.0%;;4.0%;;;;;4.0%;;;;;;;;;;;;;;
;;;;;;141;26586;Ruff, Ashlyn M.;16.7%;;50.0%;;4.2%;8.3%;;8.3%;4.2%;;;;4.2%;;4.2%;;;;;;;;;
;;;;;;142;26588;Rodenberg, Eric J.;40.0%;16.0%;32.0%;;4.0%;;4.0%;;;4.0%;;;;;;;;;;;;;;
;;;;;;144;26590;Wetzel, Cara R.;24.0%;;48.0%;;4.0%;;8.0%;;4.0%;4.0%;;;;;4.0%;;;;;;;;4.0%;
;;;;;;145;20087;Fulk, Michelle L.;32.0%;20.0%;16.0%;;;12.0%;16.0%;4.0%;;;;;;;;;;;;;;;;
;;;;;;LC1;14740;Banter, Colleen E.;16.7%;5.6%;55.6%;;11.1%;;;;5.6%;;;;;;;;;;;;;;5.6%;
;;;;;;LC2;26549;Chapman, Jessica N.;4.5%;;86.4%;;;;;;;;;;;;9.1%;;;;;;;;;
;;;;;;LC3;26546;Wong, Nathan M.;15.4%;15.4%;61.5%;;;;;;;;;;;;7.7%;;;;;;;;;
;;17700;Learning & Reg Strategies;202610;Fall 2025;001;15380;Downing, Brenda K.;14.3%;;60.7%;;7.1%;;;3.6%;;;;;;;7.1%;7.1%;;;;;;;;
;;;;;;003;14791;Downing, Brenda K.;20.0%;;70.0%;;10.0%;;;;;;;;;;;;;;;;;;;
;;20001;Special Pops Sem: Disab & Diff;202610;Fall 2025;002;18949;Rusnak, Kathryn N.;17.8%;8.9%;51.1%;;2.2%;8.9%;2.2%;2.2%;2.2%;2.2%;;;2.2%;;;;;;;;;;;
;;;;;;004;15382;Rusnak, Kathryn N.;23.8%;4.8%;50.0%;;7.1%;4.8%;;2.4%;2.4%;;;;;;2.4%;;;;;;;;2.4%;
;;21100;Law Policy Ethical Guidelines;202610;Fall 2025;001;15598;Shen, Yilin;14.9%;17.0%;40.4%;;6.4%;2.1%;4.3%;2.1%;2.1%;4.3%;;;;;6.4%;;;;;;;;;
;;;;;;003;26644;Jackson, David M.;21.7%;13.0%;39.1%;;4.3%;4.3%;;;;;;;;;13.0%;;;;;;;;4.3%;
;;;Law Plcy Ethcl Guidlnes-Honors;202610;Fall 2025;003;26644;Jackson, David M.;;;;;;;;;;;;;;;;;;;;;;;100.0%;
;;23500;Learning & Motivation;202610;Fall 2025;001;15458;Kraatz, Elizabeth A.;32.1%;21.4%;26.8%;;3.6%;1.8%;7.1%;1.8%;;1.8%;;;;;;;;;;;;;3.6%;
;;;;;;002;15465;Cho, Hyeree;20.8%;18.8%;39.6%;;6.3%;4.2%;2.1%;;;;2.1%;;;;4.2%;;;;;;;;2.1%;
;;;;;;003;28961;Cho, Hyeree;6.3%;12.5%;75.0%;;;;6.3%;;;;;;;;;;;;;;;;;
;;;Learning & Motivation-Honors;202610;Fall 2025;002;15465;Cho, Hyeree;;;100.0%;;;;;;;;;;;;;;;;;;;;;
;;24000;Intro To Gifted Children;202610;Fall 2025;001;27281;Cress, Alissa P.;31.3%;6.3%;;;12.5%;12.5%;12.5%;6.3%;;12.5%;;;;;6.3%;;;;;;;;;
;;24001;Fndtn Giftd Ed&Dif Instr-Honor;202610;Fall 2025;005;27273;Cress, Alissa P.;100.0%;;;;;;;;;;;;;;;;;;;;;;;
;;;Found Gifted Ed & Differ Instr;202610;Fall 2025;005;27273;Cress, Alissa P.;50.0%;26.9%;;;11.5%;3.8%;;3.8%;;;;;;;3.8%;;;;;;;;;
;;;;;;006;27274;Haas, Benna S.;63.0%;11.1%;;;14.8%;3.7%;3.7%;;3.7%;;;;;;;;;;;;;;;
;;;;;;007;27277;Cress, Alissa P.;37.0%;40.7%;;;;3.7%;3.7%;;;;;3.7%;;;7.4%;;;;;;;;3.7%;
;;;;;;008;27278;Haas, Benna S.;57.1%;25.0%;;;3.6%;3.6%;3.6%;3.6%;3.6%;;;;;;;;;;;;;;;
;;26501;The Inclusive Classroom;202610;Fall 2025;001;18490;Opsahl, Scott E.;12.5%;12.5%;56.3%;;3.1%;3.1%;;;6.3%;;;3.1%;;;;3.1%;;;;;;;;
;;;;;;002;28953;Opsahl, Scott E.;17.5%;7.0%;64.9%;;3.5%;1.8%;1.8%;;1.8%;;;;;;;;;;;;;;1.8%;
;;30900;Systematic Instruction;202610;Fall 2025;001;25901;Jones, Kristie N.;25.0%;20.0%;30.0%;;10.0%;5.0%;;;;;;5.0%;;;5.0%;;;;;;;;;
;;31200;Inclusive Practices;202610;Fall 2025;001;31662;Begeske, Jasmine L.;9.1%;9.1%;45.5%;;9.1%;27.3%;;;;;;;;;;;;;;;;;;
;;31500;Collab Leader: Interpersonal;202610;Fall 2025;006;10092;May, Katharine A.;14.8%;7.4%;55.6%;;11.1%;3.7%;3.7%;;3.7%;;;;;;;;;;;;;;;
;;;;;;008;18216;Thompson, Grace A.;32.0%;4.0%;40.0%;;8.0%;4.0%;4.0%;4.0%;;;;;;;4.0%;;;;;;;;;
;;;;;;009;18217;Thompson, Grace A.;12.0%;16.0%;44.0%;;8.0%;4.0%;12.0%;;;;;;;;;;;;;;;;4.0%;
;;;;;;010;18218;Kennelly, Brian C.;34.8%;8.7%;30.4%;;4.3%;8.7%;4.3%;4.3%;;;4.3%;;;;;;;;;;;;;
;;;;;;011;11130;Pham, Phoebe T.;12.0%;8.0%;64.0%;;4.0%;4.0%;4.0%;;;;;;;;;;;;;;;;4.0%;
;;;;;;012;20744;Pham, Phoebe T.;4.0%;;76.0%;;4.0%;4.0%;4.0%;;4.0%;;;;;;;;;;;;;;4.0%;
;;;;;;017;23194;Jarrard, Anne C.;24.0%;8.0%;44.0%;;12.0%;;12.0%;;;;;;;;;;;;;;;;;
;;;;;;019;14939;Salazar, Hannah N.;47.6%;19.0%;14.3%;;9.5%;;4.8%;;;;;;;;4.8%;;;;;;;;;
;;;;;;020;14940;Delgado, Joshua;4.2%;4.2%;83.3%;;;;;4.2%;;;;;;;;;;;;;;;4.2%;
;;;;;;025;15043;May, Katharine A.;12.5%;;83.3%;;;;;4.2%;;;;;;;;;;;;;;;;
;;;;;;029;25196;Clemons Williams, Lamonica R.;12.0%;4.0%;72.0%;;4.0%;;8.0%;;;;;;;;;;;;;;;;;
;;;;;;030;33764;Clemons Williams, Lamonica R.;;;100.0%;;;;;;;;;;;;;;;;;;;;;
;;;;;;032;33782;Salazar, Hannah N.;32.0%;12.0%;8.0%;;8.0%;12.0%;4.0%;4.0%;;4.0%;;;4.0%;;4.0%;;;4.0%;;;;;4.0%;
;;;;;;033;33783;Casebeer, Elizabeth C.;16.0%;16.0%;44.0%;;;;4.0%;;;4.0%;;;;;4.0%;;;4.0%;;;;;8.0%;
;;;;;;034;33833;Casebeer, Elizabeth C.;8.0%;;92.0%;;;;;;;;;;;;;;;;;;;;;
;;;;;;035;21621;Casebeer, Elizabeth C.;12.0%;8.0%;60.0%;;;;;;;;;;;;4.0%;;;4.0%;;;;;12.0%;
;;;Collab Leadr: Intrprsnl-Honors;202610;Fall 2025;010;18218;Kennelly, Brian C.;;;100.0%;;;;;;;;;;;;;;;;;;;;;
;;;;;;019;14939;Salazar, Hannah N.;100.0%;;;;;;;;;;;;;;;;;;;;;;;
;;31600;Leadership: Cross-Cultural;202610;Fall 2025;001;65089;Johnson, Dallann A.;13.6%;;81.8%;;;;;;;;;;;;4.5%;;;;;;;;;
;;;;;;004;21176;Cox, Angel R.;7.7%;;92.3%;;;;;;;;;;;;;;;;;;;;;
;;31700;Leadership: Mentoring;202610;Fall 2025;002;69828;Elhedk, Farida R.;;8.3%;87.5%;;4.2%;;;;;;;;;;;;;;;;;;;
;;;;;;007;21594;Elhedk, Farida R.;11.5%;3.8%;76.9%;;;;;;;;;;;;;;;;;;;;7.7%;
;;32600;Health, Wellness, & Adapted PE;202610;Fall 2025;001;27940;Price, Richard A.;35.3%;11.8%;47.1%;;;;;;;;;;;;5.9%;;;;;;;;;
;;32700;Classroom Assessment;202610;Fall 2025;006;28963;Traynor, Anne;20.7%;12.0%;43.5%;;5.4%;;9.8%;1.1%;;4.3%;1.1%;;;;;1.1%;;;;;;;1.1%;
;;33500;Reading For Tier 1 & 2;202610;Fall 2025;001;17178;Smith, Jennifer E.;5.3%;10.5%;63.2%;;;;5.3%;5.3%;;;;;;;5.3%;;;;;;;;5.3%;
;;34501;Soc & Affect Dev Gifted Stdnts;202610;Fall 2025;001;24888;Haas, Benna S.;72.2%;5.6%;;;16.7%;5.6%;;;;;;;;;;;;;;;;;;
;;;;;;002;24890;Wu, Jiaxi;60.0%;13.3%;13.3%;;;6.7%;6.7%;;;;;;;;;;;;;;;;;
;;36201;Positive Behavioral Supports;202610;Fall 2025;001;15383;Nichols, Beverly A.;22.7%;9.1%;31.8%;;4.5%;4.5%;9.1%;4.5%;;4.5%;;;;;9.1%;;;;;;;;;
;;;;;;003;23451;Jones, Kristie N.;8.5%;14.9%;44.7%;;4.3%;4.3%;10.6%;4.3%;;2.1%;;;;;4.3%;;;;;;;;2.1%;
;;41700;SPED For General Educators;202610;Fall 2025;001;26646;Rusnak, Kathryn N.;73.3%;6.7%;6.7%;;;;;6.7%;;6.7%;;;;;;;;;;;;;;
;;;;;;002;17200;Jackson, David M.;;15.4%;84.6%;;;;;;;;;;;;;;;;;;;;;
;;;SPED For Gnrl Educators-Honors;202610;Fall 2025;001;26646;Rusnak, Kathryn N.;100.0%;;;;;;;;;;;;;;;;;;;;;;;
;;42100;Sp Ed Social Studies & Science;202610;Fall 2025;001;26647;Opsahl, Scott E.;13.3%;;86.7%;;;;;;;;;;;;;;;;;;;;;
;;43000;Creating Learning Env;202610;Fall 2025;002;18741;Kraatz, Elizabeth A.;50.0%;16.7%;12.5%;;;;16.7%;;;;;;;;4.2%;;;;;;;;;
;;;;;;007;27779;Kraatz, Elizabeth A.;47.9%;20.8%;25.0%;;;;4.2%;;;;;;;;;;;;;;;;2.1%;
;;;Creating Learning Env-Honors;202610;Fall 2025;002;18741;Kraatz, Elizabeth A.;100.0%;;;;;;;;;;;;;;;;;;;;;;;
;;43010;Secondary Create & Mgt Environ;202610;Fall 2025;006;27762;Kraatz, Elizabeth A.;20.0%;20.0%;30.0%;;10.0%;5.0%;5.0%;;;10.0%;;;;;;;;;;;;;;
;;;;;;007;27769;Kraatz, Elizabeth A.;14.3%;19.0%;42.9%;;4.8%;4.8%;;;;4.8%;;;;;;4.8%;;;;;;;4.8%;
;;45901;Assistive Technology;202610;Fall 2025;001;29049;Jackson, David M.;19.0%;28.6%;14.3%;;4.8%;4.8%;9.5%;9.5%;;;;;;;;;;;;;;;9.5%;
;;46100;Student Teaching Sem I;202610;Fall 2025;076;21255;Smith, Jennifer E.;33.3%;20.0%;20.0%;;6.7%;;6.7%;;;13.3%;;;;;;;;;;;;;;
;;49000;Life Skill:Success Strat;202610;Fall 2025;026;21772;Wright-Eger, Catherine J.;100.0%;;;;;;;;;;;;;;;;;;;;;;;
;;;;;;027;21808;Wright-Eger, Catherine J.;100.0%;;;;;;;;;;;;;;;;;;;;;;;
;;;;;;029;13632;Wright-Eger, Catherine J.;95.5%;;;;;;;;;;;;;;;;;;;;;;4.5%;
;;49500;Practicum In Gifted Education;202610;Fall 2025;001;30048;Mcintosh, Jason S.;100.0%;;;;;;;;;;;;;;;;;;;;;;;
;;;;;;002;30049;Jen, Enyi;50.0%;28.6%;;;7.1%;;7.1%;;;;;;;;;;;;;;;;7.1%;
;;53300;Intr Ed Rsrch I Methd;202610;Fall 2025;014;17078;Masonheimer, August T.;;;93.3%;;;;;;;;;;;;;;;;;;;;6.7%;
;;;;;;017;19033;Rogat, Toni K.;47.1%;11.8%;29.4%;;5.9%;;;;;;;;;;;;;;;;;;5.9%;
;;55600;Quantitative Data Analysis I;202610;Fall 2025;001;10847;Huang, Qi;13.3%;20.0%;60.0%;;6.7%;;;;;;;;;;;;;;;;;;;
;;62400;Off-Site Pract & Supervision;202610;Fall 2025;002;26614;Stanley, David C.;100.0%;;;;;;;;;;;;;;;;;;;;;;;
;;63000;Research Proc In Educ;202610;Fall 2025;013;29864;Maeda, Yukiko;;6.7%;80.0%;;;;6.7%;;;;6.7%;;;;;;;;;;;;;
;;63200;Systematic Revw & Meta Analy;202610;Fall 2025;002;21505;Maeda, Yukiko;7.1%;;85.7%;;;;;;;7.1%;;;;;;;;;;;;;;
EDST;EDST-Ed Leadrship&Cultrl Fnd;20010;Educational Policies And Laws;202610;Fall 2025;001;16177;Phillips, Terron J.;50.5%;18.5%;6.5%;;4.6%;4.6%;3.7%;1.9%;1.4%;1.9%;1.4%;;0.5%;;3.7%;;;;;;;;0.9%;
EEE;EEE-Environ & Ecological Engr;23000;Engr Economics And Environment;202610;Fall 2025;001;17633;Ciez, Rebecca E.;6.3%;26.6%;;;15.6%;12.5%;14.1%;6.3%;4.7%;7.8%;;;;;;;;;;;;;6.3%;
;;29001;Intro Envr & Ecol Engr Seminar;202610;Fall 2025;001;17673;Payne Haugen, Lindsey B.;87.0%;1.9%;;;7.4%;;1.9%;;;;;;;;;;;;;;;;1.9%;
;;35000;Intro Env And Ecol Engineering;202610;Fall 2025;001;66723;Nies, Loring F.;29.0%;25.8%;;;9.7%;6.5%;9.7%;3.2%;;6.5%;3.2%;;;;3.2%;;;;;;;;3.2%;
;;35500;Eng Env Sustainability;202610;Fall 2025;001;66724;Payne Haugen, Lindsey B.;34.3%;34.3%;;;5.7%;2.9%;8.6%;2.9%;;8.6%;2.9%;;;;;;;;;;;;;
;;;;;;002;13677;Payne Haugen, Lindsey B.;42.9%;40.0%;;;8.6%;;2.9%;;2.9%;;2.9%;;;;;;;;;;;;;
;;36001;Water Quality & Treatment Lab;202610;Fall 2025;005;13256;Shah, Amisha D.;23.1%;11.5%;46.2%;;;3.8%;11.5%;;;;3.8%;;;;;;;;;;;;;
;;45600;Wastewater Treatment Processes;202610;Fall 2025;001;13440;Zhou, Zhi;37.5%;25.0%;6.3%;;;6.3%;25.0%;;;;;;;;;;;;;;;;;
;;48001;Env & Ecol Eng Senior Design I;202610;Fall 2025;001;13280;Nies, Loring F.;81.6%;6.1%;;;;;12.2%;;;;;;;;;;;;;;;;;
;;53000;Life Cycle Assess Princple&App;202610;Fall 2025;001;11589;Zhao, Fu;14.6%;40.2%;2.4%;;9.8%;2.4%;29.3%;;;;;;;;1.2%;;;;;;;;;
;;55000;Phy Chm Pro Env Eng I;202610;Fall 2025;001;21347;Blatchley, Ernest R.;40.0%;;;;53.3%;;;;;;;;;;;;;;;;;;6.7%;
;;55401;Water Chemistry Env & Ecol Eng;202610;Fall 2025;001;27397;Hua, Inez;18.2%;9.1%;;;27.3%;4.5%;9.1%;;9.1%;9.1%;4.5%;;;;4.5%;;;;;;;;4.5%;
;;56000;Survey Design For Engineers;202610;Fall 2025;002;19371;Zhang, Xinyu;8.0%;12.0%;76.0%;;;4.0%;;;;;;;;;;;;;;;;;;
;;;Pollution From Livestock Oper;202610;Fall 2025;001;19370;Simsek, Halis;;4.5%;86.4%;;;;;4.5%;;;;;;;;;;;;;;;4.5%;
;;69000;Env & Ecol Engr Grad Seminar;202610;Fall 2025;001;13421;Liddell, Heather P.;;;;;;;;;;;;;;;;;;;;94.4%;;2.8%;2.8%;
;;69500;Incoming GR Seminar;202610;Fall 2025;001;27983;Indarjit, Michelle N.;100.0%;;;;;;;;;;;;;;;;;;;;;;;
ENE;ENE-Engineering Education;50300;Engineering Education Inquiry;202610;Fall 2025;001;64386;Morphew, Jason W.;84.6%;;;;;;7.7%;;;;;;;;;;;;;;;;7.7%;
;;68500;Educ Method In Engrng;202610;Fall 2025;001;18985;Syed Hassan, Syed Ahmad Helmi B.;45.5%;18.2%;27.3%;;;;9.1%;;;;;;;;;;;;;;;;;
;;69000;Sem In Engineering Education;202610;Fall 2025;001;54097;Purzer, Senay;;;;;;;;;;;;;;;;;;;;93.8%;;;6.3%;
ENGL;ENGL-English;10600;First Yr Composition With Conf;202610;Fall 2025;003;30371;Baumgartner, Beth E.;55.6%;;22.2%;;;;;16.7%;;;;;;;5.6%;;;;;;;;;
;;10800;First Year Composition;202610;Fall 2025;070;19068;Mercado, Jessica M.;;35.0%;5.0%;;10.0%;;25.0%;;10.0%;;;;10.0%;;;;;;;;;;5.0%;
;;;;;;071;19070;Mercado, Jessica M.;10.5%;26.3%;;;26.3%;5.3%;15.8%;5.3%;;5.3%;;;5.3%;;;;;;;;;;;
;;;;;;072;19076;Mercado, Jessica M.;15.0%;20.0%;;;15.0%;15.0%;15.0%;5.0%;;;;;5.0%;;;;;;;;;;10.0%;
;;;;;;099;27171;Mercado, Jessica M.;10.0%;25.0%;5.0%;;15.0%;10.0%;20.0%;;;;;;;;;;;;;;;;15.0%;
;;;;;;100;27172;Rosell, Carla B.;20.0%;25.0%;;;15.0%;15.0%;20.0%;;;;;;;;;;;;;;;;5.0%;
;;;;;;101;27173;Shukle, Catherine J.;15.8%;31.6%;36.8%;;5.3%;;;5.3%;5.3%;;;;;;;;;;;;;;;
;;;;;;103;29987;Shukle, Catherine J.;30.0%;10.0%;25.0%;;;;10.0%;;5.0%;5.0%;5.0%;;;;10.0%;;;;;;;;;
;;;;;;104;29988;Weatherford, Jessica A.;15.0%;20.0%;;;5.0%;5.0%;40.0%;;5.0%;;;;;;10.0%;;;;;;;;;
;;;;;;112;18619;Weatherford, Jessica A.;30.0%;20.0%;;;;;25.0%;5.0%;;10.0%;;;;;5.0%;;;;;;;;5.0%;
;;;;;;116;18627;Weatherford, Jessica A.;25.0%;25.0%;5.0%;;5.0%;5.0%;15.0%;5.0%;5.0%;5.0%;;;;;;;;;;;;;5.0%;
;;;;;;117;27337;Baumgartner, Beth E.;45.0%;;40.0%;;;;5.0%;;;5.0%;;;;;5.0%;;;;;;;;;
;;;;;;118;27342;Baumgartner, Beth E.;65.0%;;20.0%;;;;;5.0%;;;;;;;5.0%;;;;;;;;5.0%;
;;;;;;119;27354;Baumgartner, Beth E.;75.0%;;10.0%;;5.0%;5.0%;;5.0%;;;;;;;;;;;;;;;;
;;;;;;120;27355;Johnson, Michael D.;20.0%;10.0%;20.0%;;5.0%;15.0%;5.0%;15.0%;;;;;;;10.0%;;;;;;;;;
;;;;;;121;28707;Weatherford, Jessica A.;25.0%;15.0%;;;5.0%;5.0%;30.0%;;;5.0%;5.0%;;;;5.0%;;;;;;;;5.0%;
;;;;;;122;28712;Alvey, Kyle R.;65.0%;;25.0%;;10.0%;;;;;;;;;;;;;;;;;;;
;;;;;;123;28713;Jacoby, Joshua D.;40.0%;5.0%;35.0%;;5.0%;10.0%;5.0%;;;;;;;;;;;;;;;;;
;;;;;;124;28714;Ducleroir, Sidney;50.0%;10.0%;25.0%;;5.0%;5.0%;;;;;;;;;5.0%;;;;;;;;;
;;;;;;125;28715;Cameron, Brent M.;25.0%;;70.0%;;;;;;;5.0%;;;;;;;;;;;;;;
;;;;;;LC2;29990;Rosell, Carla B.;26.3%;52.6%;;;10.5%;5.3%;;5.3%;;;;;;;;;;;;;;;;
;;20200;Engaging English;202610;Fall 2025;007;17287;Johnston, Michael R.;30.0%;5.0%;;;10.0%;5.0%;10.0%;;5.0%;;10.0%;;;;15.0%;5.0%;;;;;;;5.0%;
;;20300;Research Prof Writ;202610;Fall 2025;001;15717;Dilger, C B.;20.0%;;33.3%;;;13.3%;13.3%;6.7%;;;;;;;13.3%;;;;;;;;;
;;20400;Flash Fiction & Prose Poetry;202610;Fall 2025;004;18171;Shukle, Catherine J.;17.6%;5.9%;35.3%;;11.8%;17.6%;5.9%;;;5.9%;;;;;;;;;;;;;;
;;;Science Fiction Writing;202610;Fall 2025;002;17449;Gray, Casey M.;93.3%;6.7%;;;;;;;;;;;;;;;;;;;;;;
;;;;;;003;26753;Gray, Casey M.;88.2%;5.9%;;;;;;5.9%;;;;;;;;;;;;;;;;
;;20500;Intro Creative Writing;202610;Fall 2025;001;19509;Brewer, Joshua A.;78.9%;5.3%;;;;;15.8%;;;;;;;;;;;;;;;;;
;;;;;;002;19516;Martinez, Alphonso;10.5%;15.8%;42.1%;;5.3%;5.3%;10.5%;;;;;;;;;;;5.3%;;;;;5.3%;
;;;;;;004;19514;Peterson, Katherine;17.6%;11.8%;70.6%;;;;;;;;;;;;;;;;;;;;;
;;;;;;005;19511;Brewer, Joshua A.;72.2%;5.6%;;;11.1%;;;;;;;;;;5.6%;;;;;;;;5.6%;
;;;;;;006;19515;Fraterrigo, Melissa A.;22.2%;5.6%;11.1%;;;16.7%;5.6%;;11.1%;11.1%;;;;;;;;;;;;;16.7%;
;;;;;;010;25096;Martinez, Alphonso;16.7%;22.2%;38.9%;;;5.6%;5.6%;;5.6%;;;;;;;;;;;;;;5.6%;
;;;;;;011;25097;Martinez, Alphonso;27.8%;11.1%;38.9%;;11.1%;5.6%;5.6%;;;;;;;;;;;;;;;;;
;;;;;;012;31826;O'Donoghue, Kate M.;5.3%;21.1%;73.7%;;;;;;;;;;;;;;;;;;;;;
;;;;;;013;31827;Martinez, Alphonso;16.7%;22.2%;50.0%;;;;;;;;;;;;11.1%;;;;;;;;;
;;;;;;014;33317;O'Donoghue, Kate M.;21.1%;15.8%;42.1%;;;10.5%;;;5.3%;;;;;;5.3%;;;;;;;;;
;;;;;;015;28721;Brewer, Joshua A.;63.2%;10.5%;;;5.3%;;15.8%;;;;;;;;;;;;;;;;5.3%;
;;;;;;016;28726;Brewer, Joshua A.;82.4%;17.6%;;;;;;;;;;;;;;;;;;;;;;
;;21700;Myth & Legend I: Monsters;202610;Fall 2025;001;16521;Armstrong, S D.;35.7%;11.4%;5.7%;1.4%;15.7%;7.1%;5.7%;2.9%;4.3%;;1.4%;;;;2.9%;;;;;;;;5.7%;
;;;Myth &Legend I:Monsters-Honors;202610;Fall 2025;001;16521;Armstrong, S D.;100.0%;;;;;;;;;;;;;;;;;;;;;;;
;;22300;Literature And Technology;202610;Fall 2025;001;18172;Plotnitsky, Arkady;48.0%;8.0%;4.0%;;20.0%;;4.0%;4.0%;;;;;;;4.0%;;;;;;;;8.0%;
;;23000;Great Narrative Works;202610;Fall 2025;001;19526;Plotnitsky, Arkady;27.3%;9.1%;;;22.7%;;22.7%;;;;;;;;4.5%;;;;;;;;13.6%;
;;23200;The Tragic Vision;202610;Fall 2025;034;19616;Moodie, Erin K.;27.3%;;;;27.3%;;45.5%;;;;;;;;;;;;;;;;;
;;23700;Intro To Poetry;202610;Fall 2025;002;18513;Flory, Wendy S.;40.0%;8.0%;20.0%;;4.0%;;16.0%;;;;;;;;8.0%;;;;;;;;4.0%;
;;23800;Intro To Fiction;202610;Fall 2025;004;18159;Morris, Daniel C.;58.3%;4.2%;;;16.7%;4.2%;16.7%;;;;;;;;;;;;;;;;;
;;24100;Brit Lit After 1789;202610;Fall 2025;001;24229;Flory, Wendy S.;30.4%;13.0%;21.7%;;13.0%;4.3%;8.7%;;;;;;;;4.3%;;;;;;;;4.3%;
;;;Brit Lit After 1789-Honors;202610;Fall 2025;001;24229;Flory, Wendy S.;;;100.0%;;;;;;;;;;;;;;;;;;;;;
;;25000;Great American Books;202610;Fall 2025;001;26524;Lamb, Robert P.;24.0%;;32.0%;;16.0%;;;;4.0%;;;;;;8.0%;;;4.0%;;;;;12.0%;
;;26400;Bible As Literature;202610;Fall 2025;001;20091;Duran, Angelica A.;;9.1%;;;9.1%;4.5%;4.5%;;;13.6%;;;4.5%;;9.1%;;;;;;;;45.5%;
;;26600;World Lit To 1700 A D;202610;Fall 2025;002;21130;English, Marisa J.;71.4%;14.3%;;;7.1%;;7.1%;;;;;;;;;;;;;;;;;
;;28000;Games, Narrative, Culture;202610;Fall 2025;LC1;16018;Blackmon, Samantha;81.3%;;;;;;;12.5%;;;;;;;6.3%;;;;;;;;;
;;28600;The Movies;202610;Fall 2025;004;16451;Hughes, Shaun F.;27.8%;16.7%;50.0%;;;;;;;;;;;;;;;;;;;;5.6%;
;;;;;;005;18315;Hughes, Shaun F.;37.5%;18.8%;18.8%;;;6.3%;;6.3%;;;;;;;;;;;;;;;12.5%;
;;;;;;008;18160;Felluga, Dino F.;33.3%;16.7%;;;;12.5%;12.5%;;;12.5%;;;;;;;;4.2%;;;;;8.3%;
;;;The Movies-Honors;202610;Fall 2025;005;18315;Hughes, Shaun F.;;;100.0%;;;;;;;;;;;;;;;;;;;;;
;;30100;Ways Of Reading;202610;Fall 2025;001;19574;Sagar, Aparajita;30.4%;17.4%;13.0%;;4.3%;4.3%;30.4%;;;;;;;;;;;;;;;;;
;;;Ways Of Reading-Honors;202610;Fall 2025;001;19574;Sagar, Aparajita;50.0%;;50.0%;;;;;;;;;;;;;;;;;;;;;
;;30400;Advanced Composition;202610;Fall 2025;001;17173;Bras, Harris J.;57.9%;10.5%;;;5.3%;5.3%;5.3%;;;;;;;;5.3%;;;;;;;;10.5%;
;;;;;;002;25914;Bras, Harris J.;72.2%;11.1%;;;;;5.6%;;;;5.6%;;;;;;;;;;;;5.6%;
;;;;;;003;29072;Haynes, Linda E.;61.1%;5.6%;11.1%;;5.6%;;5.6%;;;;;;;;;;;;;;;;11.1%;
;;;Advanced Composition-Honors;202610;Fall 2025;002;25914;Bras, Harris J.;100.0%;;;;;;;;;;;;;;;;;;;;;;;
;;;;;;003;29072;Haynes, Linda E.;100.0%;;;;;;;;;;;;;;;;;;;;;;;
;;30600;Intro Profess Writing;202610;Fall 2025;001;19578;Bay, Jennifer L.;10.5%;21.1%;47.4%;;;;5.3%;;;;;;;;;10.5%;;;;;;;5.3%;
;;30900;Digital Design And Production;202610;Fall 2025;002;19567;Johnson, Michael D.;15.0%;15.0%;30.0%;;;;5.0%;5.0%;15.0%;;;;;;5.0%;;;;;;;;10.0%;
;;31600;Craft Of Fiction;202610;Fall 2025;001;26902;Gray, Casey M.;83.3%;;;;5.6%;;;5.6%;;;;;;;;;;;;;;;5.6%;
;;;;;;002;18168;Leung, Brian J.;44.4%;22.2%;;;;;11.1%;11.1%;;;;;;;;;;;;;;;11.1%;
;;;;;;003;30785;Gray, Casey M.;89.5%;;;;;;;5.3%;;;;;;;;;;;;;;;5.3%;
;;;Craft Of Fiction-Honors;202610;Fall 2025;001;26902;Gray, Casey M.;;;100.0%;;;;;;;;;;;;;;;;;;;;;
;;;;;;002;18168;Leung, Brian J.;100.0%;;;;;;;;;;;;;;;;;;;;;;;
;;31700;Craft Of Poetry;202610;Fall 2025;001;25911;Platt, Donald O.;43.8%;25.0%;6.3%;;;;6.3%;;;;;;;;6.3%;;;;;;;;12.5%;
;;;Craft Of Poetry-Honors;202610;Fall 2025;001;25911;Platt, Donald O.;;;100.0%;;;;;;;;;;;;;;;;;;;;;
;;32200;Word, Image, Media;202610;Fall 2025;001;18519;Lukasik, Christopher J.;20.0%;12.0%;16.0%;;16.0%;8.0%;24.0%;4.0%;;;;;;;;;;;;;;;;
;;35000;American Lit Before 1865;202610;Fall 2025;001;24232;Schneider, Paul R.;28.0%;40.0%;;;12.0%;4.0%;8.0%;;;;;;;;;;;;;;;;8.0%;
;;35800;Black Drama;202610;Fall 2025;001;26901;Schneider, Paul R.;20.0%;35.0%;;;5.0%;5.0%;30.0%;;;5.0%;;;;;;;;;;;;;;
;;36000;Gender And Literature;202610;Fall 2025;001;16249;David, Marlo D.;12.0%;28.0%;4.0%;;8.0%;8.0%;8.0%;4.0%;;8.0%;4.0%;;;;12.0%;;;;;;;;4.0%;
;;37300;Science Fict & Fantasy;202610;Fall 2025;002;17197;Armstrong, S D.;52.0%;24.0%;;;4.0%;;4.0%;;;;4.0%;;;;4.0%;;;;;;;;8.0%;
;;;;;;006;30712;Rosell, Carla B.;18.2%;22.7%;;;18.2%;4.5%;4.5%;13.6%;;;;;;;9.1%;;;;;;;;9.1%;
;;;;;;007;30716;Rosell, Carla B.;28.6%;;;;23.8%;9.5%;4.8%;4.8%;;;;;;;9.5%;;;;;;;;19.0%;
;;37401;Medieval British Literature;202610;Fall 2025;001;27194;Leaman, Kristin B.;35.7%;7.1%;21.4%;;;;;;;;;;;;14.3%;;;;;;;;21.4%;
;;;Medieval British Lit-Honors;202610;Fall 2025;001;27194;Leaman, Kristin B.;;;100.0%;;;;;;;;;;;;;;;;;;;;;
;;37900;The Short Story;202610;Fall 2025;001;16889;Lamb, Robert P.;24.0%;12.0%;28.0%;;12.0%;4.0%;4.0%;8.0%;;;;;;;;4.0%;;;;;;;4.0%;
;;38600;History Of Film To 1950;202610;Fall 2025;002;64290;Duvall, John N.;57.1%;14.3%;;;14.3%;;;14.3%;;;;;;;;;;;;;;;;
;;39000;Pract Tutoring Writing;202610;Fall 2025;001;29394;Joseph, Eric;58.3%;16.7%;16.7%;;;8.3%;;;;;;;;;;;;;;;;;;
;;39100;Comp For Engl Teachers;202610;Fall 2025;001;30339;Carpenter, Kelly J.;47.4%;21.1%;26.3%;;;;;;;;;;;;5.3%;;;;;;;;;
;;39200;Young Adult Literature;202610;Fall 2025;001;30342;Lennon, Mary Ellen;24.0%;16.0%;32.0%;;4.0%;12.0%;;12.0%;;;;;;;;;;;;;;;;
;;39600;Games Writing;202610;Fall 2025;006;18521;Blackmon, Samantha;100.0%;;;;;;;;;;;;;;;;;;;;;;;
;;;Games Writing-Honors;202610;Fall 2025;006;18521;Blackmon, Samantha;100.0%;;;;;;;;;;;;;;;;;;;;;;;
;;40900;Intermediate Fiction Writing;202610;Fall 2025;002;46129;Leung, Brian J.;50.0%;12.5%;12.5%;;12.5%;;6.3%;;;;;;;;;;;;;;;;6.3%;
;;;;;;003;17447;Solwitz, Sharon D.;37.5%;6.3%;6.3%;;;12.5%;18.8%;;;6.3%;;;;;;6.3%;;;;;;;6.3%;
;;41900;Multimedia Writing;202610;Fall 2025;003;30783;Celik, Allan B.;15.0%;10.0%;60.0%;;;5.0%;10.0%;;;;;;;;;;;;;;;;;
;;42000;Business Writing;202610;Fall 2025;001;43010;Hughes, Jennifer J.;85.0%;;;;5.0%;;;5.0%;;;5.0%;;;;;;;;;;;;;
;;;;;;Y01;21285;Bailey, Rachael D.;15.8%;26.3%;;;10.5%;5.3%;31.6%;;5.3%;5.3%;;;;;;;;;;;;;;
;;;;;;Y02;21288;Bailey, Rachael D.;25.0%;35.0%;;;10.0%;5.0%;20.0%;;5.0%;;;;;;;;;;;;;;;
;;;;;;Y03;21289;Bailey, Rachael D.;47.4%;10.5%;;;5.3%;5.3%;21.1%;;;5.3%;;;5.3%;;;;;;;;;;;
;;;;;;Y04;21290;Bailey, Rachael D.;21.1%;10.5%;;;15.8%;5.3%;31.6%;5.3%;5.3%;5.3%;;;;;;;;;;;;;;
;;;;;;Y05;21291;Defrench, Melissa K.;10.5%;10.5%;78.9%;;;;;;;;;;;;;;;;;;;;;
;;;;;;Y06;25418;Defrench, Melissa K.;15.8%;10.5%;47.4%;;;5.3%;15.8%;;;;;;;;;;;;;;;;5.3%;
;;;;;;Y07;25419;Wegener, Susan E.;10.0%;20.0%;45.0%;;5.0%;5.0%;5.0%;;;5.0%;;;5.0%;;;;;;;;;;;
;;;;;;Y08;25420;Bailey, Rachael D.;10.5%;26.3%;;;15.8%;5.3%;21.1%;5.3%;5.3%;10.5%;;;;;;;;;;;;;;
;;;;;;Y09;25662;Lark, Jolene B.;40.0%;45.0%;5.0%;;;;10.0%;;;;;;;;;;;;;;;;;
;;;;;;Y10;25663;Beard, Daniela M.;66.7%;27.8%;;;;;5.6%;;;;;;;;;;;;;;;;;
;;42100;Technical Writing;202610;Fall 2025;004;19129;Clark, Tracy L.;25.0%;25.0%;25.0%;;5.0%;5.0%;15.0%;;;;;;;;;;;;;;;;;
;;;;;;020;33368;Clark, Tracy L.;42.1%;21.1%;26.3%;;;;5.3%;;;;;5.3%;;;;;;;;;;;;
;;;;;;021;33369;Kaiser Lee, Karen A.;95.0%;;;;5.0%;;;;;;;;;;;;;;;;;;;
;;;;;;024;33455;Clark, Tracy L.;42.1%;26.3%;10.5%;;10.5%;;5.3%;;;;;;;;;;;;;;;;5.3%;
;;;;;;025;33456;Welch, Jessica R.;100.0%;;;;;;;;;;;;;;;;;;;;;;;
;;;;;;026;33457;Clark, Tracy L.;47.4%;10.5%;21.1%;;5.3%;5.3%;5.3%;;;;;;;;;;;;;;;;5.3%;
;;;;;;029;21724;Long, Alexander C.;10.0%;5.0%;;;30.0%;;55.0%;;;;;;;;;;;;;;;;;
;;;;;;030;21731;Wicks, Heather N.;61.1%;16.7%;11.1%;;;;11.1%;;;;;;;;;;;;;;;;;
;;;;;;031;21732;Rezaee, Parvaneh;15.0%;10.0%;70.0%;;;;5.0%;;;;;;;;;;;;;;;;;
;;;;;;032;21735;Long, Alexander C.;;25.0%;;;30.0%;5.0%;30.0%;;;5.0%;;;;;5.0%;;;;;;;;;
;;;;;;033;21737;Leary, Amanda E.;31.6%;21.1%;31.6%;;;5.3%;10.5%;;;;;;;;;;;;;;;;;
;;;;;;034;21739;Hughes, Jennifer J.;78.9%;;;;15.8%;;;5.3%;;;;;;;;;;;;;;;;
;;;;;;035;21740;Hughes, Jennifer J.;80.0%;;;;20.0%;;;;;;;;;;;;;;;;;;;
;;;;;;036;23239;Hughes, Jennifer J.;90.0%;;;;5.0%;;;;;;;;;;;;;;;;;;5.0%;
;;;;;;037;29326;Kaiser Lee, Karen A.;95.0%;;;;5.0%;;;;;;;;;;;;;;;;;;;
;;;;;;038;29327;Kaiser Lee, Karen A.;100.0%;;;;;;;;;;;;;;;;;;;;;;;
;;;;;;041;30777;Long, Alexander C.;;26.3%;;;10.5%;;52.6%;;;;;;5.3%;;5.3%;;;;;;;;;
;;;;;;042;30779;Long, Alexander C.;10.5%;15.8%;;;15.8%;21.1%;31.6%;;;;;;;;;;;;;;;;5.3%;
;;;;;;043;31146;Sobolak, Frances E.;45.0%;5.0%;15.0%;;5.0%;;20.0%;5.0%;5.0%;;;;;;;;;;;;;;;
;;42201;Wrtg Health Human Sciences;202610;Fall 2025;001;18525;Griffin, Mark;;5.0%;90.0%;;;;;;;;;;;;;;;;;;;;5.0%;
;;;;;;002;18530;Johnson, Richard D.;30.0%;15.0%;;;15.0%;5.0%;35.0%;;;;;;;;;;;;;;;;;
;;43201;Editing And Publishing;202610;Fall 2025;001;29310;Kaiser Lee, Karen A.;62.5%;;;;25.0%;;;;;;;;;;;;;;;;;;12.5%;
;;44200;Shakespeare;202610;Fall 2025;001;19807;White, Paul W.;37.5%;6.3%;31.3%;;;;;;;;;;;;;;;;;;;;25.0%;
;;50900;Adv Fiction Writing;202610;Fall 2025;001;17452;Solwitz, Sharon D.;35.3%;11.8%;17.6%;;11.8%;5.9%;11.8%;;;;;;;;;;;;;;;;5.9%;
;;51500;Adv Professional Writ;202610;Fall 2025;001;33070;Johnson, Richard D.;46.7%;26.7%;;;;6.7%;20.0%;;;;;;;;;;;;;;;;;
ENGR;ENGR-Engineering;10301;BIDC: Intro To Manufacturing;202610;Fall 2025;005;11994;Pal, Anirudh;86.7%;;;;2.7%;;;1.3%;;;;;;;;;;;;;;;9.3%;
;;;Changing The World With Chips;202610;Fall 2025;028;28089;Swabey, Matthew A.;77.9%;;;;12.1%;;;4.3%;;;1.4%;;;;1.4%;;;;;;;;2.9%;
;;;Constr Eng: Exp Learn & Lead;202610;Fall 2025;031;33110;Fulk, Brandon M.;9.1%;4.5%;77.3%;;;;4.5%;;;;;;;;;;;;;;;;4.5%;
;;;Engineering And Climate Change;202610;Fall 2025;015;26544;Payne Haugen, Lindsey B.;89.7%;;;;;;6.9%;3.4%;;;;;;;;;;;;;;;;
;;;FYE Honors Project & Prof Dev;202610;Fall 2025;H20;23646;Brophy, Sean;100.0%;;;;;;;;;;;;;;;;;;;;;;;
;;;FYE Professional Development;202610;Fall 2025;008;24710;Bayley, Susan R.;97.3%;;;;0.7%;;;0.7%;;;0.7%;;;;;;;;;;;;0.7%;
;;;;;;016;28761;Strickland, Jennifer N.;98.7%;;;;;;;;;;0.7%;;;;;;;;;;;;0.7%;
;;;;;;034;15217;Strickland, Jennifer N.;98.0%;;;;;;;0.7%;;;;;;;;;;;;;;;1.3%;
;;;GRIT+ & Engineering-Honors;202610;Fall 2025;H01;25242;Mosher, Nicole M.;90.9%;;;;9.1%;;;;;;;;;;;;;;;;;;;
;;;Intro To ENGR In Practice;202610;Fall 2025;LC2;24435;Cotten, Caitlin A.;94.9%;;;;;2.6%;;;;;;;;;;;;;;;;;2.6%;
;;;Intro To Undergrad Research;202610;Fall 2025;007;24545;Howarter, John A.;77.6%;;;;6.9%;;;5.2%;;;1.7%;;;;;;;;;;;;8.6%;
;;;;;;032;33114;Howarter, John A.;78.9%;;;;3.5%;;;8.8%;;;;;;;1.8%;;;;;;;;7.0%;
;;;Keys To Learning;202610;Fall 2025;022;14930;Melloch, Michael R.;44.1%;0.9%;49.5%;;1.8%;;;;;0.9%;;;;;0.9%;;;;;;;;1.8%;
;;;;;;023;21736;Melloch, Michael R.;41.5%;1.1%;55.3%;;;;;;;;;;;;1.1%;;;;;;;;1.1%;
;;;;;;033;33517;Melloch, Michael R.;48.4%;2.2%;42.9%;;2.2%;1.1%;1.1%;;;1.1%;;;;;;;;;;;;;1.1%;
;;;MEP First Year Success Seminar;202610;Fall 2025;037;30067;Markey, Tamara L.;88.9%;;;;2.2%;;;;;;;;;;;;;;;;;;8.9%;
;;;Pharma Careers-Lilly Scholars;202610;Fall 2025;025;24458;Francis, Patrick M.;87.3%;;;;7.0%;;;2.8%;;;1.4%;;;;;;;;;;;;1.4%;
;;;Smart Cities & Infrastructure;202610;Fall 2025;021;21210;Rajkarnikar, Rabita;98.2%;;;;;;;;;;;;;;;;;;;;;;1.8%;
;;;Nuclear Eng In Practice;202610;Fall 2025;013;25889;Bindra, Hitesh;;2.8%;83.3%;;2.8%;5.6%;;;2.8%;;;;;;2.8%;;;;;;;;;
;;;Defense And National Security;202610;Fall 2025;018;30811;Beaudoin, Stephen P.;;;97.9%;;;;;;;;;;;;;;;;;;;;2.1%;
;;13000;Transform Ideas To Innovations;202610;Fall 2025;001;27862;Brophy, Sean;60.8%;8.9%;2.5%;;13.9%;1.3%;5.1%;1.3%;;2.5%;1.3%;;;;1.3%;;;;;;;;1.3%;
;;;Trnsfrm Ideas Innvtns - Honors;202610;Fall 2025;001;27862;Brophy, Sean;100.0%;;;;;;;;;;;;;;;;;;;;;;;
;;;Trnsfrm Ideas Innvtns – Honors;202610;Fall 2025;001;27862;Brophy, Sean;77.8%;11.1%;11.1%;;;;;;;;;;;;;;;;;;;;;
;;13100;Trans Ideas To Innovation I;202610;Fall 2025;015;20921;Ferdoush, Shumaiya;50.0%;28.0%;;;5.9%;5.1%;10.2%;;;0.8%;;;;;;;;;;;;;;
;;;;;;021;11803;Mcfall, Gary T.;37.8%;30.5%;;;9.8%;7.3%;9.8%;1.2%;1.2%;1.2%;;;;;;;;;;;;;1.2%;
;;;;;;022;11805;Mcfall, Gary T.;48.7%;27.7%;;;7.6%;1.7%;9.2%;1.7%;1.7%;0.8%;;;;;;;;;;;;;0.8%;
;;;;;;023;17073;Mcfall, Gary T.;50.0%;30.0%;;;6.7%;0.8%;6.7%;;1.7%;3.3%;0.8%;;;;;;;;;;;;;
;;;;;;024;17093;Gray, Andrew J.;35.6%;43.2%;;;9.3%;1.7%;7.6%;;;1.7%;;;;;0.8%;;;;;;;;;
;;;;;;111;11810;Aguilar, Jeannete G.;42.7%;32.5%;;;4.3%;2.6%;13.7%;;;3.4%;;;;;;;;;;;;;0.9%;
;;;;;;112;11811;Aguilar, Jeannete G.;60.8%;20.8%;;;6.7%;4.2%;5.8%;0.8%;;0.8%;;;;;;;;;;;;;;
;;;;;;114;24504;Galarza Tohen, Beatriz A.;65.5%;19.3%;;;0.8%;1.7%;9.2%;0.8%;0.8%;0.8%;;;;;;;;;;;;;0.8%;
;;;;;;121;11793;Aguilar, Jeannete G.;55.0%;27.5%;;;3.7%;1.8%;8.3%;1.8%;;;0.9%;;;;;;;;;;;;0.9%;
;;;;;;122;11797;Wible, Kathleen J.;44.2%;29.2%;;;7.5%;5.8%;10.0%;0.8%;;0.8%;0.8%;;;;;;;;;;;;0.8%;
;;;;;;125;32546;Wible, Kathleen J.;55.1%;30.5%;;;2.5%;3.4%;4.2%;2.5%;0.8%;;;;;;;;;;;;;;0.8%;
;;;;;;211;23450;Galarza Tohen, Beatriz A.;56.0%;25.9%;;;3.4%;3.4%;6.0%;0.9%;;1.7%;1.7%;;;;;;;;;;;;0.9%;
;;;;;;215;32986;Morphew, Jason W.;42.5%;31.7%;;;7.5%;5.0%;10.8%;;;1.7%;;;;;;;;;;;;;0.8%;
;;;;;;222;11809;Ferdoush, Shumaiya;52.9%;31.9%;;;5.0%;2.5%;6.7%;;;0.8%;;;;;;;;;;;;;;
;;;;;;223;24423;Ferdoush, Shumaiya;63.9%;20.2%;;;5.9%;1.7%;6.7%;;;0.8%;;;;;;;;;;;;;0.8%;
;;;;;;LC1;32547;Wible, Kathleen J.;72.0%;20.0%;;;4.0%;;4.0%;;;;;;;;;;;;;;;;;
;;;;;;LC2;20919;Galarza Tohen, Beatriz A.;80.4%;16.3%;;;;2.2%;1.1%;;;;;;;;;;;;;;;;;
;;;;;;SC2;23510;Mcfall, Gary T.;59.7%;19.3%;;;4.2%;3.4%;10.9%;0.8%;;0.8%;;;;;;;;;;;;;0.8%;
;;13200;Trans Ideas To Innovation II;202610;Fall 2025;204;11777;Wertz, Ruth E.;14.9%;23.9%;;;11.9%;7.5%;28.4%;4.5%;;1.5%;3.0%;;;;1.5%;;;;;;;;3.0%;
;;;;;;205;11784;Wertz, Ruth E.;14.3%;18.4%;;;16.3%;12.2%;12.2%;6.1%;2.0%;6.1%;4.1%;;;;;2.0%;;;;;;;6.1%;
;;13300;Trans Ideas To Innov EPICS/VIP;202610;Fall 2025;LC1;11762;Taghian Dinani, Soudabeh;68.7%;10.4%;;;7.0%;1.7%;6.1%;2.6%;;0.9%;0.9%;;;;;;;;;;;;1.7%;
;;;;;;LC2;11765;Samuel, Aamod G.;87.4%;3.4%;;;1.7%;0.8%;6.7%;;;;;;;;;;;;;;;;;
;;;;;;LC3;11773;Samuel, Aamod G.;66.1%;6.8%;;;9.3%;;8.5%;3.4%;;3.4%;;;;;1.7%;;;;;;;;0.8%;
;;;;;;LC4;32757;Manning, Benjamin T.;83.8%;3.8%;;;6.3%;;5.0%;;;1.3%;;;;;;;;;;;;;;
;;;;;;LC5;24506;Manning, Benjamin T.;80.5%;2.5%;;;4.2%;0.8%;6.8%;;;;1.7%;;;;1.7%;;;;;;;;1.7%;
;;;;;;LC9;23432;Cole, John H.;78.5%;7.4%;;;4.1%;0.8%;5.8%;1.7%;;0.8%;;;;;;;;;;;;;0.8%;
;;;Trns Ideas EPICS/VIP-Honors;202610;Fall 2025;LC1;11762;Taghian Dinani, Soudabeh;100.0%;;;;;;;;;;;;;;;;;;;;;;;
;;;;;;LC3;11773;Samuel, Aamod G.;100.0%;;;;;;;;;;;;;;;;;;;;;;;
;;;;;;LC5;24506;Manning, Benjamin T.;100.0%;;;;;;;;;;;;;;;;;;;;;;;
;;16100;Honors Intro To Phys & Engr I;202610;Fall 2025;H01;19049;Whalen, Timothy M.;62.5%;4.2%;;;13.9%;;8.3%;4.2%;;4.2%;;;;;;;;;;;;;2.8%;
;;;;;;H03;19050;Lee, Dong Hoon;43.8%;10.4%;;;31.3%;;6.3%;6.3%;;;;;;;;;;;;;;;2.1%;
;;;;;;H05;19055;Lee, Dong Hoon;59.0%;8.2%;;;23.0%;1.6%;1.6%;6.6%;;;;;;;;;;;;;;;;
;;;;;;H07;19056;Whalen, Timothy M.;60.0%;7.3%;;;18.2%;;5.5%;1.8%;;7.3%;;;;;;;;;;;;;;
;;;;;;H09;29458;Brophy, Sean;53.3%;3.3%;3.3%;;16.7%;;16.7%;6.7%;;;;;;;;;;;;;;;;
;;19400;Women Engr Seminar;202610;Fall 2025;001;19992;Zurn-Birkhimer, Suzanne M.;31.7%;4.0%;52.4%;;0.8%;3.2%;3.2%;;;;;;;;1.6%;;;;;;;;3.2%;
;;;;;;002;19993;Zurn-Birkhimer, Suzanne M.;38.3%;0.9%;50.4%;;;;6.1%;0.9%;;0.9%;;;;;0.9%;;;;;;;;1.7%;
;;29600;GEARE Pro Experience Prep;202610;Fall 2025;002;22794;Rios-Rojas, Gabriel O.;100.0%;;;;;;;;;;;;;;;;;;;;;;;
;;;;;;003;27014;Rios-Rojas, Gabriel O.;97.3%;;;;1.8%;;;;;;;;;;0.9%;;;;;;;;;
;;;Kiewit Scholar Seminar;202610;Fall 2025;001;22396;Mcfall-Wankat, Tyson J.;;;;;;;;;;;;;;;;;;;;100.0%;;;;
;;29701;Global Engineering Orientation;202610;Fall 2025;002;16091;Rios-Rojas, Gabriel O.;;;96.0%;;;;;;;;;;;;;;;;;;;;4.0%;
;;;;;;004;16093;Rios-Rojas, Gabriel O.;;6.9%;93.1%;;;;;;;;;;;;;;;;;;;;;
;;;;;;008;29365;Buntain, Leighton A.;;;91.7%;;;;;;;;;;;;;;;;;;;;8.3%;
;;31000;Engineering In Global Context;202610;Fall 2025;001;23425;DeBoer, Jennifer J.;32.1%;14.3%;7.1%;;14.3%;;3.6%;3.6%;7.1%;10.7%;;;3.6%;;;3.6%;;;;;;;;
;;;;;;002;28066;DeBoer, Jennifer J.;30.0%;25.0%;20.0%;;;15.0%;5.0%;5.0%;;;;;;;;;;;;;;;;
;;39600;Springer Executive Forum;202610;Fall 2025;001;32386;Oakes, William C.;29.7%;5.5%;54.9%;;2.2%;;4.4%;;1.1%;;;;;;;;;;;;;;2.2%;
;;40400;Instr,Mentorshp&Ldrshp-Honors;202610;Fall 2025;H01;28457;Campbell, Makenzie R.;100.0%;;;;;;;;;;;;;;;;;;;;;;;
;;;;;;H02;28458;Campbell, Makenzie R.;100.0%;;;;;;;;;;;;;;;;;;;;;;;
;;40600;Engr Ambassador Seminar;202610;Fall 2025;001;60252;Engelberth, Nathan P.;;;100.0%;;;;;;;;;;;;;;;;;;;;;
;;49700;Global Engineering Capstone;202610;Fall 2025;001;16347;Buntain, Leighton A.;;;;;;;;;;;;;;;;;;100.0%;;;;;;
;;50200;Engineering Leadership;202610;Fall 2025;001;33351;Hutcheson, John S.;39.4%;;;;45.5%;;;9.1%;;;;;;;;;;;;;;;6.1%;
;;59600;Autonomy, IoT, & Robotics Proj;202610;Fall 2025;008;32358;Mou, Shaoshuai;75.0%;;12.5%;;;6.3%;6.3%;;;;;;;;;;;;;;;;;
;;;Social Innovation And Business;202610;Fall 2025;002;31372;Vandevoorde, Eric A.;90.0%;2.5%;;;;;7.5%;;;;;;;;;;;;;;;;;
;;;Technical Product Management;202610;Fall 2025;004;17021;Crynes, Lawrence L.;88.6%;;2.9%;;5.7%;;;;;;;;;;;;;;;;;;2.9%;
;;69299;Pro Prac Grad Co-Op II;202610;Fall 2025;001;10567;Strickland, Jennifer N.;;;;;;;;;;;;;;;;;;;;100.0%;;;;
;;;;;;002;26954;Hull, Karen E.;;;;;;;;;;;;;;;;;;;;100.0%;;;;
;;69399;Pro Prac Grad Co-Op III;202610;Fall 2025;002;26958;Hull, Karen E.;;;;;;;;;;;;;;;;;;;;100.0%;;;;
;;69699;Pro Prac Grad Intern;202610;Fall 2025;001;10570;Strickland, Jennifer N.;;;;;;;;;;;;;;;;;;;;100.0%;;;;
ENGT;ENGT-Engineering Technology;18200;Gateway To Engineering Tech;202610;Fall 2025;012;26771;Newell, Brittany A.;60.9%;;;;22.8%;;;7.6%;;;4.3%;;;;2.2%;;;;;;;;2.2%;
;;;;;;013;26770;Newell, Brittany A.;58.4%;;;;26.7%;;;10.9%;;;3.0%;;;;1.0%;;;;;;;;;
;;;;;;SC1;26769;Newell, Brittany A.;50.5%;;;;33.3%;;;7.2%;;;1.8%;;;;5.4%;;;;;;;;1.8%;
;;;Gateway To Engr Tech-Honors;202610;Fall 2025;012;26771;Newell, Brittany A.;100.0%;;;;;;;;;;;;;;;;;;;;;;;
;;;Gtwy To Engnrig Tech - Honors;202610;Fall 2025;013;26770;Newell, Brittany A.;100.0%;;;;;;;;;;;;;;;;;;;;;;;
;;;;;;SC1;26769;Newell, Brittany A.;100.0%;;;;;;;;;;;;;;;;;;;;;;;
;;;Gtwy To Engnrng Tech - Honors;202610;Fall 2025;SC1;26769;Newell, Brittany A.;100.0%;;;;;;;;;;;;;;;;;;;;;;;
;;48000;ET Capstone I;202610;Fall 2025;003;24848;Berry, Frederick C.;27.5%;;51.0%;;7.8%;;8.8%;;;3.9%;;;;;1.0%;;;;;;;;;
;;;;;;020;14758;Berry, Frederick C.;26.9%;;49.1%;;5.6%;5.6%;11.1%;;;1.9%;;;;;;;;;;;;;;
;;48100;ET Capstone II;202610;Fall 2025;003;24847;Berry, Frederick C.;28.6%;;39.7%;;14.3%;3.2%;11.1%;;;;;;;;1.6%;;;;;;;;1.6%;
;;50100;Graduate Research Seminar;202610;Fall 2025;001;19134;Hutcheson, John S.;92.3%;;;;;;;7.7%;;;;;;;;;;;;;;;;
ENTM;ENTM-Entomology;10100;Insect Biol Grand Challenges;202610;Fall 2025;001;14202;Ginzel, Matthew D.;69.0%;;;;20.7%;;;3.4%;;;3.4%;;;;3.4%;;;;;;;;;
;;10500;Insects Friend And Foe;202610;Fall 2025;004;67231;Decker, Brenna L.;28.6%;24.3%;;;10.0%;1.4%;20.0%;1.4%;1.4%;5.7%;1.4%;;;;1.4%;;;;;;;;4.3%;
;;;;;;005;11535;Decker, Brenna L.;39.7%;25.0%;2.9%;;5.9%;7.4%;10.3%;2.9%;1.5%;1.5%;1.5%;;;;;;;;;;;;1.5%;
;;20100;Sci & Technical Communication;202610;Fall 2025;001;10453;Kaplan, Ian;71.4%;;;;19.0%;;;;;;;;;;9.5%;;;;;;;;;
;;20600;General Entomology;202610;Fall 2025;001;20028;Decker, Brenna L.;12.1%;16.7%;12.1%;;15.2%;9.1%;16.7%;3.0%;1.5%;1.5%;1.5%;1.5%;3.0%;;;;;;;;;;6.1%;
;;20700;General Entomology Lab;202610;Fall 2025;001;20029;Decker, Brenna L.;11.1%;11.1%;11.1%;;22.2%;5.6%;16.7%;;;5.6%;;11.1%;5.6%;;;;;;;;;;;
;;;;;;003;20031;Decker, Brenna L.;10.5%;;21.1%;;21.1%;10.5%;5.3%;;5.3%;;;;;;5.3%;;;;;;;;21.1%;
;;;;;;004;20032;Decker, Brenna L.;5.0%;20.0%;25.0%;;5.0%;;15.0%;5.0%;;10.0%;;5.0%;;;;;;;;;;;10.0%;
;;22810;Forensic Investigation;202610;Fall 2025;001;12053;Hans, Krystal R.;5.0%;20.7%;1.1%;;22.9%;5.6%;22.9%;7.8%;1.7%;6.1%;0.6%;;0.6%;;2.8%;;;;;;;;2.2%;
;;22830;Forensic Testimony & Ethics;202610;Fall 2025;003;16997;Hans, Krystal R.;37.7%;23.0%;9.8%;;13.1%;1.6%;11.5%;;;2.5%;;;;;;;;;;;;;0.8%;
;;30100;Experimentation And Analysis;202610;Fall 2025;001;10454;Richmond, Douglas S.;63.6%;;;;31.8%;;;4.5%;;;;;;;;;;;;;;;;
;;33500;Intro Insect Identif;202610;Fall 2025;002;16044;Smith, Aaron D.;55.6%;;;;27.8%;;;5.6%;;;5.6%;;;;5.6%;;;;;;;;;
;;39300;Insect Biology Practicum;202610;Fall 2025;003;29770;Decker, Brenna L.;;;;;;;;;;;;;;;;;5.0%;95.0%;;;;;;
;;41000;Applied Insect Biology;202610;Fall 2025;001;10880;Ingwell, Laura L.;17.2%;58.6%;;;6.9%;;17.2%;;;;;;;;;;;;;;;;;
;;41001;Insects Of Urban Landscapes;202610;Fall 2025;001;10886;Ingwell, Laura L.;70.8%;12.5%;;;;4.2%;;4.2%;;4.2%;;;;;4.2%;;;;;;;;;
;;42890;Forensic Science Teaching;202610;Fall 2025;001;11174;Hans, Krystal R.;;;;;;;;;;;;;;;;;;95.5%;;;;;4.5%;
;;69200;Data Visualization;202610;Fall 2025;001;13585;Enders, Laramy S.;100.0%;;;;;;;;;;;;;;;;;;;;;;;
ENTR;ENTR-Entrepreneurship;20000;Intro Entr & Innov;202610;Fall 2025;001;20120;Reiff, Mark A.;15.0%;10.0%;60.0%;;5.0%;5.0%;2.5%;;;;;;;;;;;;;;;;2.5%;
;;;;;;002;20121;Woody, Lucas T.;40.9%;22.7%;25.0%;;;;9.1%;;;2.3%;;;;;;;;;;;;;;
;;;;;;003;20118;Reiff, Mark A.;16.3%;9.3%;65.1%;;4.7%;2.3%;2.3%;;;;;;;;;;;;;;;;;
;;;;;;004;16617;Woody, Lucas T.;20.9%;20.9%;27.9%;;7.0%;7.0%;7.0%;;2.3%;2.3%;;;;;;;;;;;;;4.7%;
;;;;;;005;18684;Woody, Lucas T.;25.0%;31.8%;15.9%;;4.5%;2.3%;15.9%;;2.3%;2.3%;;;;;;;;;;;;;;
;;;;;;006;24473;Romero-Day, Jorge A.;36.4%;27.3%;13.6%;;2.3%;2.3%;11.4%;;2.3%;2.3%;;;;;;;;;;;;;2.3%;
;;;;;;007;18688;Romero-Day, Jorge A.;24.4%;17.1%;19.5%;;7.3%;2.4%;22.0%;2.4%;4.9%;;;;;;;;;;;;;;;
;;;;;;008;21722;Davis, Rick B.;27.9%;23.3%;34.9%;;;2.3%;11.6%;;;;;;;;;;;;;;;;;
;;;;;;009;27307;Indiano, Joseph D.;26.2%;33.3%;;;7.1%;14.3%;9.5%;;2.4%;2.4%;;;;;;;;;;;;;4.8%;
;;;;;;LC1;18707;Davis, Jack E.;37.1%;17.1%;28.6%;;;2.9%;5.7%;;;2.9%;;;;;;;;;;;;;5.7%;
;;;;;;LC2;21699;Davis, Rick B.;20.0%;10.0%;37.5%;;5.0%;2.5%;20.0%;;;5.0%;;;;;;;;;;;;;;
;;;Intro Entr & Innov-Honors;202610;Fall 2025;001;20120;Reiff, Mark A.;50.0%;;50.0%;;;;;;;;;;;;;;;;;;;;;
;;;;;;006;24473;Romero-Day, Jorge A.;;100.0%;;;;;;;;;;;;;;;;;;;;;;
;;;;;;LC2;21699;Davis, Rick B.;;;100.0%;;;;;;;;;;;;;;;;;;;;;
;;31000;Mktg Mgmt For New Ventures;202610;Fall 2025;001;52449;Smith, Terry R.;12.8%;12.8%;66.7%;;2.6%;2.6%;2.6%;;;;;;;;;;;;;;;;;
;;;;;;002;52451;Smith, Terry R.;17.5%;7.5%;72.5%;;;;2.5%;;;;;;;;;;;;;;;;;
;;;;;;003;64268;Scott, Timothy D.;26.2%;9.5%;42.9%;;2.4%;9.5%;2.4%;2.4%;;4.8%;;;;;;;;;;;;;;
;;;;;;004;21698;Scott, Timothy D.;21.4%;23.8%;21.4%;;11.9%;7.1%;7.1%;2.4%;;2.4%;;;;;;;;;;;;;2.4%;
;;;;;;005;21712;Paden, Bob;37.9%;20.7%;24.1%;;10.3%;3.4%;3.4%;;;;;;;;;;;;;;;;;
;;;;;;006;16661;Paden, Bob;26.7%;20.0%;20.0%;;6.7%;;13.3%;6.7%;6.7%;;;;;;;;;;;;;;;
;;;;;;010;25866;Paden, Bob;20.7%;27.6%;10.3%;;6.9%;3.4%;10.3%;3.4%;;6.9%;3.4%;;;;3.4%;;;;;;;;3.4%;
;;;Mktg Mgmt For New Vent-Honors;202610;Fall 2025;002;52451;Smith, Terry R.;;;100.0%;;;;;;;;;;;;;;;;;;;;;
;;31500;Bus Planning For Social Entr;202610;Fall 2025;001;20571;Woody, Lucas T.;21.9%;53.1%;3.1%;;;3.1%;15.6%;;;;;;;;;;;;;;;;3.1%;
;;32500;Global Entr & Innovation;202610;Fall 2025;001;28962;Romero-Day, Jorge A.;21.7%;21.7%;30.4%;;13.0%;8.7%;4.3%;;;;;;;;;;;;;;;;;
;;46000;Internship And Career Prep;202610;Fall 2025;001;17172;Wheadon, Mandy J.;9.1%;22.7%;40.9%;;1.5%;3.0%;9.1%;4.5%;3.0%;1.5%;;;1.5%;;1.5%;;;;;;;;1.5%;
;;;;;;002;24404;Mcnamee, Kathleen E.;16.9%;13.8%;44.6%;;6.2%;1.5%;9.2%;;;1.5%;;;1.5%;;1.5%;;;;;;;;3.1%;
;;48000;Entr Ldrship &Careers-Honors;202610;Fall 2025;001;37242;Woods, Susan B.;100.0%;;;;;;;;;;;;;;;;;;;;;;;
;;;Entr Leadership And Careers;202610;Fall 2025;001;37242;Woods, Susan B.;55.7%;9.8%;23.0%;;4.9%;;6.6%;;;;;;;;;;;;;;;;;
;;48100;Consulting For Emerging Entr;202610;Fall 2025;002;69192;Woods, Susan B.;18.8%;12.5%;62.5%;;;;;;;;;;;;6.3%;;;;;;;;;
EPCS;EPCS-Engr Proj Cmity Service;11100;First Yr Participation EPICS I;202610;Fall 2025;004;11398;Pierce, Andrew L.;36.4%;36.4%;;;9.1%;;18.2%;;;;;;;;;;;;;;;;;
;;;;;;007;14602;Mason, Michael B.;41.7%;;50.0%;;;;8.3%;;;;;;;;;;;;;;;;;
;;;;;;008;11378;Stevens, Brandon R.;36.4%;9.1%;18.2%;;18.2%;;9.1%;;;9.1%;;;;;;;;;;;;;;
;;;;;;010;11393;Jaiswal, Aparajita;100.0%;;;;;;;;;;;;;;;;;;;;;;;
;;;;;;011;11402;Pierce, Andrew L.;45.5%;9.1%;18.2%;;;;;9.1%;18.2%;;;;;;;;;;;;;;;
;;;;;;016;11416;Williams, Charese M.;100.0%;;;;;;;;;;;;;;;;;;;;;;;
;;;;;;017;11418;Jamieson, Leah H.;61.5%;15.4%;15.4%;;;;;;;7.7%;;;;;;;;;;;;;;
;;;;;;024;11417;Madsen, Bret J.;50.0%;;21.4%;;7.1%;7.1%;;;;;;;7.1%;;;;;;;;;;7.1%;
;;;;;;025;22312;Manning, Benjamin T.;46.2%;53.8%;;;;;;;;;;;;;;;;;;;;;;
;;;;;;029;11400;Stevens, Brandon R.;91.7%;;8.3%;;;;;;;;;;;;;;;;;;;;;
;;;;;;032;11386;Huycke, Jason;36.4%;27.3%;36.4%;;;;;;;;;;;;;;;;;;;;;
;;;;;;033;14875;Manning, Benjamin T.;83.3%;;;;16.7%;;;;;;;;;;;;;;;;;;;
;;;;;;042;20696;Pierce, Andrew L.;61.5%;15.4%;;;15.4%;;;;;;;;7.7%;;;;;;;;;;;
;;;;;;044;13621;Samuel, Aamod G.;50.0%;14.3%;35.7%;;;;;;;;;;;;;;;;;;;;;
;;;;;;051;11403;Stevens, Brandon R.;41.7%;;58.3%;;;;;;;;;;;;;;;;;;;;;
;;;;;;054;19146;Cutler, Haley A.;61.5%;;30.8%;;;;7.7%;;;;;;;;;;;;;;;;;
;;;;;;074;14276;Williams, Charese M.;91.7%;8.3%;;;;;;;;;;;;;;;;;;;;;;
;;;;;;075;10955;Jaiswal, Aparajita;83.3%;;16.7%;;;;;;;;;;;;;;;;;;;;;
;;20100;Soph Part In EPICS;202610;Fall 2025;019;42035;Aboelzahab, Asem F.;66.7%;25.0%;;;;;;;;;;;;;;;;;;;;;8.3%;
;;;;;;041;69096;Khalifah, Susan M.;77.3%;4.5%;18.2%;;;;;;;;;;;;;;;;;;;;;
;;30100;Jr Part In EPICS;202610;Fall 2025;041;69098;Khalifah, Susan M.;64.0%;;28.0%;;4.0%;;;;;;;;;;;;;;;;;;4.0%;
;;40100;Sr Part In EPICS;202610;Fall 2025;041;69100;Khalifah, Susan M.;56.3%;;25.0%;;6.3%;;6.3%;;;;;;;;;;;;;;;;6.3%;
EXPL;EXPL-Exploratory Studies;20000;Internship Launch;202610;Fall 2025;001;29563;Andrade Carlson, Mary L.;69.2%;;7.7%;;15.4%;;;7.7%;;;;;;;;;;;;;;;;
FLM;FLM-Film & Video;24100;Foundations Cinema Production;202610;Fall 2025;001;15563;Sklar, Jeremy F.;8.2%;;85.7%;;2.0%;;4.1%;;;;;;;;;;;;;;;;;
;;;Fndtns Cinema Prdctn-Honors;202610;Fall 2025;001;15563;Sklar, Jeremy F.;;;100.0%;;;;;;;;;;;;;;;;;;;;;
;;29102;Foundations Of Live Production;202610;Fall 2025;001;19761;Zink, Jason W.;63.6%;9.1%;;;9.1%;;9.1%;;;;;;;;9.1%;;;;;;;;;
;;29108;Global Horror Cinema;202610;Fall 2025;004;27881;Ben Hadj Ben M'Barek, Emmanuelle;36.4%;18.2%;;;;9.1%;18.2%;;9.1%;9.1%;;;;;;;;;;;;;;
;;32200;Live Prod I: Fall/Winter Sport;202610;Fall 2025;001;24108;Palm, Cory W.;62.5%;12.5%;4.2%;;;8.3%;4.2%;4.2%;4.2%;;;;;;;;;;;;;;;
;;35100;Screenwriting;202610;Fall 2025;001;15613;Sklar, Jeremy F.;16.7%;11.1%;66.7%;;;5.6%;;;;;;;;;;;;;;;;;;
;;36100;Cinematography;202610;Fall 2025;001;15612;Chastain, Bobby L.;40.0%;13.3%;;;6.7%;6.7%;6.7%;6.7%;;;;;;;6.7%;;;;;;;;13.3%;
;;37100;Editing I;202610;Fall 2025;001;15619;Chastain, Bobby L.;58.8%;5.9%;;;23.5%;;;5.9%;;;;;;;;;;;;;;;5.9%;
;;37200;Editing II;202610;Fall 2025;001;19760;Chastain, Bobby L.;70.6%;17.6%;;;;;;;;;;;;;11.8%;;;;;;;;;
;;42200;Live Prod II: Fall/Wntr Sports;202610;Fall 2025;001;24109;Cummings, Mccarty L.;;;100.0%;;;;;;;;;;;;;;;;;;;;;
;;44600;Producing Non-Fiction Video;202610;Fall 2025;001;22492;Zink, Jason W.;33.3%;41.7%;;;8.3%;;8.3%;;;;;;;;8.3%;;;;;;;;;
;;49105;Writing For Television;202610;Fall 2025;001;23124;Sklar, Jeremy F.;5.3%;10.5%;78.9%;;;;;;;;;;;;;;;;;;;;5.3%;
;;49108;Bad Films;202610;Fall 2025;001;24120;Zink, Jason W.;58.1%;9.7%;;;12.9%;;6.5%;;3.2%;3.2%;6.5%;;;;;;;;;;;;;
FNR;FNR-Forestry&Natural Resources;12500;Environmental Scienc & Conserv;202610;Fall 2025;001;12032;Ruhl, Patrick J.;10.4%;22.9%;6.3%;;14.6%;8.3%;20.8%;4.2%;4.2%;4.2%;;;;;4.2%;;;;;;;;;
;;22500;Dendrology;202610;Fall 2025;004;20768;Jacobs, Douglass F.;17.2%;4.6%;9.2%;;11.5%;9.2%;3.4%;9.2%;3.4%;8.0%;;5.7%;6.9%;;8.0%;;;;;;;;3.4%;
;;23000;World's Forest&Society;202610;Fall 2025;001;20772;Haviarova, Eva;17.3%;20.2%;8.7%;;14.4%;9.6%;16.3%;4.8%;1.0%;3.8%;;;;;1.9%;;;1.0%;;;;;1.0%;
;;24000;Wildlife In America;202610;Fall 2025;001;20773;Burt, Carolyn S.;21.6%;16.5%;15.5%;;10.3%;6.2%;10.3%;5.2%;1.0%;5.2%;3.1%;;;;2.1%;;;;;;;;3.1%;
;;24150;Ecols&Sys Fishes, Amph&Reptile;202610;Fall 2025;002;30621;Ruhl, Patrick J.;23.7%;20.3%;11.0%;;13.6%;9.3%;9.3%;2.5%;1.7%;3.4%;;;0.8%;;2.5%;;;;;;;;1.7%;
;;24250;Lab Ecol&Sys Fishes,Amph&Reptl;202610;Fall 2025;001;10057;Brent, Rachel I.;31.3%;12.5%;;;18.8%;6.3%;;12.5%;6.3%;6.3%;6.3%;;;;;;;;;;;;;
;;;;;;002;10060;Brent, Rachel I.;25.0%;18.8%;;;18.8%;6.3%;12.5%;6.3%;;;;6.3%;;;;;;;;;;;6.3%;
;;;;;;003;10065;Brent, Rachel I.;12.5%;18.8%;;;25.0%;12.5%;12.5%;;6.3%;;;6.3%;;;;;;;;;;;6.3%;
;;;;;;004;10067;Brent, Rachel I.;17.6%;11.8%;23.5%;;11.8%;;17.6%;;;;;;;;17.6%;;;;;;;;;
;;;;;;005;10071;Brent, Rachel I.;25.0%;6.3%;12.5%;;12.5%;6.3%;18.8%;;6.3%;6.3%;;;6.3%;;;;;;;;;;;
;;;;;;006;15363;Brent, Rachel I.;18.8%;12.5%;18.8%;;12.5%;6.3%;12.5%;6.3%;;6.3%;;;;;;;;;;;;;6.3%;
;;;;;;007;30041;Brent, Rachel I.;6.7%;13.3%;6.7%;;13.3%;;20.0%;20.0%;6.7%;6.7%;;6.7%;;;;;;;;;;;;
;;27000;Landscape-Level Planning;202610;Fall 2025;001;16969;Salazar, Kara A.;35.3%;2.9%;44.1%;;10.3%;;1.5%;1.5%;;1.5%;1.5%;;;;;;;;;;;;1.5%;
;;30110;Sustainable Wood Prod Mfg;202610;Fall 2025;001;20051;Gazo, Rado;28.6%;23.8%;23.8%;;9.5%;;4.8%;;4.8%;4.8%;;;;;;;;;;;;;;
;;31300;Aquaponics;202610;Fall 2025;001;28015;Brown, Paul B.;20.6%;;;;32.4%;11.8%;14.7%;5.9%;;5.9%;;;;;2.9%;;;;;;;;5.9%;
;;33100;Forest Ecosystems;202610;Fall 2025;001;20780;Jenkins, Michael A.;3.8%;1.9%;1.9%;;17.3%;17.3%;21.2%;5.8%;7.7%;17.3%;;;1.9%;;1.9%;;;;;;;;1.9%;
;;34100;Wildlife Habitat Mgmt;202610;Fall 2025;001;63588;Ruhl, Patrick J.;30.6%;22.2%;13.9%;;5.6%;2.8%;11.1%;;;2.8%;2.8%;2.8%;2.8%;;;;;;;;;;2.8%;
;;35700;Fund Remote Sensing;202610;Fall 2025;001;20785;Shao, Gang;22.2%;18.5%;44.4%;;3.7%;;11.1%;;;;;;;;;;;;;;;;;
;;35910;Spatial Ecology;202610;Fall 2025;012;21432;Pijanowski, Bryan C.;25.0%;20.5%;4.5%;;18.2%;9.1%;6.8%;;2.3%;6.8%;;;;;;2.3%;;;;;;;2.3%;2.3%
;;40100;Limnology;202610;Fall 2025;001;18877;Hosen, Jacob D.;17.1%;40.0%;2.9%;;17.1%;;5.7%;2.9%;;8.6%;;;;;5.7%;;;;;;;;;
;;43400;Tree Physiology;202610;Fall 2025;001;25453;Couture, John J.;96.3%;;;;;;;3.7%;;;;;;;;;;;;;;;;
;;43900;Silviculture;202610;Fall 2025;001;17579;Saunders, Michael R.;11.1%;27.8%;;;22.2%;;16.7%;11.1%;;11.1%;;;;;;;;;;;;;;
;;44700;Vertebrate Pop Dynamic;202610;Fall 2025;002;42855;Zollner, Patrick A.;23.7%;18.4%;2.6%;;26.3%;7.9%;18.4%;;;2.6%;;;;;;;;;;;;;;
;;45600;Fish & Marine Pop Dynamics;202610;Fall 2025;001;21589;Hook, Tomas O.;4.0%;16.0%;;;12.0%;16.0%;8.0%;8.0%;4.0%;16.0%;12.0%;;;;;;;;;;;;4.0%;
;;45700;Practical Fisheries Management;202610;Fall 2025;001;33271;Warren, Les D.;10.5%;15.8%;73.7%;;;;;;;;;;;;;;;;;;;;;
;;46500;Hunting And Conservation;202610;Fall 2025;001;19555;Brooke, Jarred M.;68.8%;;;;31.3%;;;;;;;;;;;;;;;;;;;
;;48410;Sust Wood & Furn Design & Mfg;202610;Fall 2025;001;10011;Gazo, Rado;;33.3%;41.7%;;;16.7%;;;;;;;;;;;;;;;;;8.3%;
;;49800;Aquatic Sampling Tech;202610;Fall 2025;055;17206;Warren, Les D.;21.1%;5.3%;52.6%;;;10.5%;5.3%;;;;;;;;;5.3%;;;;;;;;
;;;Pond Management;202610;Fall 2025;090;24411;Warren, Les D.;7.1%;;85.7%;;;;;;;;;;;;7.1%;;;;;;;;;
;;52700;Ecotoxicology;202610;Fall 2025;001;26283;Hoskins, Tyler D.;41.2%;11.8%;;;11.8%;8.8%;5.9%;5.9%;;14.7%;;;;;;;;;;;;;;
;;54300;Conservatn Biology I;202610;Fall 2025;001;32902;Gurevitch, Jessica P.;28.6%;;35.7%;7.1%;7.1%;7.1%;7.1%;;;7.1%;;;;;;;;;;;;;;
;;58600;Urban Ecology;202610;Fall 2025;001;16195;Hardiman, Brady S.;35.1%;;44.3%;;13.4%;;;2.1%;;;5.2%;;;;;;;;;;;;;
;;58700;Adv Spatial Ecology And GIS;202610;Fall 2025;002;26873;Pijanowski, Bryan C.;52.9%;17.6%;;;11.8%;;5.9%;;;;;;;;5.9%;;;;;;;;5.9%;
;;59000;Intro Teach Nat Resources;202610;Fall 2025;001;14778;Flaherty, Elizabeth A.;15.4%;;69.2%;;;7.7%;;;;;;;;;;;;;;;;;7.7%;
;;59800;One Health In The Anthropocene;202610;Fall 2025;020;24513;Sepulveda, Maria S.;45.5%;;27.3%;;18.2%;;;;;;;;;;;;;;;;;;9.1%;
;;64700;Quant Meth Ecologists;202610;Fall 2025;002;21747;Brooks, Jonathan D.;41.7%;25.0%;8.3%;8.3%;;8.3%;;;;;;;;;;8.3%;;;;;;;;
;;69100;Oral Exam Preparation;202610;Fall 2025;001;28661;Jacobs, Douglass F.;81.8%;18.2%;;;;;;;;;;;;;;;;;;;;;;
FR;FR-French;10100;French Level I;202610;Fall 2025;014;15068;Ben Hadj Ben M'Barek, Emmanuelle;10.0%;5.0%;15.0%;;25.0%;10.0%;10.0%;10.0%;;5.0%;5.0%;;;;5.0%;;;;;;;;;
;;;;;;016;15071;Ben Hadj Ben M'Barek, Emmanuelle;15.8%;10.5%;5.3%;;;10.5%;5.3%;5.3%;10.5%;;;;5.3%;;;;;;;;;;31.6%;
;;;;;;021;30400;Megbulem, Sandra N.;6.3%;12.5%;;;25.0%;6.3%;18.8%;;;6.3%;;;;;6.3%;;;6.3%;;;;;12.5%;
;;10200;French Level II;202610;Fall 2025;001;15076;Megbulem, Sandra N.;26.7%;6.7%;13.3%;;6.7%;;6.7%;;;;;6.7%;6.7%;;13.3%;;;;;;;;13.3%;
;;;;;;002;15077;Obidiegwu, Vincent N.;36.4%;27.3%;;;9.1%;;18.2%;;;9.1%;;;;;;;;;;;;;;
;;;;;;004;15082;Kpetsu, Shalom A.;20.0%;10.0%;5.0%;;10.0%;15.0%;10.0%;15.0%;;5.0%;;;;;;;;;;;;;10.0%;
;;;;;;009;11022;Obidiegwu, Vincent N.;25.0%;8.3%;4.2%;;12.5%;16.7%;16.7%;;;8.3%;;;;;;;;;;;;;8.3%;
;;20100;French Level III;202610;Fall 2025;003;20904;Oloore, Nafiu O.;11.8%;17.6%;;;29.4%;11.8%;;5.9%;;5.9%;;;;;;;;5.9%;;;;;11.8%;
;;;;;;005;20906;Oloore, Nafiu O.;31.3%;18.8%;;;12.5%;6.3%;6.3%;6.3%;;6.3%;;;6.3%;;;;;;;;;;6.3%;
;;;;;;007;60174;Kpetsu, Shalom A.;5.0%;10.0%;15.0%;;10.0%;5.0%;5.0%;15.0%;5.0%;5.0%;;;5.0%;;15.0%;;;;;;;;5.0%;
;;20200;French Level IV;202610;Fall 2025;001;11026;Egere, Chinaza J.;28.6%;14.3%;21.4%;;;;7.1%;7.1%;7.1%;7.1%;;;;;;;;;;;;;7.1%;
;;;;;;002;11027;Egere, Chinaza J.;17.6%;5.9%;41.2%;;5.9%;;;;5.9%;11.8%;5.9%;;;;;;;;;;;;5.9%;
;;21200;Intermed French Conversation;202610;Fall 2025;002;32787;Jouin, Gwenael B.;9.1%;;81.8%;;;;;;;;;;;;;;;;;;;;9.1%;
;;30100;French Level V;202610;Fall 2025;002;50577;Valero Pena, Ana Isabel;16.7%;;5.6%;;11.1%;5.6%;27.8%;;;5.6%;;;5.6%;;5.6%;;;;;;;;16.7%;
;;;;;;003;19472;Valero Pena, Ana Isabel;31.3%;18.8%;12.5%;;18.8%;;6.3%;6.3%;;;;6.3%;;;;;;;;;;;;
;;33000;French Cinema;202610;Fall 2025;001;12900;Leverage, Paula E.;25.0%;21.4%;32.1%;;7.1%;3.6%;;;3.6%;3.6%;;;;;;;;;;;;;3.6%;
;;40100;French Level VII;202610;Fall 2025;002;22457;Tetne, Maurice;38.5%;7.7%;23.1%;;;;30.8%;;;;;;;;;;;;;;;;;
;;56300;Hist French Language;202610;Fall 2025;001;21750;Valero Pena, Ana Isabel;9.1%;;18.2%;;9.1%;;9.1%;18.2%;18.2%;9.1%;;;9.1%;;;;;;;;;;;
FS;FS-Food Science;16100;Science Of Food;202610;Fall 2025;001;20955;Cho, Young-Hee;27.1%;32.9%;1.4%;;4.3%;2.9%;21.4%;;;4.3%;;;2.9%;;2.9%;;;;;;;;;
;;;;;;002;30085;Huang, Jen-Yi;17.2%;6.9%;13.8%;;27.6%;13.8%;6.9%;3.4%;6.9%;;;;;;3.4%;;;;;;;;;
;;;Science Of Food-Honors;202610;Fall 2025;002;30085;Huang, Jen-Yi;50.0%;;50.0%;;;;;;;;;;;;;;;;;;;;;
;;20000;Foods For Health;202610;Fall 2025;001;30100;Chen, Hanyu;26.7%;16.7%;26.7%;;;3.3%;;3.3%;3.3%;;3.3%;;;;3.3%;;;;;;;;13.3%;
;;29800;Sophomore Seminar;202610;Fall 2025;001;20960;Simsek, Senay;18.2%;;75.8%;;;;;;;3.0%;;;;;;;;;;;;;3.0%;
;;34100;Food Processing I;202610;Fall 2025;001;61460;Corvalan, Carlos M.;72.2%;;;;16.7%;;;11.1%;;;;;;;;;;;;;;;;
;;34200;Food Processing I Lab;202610;Fall 2025;003;28948;Corvalan, Carlos M.;64.7%;;;;32.4%;;;2.9%;;;;;;;;;;;;;;;;
;;36100;Food Plant Sanitation;202610;Fall 2025;001;20963;Feng, Yaohua K.;54.1%;13.5%;16.2%;;2.7%;;10.8%;;;2.7%;;;;;;;;;;;;;;
;;36200;Food Microbiology;202610;Fall 2025;001;20964;Applegate, Bruce M.;97.6%;;;;;;;;;;;;;;;;;;;;;;2.4%;
;;36300;Food Microbiology Lab;202610;Fall 2025;001;20965;Cho, Young-Hee;52.4%;19.0%;4.8%;;;9.5%;14.3%;;;;;;;;;;;;;;;;;
;;;;;;002;20966;Cho, Young-Hee;40.0%;26.7%;;;;;20.0%;;;;;6.7%;;;;;;;;;;;6.7%;
;;44200;Food Processing II;202610;Fall 2025;003;20975;Mishra, Dharmendra K.;24.2%;21.2%;21.2%;;3.0%;9.1%;18.2%;3.0%;;;;;;;;;;;;;;;;
;;44400;Stat Process Control;202610;Fall 2025;001;20978;Corvalan, Carlos M.;85.0%;;;;10.0%;;;2.5%;;;;;;;;;;;;;;;2.5%;
;;44700;Food Processing II Lab;202610;Fall 2025;002;61465;Mishra, Dharmendra K.;63.2%;21.1%;;;5.3%;;10.5%;;;;;;;;;;;;;;;;;
;;;;;;003;31257;Mishra, Dharmendra K.;30.8%;30.8%;;;15.4%;15.4%;7.7%;;;;;;;;;;;;;;;;;
;;;Food Processing II Lab-Honors;202610;Fall 2025;003;31257;Mishra, Dharmendra K.;100.0%;;;;;;;;;;;;;;;;;;;;;;;
;;47000;Wine Appreciation;202610;Fall 2025;001;20980;Butzke, Christian E.;97.4%;;;;;;;;;;;;;;0.4%;;;1.5%;;;;;0.7%;
;;;Wine Appreciation-Honors;202610;Fall 2025;001;20980;Butzke, Christian E.;;;100.0%;;;;;;;;;;;;;;;;;;;;;
;;48200;Food Sci Senior Seminar;202610;Fall 2025;001;20982;Mauer, Lisa J.;68.6%;;22.9%;;;;8.6%;;;;;;;;;;;;;;;;;
;;49100; Boilermaker Sauces & Pickles;202610;Fall 2025;032;13988;Adair, Christopher T.;100.0%;;;;;;;;;;;;;;;;;;;;;;;
;;;SABER Team Research;202610;Fall 2025;046;32607;Lindemann, Stephen R.;100.0%;;;;;;;;;;;;;;;;;;;;;;;
;;53000;Food Ingredient Tech;202610;Fall 2025;001;11420;Jones, Owen G.;38.2%;23.5%;;;17.6%;11.8%;8.8%;;;;;;;;;;;;;;;;;
;;68400;Food Science Seminar;202610;Fall 2025;001;21002;Jones, Owen G.;71.4%;21.4%;;;;;7.1%;;;;;;;;;;;;;;;;;
;;68500;Food Science Seminar;202610;Fall 2025;001;27515;Jones, Owen G.;;;;;;;;;;;;;;;;;;;;100.0%;;;;
GER;GER-German;10100;German Level I;202610;Fall 2025;030;26661;Hinkel, Irina A.;25.0%;18.8%;6.3%;;;6.3%;6.3%;6.3%;;;6.3%;;6.3%;;;;;;;;;;18.8%;
;;;;;;031;26662;Hinkel, Irina A.;61.1%;5.6%;11.1%;;5.6%;5.6%;;;;5.6%;5.6%;;;;;;;;;;;;;
;;;;;;032;26663;Hinkel, Irina A.;50.0%;25.0%;;;;8.3%;;;;;;;;;;;;;;;;;16.7%;
;;;;;;033;26664;Hinkel, Irina A.;55.6%;16.7%;5.6%;;11.1%;;11.1%;;;;;;;;;;;;;;;;;
;;10200;German Level II;202610;Fall 2025;027;26665;William, Jennifer M.;25.0%;8.3%;;;8.3%;;16.7%;;8.3%;;8.3%;;;;8.3%;;;;;;;;16.7%;
;;;;;;028;26666;Fisher, Anne O.;17.6%;11.8%;;;29.4%;23.5%;11.8%;;;;;;;;;;;;;;;;5.9%;
;;;;;;029;26667;Kroninger, Andrew Y.;76.5%;11.8%;;;;;11.8%;;;;;;;;;;;;;;;;;
;;;;;;030;26668;Kroninger, Andrew Y.;72.7%;18.2%;;;;;9.1%;;;;;;;;;;;;;;;;;
;;11200;Elem German Conversation;202610;Fall 2025;001;21228;Baumer, Jason E.;23.1%;;61.5%;;;;;;;;;;;;;;;;;;;;15.4%;
;;20100;German Level III;202610;Fall 2025;005;64370;Baumer, Jason E.;22.2%;16.7%;;;22.2%;;22.2%;5.6%;5.6%;;;;;;;;;;;;;;5.6%;
;;20200;German Level IV;202610;Fall 2025;002;21235;Felten, Vanessa S.;21.1%;10.5%;;;21.1%;;21.1%;10.5%;5.3%;5.3%;;;;;;;;;;;;;5.3%;
;;;;;;004;62828;Felten, Vanessa S.;25.0%;6.3%;12.5%;;25.0%;18.8%;;6.3%;;6.3%;;;;;;;;;;;;;;
;;30100;German Level V;202610;Fall 2025;002;50613;Rasajski Sasic, Viseslava;26.7%;;26.7%;13.3%;13.3%;6.7%;6.7%;;;;;;;;;;;;;;;;6.7%;
;;;;;;004;22517;Rasajski Sasic, Viseslava;53.3%;6.7%;20.0%;;6.7%;;;;;;;;6.7%;;;;;;;;;;6.7%;
;;;German Level V-Honors;202610;Fall 2025;004;22517;Rasajski Sasic, Viseslava;;;100.0%;;;;;;;;;;;;;;;;;;;;;
;;40100;German Level VII;202610;Fall 2025;001;16085;Allert, Beate I.;54.5%;27.3%;18.2%;;;;;;;;;;;;;;;;;;;;;
GRAD;GRAD-Graduate Studies;50100;PULSe Scient Communic;202610;Fall 2025;001;16359;Springer, Lindsey B.;22.6%;;77.4%;;;;;;;;;;;;;;;;;;;;;
;;59000;Lab Rotation;202610;Fall 2025;009;48826;Springer, Lindsey B.;;;;;;;;;;;;;;;;;3.2%;96.8%;;;;;;
;;;Preparing Future Faculty;202610;Fall 2025;035;32927;Gibson, Kevin D.;;;;;;;;;;;;;;;;;;96.0%;;;;;4.0%;
;;61200;Responsible Conduct Of Resrch;202610;Fall 2025;005;53587;Mohler, James L.;93.9%;;;;2.0%;;;;;;;;;;;;;;;;;;4.1%;
;;;;;;006;25285;Mohler, James L.;93.8%;;;;3.8%;;;1.3%;;;;;;;;;;;;;;;1.3%;
;;68900;CSE Seminar;202610;Fall 2025;002;24560;Prakash, Arun;;;;;;;;;;;;;;;;;;100.0%;;;;;;
;;69900;Research PhD Thesis;202610;Fall 2025;009;66405;Stahelin, Robert V.;;;;;;;;;;;;;;;;;;;;96.8%;;3.2%;;
GREK;GREK-Greek;10100;Ancient Greek Level I;202610;Fall 2025;005;50617;Campbell, Charles S.;16.7%;;41.7%;;;8.3%;;8.3%;;;;;;;;;;;;;;;25.0%;
GS;GS-General Studies;11900;Intro Acad Prog-Purdue;202610;Fall 2025;001;21047;Rodenberg, Eric J.;;;;;;;;;;;;;;;;;18.5%;77.8%;;;;;3.7%;
;;;;;;002;11868;Rodenberg, Eric J.;;;;;;;;;;;;;;;;;5.3%;94.7%;;;;;;
;;12001;Summer Beginners Seminar II;202610;Fall 2025;004;14694;Zickmund, Angela D.;11.8%;11.8%;29.4%;;;11.8%;;;5.9%;5.9%;;5.9%;11.8%;;5.9%;;;;;;;;;
;;19501;Preparing For UG Research Expr;202610;Fall 2025;SC1;19661;Sadler, James J.;77.4%;;;;6.5%;;;;;;3.2%;;;;3.2%;;3.2%;;;;;;6.5%;
;;19700;Purdue Promise First-Yr Exper;202610;Fall 2025;F11;68542;Natzel, Kara J.;9.4%;9.4%;46.9%;;6.3%;6.3%;;3.1%;;3.1%;;3.1%;;;9.4%;;;;;;;;3.1%;
;;;;;;F12;22147;Maggard, Melissa L.;48.0%;16.0%;;;8.0%;;;4.0%;;8.0%;4.0%;8.0%;;;4.0%;;;;;;;;;
;;;;;;F13;68525;Robinson, Desmine T.;43.3%;13.3%;3.3%;;26.7%;3.3%;3.3%;3.3%;3.3%;;;;;;;;;;;;;;;
;;;;;;FP1;68546;Jones, Jamie M.;57.1%;5.7%;;;8.6%;11.4%;8.6%;2.9%;;;2.9%;;2.9%;;;;;;;;;;;
;;;;;;FP2;68531;Snedeker, Jalen C.;10.7%;7.1%;42.9%;;10.7%;10.7%;7.1%;;;;3.6%;;3.6%;;3.6%;;;;;;;;;
;;;;;;FP3;68535;Jones, Jamie M.;83.3%;8.3%;;;4.2%;4.2%;;;;;;;;;;;;;;;;;;
;;;;;;FP5;68537;McQuay, Martina A.;3.8%;15.4%;42.3%;;11.5%;11.5%;7.7%;3.8%;;3.8%;;;;;;;;;;;;;;
;;;;;;FP6;68530;Robinson, Desmine T.;25.9%;14.8%;;;14.8%;3.7%;11.1%;7.4%;3.7%;;;;3.7%;;7.4%;;;;;;;;7.4%;
;;;;;;FP7;68532;Maggard, Melissa L.;68.0%;4.0%;;;4.0%;;4.0%;4.0%;8.0%;;4.0%;;;;4.0%;;;;;;;;;
;;;;;;FP8;68529;Snedeker, Jalen C.;22.6%;12.9%;35.5%;;6.5%;6.5%;6.5%;;;3.2%;;;6.5%;;;;;;;;;;;
;;;;;;FP9;68526;Jones, Jamie M.;48.4%;12.9%;;;16.1%;9.7%;6.5%;;;3.2%;;;;;3.2%;;;;;;;;;
;;29501;Understand UG Research Exper;202610;Fall 2025;001;31175;Sadler, James J.;;;;;;;;;;;;;;;;;;;;;;;;100.0%
;;;;;;SC1;30257;Sadler, James J.;88.2%;;9.8%;;;;;2.0%;;;;;;;;;;;;;;;;
;;40500;Advancing Tomorrow's Leaders;202610;Fall 2025;SP1;68559;Bowman, Summer D.;50.0%;23.1%;;;11.5%;;3.8%;7.7%;;3.8%;;;;;;;;;;;;;;
;;;;;;SP2;68563;Bowman, Summer D.;55.8%;11.6%;;;7.0%;;9.3%;;7.0%;4.7%;;;;;2.3%;;;;;;;;2.3%;
;;;;;;SP3;68562;Skibinski, Quinton J.;75.9%;13.8%;;;3.4%;;;3.4%;;;;;3.4%;;;;;;;;;;;
;;;;;;SP4;68561;Skibinski, Quinton J.;76.9%;5.1%;;;7.7%;7.7%;;;;2.6%;;;;;;;;;;;;;;
;;;;;;SP5;68560;Bowman, Summer D.;48.6%;16.2%;;;8.1%;2.7%;5.4%;2.7%;2.7%;5.4%;2.7%;;2.7%;;2.7%;;;;;;;;;
;;;;;;SP6;11691;Jackson, Katelyn S.;36.1%;16.7%;;;5.6%;8.3%;16.7%;2.8%;;5.6%;;;5.6%;;;;;;;;;;2.8%;
;;49000;Law School Exploration;202610;Fall 2025;112;68564;Gosney, Cristy R.;;;;;;;;;;;;;;;;;2.3%;95.5%;;;;;2.3%;
;;49501;Beyond Undergraduate Research;202610;Fall 2025;001;19670;Sadler, James J.;95.8%;;;;;;;;;;;;;;;;;;;;;;4.2%;
GSLA;GSLA-Global Studies Lib Arts;10100;Global Awareness;202610;Fall 2025;003;32296;Smythe, Stacey A.;31.3%;18.8%;12.5%;;;6.3%;;;12.5%;6.3%;;;;;12.5%;;;;;;;;;
;;;;;;004;24654;Smythe, Stacey A.;25.0%;;8.3%;;41.7%;;16.7%;;;8.3%;;;;;;;;;;;;;;
;;48000;Sr Capstone Global Studies I;202610;Fall 2025;001;24355;Coda, Elena;58.3%;;8.3%;;;;;;;;;;;;;25.0%;;;;;;;8.3%;
HDFS;HDFS-Human Dev & Family Sci;10000;Orientat Curr Hum Dev&Fam Sci;202610;Fall 2025;002;10070;Elias, Cezanne M.;83.3%;;;;4.8%;7.1%;2.4%;2.4%;;;;;;;;;;;;;;;;
;;;;;;007;16592;Rosselot Wilkins, Jennifer M.;83.3%;6.7%;;;;;6.7%;;;;;;;;3.3%;;;;;;;;;
;;20100;Intro To Relatship & Fam Sci;202610;Fall 2025;002;69771;Moding, Kameron J.;20.2%;9.2%;52.9%;;6.7%;1.7%;4.2%;0.8%;;1.7%;;;;;;;;;;;;;2.5%;
;;;;;;003;26563;Knox, Marissa C.;25.6%;14.5%;35.9%;;3.4%;4.3%;7.7%;1.7%;0.9%;2.6%;0.9%;0.9%;;;0.9%;;;;;;;;0.9%;
;;;Intro Rltship & Fam Sci-Honors;202610;Fall 2025;003;26563;Knox, Marissa C.;;100.0%;;;;;;;;;;;;;;;;;;;;;;
;;21000;Intro Human Devlpment;202610;Fall 2025;001;12049;Elenbaas, Laura M.;36.0%;12.6%;28.3%;;2.4%;2.0%;11.3%;2.4%;0.8%;2.4%;;;0.4%;;1.2%;;;;;;;;;
;;;;;;002;11473;Rhodes-Carlson, Janet M.;32.3%;26.7%;16.4%;;4.3%;4.3%;6.5%;2.6%;1.7%;2.2%;0.4%;;0.9%;;;;;;;;;;1.7%;
;;;Intro Human Devlpment-Honors;202610;Fall 2025;002;11473;Rhodes-Carlson, Janet M.;;100.0%;;;;;;;;;;;;;;;;;;;;;;
;;28000;Divrsty Individual & Fam Life;202610;Fall 2025;009;18480;Rhodes-Carlson, Janet M.;13.0%;15.2%;47.8%;;4.3%;4.3%;2.2%;4.3%;2.2%;2.2%;;;;;4.3%;;;;;;;;;
;;;;;;010;14651;Atkin, Annabelle L.;18.0%;18.0%;29.5%;;8.2%;1.6%;8.2%;4.9%;4.9%;3.3%;;;;;;;;;;;;;3.3%;
;;30500;Biosocial Fndtns Of The Family;202610;Fall 2025;001;15649;Macneill, Leigha A.;16.7%;16.7%;40.0%;;;;13.3%;;;3.3%;;;;;3.3%;;;;;;;;6.7%;
;;31100;Child Development;202610;Fall 2025;003;11292;Marks, Rebecca A.;42.0%;16.0%;4.0%;;14.0%;8.0%;8.0%;2.0%;;2.0%;;;2.0%;;;;;;;;;;2.0%;
;;;;;;004;12048;Posada, German E.;48.8%;;36.6%;;4.9%;2.4%;2.4%;2.4%;;;;;;;;;;;;;;;2.4%;
;;31200;Adult Development;202610;Fall 2025;001;57336;Friedman, Elliot M.;34.3%;20.0%;2.9%;;8.6%;5.7%;20.0%;2.9%;;2.9%;;;;;;;;;;;;;2.9%;
;;31300;Adolescent Development;202610;Fall 2025;001;69619;Robbins, Paul A.;48.1%;14.8%;3.7%;;11.1%;;14.8%;3.7%;;3.7%;;;;;;;;;;;;;;
;;31400;Atypical Child Development;202610;Fall 2025;001;10095;Schwichtenberg, Amy J.;32.7%;9.6%;11.5%;;11.5%;5.8%;11.5%;3.8%;;7.7%;;1.9%;;;3.8%;;;;;;;;;
;;31801;Developmental Assessmt;202610;Fall 2025;001;11213;Harbin, Shawna G.;40.0%;15.0%;;;25.0%;15.0%;;;5.0%;;;;;;;;;;;;;;;
;;32500;Hlth Care Child & Fam;202610;Fall 2025;001;13573;Moding, Kameron J.;43.1%;7.7%;38.5%;;3.1%;;4.6%;1.5%;;1.5%;;;;;;;;;;;;;;
;;33000;Sexuality And Family Life;202610;Fall 2025;001;57243;Elias, Cezanne M.;71.9%;6.3%;;;6.3%;;9.4%;;3.1%;3.1%;;;;;;;;;;;;;;
;;33100;Skill Help Professnals;202610;Fall 2025;001;50309;Quichocho, Davina N.;52.6%;5.3%;15.8%;;5.3%;;;5.3%;;;5.3%;;;;;;;;;;;;10.5%;
;;34100;Working With Parents;202610;Fall 2025;001;15377;Knox, Marissa C.;39.3%;12.5%;35.7%;;1.8%;1.8%;1.8%;;1.8%;;;;;;1.8%;;;;;;;;3.6%;
;;34600;Rsrch Design & Prog Evaluation;202610;Fall 2025;002;51569;Nichols, Deborah L.;70.0%;;;;;;5.0%;;;;;;;;5.0%;10.0%;;;;;;;10.0%;
;;;;;;008;23120;Chan, Hiu Ming;31.8%;18.2%;13.6%;;9.1%;4.5%;9.1%;4.5%;;;;;4.5%;;4.5%;;;;;;;;;
;;40800;EI/ECSE: Issues And Prof Pract;202610;Fall 2025;001;13602;Purcell, Megan L.;70.0%;5.0%;;;15.0%;;5.0%;5.0%;;;;;;;;;;;;;;;;
;;40900;Sci In Presch & Primary Grades;202610;Fall 2025;001;23116;Harbin, Shawna G.;90.0%;;;;5.0%;5.0%;;;;;;;;;;;;;;;;;;
;;42000;Dev Inf & Tod Curric;202610;Fall 2025;001;13603;Robinson-Rucker, Chanele D.;58.3%;37.5%;;;;;;;4.2%;;;;;;;;;;;;;;;
;;45100;Internship & Career Prep HS;202610;Fall 2025;001;30064;Quichocho, Davina N.;76.5%;;;;11.8%;5.9%;;;;5.9%;;;;;;;;;;;;;;
;;60600;Advanced Human Development;202610;Fall 2025;001;16353;Friedman, Elliot M.;90.9%;9.1%;;;;;;;;;;;;;;;;;;;;;;
;;61900;Adolesc & Youth Dev In Context;202610;Fall 2025;001;22763;Taylor, Zoe E.;33.3%;25.0%;25.0%;;8.3%;;;;;;;;;;;8.3%;;;;;;;;
;;62700;Multilevel Mdl Dev & Fam Resch;202610;Fall 2025;001;27090;Marceau, Kristine;45.8%;8.3%;29.2%;;;;12.5%;;;;;;;;;;;;;;;;4.2%;
;;69700;Graduate Student Colloquium;202610;Fall 2025;001;62641;Christ, Sharon L.;100.0%;;;;;;;;;;;;;;;;;;;;;;;
HEBR;HEBR-Hebrew;12100;Biblical Hebrew I;202610;Fall 2025;001;21141;Heth, Raleigh C.;36.4%;18.2%;9.1%;;;;27.3%;;;;;;;;;;;;;;;;9.1%;
HHS;HHS-College Health & Human Sci;10100;Intro To Health & Human Sci;202610;Fall 2025;001;29104;Harris, Jason T.;72.7%;18.2%;;;;;;;;;;;;;9.1%;;;;;;;;;
HIST;HIST-History;10300;Intro To Medieval Wrld;202610;Fall 2025;001;10922;Mitchell, Silvia Z.;8.7%;6.5%;4.3%;;16.3%;12.0%;3.3%;7.6%;5.4%;4.3%;3.3%;2.2%;2.2%;;8.7%;;;1.1%;;;;;14.1%;
;;10400;Intro To Modern World;202610;Fall 2025;001;19191;Barford, Mary F.;19.6%;13.7%;58.8%;;3.9%;;2.0%;;;;;;;;;;;;;;;;2.0%;
;;;;;;002;19197;Barford, Mary F.;36.0%;12.0%;48.0%;;4.0%;;;;;;;;;;;;;;;;;;;
;;;;;;003;24766;Stukey, Meredith K.;56.0%;;4.0%;;12.0%;8.0%;6.0%;6.0%;2.0%;2.0%;4.0%;;;;;;;;;;;;;
;;;;;;004;24767;Kerton-Johnson, Catherine;42.0%;22.0%;18.0%;;;;4.0%;2.0%;2.0%;;2.0%;;;;4.0%;;;;;;;;4.0%;
;;;;;;006;10169;Fleetham, Deborah L.;31.8%;18.2%;;;22.7%;13.6%;11.4%;;;;2.3%;;;;;;;;;;;;;
;;;;;;007;10172;Fleetham, Deborah L.;11.6%;23.3%;;;14.0%;7.0%;25.6%;4.7%;2.3%;9.3%;;;2.3%;;;;;;;;;;;
;;;Intro To Modern World-Honors;202610;Fall 2025;006;10169;Fleetham, Deborah L.;50.0%;50.0%;;;;;;;;;;;;;;;;;;;;;;
;;10500;Global History;202610;Fall 2025;002;27275;Ford, O.T.;13.6%;13.6%;5.1%;;25.4%;10.2%;10.2%;3.4%;1.7%;6.8%;;;;;1.7%;;;1.7%;;;;;6.8%;
;;12300;History At Work;202610;Fall 2025;001;11657;Ford, O.T.;;;;;;;;;;;;;;;;;;96.6%;3.4%;;;;;
;;15100;Amer Hist To 1877;202610;Fall 2025;001;11247;Jones, Trenton C.;22.1%;16.9%;4.7%;;15.7%;11.0%;8.7%;4.7%;1.2%;2.3%;2.3%;;1.2%;;3.5%;;;;;;;;5.8%;
;;;;;;002;11289;Soucek, Jonathan D.;60.8%;13.7%;3.9%;;5.9%;2.0%;3.9%;2.0%;2.0%;;2.0%;;;;2.0%;;;;;;;;2.0%;
;;;;;;011;20260;Marsh, Dawn G.;80.0%;;;;13.3%;;;;;;;;;;4.4%;;;;;;;;2.2%;
;;;Amer Hist To 1877-Honors;202610;Fall 2025;011;20260;Marsh, Dawn G.;;;;;;;;;;;;;;;;;;;;;;;100.0%;
;;15200;U S Since 1877;202610;Fall 2025;001;11118;Soucek, Jonathan D.;58.0%;14.0%;;;10.0%;2.0%;;2.0%;4.0%;;;;;;4.0%;;;;;;;;6.0%;
;;;;;;002;11121;Lindey, Devan C.;37.9%;13.8%;34.5%;;3.4%;1.7%;1.7%;3.4%;;;;;;;1.7%;;;1.7%;;;;;;
;;;;;;003;21305;Gaarder, Renee D.;6.2%;13.3%;1.4%;;19.9%;10.9%;11.8%;10.0%;2.4%;9.0%;1.4%;0.5%;3.8%;;5.7%;;;;;;;;3.8%;
;;;;;;011;21949;Lindey, Devan C.;26.3%;10.5%;38.6%;;7.0%;8.8%;1.8%;;3.5%;1.8%;;;;;1.8%;;;;;;;;;
;;;;;;Y02;60309;Venchuk, Alicia M.;20.0%;22.0%;;;16.0%;8.0%;18.0%;2.0%;2.0%;4.0%;;2.0%;2.0%;;;;;;;;;;4.0%;
;;;;;;Y03;65568;Lindey, Devan C.;25.9%;6.9%;34.5%;;6.9%;5.2%;3.4%;3.4%;1.7%;;1.7%;1.7%;1.7%;;1.7%;;;;;;;;5.2%;
;;;U S Since 1877-Honors;202610;Fall 2025;003;21305;Gaarder, Renee D.;;;;;100.0%;;;;;;;;;;;;;;;;;;;
;;20100;Anc Jud & Early Christ;202610;Fall 2025;001;29390;Dodson, Joseph R.;41.7%;16.7%;;;;;25.0%;8.3%;;;;;;;8.3%;;;;;;;;;
;;24000;East Asia & Hist Trad;202610;Fall 2025;001;17764;Chen, Huiying;39.6%;29.2%;4.2%;;8.3%;4.2%;4.2%;;;2.1%;;;2.1%;;4.2%;;;;;;;;2.1%;
;;24600;Mod Mid East &N Africa;202610;Fall 2025;001;14100;Holden, Stacy E.;51.5%;9.1%;6.1%;;9.1%;3.0%;12.1%;;;3.0%;;;;;;;;;;;;;6.1%;
;;27100;Intro To Colonial Latin Amer;202610;Fall 2025;001;56308;De La Fuente, Ariel E.;62.5%;;;;25.0%;;;8.3%;;;;;;;;;;;;;;;4.2%;
;;30200;Intro Digital Humanities;202610;Fall 2025;002;31435;Stewart, Spencer D.;46.7%;26.7%;;;6.7%;;20.0%;;;;;;;;;;;;;;;;;
;;;Julius Caesar;202610;Fall 2025;003;21706;Conner, Daniel A.;23.8%;19.0%;9.5%;;4.8%;4.8%;14.3%;;4.8%;;;4.8%;;;9.5%;;;;;;;;4.8%;
;;30902;History Of Biotechnology;202610;Fall 2025;001;11415;Maxson, Kathryn G.;43.2%;16.2%;2.7%;;16.2%;10.8%;10.8%;;;;;;;;;;;;;;;;;
;;31005;Civil War Reconstruct 1850-77;202610;Fall 2025;001;11425;Lande, Jonathan S.;38.6%;20.0%;4.3%;;14.3%;2.9%;8.6%;2.9%;1.4%;1.4%;1.4%;;;;2.9%;;;;;;;;1.4%;
;;33505;Nationlism Socialism E Cen Eur;202610;Fall 2025;001;11443;Klein-Pejsova, Rebekah A.;44.4%;7.4%;7.4%;;7.4%;3.7%;11.1%;;;3.7%;;;7.4%;;3.7%;;;;;;;;3.7%;
;;33605;Global LGBTQ History;202610;Fall 2025;001;11444;Ewing, Christopher B.;27.8%;33.3%;;;;;27.8%;;;5.6%;;;;;;;;;;;;;5.6%;
;;34000;Modern China;202610;Fall 2025;001;13754;Tillman, Margaret M.;17.9%;20.5%;2.6%;;30.8%;5.1%;15.4%;2.6%;;5.1%;;;;;;;;;;;;;;
;;;Modern China-Honors;202610;Fall 2025;001;13754;Tillman, Margaret M.;;;100.0%;;;;;;;;;;;;;;;;;;;;;
;;34901;The First World War;202610;Fall 2025;001;13755;Gray, William G.;15.8%;21.1%;1.8%;;15.8%;9.6%;21.9%;1.8%;0.9%;4.4%;;0.9%;;;2.6%;;;0.9%;;;;;2.6%;
;;;The First World War-Honors;202610;Fall 2025;001;13755;Gray, William G.;100.0%;;;;;;;;;;;;;;;;;;;;;;;
;;35900;Gender In E Asian Hist;202610;Fall 2025;001;13779;Tillman, Margaret M.;58.3%;16.7%;8.3%;;8.3%;;8.3%;;;;;;;;;;;;;;;;;
;;;Gender In E Asian Hist-Honors;202610;Fall 2025;001;13779;Tillman, Margaret M.;;;100.0%;;;;;;;;;;;;;;;;;;;;;
;;37100;Society & Rock & Roll;202610;Fall 2025;001;13916;Atkinson, David C.;47.2%;20.2%;;;11.5%;6.4%;8.7%;0.5%;0.5%;1.8%;0.5%;;;;0.9%;;;0.5%;;;;;1.4%;
;;37200;Hist Of American West;202610;Fall 2025;001;11598;Marsh, Dawn G.;83.8%;;;;10.8%;;;;;;;;;;5.4%;;;;;;;;;
;;37902;Silk Road & Pre-Mod Commerce;202610;Fall 2025;001;28019;Chen, Huiying;53.6%;14.3%;10.7%;;3.6%;;7.1%;;3.6%;3.6%;;;;;3.6%;;;;;;;;;
;;38400;History Of Aviation;202610;Fall 2025;001;21457;Smith, Michael G.;12.5%;17.7%;;;25.0%;6.3%;19.8%;3.1%;;6.3%;;;;;1.0%;;;6.3%;;;;;2.1%;
;;39500;Global Empire In 20th Century;202610;Fall 2025;003;11612;Bhattacharya, Tithi;25.0%;31.3%;12.5%;;;6.3%;;;;;;;;;18.8%;;;;;;;;6.3%;
;;40600;Europe 1815-1870;202610;Fall 2025;001;12100;Fleetham, Deborah L.;40.9%;18.2%;;;4.5%;9.1%;9.1%;4.5%;4.5%;4.5%;;;;;4.5%;;;;;;;;;
;;42100;Honor Historical Methods;202610;Fall 2025;H02;25219;Atkinson, David C.;91.7%;;;;;;;;;;;;;;8.3%;;;;;;;;;
;;48005;Madness & The Asylum In The US;202610;Fall 2025;001;25834;Pitts, Yvonne M.;36.7%;13.3%;13.3%;;6.7%;3.3%;;;3.3%;;6.7%;;;;10.0%;3.3%;;;;;;;3.3%;
;;49200;World War I In The Middle East;202610;Fall 2025;001;15212;Holden, Stacy E.;42.1%;10.5%;5.3%;;21.1%;;10.5%;5.3%;;;;;;;5.3%;;;;;;;;;
;;49500;Global Vietnam War 1945-1989;202610;Fall 2025;002;19189;Bellisari, Andrew H.;8.3%;16.7%;16.7%;;8.3%;;33.3%;;;;;;;;16.7%;;;;;;;;;
;;;Human Rights And Archives;202610;Fall 2025;003;11640;Klein-Pejsova, Rebekah A.;45.5%;9.1%;9.1%;;18.2%;;18.2%;;;;;;;;;;;;;;;;;
;;64100;War In History;202610;Fall 2025;002;14290;Gray, William G.;58.3%;16.7%;;;8.3%;;8.3%;;;;;;;;;;;;;;;;8.3%;
HK;HK-Health And Kinesiology;10000;Foundations Of Kinesiology;202610;Fall 2025;001;11252;Blankenship, Bonnie T.;12.6%;5.0%;4.2%;;16.0%;8.4%;14.3%;10.1%;6.7%;6.7%;5.9%;2.5%;3.4%;;1.7%;;;;;;;;2.5%;
;;13500;Intro Health & Kines;202610;Fall 2025;001;21428;Cavalier, Jocelyn D.;23.1%;10.8%;50.8%;;6.2%;1.5%;1.5%;;1.5%;;;;1.5%;;3.1%;;;;;;;;;
;;;;;;002;21429;Treadway, Hannah R.;16.9%;10.8%;50.8%;;6.2%;4.6%;4.6%;;3.1%;;;;;;1.5%;;;;;;;;1.5%;
;;21300;Clin Field Exp Health Fitness;202610;Fall 2025;002;24003;Chrapek, Jason C.;5.0%;;90.0%;;5.0%;;;;;;;;;;;;;;;;;;;
;;22200;Found Hlth Fit Prof;202610;Fall 2025;001;25876;Heavrin, Adam M.;;8.3%;83.3%;;;;4.2%;;;;;;;;;;;;;;;;4.2%;
;;25300;Princ Motor Developmnt;202610;Fall 2025;008;31324;Claxton, Laura J.;25.0%;11.5%;13.5%;;11.5%;9.4%;8.3%;6.3%;2.1%;5.2%;1.0%;;1.0%;;3.1%;;;;;;;;2.1%;
;;25800;Found Motor Skill Lrng;202610;Fall 2025;001;36471;Zelaznik, Howard N.;98.7%;;;;;;;;;;;;;;;;;;;;;;1.3%;
;;26300;Biomech Found Mot Skls;202610;Fall 2025;006;39210;Ambike, Satyajit S.;17.7%;17.7%;;;27.1%;9.4%;17.7%;1.0%;1.0%;3.1%;;;1.0%;;1.0%;;;;;;;;3.1%;
;;28500;Fieldwork In Athl Train - Coll;202610;Fall 2025;001;11363;Wilcoxson, Mitsue A.;89.3%;3.6%;;;;;7.1%;;;;;;;;;;;;;;;;;
;;28600;Fieldwork In Athl Train - Seco;202610;Fall 2025;001;11369;Voll, Craig A.;100.0%;;;;;;;;;;;;;;;;;;;;;;;
;;28700;Fieldwork In Athl Train - Clin;202610;Fall 2025;001;28749;Voll, Craig A.;96.3%;;;;3.7%;;;;;;;;;;;;;;;;;;;
;;30200;App Clin Anatomy;202610;Fall 2025;001;21510;Wilcoxson, Mitsue A.;10.0%;12.0%;;;25.0%;11.0%;9.0%;13.0%;5.0%;7.0%;1.0%;;2.0%;;1.0%;;;;;;;;4.0%;
;;30800;Athletic Health Care;202610;Fall 2025;001;28186;Voll, Craig A.;98.3%;1.7%;;;;;;;;;;;;;;;;;;;;;;
;;32700;Intro To Sports Management;202610;Fall 2025;001;23677;Henderson, Christopher J.;46.4%;25.0%;;;3.6%;;14.3%;3.6%;;3.6%;;;;;3.6%;;;;;;;;;
;;32800;Business Of Professional Sport;202610;Fall 2025;001;23686;Henderson, Christopher J.;55.9%;14.7%;;;8.8%;5.9%;5.9%;5.9%;;2.9%;;;;;;;;;;;;;;
;;36800;Exercise Physiology I;202610;Fall 2025;021;51020;Tesini Roseguini, Bruno;17.0%;14.9%;13.8%;;20.2%;8.5%;14.9%;2.1%;1.1%;3.2%;;1.1%;1.1%;;;;;;;;;;2.1%;
;;37200;Sport Exercise Psy I;202610;Fall 2025;001;59022;Amireault, Steve;30.2%;22.9%;16.7%;;10.4%;3.1%;9.4%;1.0%;2.1%;2.1%;1.0%;;1.0%;;;;;;;;;;;
;;37600;History Of Sport;202610;Fall 2025;001;13143;Blankenship, Bonnie T.;2.8%;11.1%;;;19.4%;8.3%;11.1%;11.1%;8.3%;13.9%;5.6%;2.8%;;;5.6%;;;;;;;;;
;;42100;Health Screening & Evaluation;202610;Fall 2025;001;21581;Heavrin, Adam M.;;;94.4%;;;2.8%;2.8%;;;;;;;;;;;;;;;;;
;;42200;Basic Exercise Program Design;202610;Fall 2025;001;21586;Huffield, Adam S.;58.1%;7.0%;;;14.0%;;2.3%;2.3%;7.0%;4.7%;2.3%;;2.3%;;;;;;;;;;;
;;42700;Sports Marketing;202610;Fall 2025;001;23684;Henderson, Christopher J.;44.0%;16.0%;;;16.0%;12.0%;4.0%;;;4.0%;;;4.0%;;;;;;;;;;;
;;42800;Sports Facility Event Mgmt;202610;Fall 2025;001;23683;Henderson, Christopher J.;62.5%;12.5%;;;6.3%;6.3%;6.3%;;;;;;;;6.3%;;;;;;;;;
;;44300;Neuroscience Movement;202610;Fall 2025;001;25599;Haddad, Jeffrey M.;30.0%;25.0%;30.0%;;5.0%;;5.0%;5.0%;;;;;;;;;;;;;;;;
;;44400;Balance Rehab In Older Adults;202610;Fall 2025;012;33430;Rietdyk, Shirley;35.7%;21.4%;35.7%;;7.1%;;;;;;;;;;;;;;;;;;;
;;46500;Research Methods;202610;Fall 2025;001;24930;Jaiswal, Natasha;81.3%;2.1%;;;4.2%;;2.1%;;;;;;;;4.2%;;;;;;;;6.3%;
;;;;;;Y01;59030;Fernandes, Igor A.;82.0%;6.0%;;;2.0%;;6.0%;;;2.0%;;;;;2.0%;;;;;;;;;
;;46800;Adv Exercise Physio II;202610;Fall 2025;002;32394;Hirai, Daniel;15.4%;11.5%;50.0%;;7.7%;;11.5%;;;;;;;;;;;;;;;;3.8%;
;;46900;Ex/Test Presc Spec Pop;202610;Fall 2025;001;53103;Huffield, Adam S.;94.4%;5.6%;;;;;;;;;;;;;;;;;;;;;;
;;47700;Sport & Exer Psychophysiology;202610;Fall 2025;001;19425;Kao, Shih-Chun;21.4%;21.4%;;;14.3%;;35.7%;;;;;;;;7.1%;;;;;;;;;
;;49000;Pract Exer And Musculoskel Fun;202610;Fall 2025;124;33465;Heavrin, Adam M.;97.4%;;;;;;2.6%;;;;;;;;;;;;;;;;;
;;;Prct Exr&Musculoskl Fnd-Honors;202610;Fall 2025;124;33465;Heavrin, Adam M.;100.0%;;;;;;;;;;;;;;;;;;;;;;;
;;50000;Intro To AT Practice;202610;Fall 2025;001;23027;Voll, Craig A.;91.3%;4.3%;;;4.3%;;;;;;;;;;;;;;;;;;;
;;50600;Evidence Based Practice In AT;202610;Fall 2025;001;20173;Lawrance, Scott E.;43.5%;39.1%;;;4.3%;4.3%;8.7%;;;;;;;;;;;;;;;;;
;;51500;Emergency Medical Management;202610;Fall 2025;001;23093;Popp, Jennifer K.;69.6%;26.1%;;;;;4.3%;;;;;;;;;;;;;;;;;
;;52000;Eval/Mgmt - Lower Quarter;202610;Fall 2025;001;23099;Popp, Jennifer K.;34.8%;26.1%;;;13.0%;8.7%;17.4%;;;;;;;;;;;;;;;;;
;;52100;Sport Administration;202610;Fall 2025;001;19338;Tutka, Patrick M.;69.2%;;;;;;15.4%;;;7.7%;;;;;;;;;;;;;7.7%;
;;52800;Sport Event Mgmt & Operations;202610;Fall 2025;001;19349;Tutka, Patrick M.;64.3%;;;;7.1%;;21.4%;;;;;;;;;;;;;;;;7.1%;
;;53000;Eval/Mgmt - Upper Quarter;202610;Fall 2025;001;23100;Lawrance, Scott E.;69.6%;26.1%;;;;;4.3%;;;;;;;;;;;;;;;;;
;;54100;AT Practicum I;202610;Fall 2025;001;28183;Popp, Jennifer K.;;;;;;;;;;;;;;;;;;91.3%;8.7%;;;;;
;;54600;Lifestyle Medicine;202610;Fall 2025;001;20128;Ledman, Cassandra A.;90.3%;3.2%;;;3.2%;;3.2%;;;;;;;;;;;;;;;;;
;;54700;Princ Health & Well Coaching;202610;Fall 2025;001;19426;Ledman, Cassandra A.;87.0%;8.7%;4.3%;;;;;;;;;;;;;;;;;;;;;
;;54800;Adv Concepts Health Coaching;202610;Fall 2025;002;19432;Ledman, Cassandra A.;72.7%;9.1%;;;18.2%;;;;;;;;;;;;;;;;;;;
;;63000;Administration Of AT Programs;202610;Fall 2025;001;11372;Lawrance, Scott E.;76.0%;24.0%;;;;;;;;;;;;;;;;;;;;;;
;;63500;Injury Prev & Health Promotion;202610;Fall 2025;001;11374;Voll, Craig A.;100.0%;;;;;;;;;;;;;;;;;;;;;;;
;;64100;AT Practicum IV;202610;Fall 2025;001;27467;Popp, Jennifer K.;;;;;;;;;;;;;;;;;;100.0%;;;;;;
;;64500;Psychosocial Interventions AT;202610;Fall 2025;001;11376;Wilcoxson, Mitsue A.;100.0%;;;;;;;;;;;;;;;;;;;;;;;
HONR;HONR-Honors;19901;Honors First Yr Experience I;202610;Fall 2025;H01;67318;Krishna, Ashima;66.7%;;33.3%;;;;;;;;;;;;;;;;;;;;;
;;;;;;H03;11567;Krishna, Ashima;;;100.0%;;;;;;;;;;;;;;;;;;;;;
;;;;;;H05;67322;Krishna, Ashima;;;95.7%;;;4.3%;;;;;;;;;;;;;;;;;;
;;;;;;H07;11566;Weinberg, Lindsay;95.7%;4.3%;;;;;;;;;;;;;;;;;;;;;;
;;;;;;H09;11569;Weinberg, Lindsay;95.7%;4.3%;;;;;;;;;;;;;;;;;;;;;;
;;;;;;H11;19116;Weinberg, Lindsay;91.3%;8.7%;;;;;;;;;;;;;;;;;;;;;;
;;;;;;H13;19115;Adeoye, Temitope F.;39.1%;4.3%;52.2%;;;;;;;;;;;;4.3%;;;;;;;;;
;;;;;;H15;67334;Adeoye, Temitope F.;56.5%;4.3%;30.4%;;;;4.3%;;;;;;;;4.3%;;;;;;;;;
;;;;;;H17;19117;Adeoye, Temitope F.;18.2%;4.5%;77.3%;;;;;;;;;;;;;;;;;;;;;
;;;;;;H19;19111;Ware, Jason A.;30.4%;;60.9%;;;;8.7%;;;;;;;;;;;;;;;;;
;;;;;;H21;19113;Ware, Jason A.;;;95.5%;;;;4.5%;;;;;;;;;;;;;;;;;
;;;;;;H23;11737;Ware, Jason A.;30.4%;;60.9%;;;;8.7%;;;;;;;;;;;;;;;;;
;;;;;;H25;67328;Tehrani, Zahra A.;82.6%;4.3%;;;4.3%;;8.7%;;;;;;;;;;;;;;;;;
;;;;;;H27;13132;Tehrani, Zahra A.;95.7%;;;;;;;4.3%;;;;;;;;;;;;;;;;
;;;;;;H29;67339;Tehrani, Zahra A.;91.3%;;;;;;4.3%;;;;;;;;;;;;;;;;4.3%;
;;;;;;H31;11580;Petrosyan, Suren M.;100.0%;;;;;;;;;;;;;;;;;;;;;;;
;;;;;;H33;67338;Petrosyan, Suren M.;100.0%;;;;;;;;;;;;;;;;;;;;;;;
;;;;;;H35;67329;Dilworth, Kathryn F.;;;100.0%;;;;;;;;;;;;;;;;;;;;;
;;;;;;H37;67323;Dilworth, Kathryn F.;;;100.0%;;;;;;;;;;;;;;;;;;;;;
;;;;;;H39;13135;Dilworth, Kathryn F.;;;100.0%;;;;;;;;;;;;;;;;;;;;;
;;;;;;H41;67320;Bellisario, Kristen M.;;;95.2%;;;;4.8%;;;;;;;;;;;;;;;;;
;;;;;;H43;67335;Bellisario, Kristen M.;9.1%;;90.9%;;;;;;;;;;;;;;;;;;;;;
;;;;;;H45;13136;Bellisario, Kristen M.;;8.7%;91.3%;;;;;;;;;;;;;;;;;;;;;
;;;;;;H47;65248;Vanaik, Anish;65.2%;13.0%;13.0%;;;;4.3%;4.3%;;;;;;;;;;;;;;;;
;;;;;;H49;67327;Vanaik, Anish;82.6%;13.0%;4.3%;;;;;;;;;;;;;;;;;;;;;
;;;;;;H51;67349;Vanaik, Anish;69.6%;8.7%;17.4%;;4.3%;;;;;;;;;;;;;;;;;;;
;;;;;;H53;67333;Vanaik, Anish;52.2%;8.7%;30.4%;;8.7%;;;;;;;;;;;;;;;;;;;
;;;;;;H55;19114;Vanaik, Anish;87.0%;;13.0%;;;;;;;;;;;;;;;;;;;;;
;;;;;;H57;20612;Vanaik, Anish;33.3%;28.6%;33.3%;;;;4.8%;;;;;;;;;;;;;;;;;
;;;;;;H59;19195;Swanson, Nathan W.;100.0%;;;;;;;;;;;;;;;;;;;;;;;
;;;;;;H61;22993;Swanson, Nathan W.;100.0%;;;;;;;;;;;;;;;;;;;;;;;
;;;;;;H63;22994;Swanson, Nathan W.;100.0%;;;;;;;;;;;;;;;;;;;;;;;
;;;;;;H65;22995;Brite, Elizabeth B.;100.0%;;;;;;;;;;;;;;;;;;;;;;;
;;;;;;H67;25540;Brite, Elizabeth B.;100.0%;;;;;;;;;;;;;;;;;;;;;;;
;;;;;;H69;25541;Brite, Elizabeth B.;100.0%;;;;;;;;;;;;;;;;;;;;;;;
;;;;;;H71;25542;Jengelley, Dwaine H.;65.2%;;30.4%;;4.3%;;;;;;;;;;;;;;;;;;;
;;;;;;H73;25543;Jengelley, Dwaine H.;21.7%;8.7%;69.6%;;;;;;;;;;;;;;;;;;;;;
;;;;;;H75;25544;Jengelley, Dwaine H.;47.8%;4.3%;47.8%;;;;;;;;;;;;;;;;;;;;;
;;;;;;H77;25545;Jengelley, Dwaine H.;26.1%;;73.9%;;;;;;;;;;;;;;;;;;;;;
;;;;;;H79;25546;Jengelley, Dwaine H.;50.0%;20.0%;30.0%;;;;;;;;;;;;;;;;;;;;;
;;;;;;H81;25547;Jengelley, Dwaine H.;13.0%;4.3%;82.6%;;;;;;;;;;;;;;;;;;;;;
;;;;;;H83;25548;Petrosyan, Suren M.;100.0%;;;;;;;;;;;;;;;;;;;;;;;
;;19903;Interdisc Approach To Writing;202610;Fall 2025;004;25353;Dilworth, Kathryn F.;;;100.0%;;;;;;;;;;;;;;;;;;;;;
;;;;;;008;27691;Defrench, Melissa K.;6.7%;6.7%;86.7%;;;;;;;;;;;;;;;;;;;;;
;;;;;;009;26879;Moore, Jonathan P.;70.0%;20.0%;;;;5.0%;5.0%;;;;;;;;;;;;;;;;;
;;22000;Community Of Inquiry;202610;Fall 2025;001;17836;Bellisario, Kristen M.;53.8%;;46.2%;;;;;;;;;;;;;;;;;;;;;
;;;;;;002;17837;Krishna, Ashima;18.2%;9.1%;68.2%;;;;4.5%;;;;;;;;;;;;;;;;;
;;;;;;004;28057;Adeoye, Temitope F.;57.9%;10.5%;5.3%;;;;21.1%;;;;;;;;;;;;;;;;5.3%;
;;22100;Exploring Place;202610;Fall 2025;004;27684;Swanson, Nathan W.;90.0%;;;;;5.0%;;;;;;;;;;;;;;;;;5.0%;
;;;Exploring Place: Internships;202610;Fall 2025;002;23821;Adeoye, Temitope F.;29.0%;10.1%;49.3%;;5.8%;;2.9%;1.4%;;;;;;;;;;;;;;;1.4%;
;;29500;Lead Forward Fellowship;202610;Fall 2025;001;29182;Scroggins, Shaunta D.;46.7%;20.0%;33.3%;;;;;;;;;;;;;;;;;;;;;
;;29900;Designing Teamwork Games;202610;Fall 2025;106;26075;Watkins, Adam E.;80.0%;5.0%;;;;;15.0%;;;;;;;;;;;;;;;;;
;;;Experiencing Neurophysiology;202610;Fall 2025;105;24395;Brightman, Andrew O.;31.8%;;59.1%;;;;4.5%;;;;;;;;;;;;;;;;4.5%;
;;;Honors Leadership Retreat;202610;Fall 2025;H77;25314;Watkins, Adam E.;91.1%;;;;;;2.2%;;;;;;;;;;;;;;;;6.7%;
;;;Lead For Social Impact;202610;Fall 2025;104;24508;Scroggins, Shaunta D.;22.7%;31.8%;13.6%;;4.5%;4.5%;13.6%;;;;;;;;;;;;;;;;9.1%;
;;;Leadership Praxis;202610;Fall 2025;096;18186;Scroggins, Shaunta D.;60.9%;13.0%;26.1%;;;;;;;;;;;;;;;;;;;;;
;;;Nonprofits & Philanthropy;202610;Fall 2025;101;21465;Dilworth, Kathryn F.;7.0%;2.8%;87.3%;;;;;1.4%;;;;;;;;;;;;;;;1.4%;
;;;Print Bay Immersive;202610;Fall 2025;082;25197;Moore, Jonathan P.;100.0%;;;;;;;;;;;;;;;;;;;;;;;
;;;The Gilded Age In Chicago;202610;Fall 2025;085;26137;Macgiollabhui, Muiris;93.8%;;;;;;;;;;;;;;;;;;;;;;6.3%;
;;;Indy As A Sports Capital;202610;Fall 2025;108;26986;Jengelley, Dwaine H.;;;100.0%;;;;;;;;;;;;;;;;;;;;;
;;29901;Honors Mentors;202610;Fall 2025;H01;15467;Macgiollabhui, Muiris;93.3%;6.7%;;;;;;;;;;;;;;;;;;;;;;
;;;;;;H07;15470;Macgiollabhui, Muiris;94.4%;5.6%;;;;;;;;;;;;;;;;;;;;;;
;;;;;;H14;15471;Watkins, Adam E.;100.0%;;;;;;;;;;;;;;;;;;;;;;;
;;;;;;H21;15476;Macgiollabhui, Muiris;100.0%;;;;;;;;;;;;;;;;;;;;;;;
;;;;;;H27;15479;Watkins, Adam E.;100.0%;;;;;;;;;;;;;;;;;;;;;;;
;;;;;;H33;15489;Jarriel, Katherine M.;46.7%;;53.3%;;;;;;;;;;;;;;;;;;;;;
;;;;;;H43;23153;Jarriel, Katherine M.;53.8%;;38.5%;;;;7.7%;;;;;;;;;;;;;;;;;
;;31300;STS: AI & Society;202610;Fall 2025;001;23114;Weinberg, Lindsay;91.3%;8.7%;;;;;;;;;;;;;;;;;;;;;;
;;;STS: Eugenics Then & Now;202610;Fall 2025;002;23115;Linett, Maren T.;45.0%;50.0%;;;;;5.0%;;;;;;;;;;;;;;;;;
;;31400;Human Epoch: Anthropocene;202610;Fall 2025;001;23077;Brite, Elizabeth B.;89.5%;;;;10.5%;;;;;;;;;;;;;;;;;;;
;;;Human Epoch: Life On The Coast;202610;Fall 2025;002;23082;Jarriel, Katherine M.;100.0%;;;;;;;;;;;;;;;;;;;;;;;
;;31500;Across Diff: Sport & Identity;202610;Fall 2025;002;23109;Sturm, Jessica L.;10.5%;;89.5%;;;;;;;;;;;;;;;;;;;;;
;;;Across Differences: Exile;202610;Fall 2025;001;27973;Macgiollabhui, Muiris;80.0%;15.0%;;;5.0%;;;;;;;;;;;;;;;;;;;
;;39900;Decisions For Sustainability;202610;Fall 2025;001;23067;Rabi, Jose;23.1%;;69.2%;;;;;;;7.7%;;;;;;;;;;;;;;
;;46100;Well-Being;202610;Fall 2025;001;18192;Ware, Jason A.;30.0%;10.0%;60.0%;;;;;;;;;;;;;;;;;;;;;
;;46300;Research Thinking Portfolio;202610;Fall 2025;001;18161;Dilworth, Kathryn F.;;;100.0%;;;;;;;;;;;;;;;;;;;;;
;;46400;Scholarly Project:Music Coding;202610;Fall 2025;003;23117;Taylor, Monte H.;15.8%;5.3%;57.9%;;5.3%;;;;;;;;;;;5.3%;;;;;;;10.5%;
;;;SP: Music & Identity;202610;Fall 2025;002;28000;Petrosyan, Suren M.;100.0%;;;;;;;;;;;;;;;;;;;;;;;
;;49900;TREKS Engagement V;202610;Fall 2025;002;29208;Ware, Jason A.;;;100.0%;;;;;;;;;;;;;;;;;;;;;
;;59901;Research Mentor Dev;202610;Fall 2025;001;23968;Tehrani, Zahra A.;84.2%;5.3%;;;;5.3%;5.3%;;;;;;;;;;;;;;;;;
HORT;HORT-Horticulture;10100;Fundmntls Horticulture;202610;Fall 2025;014;16667;Beck, MacOn A.;41.2%;8.8%;13.2%;;4.4%;8.8%;14.7%;2.9%;1.5%;1.5%;;;1.5%;;1.5%;;;;;;;;;
;;;;;;023;20605;Stirm, Vicki E.;16.7%;25.0%;33.3%;;;8.3%;;;;8.3%;;;;;;;;;;;;;8.3%;
;;;;;;025;22037;Beck, MacOn A.;26.7%;20.0%;13.3%;;20.0%;;13.3%;;;6.7%;;;;;;;;;;;;;;
;;;Fundmntls Horticulture-Honors;202610;Fall 2025;023;20605;Stirm, Vicki E.;20.0%;;80.0%;;;;;;;;;;;;;;;;;;;;;
;;12100;Medicine In The Garden;202610;Fall 2025;001;11196;Widhalm, Joshua R.;21.2%;11.1%;57.6%;;;1.0%;3.0%;1.0%;;2.0%;;;;;;;;;;;;;3.0%;
;;12200;Liv Lnd: Grow, Design, Sustain;202610;Fall 2025;001;18428;Beck, MacOn A.;10.7%;17.9%;50.0%;;;3.6%;3.6%;3.6%;7.1%;3.6%;;;;;;;;;;;;;;
;;21700;Woody Landscape Plants;202610;Fall 2025;016;11648;Siciliano, Paul C.;40.0%;;;;23.3%;;;20.0%;;;6.7%;;;;;3.3%;3.3%;;;;;;3.3%;
;;31700;Landscpe Cntrct & Mgmt;202610;Fall 2025;001;21715;Daniel, Kyle M.;39.1%;8.7%;21.7%;;13.0%;8.7%;4.3%;;;;4.3%;;;;;;;;;;;;;
;;31800;Field Prod Of Hort Crops;202610;Fall 2025;001;16813;Langenhoven, Petrus;14.3%;19.0%;;;28.6%;9.5%;4.8%;4.8%;;9.5%;4.8%;;;;;;;;;;;;4.8%;
;;32100;Hydroponics Systems;202610;Fall 2025;002;28453;Gomez, Celina;46.2%;;;;38.5%;;;7.7%;;;;;;;;;;;;;;;7.7%;
;;37000;Professnl Floral Dsgn;202610;Fall 2025;027;18146;Beck, MacOn A.;;14.3%;85.7%;;;;;;;;;;;;;;;;;;;;;
;;40300;Tropical Horticulture;202610;Fall 2025;001;29006;Raghothama, Kashchandra G.;36.8%;;;;36.8%;;;5.3%;;;;;;;10.5%;;;;;;;;10.5%;
;;51300;Nutrition Of Hort Crps;202610;Fall 2025;008;28467;Raghothama, Kashchandra G.;38.5%;;;;38.5%;;;11.5%;;;3.8%;;;;;;;;;;;;7.7%;
HSCI;HSCI-Health Sciences;10100;Intro Health Sciences;202610;Fall 2025;002;19159;Harris, Jason T.;33.7%;7.8%;35.9%;;7.0%;1.9%;3.0%;1.5%;0.7%;1.9%;2.6%;;;;3.7%;;;;;;;;0.4%;
;;;Intro Health Sciences-Honors;202610;Fall 2025;002;19159;Harris, Jason T.;100.0%;;;;;;;;;;;;;;;;;;;;;;;
;;13100;Medical Terminology;202610;Fall 2025;002;20474;Hilliard, Lisa M.;15.2%;4.0%;1.0%;;27.3%;2.5%;3.0%;9.6%;1.0%;6.1%;3.0%;;4.5%;;3.5%;;;;;;;;19.2%;
;;20200;Essent Of EHS,OHS,&RHS-Honors;202610;Fall 2025;001;37506;Muthumalage, Thivanka M.;100.0%;;;;;;;;;;;;;;;;;;;;;;;
;;;Essentials Of EHS, OHS, & RHS;202610;Fall 2025;001;37506;Muthumalage, Thivanka M.;71.3%;16.5%;;;3.0%;0.9%;5.2%;0.9%;0.3%;;0.3%;;;;;;;;;;;;1.5%;
;;22500;Health Ldrship &Safety-Honors;202610;Fall 2025;001;22590;Wilson, Mark D.;100.0%;;;;;;;;;;;;;;;;;;;;;;;
;;;Health Leadership And Safety;202610;Fall 2025;001;22590;Wilson, Mark D.;53.1%;4.1%;13.1%;;9.7%;;14.5%;0.7%;;2.1%;;;;;0.7%;;;;;;;;2.1%;
;;30500;Basics Of Oncology;202610;Fall 2025;001;16509;He, Qiuhong;13.9%;2.8%;70.8%;;;4.2%;4.2%;;;1.4%;;;;;1.4%;;;;;;;;1.4%;
;;;Basics Of Oncology-Honors;202610;Fall 2025;001;16509;He, Qiuhong;;;100.0%;;;;;;;;;;;;;;;;;;;;;
;;31200;Radiation Science;202610;Fall 2025;001;21790;Dydak, Ulrike;10.7%;17.9%;28.6%;;10.7%;3.6%;10.7%;;3.6%;;;;;;;;;;;;;;14.3%;
;;31300;Radiation Detection;202610;Fall 2025;001;65369;Specht, Aaron J.;71.4%;;;;4.8%;;9.5%;;;;;;;;;4.8%;;;;;;;9.5%;
;;33400;Lung Physiology And Medicine;202610;Fall 2025;001;27413;Wilson, Mark D.;52.4%;2.4%;21.4%;;14.3%;2.4%;4.8%;;;2.4%;;;;;;;;;;;;;;
;;;Lung Physio & Medicine-Honors;202610;Fall 2025;001;27413;Wilson, Mark D.;;;100.0%;;;;;;;;;;;;;;;;;;;;;
;;33500;Heart Physiology And Medicine;202610;Fall 2025;001;18928;Wilson, Mark D.;54.8%;;16.7%;;14.3%;;11.9%;;;;2.4%;;;;;;;;;;;;;
;;;;;;003;25869;Wilson, Mark D.;46.5%;4.7%;11.6%;;9.3%;2.3%;16.3%;2.3%;;2.3%;2.3%;;2.3%;;;;;;;;;;;
;;33600;Eye Physiology And Disease;202610;Fall 2025;001;26920;Kerstein, Patrick C.;56.8%;4.5%;29.5%;;2.3%;;4.5%;;;;;;;;2.3%;;;;;;;;;
;;;Eye Physio & Disease-Honors;202610;Fall 2025;001;26920;Kerstein, Patrick C.;;;;;;100.0%;;;;;;;;;;;;;;;;;;
;;34500;Intro Occ Envir Health;202610;Fall 2025;001;21796;Havics, Andrew A.;22.7%;27.3%;;;9.1%;13.6%;22.7%;;;2.3%;;;;;;;;;;;;;2.3%;
;;39000;Teach Exp Health Ldrshp & Sfty;202610;Fall 2025;011;29684;Wilson, Mark D.;90.9%;9.1%;;;;;;;;;;;;;;;;;;;;;;
;;39601;HSCI Junior Honors Project;202610;Fall 2025;H01;62855;Scarpelli, Matthew L.;;;;;;;;;;;;;;;;;;100.0%;;;;;;
;;42000;Applied Anatomy For Medicine;202610;Fall 2025;001;16515;Hilliard, Lisa M.;52.2%;11.6%;;;11.6%;;13.0%;1.4%;2.9%;4.3%;;;1.4%;;;;;;;;;;1.4%;
;;;Appl Anat For Medicine-Honors;202610;Fall 2025;001;16515;Hilliard, Lisa M.;;;;;;;100.0%;;;;;;;;;;;;;;;;;
;;;Applied Antmy For Medic-Honors;202610;Fall 2025;001;16515;Hilliard, Lisa M.;;;;;;;;;;;;;;;;;;;;;;;100.0%;
;;44700;Global Workplace Health;202610;Fall 2025;008;25372;Wilson, Mark D.;30.0%;;60.0%;;5.0%;;;5.0%;;;;;;;;;;;;;;;;
;;49000;Dissecting Dementia;202610;Fall 2025;053;21512;Hilliard, Lisa M.;68.0%;16.0%;;;8.0%;;4.0%;;;4.0%;;;;;;;;;;;;;;
;;52500;Statistics For Health Sciences;202610;Fall 2025;001;27703;Baloni, Priyanka;50.0%;;;;33.3%;;;;;;;;;;;8.3%;;;;;;;8.3%;
;;52600;Prin HP & Dosimetry;202610;Fall 2025;001;15798;Specht, Aaron J.;55.6%;;;;27.8%;;16.7%;;;;;;;;;;;;;;;;;
;;54700;Fundamentals Of Epidemiology;202610;Fall 2025;003;25232;Wells, Ellen M.;50.0%;;2.1%;2.1%;14.6%;;25.0%;2.1%;;;;;;;;;;;;;;;4.2%;
;;56000;Toxicology;202610;Fall 2025;001;21891;Shannahan, Jonathan H.;43.3%;;9.0%;;32.8%;;4.5%;4.5%;;1.5%;1.5%;;;;;;;;;;;;3.0%;
;;57400;Medical Health Physics;202610;Fall 2025;001;21893;Richards, Mack;18.2%;9.1%;18.2%;;18.2%;9.1%;27.3%;;;;;;;;;;;;;;;;;
;;58000;Occup Biomech & Ergonomics;202610;Fall 2025;001;21894;Wilson, Mark D.;66.7%;;;;19.0%;;;9.5%;;;;;;;;;;;;;;;4.8%;
;;62500;Grant Writing For Health Sci;202610;Fall 2025;001;23690;Harris, Jason T.;87.0%;;;;;;;;;;;;;;;4.3%;;;;;;;8.7%;
;;69600;Seminr In Hlth Science;202610;Fall 2025;001;36063;Kerstein, Patrick C.;87.0%;7.2%;;;;;4.3%;;;;;;;;;;;;;;;;1.4%;
HSOP;HSOP-Hlth,Srvcs,Outcomes&Polic;69600;Sem In Phar Adm;202610;Fall 2025;002;48456;Allen, John M.;;;;;;;;;;;;;;;;;;100.0%;;;;;;
HTM;HTM-Hospitality & Tourism Mgmt;10010;Expl Transfm Exp In HTM;202610;Fall 2025;001;36756;King, Ceridwyn A.;12.9%;16.1%;7.5%;;15.1%;2.2%;3.2%;15.1%;1.1%;6.5%;7.5%;;1.1%;;7.5%;;;;;;;;4.3%;
;;14100;Fin Acctg Service Ind;202610;Fall 2025;001;61722;Bucher, Shawn;29.0%;19.4%;16.1%;;6.5%;3.2%;12.9%;3.2%;;3.2%;;;3.2%;;;;;;;;;;3.2%;
;;;;;;002;27749;Baldick, Hwijin J.;11.1%;3.7%;7.4%;;11.1%;3.7%;7.4%;14.8%;;25.9%;;;;;7.4%;;;;;;;;7.4%;
;;16200;Intro To Event & Meet Planning;202610;Fall 2025;001;18289;Jung, Shinyong;75.0%;13.9%;;;;;8.3%;;;2.8%;;;;;;;;;;;;;;
;;;Intro To Evnt&Meet Plan-Honors;202610;Fall 2025;001;18289;Jung, Shinyong;100.0%;;;;;;;;;;;;;;;;;;;;;;;
;;17300;Tourism Systems;202610;Fall 2025;002;30078;Lehto, Xinran Y.;10.8%;48.6%;2.7%;;2.7%;;29.7%;;;;;;2.7%;;;;;;;;;;2.7%;
;;18000;Hospitality Operations;202610;Fall 2025;001;31454;Bies, Amanda R.;15.6%;11.1%;31.1%;;11.1%;6.7%;8.9%;;6.7%;2.2%;2.2%;;;;4.4%;;;;;;;;;
;;20000;Career Explor And Dev Seminar;202610;Fall 2025;001;20050;Love, Samantha N.;20.0%;3.3%;73.3%;;;;;;;;;;;;3.3%;;;;;;;;;
;;21200;Leading For Success In Svc Ind;202610;Fall 2025;001;24502;Bies, Amanda R.;8.1%;2.7%;56.8%;;2.7%;5.4%;5.4%;5.4%;;2.7%;2.7%;;;;8.1%;;;;;;;;;
;;21800;Creating Exp For A Diverse Soc;202610;Fall 2025;001;24974;Gordon, Susan E.;20.0%;30.0%;13.3%;;6.7%;10.0%;16.7%;;3.3%;;;;;;;;;;;;;;;
;;23100;Mktg In Service Industries;202610;Fall 2025;001;41530;Hu, Hongyan;3.3%;23.3%;10.0%;;13.3%;16.7%;23.3%;;3.3%;;3.3%;;;;3.3%;;;;;;;;;
;;;;;;002;29546;Park, Jae Eun;20.0%;20.0%;30.0%;;3.3%;10.0%;10.0%;;;3.3%;;;;;;;;;;;;;3.3%;
;;24100;Mgr Acct In Svc Industries;202610;Fall 2025;001;21937;Bang, Dohyung;23.5%;;;;35.3%;;;29.4%;;;11.8%;;;;;;;;;;;;;
;;;;;;002;16132;Baldick, Hwijin J.;5.3%;21.1%;;;10.5%;31.6%;10.5%;5.3%;10.5%;;;5.3%;;;;;;;;;;;;
;;25501;Excel & Analytics In Svc Inds;202610;Fall 2025;001;13745;Sun, Jiong;12.4%;6.2%;6.2%;;11.3%;11.3%;7.2%;10.3%;8.2%;9.3%;4.1%;2.1%;2.1%;;7.2%;;;;;;;;2.1%;
;;29001;Food And Beverage Mgmt;202610;Fall 2025;001;19913;Bucher, Shawn;37.7%;30.2%;15.1%;;;5.7%;5.7%;3.8%;;1.9%;;;;;;;;;;;;;;
;;29101;The JPR Restaurant Experience;202610;Fall 2025;001;21946;Tkach, Julie L.;27.3%;45.5%;9.1%;;;;18.2%;;;;;;;;;;;;;;;;;
;;;;;;002;14904;Tkach, Julie L.;15.4%;;84.6%;;;;;;;;;;;;;;;;;;;;;
;;;;;;003;14920;Tkach, Julie L.;25.0%;25.0%;50.0%;;;;;;;;;;;;;;;;;;;;;
;;;;;;004;14905;Tkach, Julie L.;33.3%;40.0%;20.0%;;;;6.7%;;;;;;;;;;;;;;;;;
;;31200;Talent Mgmt For Serv Ind;202610;Fall 2025;001;24747;Gordon, Susan E.;18.6%;20.9%;14.0%;;11.6%;9.3%;14.0%;7.0%;2.3%;2.3%;;;;;;;;;;;;;;
;;31400;Franchising;202610;Fall 2025;001;19905;Siemers, Shawn P.;14.3%;28.6%;;;35.7%;7.1%;14.3%;;;;;;;;;;;;;;;;;
;;31700;Bus Etiquette For Mgrs;202610;Fall 2025;001;61724;Cawdron, Anthony P.;33.3%;28.9%;31.1%;;;;;;;;;;;;;;;;;;;;6.7%;
;;32200;Hosptl Facilities Mgmt;202610;Fall 2025;001;51430;Tkach, Julie L.;84.0%;;;;12.0%;;;4.0%;;;;;;;;;;;;;;;;
;;34100;Ops Ctrl/Analysis In Hosp Ind;202610;Fall 2025;001;18484;Lee, Yoon Joo;44.1%;;;;32.4%;;;14.7%;;;8.8%;;;;;;;;;;;;;
;;35700;Disrupt & Innov - Honors;202610;Fall 2025;001;31456;Wang, Peihao;100.0%;;;;;;;;;;;;;;;;;;;;;;;
;;;Disrupt & Innov In Hosp & Tour;202610;Fall 2025;001;31456;Wang, Peihao;6.7%;20.0%;40.0%;;;6.7%;20.0%;;;;;;;;;;;;;;;;6.7%;
;;36200;Event And Meeting Management;202610;Fall 2025;001;16224;Jung, Shinyong;32.0%;48.0%;;;4.0%;;8.0%;4.0%;;;4.0%;;;;;;;;;;;;;
;;37000;Sustainable Tourism;202610;Fall 2025;001;25404;Day, Gordon J.;50.0%;23.3%;3.3%;;6.7%;;10.0%;;;;;;;;3.3%;;;;;;;;3.3%;
;;37200;Global Tour Geography;202610;Fall 2025;001;26630;Alavipour, Roya S.;18.5%;14.8%;29.6%;;11.1%;7.4%;14.8%;;3.7%;;;;;;;;;;;;;;;
;;38110;Revenue Mgmt In Svc Ind;202610;Fall 2025;002;30018;Dong, Yingying;23.5%;11.8%;23.5%;;11.8%;5.9%;23.5%;;;;;;;;;;;;;;;;;
;;41100;Hospitality & Tour Law;202610;Fall 2025;001;19175;Tkach, Julie L.;82.2%;;;;17.8%;;;;;;;;;;;;;;;;;;;
;;44100;Fin Mgt Hospitality Ind;202610;Fall 2025;001;24226;Bang, Dohyung;40.0%;;;;40.0%;;;13.3%;;;;;;;;;;;;;;;6.7%;
;;49111;Beverage Operation Mgmt;202610;Fall 2025;X01;51573;Wade, Courtney J.;91.4%;;;;;;;8.6%;;;;;;;;;;;;;;;;
;;49112;Mgmt & Serv Beverage Alcohol;202610;Fall 2025;X01;51574;Wade, Courtney J.;42.1%;21.1%;21.1%;;5.3%;;10.5%;;;;;;;;;;;;;;;;;
;;49201;Hosp Op Mgmt And Ldshp;202610;Fall 2025;001;27034;Goad, Bruce A.;66.7%;;;;33.3%;;;;;;;;;;;;;;;;;;;
;;49901;Strategic Mgmt In Svc Ind;202610;Fall 2025;001;29561;Kwak, Soo Yeon;17.9%;14.3%;25.0%;;10.7%;10.7%;7.1%;3.6%;3.6%;3.6%;;;;;;;;;;;;;3.6%;
IDE;IDE-Interdisciplinary Engr;30100;Professional Prep IDE;202610;Fall 2025;001;15749;Davis, Kirsten A.;54.8%;3.2%;;;3.2%;3.2%;6.5%;;;9.7%;;;3.2%;;6.5%;;;;;;;;9.7%;
;;36000;MDE Statistics;202610;Fall 2025;001;19000;Ohland, Matthew W.;13.3%;20.0%;;;;26.7%;13.3%;;6.7%;6.7%;;;;;;;;;;;;;13.3%;
;;38500;Design Mthodolog Divrs Stkhldr;202610;Fall 2025;001;21650;Hess, Justin L.;31.3%;6.3%;18.8%;;6.3%;6.3%;6.3%;;;6.3%;;;;;12.5%;;;;;;;;6.3%;
;;48300;MDE Engr Analysis/Decision;202610;Fall 2025;001;17434;Syed Hassan, Syed Ahmad Helmi B.;53.8%;7.7%;;;7.7%;7.7%;23.1%;;;;;;;;;;;;;;;;;
;;48400;MDE Design Methodology;202610;Fall 2025;001;16707;Hynes, Morgan M.;21.9%;;46.9%;;12.5%;;3.1%;12.5%;;;;;;;3.1%;;;;;;;;;
;;48700;MDE Senior Development;202610;Fall 2025;001;15583;Hynes, Morgan M.;14.3%;17.1%;37.1%;;8.6%;14.3%;5.7%;;;2.9%;;;;;;;;;;;;;;
;;49500;Fund Civilian Service In DoD;202610;Fall 2025;006;30740;Callahan, Ken D.;100.0%;;;;;;;;;;;;;;;;;;;;;;;
;;;Civilian Service In DoD;202610;Fall 2025;007;30744;Callahan, Ken D.;;;100.0%;;;;;;;;;;;;;;;;;;;;;
;;;;;;008;30745;Callahan, Ken D.;;;93.3%;;;;6.7%;;;;;;;;;;;;;;;;;
IE;IE-Industrial Engineering;20000;Ind Engr Seminar;202610;Fall 2025;001;22013;Pearson, Elizabeth;;;;;;;;;;;;;;;;;;;;79.1%;;17.6%;3.3%;
;;23000;Prob & Stat In Engr I;202610;Fall 2025;001;22014;Chen, Zaiwei;48.4%;6.3%;13.5%;;5.6%;3.2%;10.3%;3.2%;0.8%;4.0%;;;0.8%;;0.8%;;;;;;;;3.2%;
;;;;;;002;15174;Huang, Congfang;38.3%;9.7%;29.9%;;7.1%;2.6%;6.5%;1.3%;;2.6%;1.3%;;;;0.6%;;;;;;;;;
;;33000;Prob & Stat In Engr II;202610;Fall 2025;001;22016;Salama, Mohamed;17.3%;15.0%;13.4%;;10.2%;9.4%;11.0%;3.9%;;8.7%;;;;;6.3%;0.8%;;;;;;;3.9%;
;;33200;Comput In Indust Engr;202610;Fall 2025;001;22017;Ventresca, Mario;2.2%;6.0%;;;31.0%;19.0%;17.4%;6.0%;6.0%;9.2%;1.1%;1.6%;;;;;;;;;;;0.5%;
;;33500;Oper Research-Optimiz;202610;Fall 2025;001;22023;Cho, Lucky;47.7%;;34.2%;;4.0%;;8.7%;1.3%;;2.7%;;;0.7%;;0.7%;;;;;;;;;
;;;;;;002;19909;Zhang, Zhe;13.0%;29.0%;5.1%;;27.5%;;2.2%;10.1%;0.7%;0.7%;2.2%;;;;0.7%;;;;;;;;8.7%;
;;33600;Oper Res-Stoch Models;202610;Fall 2025;001;22024;Aggarwal, Vaneet;12.8%;11.3%;3.8%;;12.8%;6.8%;10.5%;12.0%;9.0%;8.3%;3.0%;0.8%;1.5%;;4.5%;;;;;;;;3.0%;
;;34300;Engineering Economics;202610;Fall 2025;001;22025;Lehto, Mark R.;9.3%;14.9%;7.5%;;15.5%;11.8%;8.1%;11.8%;8.1%;6.8%;0.6%;;;;0.6%;0.6%;;;;;;;4.3%;
;;;;;;002;50722;Cho, Lucky;37.0%;;43.0%;;5.5%;;11.5%;0.6%;;0.6%;;;0.6%;;1.2%;;;;;;;;;
;;;;;;003;32203;Cai, Hua;5.9%;16.7%;1.0%;;15.7%;10.8%;8.8%;12.7%;4.9%;6.9%;4.9%;2.0%;2.0%;;2.9%;;;;;;;;4.9%;
;;;Engineering Economics-Honors;202610;Fall 2025;003;32203;Cai, Hua;;;100.0%;;;;;;;;;;;;;;;;;;;;;
;;37000;Mfg Processes I;202610;Fall 2025;001;22027;Wu, Wenzhuo;33.6%;13.0%;39.5%;;5.5%;1.3%;4.6%;0.8%;0.8%;0.4%;;;;;;;;;;;;;0.4%;
;;38300;Integrated Prod Sys I;202610;Fall 2025;001;22028;Yih, Yuehwern;25.0%;7.8%;10.3%;;6.9%;14.7%;6.0%;9.5%;3.4%;8.6%;2.6%;;1.7%;;1.7%;;;;;;;;1.7%;
;;38600;Work Anly And Design I;202610;Fall 2025;001;22029;Lim, Chiho;21.4%;29.5%;4.5%;;17.9%;2.7%;18.8%;2.7%;;;;0.9%;;;0.9%;;;;;;;;0.9%;
;;43100;Industrial Engr Design;202610;Fall 2025;001;22036;Syed Hassan, Syed Ahmad Helmi B.;93.2%;;;;5.4%;;;;;;;;;;;;;;;;;;1.4%;
;;47000;Mfg Processes II;202610;Fall 2025;001;22051;Cheng, Gary J.;61.7%;8.3%;21.7%;;6.7%;;1.7%;;;;;;;;;;;;;;;;;
;;47200;Imagine, Model, Make;202610;Fall 2025;001;21729;Martinez, Ramses;33.9%;;28.6%;;12.5%;;1.8%;5.4%;;1.8%;3.6%;;;;3.6%;;;;;;;;8.9%;
;;47400;Industrial Control Sys;202610;Fall 2025;001;22055;She, Yu;12.5%;21.9%;14.1%;;11.7%;9.4%;18.0%;3.1%;2.3%;3.9%;0.8%;;;;;;;;;;;;2.3%;
;;48400;Integrated Prod Sys II;202610;Fall 2025;001;22056;Nof, Shimon Y.;15.6%;21.9%;12.5%;;9.4%;9.4%;18.8%;;;3.1%;;;;;3.1%;3.1%;;;;;;;3.1%;
;;48600;Work Anly & Design II;202610;Fall 2025;001;22059;Pitts, Brandon J.;23.9%;26.8%;7.7%;;8.5%;5.6%;25.4%;0.7%;;;;;;;0.7%;;;;;;;;0.7%;
;;49000;AI In Industrial Engr;202610;Fall 2025;004;29053;Pearson, Elizabeth;27.8%;22.2%;11.1%;;11.1%;;16.7%;;;;;;;;5.6%;;;;;;;;5.6%;
;;;Semiconductors: Mfg & Sply Chn;202610;Fall 2025;001;30039;Salama, Mohamed;31.8%;31.8%;13.6%;;;;18.2%;;;;;;;;;;;;;;;;4.5%;
;;;Supply Chain Engr And Strategy;202610;Fall 2025;002;16628;Biller, Stephan R.;66.7%;23.3%;5.0%;;;;5.0%;;;;;;;;;;;;;;;;;
;;53000;Quality Control;202610;Fall 2025;003;16240;Prabhu, Nagabhushana;16.7%;16.7%;41.7%;;8.3%;;;8.3%;;;;;;;;;;;;;;;8.3%;
;;;;;;007;14693;Cho, Lucky;13.6%;;77.3%;;2.3%;;2.3%;;;;2.3%;;;;;;;;;;;;2.3%;
;;53200;Reliability;202610;Fall 2025;001;29850;Huang, Congfang;25.0%;18.8%;50.0%;;;;6.3%;;;;;;;;;;;;;;;;;
;;53500;Linear Programming;202610;Fall 2025;WNG;22068;Liu, Lu;63.3%;;;;10.0%;;;10.0%;;;3.3%;;;;3.3%;;;;;;;;10.0%;
;;54500;Engr Economic Anly;202610;Fall 2025;WNG;50788;Johnson, David R.;17.9%;20.5%;1.3%;;17.9%;11.5%;15.4%;5.1%;;5.1%;;;1.3%;;;;;;;;;;3.8%;
;;55900;Cog Eng Interac Sftwre;202610;Fall 2025;001;21166;Caldwell, Barrett S.;40.0%;6.7%;;;33.3%;13.3%;6.7%;;;;;;;;;;;;;;;;;
;;56100;Intro To Convex Optimization;202610;Fall 2025;001;32278;Jiang, Liwei;38.9%;11.1%;16.7%;16.7%;;;;;;;;;;;;;;;;;;;16.7%;
;;57000;Mfg Process Engr;202610;Fall 2025;001;16774;Chandrasekar, Srinivasan;28.6%;;14.3%;;;;57.1%;;;;;;;;;;;;;;;;;
;;;;;;WNG;11600;Chandrasekar, Srinivasan;48.0%;;8.0%;4.0%;28.0%;;4.0%;;;;;;;;;;;;;;;;8.0%;
;;57700;Human Factors In Engr;202610;Fall 2025;001;14190;Yu, Denny;47.1%;21.6%;15.7%;2.0%;5.9%;;5.9%;;;;;;;;;;;;;;;;2.0%;
;;;;;;002;14698;Yu, Denny;21.4%;;57.1%;;;;21.4%;;;;;;;;;;;;;;;;;
;;57800;Applied Ergonomics;202610;Fall 2025;001;32171;Duffy, Vincent G.;47.5%;7.5%;35.0%;;;;;2.5%;;5.0%;;;;;;;;;;;;;2.5%;
;;;;;;WNG;17498;Duffy, Vincent G.;43.4%;11.3%;41.5%;;;1.9%;1.9%;;;;;;;;;;;;;;;;;
;;57900;Des Cont Prod Mfg Sys;202610;Fall 2025;WNG;50789;Nof, Shimon Y.;57.7%;;;;38.5%;;;;;;;;;;;;;;;;;;3.8%;
;;58000;Systems Simulation;202610;Fall 2025;WNG;64596;Lee, Seokcheon;50.9%;11.3%;13.2%;1.9%;1.9%;;13.2%;;1.9%;1.9%;;;;;;;;;;;;;3.8%;
;;59000;Nanomanufacturing;202610;Fall 2025;062;24939;Wu, Wenzhuo;31.8%;;63.6%;;;;;;;;;;;;;;;;;;;;4.5%;
;;;Quality Systems Management;202610;Fall 2025;078;21239;Semssar, Salim A.;75.0%;;;;17.9%;;;3.6%;;;;;;;;;;;;;;;3.6%;
;;;Technical Product Management;202610;Fall 2025;084;16721;Crynes, Lawrence L.;64.9%;;;2.7%;13.5%;;13.5%;;;;;;;;;;;;;;;;5.4%;
;;;Technical Project Management;202610;Fall 2025;079;23902;Crynes, Lawrence L.;50.0%;;;;23.3%;;20.0%;3.3%;;;;;;;;3.3%;;;;;;;;
;;;;;;083;16684;Crynes, Lawrence L.;50.0%;;;;41.7%;;8.3%;;;;;;;;;;;;;;;;;
;;;Mach Learning And Its Apps;202610;Fall 2025;068;29592;Huang, Congfang;;2.2%;97.8%;;;;;;;;;;;;;;;;;;;;;
;;63000;Multi Objective Optim;202610;Fall 2025;001;16683;Hunter, Susan R.;58.3%;25.0%;;8.3%;;;8.3%;;;;;;;;;;;;;;;;;
;;69000;Reinforcement Learn & Control;202610;Fall 2025;002;21738;Seetharaman, Sivaranjani;33.3%;30.8%;10.3%;7.7%;5.1%;5.1%;5.1%;;;;;;;;;;;;;;;;2.6%;
;;;Graduate Research Seminar;202610;Fall 2025;003;21271;Yu, Denny;;;;;;;;;;;;;;;;;3.7%;91.5%;;;;;4.9%;
;;;Grad Prof Dev Seminar;202610;Fall 2025;004;21281;Yu, Denny;;;;;;;;;;;;;;;;;;100.0%;;;;;;
IET;IET-Industrial Engr Technology;21400;Intro Supply Chain Mgmt Tech;202610;Fall 2025;001;10177;Tanoos, James J.;48.8%;34.1%;;;2.4%;2.4%;12.2%;;;;;;;;;;;;;;;;;
;;;;;;002;10179;Tanoos, James J.;43.2%;29.5%;;;;6.8%;11.4%;;2.3%;4.5%;;;;;;;;;;;;;2.3%;
;;23500;Systems Thinking & Proc Imprv;202610;Fall 2025;014;21897;Newton, Kathryne A.;24.0%;;;;32.0%;;;30.0%;;;10.0%;;;;;2.0%;;;;;;;2.0%;
;;31600;Statistical Quality Control;202610;Fall 2025;002;10259;Stephens, Matthew P.;4.8%;;;;23.8%;4.8%;4.8%;33.3%;;;9.5%;;;;;;;;;;;;19.0%;
;;33400;Economics Analysis - Tech Sys;202610;Fall 2025;003;10267;Athinarayanan, Ragu;28.1%;;;;30.3%;;;20.2%;;;14.6%;;;;2.2%;1.1%;;;;;;;3.4%;
;;;;;;011;28636;Schaffer, Ralph A.;47.4%;10.5%;5.3%;;10.5%;5.3%;5.3%;10.5%;5.3%;;;;;;;;;;;;;;;
;;33620;Total Productive Maintenance;202610;Fall 2025;001;10285;Stephens, Matthew P.;4.5%;;;;54.5%;4.5%;;27.3%;;;4.5%;;;;;;;;;;;;4.5%;
;;;;;;008;27612;Parker, Thomas G.;15.4%;23.1%;;;15.4%;15.4%;;7.7%;7.7%;;;;;;7.7%;;;;;;;;7.7%;
;;34300;Tech & Service Selling-Honors;202610;Fall 2025;001;10288;Tanoos, James J.;100.0%;;;;;;;;;;;;;;;;;;;;;;;
;;;Technical And Service Selling;202610;Fall 2025;001;10288;Tanoos, James J.;64.7%;11.8%;;;;5.9%;17.6%;;;;;;;;;;;;;;;;;
;;41400;Financial Analysis Tech Sys;202610;Fall 2025;004;10335;Newton, Kathryne A.;16.7%;;;;27.8%;;;38.9%;;;16.7%;;;;;;;;;;;;;
;;43530;Operations Planning & Mgmt;202610;Fall 2025;001;10350;Nanda, Gaurav;12.8%;20.5%;7.7%;;5.1%;10.3%;28.2%;;2.6%;10.3%;;;2.6%;;;;;;;;;;;
;;43640;Lean Six Sigma;202610;Fall 2025;004;10885;Le, Tho V.;13.6%;27.3%;;;9.1%;9.1%;13.6%;9.1%;;;4.5%;;4.5%;;;;;;;;;;9.1%;
;;44275;Global Trans & Logistics Mgmt;202610;Fall 2025;001;13125;Le, Tho V.;;46.7%;6.7%;;13.3%;20.0%;13.3%;;;;;;;;;;;;;;;;;
ILS;ILS-Information & Library Sci;10000;Intro To Info Studies;202610;Fall 2025;001;29173;Dawkins, Victoria B.;15.0%;15.0%;20.0%;;5.0%;5.0%;15.0%;;10.0%;5.0%;;;5.0%;;;;;;;;;;5.0%;
;;10300;Intro Data Lifecycle Mgmt;202610;Fall 2025;001;15094;Zakharov, Wei;78.9%;5.3%;;;2.6%;;5.3%;;;2.6%;;;;;;;;;;;;;5.3%;
;;;;;;002;26110;Lu, Jing;92.5%;2.5%;;;2.5%;;2.5%;;;;;;;;;;;;;;;;;
;;;;;;LC1;20215;Witt, Michael C.;86.0%;10.0%;;;4.0%;;;;;;;;;;;;;;;;;;;
;;13200;Intro To Museums And Archives;202610;Fall 2025;002;25921;Harmeyer, Neal A.;41.7%;;50.0%;;8.3%;;;;;;;;;;;;;;;;;;;
;;19500;Info Innov Exploring Research;202610;Fall 2025;LC1;19812;Legrand, Samantha E.;52.9%;;23.5%;;;5.9%;5.9%;;;5.9%;;;;;;;;;;;;;5.9%;
;;23000;Data Science & Society ELSI;202610;Fall 2025;002;22853;Chomintra, Melissa A.;25.6%;23.1%;23.1%;;12.8%;5.1%;7.7%;;;2.6%;;;;;;;;;;;;;;
;;;;;;007;29248;Gerrish, Thomas E.;42.5%;;50.0%;;2.5%;;5.0%;;;;;;;;;;;;;;;;;
;;;;;;008;29249;Fosmire, Michael J.;83.7%;;;;11.6%;;2.3%;;;2.3%;;;;;;;;;;;;;;
;;;;;;009;25605;Tinio, Jerilyn P.;45.0%;5.0%;35.0%;;2.5%;;2.5%;2.5%;;;2.5%;;;;5.0%;;;;;;;;;
;;25000;Intro To Geographic Info Sys;202610;Fall 2025;016;30331;Owuor, Innocensia A.;47.4%;18.4%;;;7.9%;;15.8%;;2.6%;2.6%;;;2.6%;;;2.6%;;;;;;;;
;;28000;Understand Undergrad Resrch I;202610;Fall 2025;001;18249;Sadler, James J.;82.4%;;8.8%;;5.9%;;;;;;;;;;;;;;;;;;2.9%;
;;39500;AI Info Strategies;202610;Fall 2025;003;19848;Lu, Jing;25.0%;8.3%;54.2%;4.2%;;;;;;;;;;;;;;;;;;;8.3%;
;;49500;Info Skills Hlth Science Profs;202610;Fall 2025;004;29232;Hayes, Andrea M.;46.7%;26.7%;;;6.7%;3.3%;;3.3%;6.7%;;;;;;3.3%;;;;;;;;3.3%;
;;55200;Quantitative Resrch Data Mgmt;202610;Fall 2025;001;29156;Cai, Chao;16.7%;8.3%;58.3%;8.3%;;;8.3%;;;;;;;;;;;;;;;;;
IMPH;IMPH-Indstrl & Mlculr Phrmcutc;56200;Pharmaceutical Process;202610;Fall 2025;001;61641;Li, Tonglei;75.0%;;;8.3%;16.7%;;;;;;;;;;;;;;;;;;;
;;57400;Pharm Biotech;202610;Fall 2025;001;27140;Topp, Elizabeth M.;95.5%;;;;4.5%;;;;;;;;;;;;;;;;;;;
;;58000;Physical Chem Prin;202610;Fall 2025;001;22192;Taylor, Lynne S.;90.9%;;;9.1%;;;;;;;;;;;;;;;;;;;;
;;69600;Sem Indus & Phys Phar;202610;Fall 2025;002;42161;Luo, Jie;;;;;;;;;;;;;;;;;;;;97.4%;;;2.6%;
ITAL;ITAL-Italian;10100;Italian Level I;202610;Fall 2025;001;17024;Grande, Giuseppina;17.6%;11.8%;11.8%;;11.8%;;5.9%;5.9%;5.9%;5.9%;5.9%;;5.9%;;;;;;;;;;11.8%;
;;;;;;002;17028;Grande, Giuseppina;23.5%;11.8%;23.5%;;17.6%;;5.9%;5.9%;;;;;;;5.9%;;;;;;;;5.9%;
;;;;;;003;17034;Bogart, Brett T.;41.2%;17.6%;5.9%;;23.5%;5.9%;;;5.9%;;;;;;;;;;;;;;;
;;;;;;004;19673;Bogart, Brett T.;20.0%;33.3%;6.7%;;13.3%;6.7%;6.7%;;6.7%;;6.7%;;;;;;;;;;;;;
;;10200;Italian Level II;202610;Fall 2025;001;17055;Bogart, Brett T.;41.7%;16.7%;8.3%;;;;25.0%;8.3%;;;;;;;;;;;;;;;;
;;;;;;002;17057;Bogart, Brett T.;18.8%;25.0%;6.3%;;18.8%;;;6.3%;;6.3%;;;;;;;;6.3%;;;;;12.5%;
;;11200;Elem Italian Conversation;202610;Fall 2025;001;16634;Mosca, Annalisa;71.4%;7.1%;21.4%;;;;;;;;;;;;;;;;;;;;;
;;20100;Italian Level III;202610;Fall 2025;002;22309;Mosca, Annalisa;14.3%;14.3%;7.1%;;14.3%;7.1%;7.1%;;7.1%;7.1%;;;;;7.1%;;;;;;;;14.3%;
;;28500;Migration Italy Lit & Arts;202610;Fall 2025;001;23009;Bogart, Brett T.;25.0%;16.7%;25.0%;;8.3%;8.3%;8.3%;;;;;;;;;8.3%;;;;;;;;
;;30100;Italian Level V;202610;Fall 2025;001;22315;Mosca, Annalisa;25.0%;33.3%;;8.3%;16.7%;;8.3%;;8.3%;;;;;;;;;;;;;;;
JPNS;JPNS-Japanese;10100;Japanese Level I;202610;Fall 2025;050;17081;Murakami, Nami;40.0%;6.7%;13.3%;6.7%;;;;6.7%;6.7%;6.7%;;;6.7%;;;;;;;;;;6.7%;
;;;;;;051;17082;Baydar, Samet;18.2%;18.2%;18.2%;;;9.1%;;;;9.1%;;;;;18.2%;;;;;;;;9.1%;
;;;;;;052;17091;Morita, Ayami;21.4%;;50.0%;7.1%;;;14.3%;;;;;;7.1%;;;;;;;;;;;
;;;;;;053;17095;Morita, Ayami;35.7%;7.1%;14.3%;;21.4%;;7.1%;;;;;7.1%;;;;;;;;;;;7.1%;
;;;;;;054;17097;Murakami, Nami;20.0%;6.7%;53.3%;;;;;13.3%;;6.7%;;;;;;;;;;;;;;
;;;;;;055;17105;Brennan, Akiko O.;7.7%;23.1%;30.8%;;7.7%;;7.7%;7.7%;;;;;;;;;;;;;;;15.4%;
;;;;;;056;17107;Brennan, Akiko O.;7.1%;14.3%;50.0%;;;7.1%;;7.1%;7.1%;;;;;;;;;;;;;;7.1%;
;;10200;Japanese Level II;202610;Fall 2025;001;23210;Lutz, Asami;18.2%;27.3%;;;18.2%;9.1%;;;9.1%;;9.1%;;;;;;;9.1%;;;;;;
;;;;;;002;30909;Lutz, Asami;9.1%;18.2%;27.3%;;27.3%;;;;;;;;;;;;;;;;;;18.2%;
;;20100;Japanese Level III;202610;Fall 2025;026;17396;Sano, Momoka;25.0%;25.0%;;;;;6.3%;6.3%;;;12.5%;;12.5%;;6.3%;;;;;;;;6.3%;
;;;;;;027;17397;Ishii, Marina;20.0%;20.0%;13.3%;;13.3%;6.7%;6.7%;6.7%;;6.7%;;;;;6.7%;;;;;;;;;
;;;;;;028;17398;Suzuki, Natsumi;40.0%;13.3%;6.7%;;6.7%;6.7%;;;;;;;;;6.7%;6.7%;;;;;;;13.3%;
;;20200;Japanese Level IV;202610;Fall 2025;001;23211;Lutz, Asami;33.3%;25.0%;8.3%;;;8.3%;16.7%;;8.3%;;;;;;;;;;;;;;;
;;28000;Intro Mod Japanese Civ;202610;Fall 2025;001;26042;Baydar, Samet;68.4%;10.5%;;;10.5%;5.3%;;;;;;;;;;;;;;;;;5.3%;
;;30100;Japanese Level V;202610;Fall 2025;002;22368;Ogiuchi, Sayuri;35.7%;14.3%;35.7%;;;;;7.1%;;;;;;;;;;;;;;;7.1%;
;;;;;;003;22369;Ogiuchi, Sayuri;15.4%;23.1%;46.2%;;;;7.7%;;;7.7%;;;;;;;;;;;;;;
;;;;;;004;29122;Uchida, Mirei;37.5%;6.3%;18.8%;;6.3%;;6.3%;;12.5%;;;;6.3%;;;;;;;;;;6.3%;
;;31300;Intermed Rdg Japan I;202610;Fall 2025;001;14130;Ishii, Marina;42.9%;14.3%;7.1%;;7.1%;;14.3%;;14.3%;;;;;;;;;;;;;;;
;;33000;Japanese Cinema;202610;Fall 2025;001;23756;Bassoe, Pedro T.;9.8%;14.6%;24.4%;;9.8%;2.4%;9.8%;2.4%;7.3%;9.8%;;;2.4%;;2.4%;;;2.4%;;;;;2.4%;
;;36100;Elem Survey Japan Ling;202610;Fall 2025;002;33673;Osumi, Akari;38.5%;;46.2%;;7.7%;;7.7%;;;;;;;;;;;;;;;;;
;;40100;Japanese Level VII;202610;Fall 2025;001;22403;Ogiuchi, Sayuri;16.7%;16.7%;58.3%;;8.3%;;;;;;;;;;;;;;;;;;;
JWST;JWST-Jewish Studies;33000;Intro Jewish Studies;202610;Fall 2025;001;29541;Parrish, Lynn;81.8%;;13.6%;;;;;;;;;;;;;;;;;;;;4.5%;
KOR;KOR-Korean;10100;Korean Level I;202610;Fall 2025;001;20339;Kim, Huai-Rhin;25.0%;;;16.7%;;;;;;16.7%;;8.3%;;;;;;8.3%;;;;;25.0%;
;;;;;;002;15973;Kim, Huai-Rhin;50.0%;21.4%;;;7.1%;;;7.1%;7.1%;7.1%;;;;;;;;;;;;;;
;;;;;;004;25978;Cho, Hyung Chan;33.3%;;;;26.7%;6.7%;6.7%;13.3%;;;;;6.7%;;;;;;;;;;6.7%;
;;;;;;007;20826;Kim, Jungeun A.;36.4%;18.2%;;;18.2%;9.1%;;;;;;;;;;;;;;;;;18.2%;
;;;;;;010;31573;Cho, Hyung Chan;27.3%;18.2%;;;9.1%;;27.3%;;9.1%;9.1%;;;;;;;;;;;;;;
;;;Korean Level I-Honors;202610;Fall 2025;002;15973;Kim, Huai-Rhin;100.0%;;;;;;;;;;;;;;;;;;;;;;;
;;;;;;007;20826;Kim, Jungeun A.;100.0%;;;;;;;;;;;;;;;;;;;;;;;
;;20100;Korean Level III;202610;Fall 2025;001;20358;Chang, Ammi;20.0%;26.7%;;13.3%;13.3%;6.7%;;13.3%;6.7%;;;;;;;;;;;;;;;
;;;;;;002;25994;Chang, Ammi;;15.4%;;;15.4%;;23.1%;7.7%;7.7%;15.4%;;;;;;;;15.4%;;;;;;
;;;;;;005;20840;Kim, Jungeun A.;38.5%;30.8%;;7.7%;15.4%;7.7%;;;;;;;;;;;;;;;;;;
;;30100;Korean Level V;202610;Fall 2025;001;24773;Kim, Jungeun A.;53.3%;20.0%;;6.7%;;;13.3%;6.7%;;;;;;;;;;;;;;;;
;;33000;Intro To Korean Cinema;202610;Fall 2025;001;24371;Kim, Huai-Rhin;44.8%;24.1%;;;3.4%;6.9%;10.3%;3.4%;;3.4%;;;3.4%;;;;;;;;;;;
LA;LA-Landscape Architecture;10110;Survey Of Landscape Arch;202610;Fall 2025;001;11825;Rotar, Sean M.;27.6%;10.3%;17.2%;;17.2%;10.3%;10.3%;3.4%;;;;;;;3.4%;;;;;;;;;
;;11600;Graphic Com In Design I;202610;Fall 2025;003;24886;Huang, Yiwei;20.0%;26.7%;20.0%;;6.7%;;20.0%;6.7%;;;;;;;;;;;;;;;;
;;11700;Graphic Com In Design II;202610;Fall 2025;003;56768;Barbarash, David M.;22.2%;27.8%;;;16.7%;5.6%;27.8%;;;;;;;;;;;;;;;;;
;;16100;Land And Society;202610;Fall 2025;001;27434;Rotar, Sean M.;17.1%;9.8%;51.2%;;2.4%;12.2%;4.9%;;;;2.4%;;;;;;;;;;;;;
;;;Land And Society-Honors;202610;Fall 2025;001;27434;Rotar, Sean M.;;;100.0%;;;;;;;;;;;;;;;;;;;;;
;;22600;Studio II: Site Analysis & Des;202610;Fall 2025;003;29057;Huang, Yiwei;38.9%;44.4%;11.1%;;;;5.6%;;;;;;;;;;;;;;;;;
;;24600;Site Engr: Earthwrk & Stormwtr;202610;Fall 2025;003;12121;Rotar, Sean M.;33.3%;16.7%;;;16.7%;5.6%;11.1%;;;16.7%;;;;;;;;;;;;;;
;;29199;Cooperative Experience I;202610;Fall 2025;001;23403;Barbarash, David M.;;;;;;;;;;;;;;;;;;;;100.0%;;;;
;;30900;Co-Op Preparation;202610;Fall 2025;001;13839;Barbarash, David M.;68.8%;18.8%;;;;;6.3%;6.3%;;;;;;;;;;;;;;;;
;;31600;Studio IV: Park & Opn Spce Des;202610;Fall 2025;003;12044;Xin, Kuang;31.3%;25.0%;12.5%;;12.5%;;12.5%;;;;6.3%;;;;;;;;;;;;;
;;32500;Ecol Landsc Perform & Planting;202610;Fall 2025;003;12038;Huang, Yiwei;43.8%;31.3%;6.3%;;;6.3%;12.5%;;;;;;;;;;;;;;;;;
;;41600;Studio VI: Urban Design;202610;Fall 2025;003;12033;Barbarash, David M.;32.0%;24.0%;;;;12.0%;24.0%;;4.0%;4.0%;;;;;;;;;;;;;;
;;58100;Research Mthds For Design Appl;202610;Fall 2025;003;29178;Thompson, Aaron W.;40.0%;;56.0%;;4.0%;;;;;;;;;;;;;;;;;;;
LATN;LATN-Latin;10100;Latin Level I;202610;Fall 2025;007;51232;Conner, Daniel A.;23.1%;15.4%;46.2%;;;;7.7%;;;;;;;;7.7%;;;;;;;;;
;;;;;;008;68072;Barnes, Robert J.;5.3%;10.5%;15.8%;5.3%;15.8%;15.8%;10.5%;5.3%;;;;5.3%;;;;;;;;;;;10.5%;
;;20100;Latin Level III;202610;Fall 2025;005;27680;Moodie, Erin K.;25.0%;18.8%;;;12.5%;6.3%;6.3%;;6.3%;6.3%;;;18.8%;;;;;;;;;;;
LC;LC-Languages and Cultures;23700;Lang & Cultures Global Context;202610;Fall 2025;001;26903;Coda, Elena;54.5%;18.2%;9.1%;;9.1%;;9.1%;;;;;;;;;;;;;;;;;
;;28100;Intro To World Food Cultures;202610;Fall 2025;001;31840;Dutta, Anurati;60.9%;;30.4%;;8.7%;;;;;;;;;;;;;;;;;;;
;;;;;;002;20927;Leverage, Paula E.;45.5%;18.2%;22.7%;;;;4.5%;;;;;;;;4.5%;;;;;;;;4.5%;
;;33200;Global Horror Cinema;202610;Fall 2025;002;23661;Ben Hadj Ben M'Barek, Emmanuelle;7.7%;38.5%;15.4%;;7.7%;7.7%;7.7%;;;7.7%;;;;;7.7%;;;;;;;;;
;;38500;Holocaust World Lit And Film;202610;Fall 2025;001;20930;William, Jennifer M.;26.9%;23.1%;3.8%;;11.5%;7.7%;7.7%;7.7%;;;;;3.8%;;;;;;;;;;7.7%;
LING;LING-Linguistics;20100;Intro To Linguistics;202610;Fall 2025;033;24589;Hu, Jingying;25.0%;;33.3%;;33.3%;8.3%;;;;;;;;;;;;;;;;;;
;;;;;;034;24593;Jiang, Yiying;81.8%;;9.1%;;9.1%;;;;;;;;;;;;;;;;;;;
;;31100;Fundmntls Phon & Morph;202610;Fall 2025;001;27010;Cheng, Yi-Fang;76.2%;;;;4.8%;;;4.8%;;;;;;;;;;;;;;;14.3%;
;;39800;Language Learning And AI;202610;Fall 2025;003;29153;Cong, Yan;63.6%;;9.1%;9.1%;;;9.1%;;;;;;;;;;;;;;;;9.1%;
;;56300;Language Acquisition;202610;Fall 2025;001;23907;Cuza-Blanco, Alejandro;100.0%;;;;;;;;;;;;;;;;;;;;;;;
MA;MA-Mathematics;10800;Math Professn & Discpl;202610;Fall 2025;001;64932;Kenney, Rachael H.;21.1%;3.5%;56.1%;;1.8%;5.3%;1.8%;;;;;3.5%;;;1.8%;;;;;;;;5.3%;
;;13700;Math For Elm Tchrs I;202610;Fall 2025;701;62961;Fitch, Jennifer M.;21.4%;;;;42.9%;;;14.3%;;;14.3%;;;;7.1%;;;;;;;;;
;;;;;;702;27340;Fitch, Jennifer M.;7.7%;;;;46.2%;;;23.1%;;;15.4%;;;;7.7%;;;;;;;;;
;;;;;;703;27341;Max, Brooke M.;35.7%;;;;28.6%;;;14.3%;;;14.3%;;;;7.1%;;;;;;;;;
;;;;;;704;21282;Max, Brooke M.;6.7%;;;;40.0%;;;20.0%;;;26.7%;;;;;;;;;;;;6.7%;
;;13800;Math For Elm Tchrs II;202610;Fall 2025;801;22824;Fitch, Jennifer M.;26.1%;;;;34.8%;4.3%;;21.7%;;;8.7%;;;;;;;;;;;;4.3%;
;;13900;Math For Elm Tchrs III;202610;Fall 2025;903;21283;Collins, Mary K.;14.3%;7.1%;;;35.7%;;;42.9%;;;;;;;;;;;;;;;;
;;15300;College Algebra;202610;Fall 2025;101;14955;Marsh, Grace E.;4.2%;12.5%;16.7%;;8.3%;8.3%;4.2%;;8.3%;8.3%;;;;;16.7%;;;;;;;;12.5%;
;;;;;;102;18813;Escobedo, Brayan;17.4%;;4.3%;;30.4%;8.7%;4.3%;8.7%;8.7%;;4.3%;;;;;;;;;;;;13.0%;
;;;;;;103;14954;Walesky, Alexandra R.;18.2%;;13.6%;;13.6%;9.1%;4.5%;4.5%;;4.5%;9.1%;;4.5%;;;;;;;;;;18.2%;
;;;;;;104;20779;Landerman, Jackson D.;9.5%;4.8%;9.5%;;19.0%;9.5%;9.5%;9.5%;4.8%;4.8%;;;;;;;;;;;;;19.0%;
;;;;;;105;20787;Strader, Daniel J.;18.2%;;9.1%;;18.2%;9.1%;;4.5%;;4.5%;;;;;;;;;;;;;36.4%;
;;;;;;108;26829;Dec, Hannah L.;17.4%;4.3%;21.7%;;21.7%;8.7%;4.3%;;;4.3%;;;4.3%;;8.7%;;;;;;;;4.3%;
;;;;;;109;29600;Fenton, Mary E.;4.3%;4.3%;4.3%;;26.1%;4.3%;8.7%;17.4%;8.7%;8.7%;;;;;;;;;;;;;13.0%;
;;;;;;111;33005;Welch, Caleb N.;8.3%;4.2%;;;;8.3%;8.3%;8.3%;;8.3%;4.2%;;8.3%;;16.7%;;;;;;;;25.0%;
;;;;;;112;19522;Lammert, Grace C.;16.7%;4.2%;8.3%;;20.8%;;8.3%;;;8.3%;;;;;4.2%;;;;;;;;29.2%;
;;;;;;113;19523;Downham, Kelly D.;9.1%;22.7%;9.1%;;9.1%;4.5%;4.5%;4.5%;;9.1%;9.1%;;;;4.5%;;;;;;;;13.6%;
;;;;;;203;25161;Day, Brendan W.;13.6%;4.5%;;;27.3%;;4.5%;4.5%;4.5%;9.1%;4.5%;;4.5%;;;;;;;;;;22.7%;
;;;;;;204;25170;Kokan, Zainub A.;17.4%;4.3%;4.3%;;17.4%;4.3%;;13.0%;8.7%;4.3%;4.3%;;;;8.7%;;;;;;;;13.0%;
;;;;;;Y08;11335;Devlin, Patrick M.;6.7%;2.2%;6.7%;;2.2%;6.7%;2.2%;2.2%;6.7%;6.7%;4.4%;;2.2%;;17.8%;;;;;;;;33.3%;
;;;;;;Y16;57086;Devlin, Patrick M.;15.9%;4.5%;6.8%;;6.8%;6.8%;;2.3%;;6.8%;2.3%;;2.3%;;13.6%;;;;;;;;31.8%;
;;15555;Quantitative Reasoning;202610;Fall 2025;110;11431;Madison, Robert D.;27.6%;13.8%;24.1%;;10.3%;3.4%;6.9%;3.4%;3.4%;;;;;;3.4%;;;;;;;;3.4%;
;;;;;;120;11432;Madison, Robert D.;13.3%;16.7%;43.3%;;3.3%;;10.0%;3.3%;;;3.3%;;;;3.3%;;;;;;;;3.3%;
;;;;;;130;12617;Fines, Risa M.;18.5%;22.2%;25.9%;;11.1%;;7.4%;7.4%;;;;;;;3.7%;;;;;;;;3.7%;
;;;;;;140;11433;Fines, Risa M.;24.1%;3.4%;41.4%;;6.9%;;13.8%;;6.9%;3.4%;;;;;;;;;;;;;;
;;;;;;150;12608;Haug, John A.;24.1%;3.4%;20.7%;;10.3%;;10.3%;3.4%;6.9%;;6.9%;;;;10.3%;;;;;;;;3.4%;
;;;;;;160;11430;Haug, John A.;23.3%;6.7%;40.0%;;13.3%;3.3%;;;;6.7%;;;3.3%;;3.3%;;;;;;;;;
;;;;;;170;11428;Henry, Carolyn G.;16.7%;3.3%;43.3%;;10.0%;3.3%;10.0%;3.3%;6.7%;;;;3.3%;;;;;;;;;;;
;;;;;;180;11437;Henry, Carolyn G.;20.7%;13.8%;31.0%;;6.9%;;3.4%;6.9%;3.4%;;3.4%;;3.4%;;3.4%;;;;;;;;3.4%;
;;15800;Precalculus- Functions & Trig;202610;Fall 2025;101;17309;Daley, Lancelot A.;12.1%;3.0%;;;30.3%;3.0%;;12.1%;9.1%;;6.1%;;9.1%;;6.1%;;;;;;;;9.1%;
;;;;;;102;59661;Daley, Lancelot A.;9.1%;3.0%;;;12.1%;3.0%;3.0%;9.1%;6.1%;21.2%;15.2%;;6.1%;;9.1%;;;;;;;;3.0%;
;;;;;;103;19493;Balasubramanian Ramakrishna, Barath;9.1%;;;;27.3%;9.1%;3.0%;21.2%;9.1%;9.1%;3.0%;;;;3.0%;;;;;;;;6.1%;
;;;;;;104;68066;Balasubramanian Ramakrishna, Barath;18.8%;;;;12.5%;15.6%;6.3%;12.5%;6.3%;6.3%;9.4%;;6.3%;;3.1%;;;;;;;;3.1%;
;;;;;;105;17326;Deb, Aristha;12.1%;6.1%;;;24.2%;3.0%;;9.1%;9.1%;15.2%;6.1%;;;;3.0%;;;;;;;;12.1%;
;;;;;;106;15142;Deb, Aristha;3.1%;;3.1%;;15.6%;6.3%;6.3%;12.5%;3.1%;15.6%;9.4%;;6.3%;;15.6%;;;;;;;;3.1%;
;;;;;;107;11787;Poole, Michael B.;9.4%;;3.1%;;21.9%;6.3%;6.3%;9.4%;6.3%;3.1%;6.3%;;3.1%;;12.5%;;;;;;;;12.5%;
;;;;;;108;27214;Poole, Michael B.;6.1%;6.1%;;;15.2%;12.1%;;12.1%;3.0%;15.2%;6.1%;;;;9.1%;;;;;;;;15.2%;
;;;;;;109;27782;Baier, Otto C.;3.1%;3.1%;;;15.6%;6.3%;3.1%;9.4%;12.5%;12.5%;12.5%;;3.1%;;3.1%;;;;;;;;15.6%;
;;;;;;110;27783;Baier, Otto C.;3.1%;;;;18.8%;9.4%;6.3%;9.4%;3.1%;15.6%;3.1%;;3.1%;;15.6%;;;;;;;;12.5%;
;;;;;;500;12831;Delworth, Timothy J.;11.4%;2.3%;;;27.3%;6.8%;9.1%;9.1%;2.3%;9.1%;6.8%;;1.1%;;10.2%;;;;;;;;4.5%;
;;;;;;600;27209;Shalabi, Jill D.;11.9%;;;;20.2%;7.1%;9.5%;6.0%;4.8%;9.5%;9.5%;;7.1%;;7.1%;;;;;;;;7.1%;
;;;;;;800;27211;Robbins, Jakayla R.;8.0%;4.5%;;;19.3%;15.9%;2.3%;3.4%;9.1%;13.6%;10.2%;;2.3%;;5.7%;;;;;;;;5.7%;
;;;;;;Y01;15135;Shalabi, Jill D.;5.0%;5.0%;;;7.5%;3.8%;1.3%;13.8%;6.3%;6.3%;10.0%;;6.3%;;17.5%;;;;;;;;17.5%;
;;16010;Applied Calculus I;202610;Fall 2025;001;18133;Manning, Amanda D.;15.8%;13.2%;5.3%;;10.5%;10.5%;2.6%;13.2%;;5.3%;2.6%;;10.5%;;2.6%;;;;;;;;7.9%;
;;;;;;002;18135;Manning, Amanda D.;26.3%;7.9%;21.1%;;10.5%;2.6%;5.3%;5.3%;2.6%;5.3%;7.9%;;;;;;;;;;;;5.3%;
;;;;;;003;18136;Gil Torres, Emmanuel;21.6%;8.1%;2.7%;;8.1%;2.7%;10.8%;18.9%;5.4%;;;;5.4%;;5.4%;;;;;;;;10.8%;
;;;;;;004;18140;Gil Torres, Emmanuel;26.3%;5.3%;7.9%;;13.2%;2.6%;13.2%;5.3%;7.9%;2.6%;2.6%;;5.3%;;;;;;;;;;7.9%;
;;;;;;005;18141;Hilmer, Kieran W.;19.4%;8.3%;8.3%;;19.4%;2.8%;5.6%;5.6%;;5.6%;8.3%;2.8%;;;;;;;;;;;13.9%;
;;;;;;006;18142;Hilmer, Kieran W.;16.7%;2.8%;11.1%;;25.0%;8.3%;11.1%;2.8%;5.6%;5.6%;5.6%;;;;5.6%;;;;;;;;;
;;;;;;007;18150;Oconnor, Samuel J.;33.3%;;11.1%;;8.3%;5.6%;8.3%;13.9%;2.8%;2.8%;;;5.6%;;5.6%;;;;;;;;2.8%;
;;;;;;008;18151;Oconnor, Samuel J.;6.1%;6.1%;6.1%;;15.2%;12.1%;;9.1%;3.0%;12.1%;6.1%;3.0%;3.0%;;6.1%;;3.0%;;;;;;9.1%;
;;;;;;009;18152;Sheikh, Ali G.;18.4%;13.2%;2.6%;;21.1%;5.3%;2.6%;18.4%;;7.9%;2.6%;2.6%;2.6%;;;;;;;;;;2.6%;
;;;;;;010;18153;Sheikh, Ali G.;23.7%;5.3%;10.5%;;13.2%;5.3%;5.3%;13.2%;;;7.9%;2.6%;2.6%;;;;;;;;;;10.5%;
;;;;;;011;18162;Kapsin, Nathan A.;13.2%;10.5%;2.6%;;10.5%;7.9%;2.6%;21.1%;13.2%;5.3%;2.6%;;;;2.6%;;;;;;;;7.9%;
;;;;;;012;18224;Kapsin, Nathan A.;5.3%;10.5%;5.3%;;21.1%;7.9%;15.8%;15.8%;;;5.3%;;2.6%;;5.3%;;;;;;;;5.3%;
;;;;;;013;18232;Hsu, Alexander Y.;21.1%;7.9%;10.5%;;15.8%;5.3%;2.6%;10.5%;5.3%;10.5%;5.3%;;;;2.6%;;;;;;;;2.6%;
;;;;;;014;18252;Hsu, Alexander Y.;21.1%;10.5%;7.9%;;18.4%;2.6%;5.3%;10.5%;;7.9%;5.3%;2.6%;;;7.9%;;;;;;;;;
;;;;;;015;18254;Yandell, Evan A.;15.8%;5.3%;7.9%;;18.4%;10.5%;7.9%;13.2%;;5.3%;5.3%;;2.6%;;2.6%;;;;;;;;5.3%;
;;;;;;016;18262;Yandell, Evan A.;21.1%;13.2%;7.9%;;15.8%;5.3%;7.9%;7.9%;5.3%;5.3%;2.6%;;;;2.6%;;;;;;;;5.3%;
;;;;;;017;18270;Tambakos, Dimitrios T.;13.2%;7.9%;2.6%;;28.9%;;7.9%;13.2%;5.3%;;;2.6%;7.9%;;2.6%;;;;;;;;7.9%;
;;;;;;018;18271;Tambakos, Dimitrios T.;20.0%;5.7%;5.7%;;14.3%;11.4%;8.6%;14.3%;;5.7%;2.9%;2.9%;;;2.9%;;;;;;;;5.7%;
;;;;;;019;18273;Pence, Zachariah A.;13.9%;11.1%;2.8%;;11.1%;;11.1%;13.9%;5.6%;2.8%;8.3%;5.6%;2.8%;;5.6%;;;;;;;;5.6%;
;;;;;;020;18277;Pence, Zachariah A.;13.2%;10.5%;13.2%;;21.1%;10.5%;2.6%;5.3%;;13.2%;2.6%;;5.3%;;;;;;;;;;2.6%;
;;;;;;021;18279;Anderson, Sarah E.;13.2%;15.8%;2.6%;;15.8%;10.5%;2.6%;13.2%;2.6%;5.3%;7.9%;2.6%;;;5.3%;;;;;;;;2.6%;
;;;;;;022;18280;Anderson, Sarah E.;13.5%;10.8%;2.7%;;10.8%;2.7%;2.7%;13.5%;5.4%;10.8%;13.5%;;5.4%;;;;;;;;;;8.1%;
;;;;;;023;18286;Vasisht, Karthik S.;21.1%;5.3%;5.3%;;28.9%;5.3%;10.5%;15.8%;;;;;5.3%;;2.6%;;;;;;;;;
;;;;;;024;18292;Vasisht, Karthik S.;18.4%;18.4%;10.5%;;7.9%;5.3%;5.3%;13.2%;2.6%;7.9%;;;;;5.3%;;;;;;;;5.3%;
;;;;;;025;18296;Flores, Daniel B.;10.5%;7.9%;10.5%;;18.4%;7.9%;2.6%;23.7%;2.6%;5.3%;;;;;;2.6%;;;;;;;7.9%;
;;;;;;026;18164;Flores, Daniel B.;21.1%;5.3%;7.9%;;15.8%;5.3%;7.9%;10.5%;2.6%;5.3%;2.6%;5.3%;2.6%;;;2.6%;;;;;;;5.3%;
;;;;;;027;18165;Gutwein, Linda C.;21.1%;2.6%;5.3%;;5.3%;2.6%;7.9%;23.7%;5.3%;2.6%;;2.6%;7.9%;;10.5%;;;;;;;;2.6%;
;;;;;;028;16003;Manning, Amanda D.;17.5%;12.5%;10.0%;;25.0%;5.0%;5.0%;10.0%;2.5%;;;2.5%;;;2.5%;;;;;;;;7.5%;
;;;;;;029;16004;Somasundaram, Siva;18.9%;;21.6%;;13.5%;5.4%;8.1%;13.5%;;2.7%;2.7%;5.4%;2.7%;;;;;;;;;;5.4%;
;;;;;;030;12030;Somasundaram, Siva;30.0%;5.0%;10.0%;;10.0%;;5.0%;10.0%;;10.0%;2.5%;2.5%;5.0%;;5.0%;;;;;;;;5.0%;
;;;;;;031;12031;Kessinger, Ethan T.;18.4%;7.9%;2.6%;;15.8%;5.3%;5.3%;13.2%;2.6%;5.3%;;2.6%;5.3%;;5.3%;;;;;;;;10.5%;
;;;;;;032;14071;Kessinger, Ethan T.;15.8%;2.6%;2.6%;;26.3%;10.5%;2.6%;18.4%;;;5.3%;;2.6%;;;;;;;;;;13.2%;
;;;;;;033;14078;Gutwein, Linda C.;26.3%;10.5%;13.2%;;13.2%;5.3%;7.9%;7.9%;5.3%;5.3%;2.6%;;;;;;;;;;;;2.6%;
;;;;;;034;27328;Gutwein, Linda C.;26.3%;10.5%;18.4%;;7.9%;7.9%;5.3%;2.6%;7.9%;2.6%;2.6%;;;;;;;;;;;;7.9%;
;;;;;;035;24994;Ashkarian, Estepan K.;18.4%;5.3%;5.3%;;7.9%;7.9%;7.9%;7.9%;13.2%;7.9%;;;;;5.3%;;;;;;;;13.2%;
;;;;;;036;24998;Ashkarian, Estepan K.;21.1%;13.2%;;;13.2%;;7.9%;13.2%;7.9%;7.9%;2.6%;;5.3%;;2.6%;;;;;;;;5.3%;
;;;;;;300;27166;Karunaratne, Susitha H.;19.4%;7.5%;11.9%;;11.9%;4.5%;7.5%;11.9%;1.5%;3.0%;4.5%;3.0%;7.5%;;;;;1.5%;;;;;4.5%;
;;;;;;Y01;15122;Delgado, Huimei;8.8%;5.0%;3.8%;;15.0%;6.3%;7.5%;10.0%;;10.0%;5.0%;2.5%;3.8%;;10.0%;;;;;;;;12.5%;
;;16020;Applied Calculus II;202610;Fall 2025;110;11370;Zou, Ruipeng;20.5%;2.6%;2.6%;;15.4%;2.6%;2.6%;2.6%;10.3%;7.7%;10.3%;;10.3%;;10.3%;;;;;;;;2.6%;
;;;;;;120;11347;Zou, Ruipeng;10.8%;;;;13.5%;5.4%;;10.8%;10.8%;10.8%;8.1%;;5.4%;;16.2%;;;;;;;;8.1%;
;;;;;;130;25004;Dunaisky, Tyler J.;17.5%;5.0%;5.0%;;15.0%;2.5%;5.0%;5.0%;7.5%;10.0%;;;2.5%;;12.5%;;;;;;;;12.5%;
;;;;;;140;25005;Dunaisky, Tyler J.;22.5%;10.0%;7.5%;;12.5%;7.5%;2.5%;7.5%;7.5%;5.0%;7.5%;;;;7.5%;;;;;;;;2.5%;
;;;;;;150;30438;Ozochiawaeze, General O.;23.7%;7.9%;10.5%;;10.5%;7.9%;;5.3%;;10.5%;;;2.6%;;13.2%;;;;;;;;7.9%;
;;;;;;160;30439;Ozochiawaeze, General O.;23.5%;5.9%;2.9%;;11.8%;8.8%;11.8%;8.8%;;5.9%;2.9%;;5.9%;;5.9%;;;;;;;;5.9%;
;;;;;;200;18143;Norris, David M.;16.2%;4.3%;6.8%;;23.9%;6.8%;0.9%;7.7%;1.7%;7.7%;6.0%;;3.4%;;9.4%;;;;;;;;5.1%;
;;;;;;Y01;15134;Norris, David M.;9.8%;1.6%;3.3%;;13.1%;1.6%;;4.9%;4.9%;3.3%;11.5%;;4.9%;;13.1%;;;;;;;;27.9%;
;;16100;Pl Anly Geo Calc I;202610;Fall 2025;101;23352;Alladin, Muttaqi Ahmad;7.7%;7.7%;3.8%;;11.5%;19.2%;7.7%;;3.8%;15.4%;3.8%;;3.8%;;11.5%;;;;;;;;3.8%;
;;;;;;103;23372;Alladin, Muttaqi Ahmad;12.5%;8.3%;;;12.5%;4.2%;4.2%;8.3%;4.2%;8.3%;4.2%;;8.3%;;12.5%;;;;;;;;12.5%;
;;;;;;105;23373;Melo, Anthony S.;19.0%;;4.8%;;;4.8%;19.0%;9.5%;4.8%;4.8%;;;19.0%;;9.5%;;;;;;;;4.8%;
;;;;;;107;23374;Melo, Anthony S.;;11.5%;3.8%;;3.8%;7.7%;15.4%;11.5%;3.8%;11.5%;3.8%;;3.8%;;3.8%;;;;;;;;19.2%;
;;;;;;109;23378;Castillo, Laura M.;3.8%;15.4%;3.8%;;7.7%;7.7%;3.8%;15.4%;;19.2%;;;3.8%;;3.8%;;;;;;;;15.4%;
;;;;;;111;23380;Castillo, Laura M.;7.7%;15.4%;7.7%;;19.2%;7.7%;19.2%;3.8%;;3.8%;3.8%;;;;3.8%;;;;;;;;7.7%;
;;;;;;113;23411;Sivachandran, Karthik;;4.0%;8.0%;;;20.0%;8.0%;4.0%;8.0%;16.0%;;;4.0%;;20.0%;;;;;;;;8.0%;
;;;;;;115;23422;Sivachandran, Karthik;19.2%;11.5%;3.8%;;7.7%;3.8%;15.4%;7.7%;;7.7%;3.8%;;7.7%;;3.8%;;;;;;;;7.7%;
;;;;;;117;23423;Hellmann, Henry F.;4.8%;19.0%;23.8%;;4.8%;;19.0%;4.8%;;;4.8%;;;;19.0%;;;;;;;;;
;;;;;;119;23426;Hellmann, Henry F.;13.0%;8.7%;;;13.0%;17.4%;4.3%;4.3%;4.3%;8.7%;4.3%;;4.3%;;13.0%;;;;;;;;4.3%;
;;;;;;121;23427;Bhat, Dhruv;7.7%;7.7%;;;26.9%;3.8%;3.8%;15.4%;;11.5%;7.7%;;3.8%;;3.8%;;;;;;;;7.7%;
;;;;;;123;23431;Bhat, Dhruv;4.8%;23.8%;19.0%;;4.8%;;9.5%;;;4.8%;;;;;14.3%;;;;;;;;19.0%;
;;;;;;202;23434;Brickner, Rose P.;19.2%;11.5%;7.7%;;7.7%;;19.2%;3.8%;7.7%;15.4%;;;3.8%;;;;;;;;;;3.8%;
;;;;;;204;23441;Brickner, Rose P.;15.4%;11.5%;3.8%;;23.1%;15.4%;3.8%;;3.8%;7.7%;11.5%;;;;;;;;;;;;3.8%;
;;;;;;206;18353;Roeder, Benjamin H.;7.7%;15.4%;3.8%;;;15.4%;3.8%;3.8%;7.7%;3.8%;3.8%;;3.8%;;19.2%;;;;;;;;11.5%;
;;;;;;208;18355;Roeder, Benjamin H.;7.7%;11.5%;7.7%;;11.5%;3.8%;15.4%;15.4%;3.8%;11.5%;;;3.8%;;3.8%;3.8%;;;;;;;;
;;;;;;210;18356;Hassan, Zafar M.;8.0%;4.0%;8.0%;;12.0%;12.0%;16.0%;8.0%;4.0%;12.0%;8.0%;;;;8.0%;;;;;;;;;
;;;;;;212;18357;Hassan, Zafar M.;4.2%;4.2%;4.2%;;4.2%;16.7%;16.7%;;20.8%;8.3%;;;8.3%;;4.2%;;;;;;;;8.3%;
;;;;;;214;18364;Fessler, Austin J.;;19.2%;;;26.9%;7.7%;7.7%;15.4%;;3.8%;3.8%;;;;3.8%;;;;;;;;11.5%;
;;;;;;216;18369;Fessler, Austin J.;16.0%;8.0%;12.0%;;8.0%;;16.0%;4.0%;;16.0%;;;8.0%;;;;;;;;;;12.0%;
;;;;;;218;11789;Borowinski, Michael Z.;11.5%;19.2%;3.8%;;7.7%;15.4%;3.8%;3.8%;7.7%;7.7%;3.8%;;7.7%;;3.8%;;;;;;;;3.8%;
;;;;;;220;11790;Borowinski, Michael Z.;7.7%;7.7%;3.8%;;7.7%;11.5%;7.7%;15.4%;;7.7%;;;7.7%;;11.5%;;;;;;;;11.5%;
;;;;;;222;11795;Deng, Zhiheng;15.4%;15.4%;;;11.5%;15.4%;7.7%;7.7%;;3.8%;7.7%;;7.7%;;3.8%;;;;;;;;3.8%;
;;;;;;224;11799;Deng, Zhiheng;11.5%;7.7%;7.7%;;23.1%;7.7%;3.8%;7.7%;;11.5%;;;11.5%;;3.8%;;;;;;;;3.8%;
;;16200;Pl Anly Geo Calc II;202610;Fall 2025;101;23588;Crouch, Trey M.;17.9%;15.4%;5.1%;;2.6%;10.3%;7.7%;15.4%;5.1%;2.6%;7.7%;;2.6%;;5.1%;;;;;;;;2.6%;
;;;;;;103;23594;Crouch, Trey M.;5.1%;17.9%;;;2.6%;10.3%;15.4%;5.1%;2.6%;12.8%;2.6%;;10.3%;;2.6%;;;;;;;;12.8%;
;;;;;;105;23603;Munoz, Marissa L.;17.5%;7.5%;5.0%;;20.0%;12.5%;2.5%;2.5%;7.5%;12.5%;2.5%;;5.0%;;2.5%;;;;;;;;2.5%;
;;;;;;107;23604;Munoz, Marissa L.;10.3%;10.3%;5.1%;;7.7%;12.8%;2.6%;10.3%;5.1%;10.3%;2.6%;;7.7%;;10.3%;;;;;;;;5.1%;
;;;;;;109;23612;Raginsky, Juliet M.;7.9%;5.3%;7.9%;;10.5%;5.3%;2.6%;13.2%;18.4%;7.9%;2.6%;;2.6%;;7.9%;;;;;;;;7.9%;
;;;;;;111;23616;Raginsky, Juliet M.;5.3%;7.9%;18.4%;;5.3%;13.2%;;10.5%;5.3%;7.9%;2.6%;;2.6%;;13.2%;;;;;;;;7.9%;
;;;;;;113;23618;Moses, Skip E.;7.7%;5.1%;7.7%;;5.1%;5.1%;5.1%;12.8%;12.8%;;5.1%;;7.7%;;12.8%;;;;;;;;12.8%;
;;;;;;115;23621;Moses, Skip E.;17.9%;12.8%;5.1%;;2.6%;5.1%;5.1%;5.1%;7.7%;7.7%;12.8%;;5.1%;;5.1%;;;;;;;;7.7%;
;;;;;;117;23632;Yang, Alexander J.;7.7%;12.8%;2.6%;;7.7%;20.5%;;10.3%;15.4%;7.7%;5.1%;;5.1%;;2.6%;;;;;;;;2.6%;
;;;;;;119;23637;Yang, Alexander J.;10.0%;10.0%;5.0%;;7.5%;15.0%;10.0%;2.5%;10.0%;10.0%;;;7.5%;;10.0%;;;;;;;;2.5%;
;;;;;;121;23638;Boan, Jonah E.;10.3%;5.1%;2.6%;;12.8%;10.3%;7.7%;10.3%;10.3%;10.3%;5.1%;;5.1%;;7.7%;;;;;;;;2.6%;
;;;;;;123;23639;Boan, Jonah E.;5.1%;15.4%;5.1%;;17.9%;12.8%;7.7%;7.7%;10.3%;10.3%;;;;;5.1%;;;;;;;;2.6%;
;;;;;;202;23644;Wadhwa, Dhruv;15.0%;5.0%;2.5%;;5.0%;12.5%;12.5%;5.0%;5.0%;12.5%;5.0%;;5.0%;;7.5%;;;;;;;;7.5%;
;;;;;;204;23649;Wadhwa, Dhruv;7.7%;7.7%;;;7.7%;20.5%;2.6%;10.3%;12.8%;10.3%;5.1%;;5.1%;;7.7%;;;;;;;;2.6%;
;;;;;;206;23655;Tan, Oliver;2.5%;10.0%;7.5%;;7.5%;17.5%;12.5%;10.0%;5.0%;7.5%;10.0%;;2.5%;;2.5%;;;;;;;;5.0%;
;;;;;;208;23658;Tan, Oliver;2.5%;10.0%;2.5%;;10.0%;15.0%;2.5%;15.0%;15.0%;15.0%;2.5%;;2.5%;;5.0%;;;;;;;;2.5%;
;;;;;;210;23663;Moran, Kathryn L.;10.0%;5.0%;2.5%;;15.0%;7.5%;10.0%;5.0%;7.5%;17.5%;5.0%;;12.5%;;;;;;;;;;2.5%;
;;;;;;212;23682;Moran, Kathryn L.;5.0%;2.5%;2.5%;;7.5%;17.5%;7.5%;12.5%;10.0%;5.0%;5.0%;;5.0%;;7.5%;;;;;;;;12.5%;
;;;;;;214;23716;Ali, Fawzan;2.5%;2.5%;7.5%;;10.0%;17.5%;10.0%;15.0%;5.0%;7.5%;2.5%;;2.5%;;10.0%;;;;;;;;7.5%;
;;;;;;216;23734;Ali, Fawzan;10.0%;10.0%;5.0%;;10.0%;5.0%;10.0%;7.5%;5.0%;12.5%;2.5%;;12.5%;;7.5%;;;;;;;;2.5%;
;;;;;;218;23748;Nguyen, Uyen M.;5.0%;12.5%;5.0%;;5.0%;15.0%;2.5%;20.0%;10.0%;5.0%;5.0%;;5.0%;;5.0%;;;;;;;;5.0%;
;;;;;;220;23749;Nguyen, Uyen M.;5.0%;12.5%;5.0%;;12.5%;20.0%;2.5%;5.0%;5.0%;22.5%;2.5%;;2.5%;;2.5%;;;;;;;;2.5%;
;;;;;;222;27526;Aitokhuehi, Ayooluwanitemi O.;7.7%;12.8%;5.1%;;10.3%;17.9%;2.6%;15.4%;2.6%;10.3%;7.7%;;;;5.1%;;;;;;;;2.6%;
;;;;;;224;30410;Aitokhuehi, Ayooluwanitemi O.;15.8%;10.5%;2.6%;;10.5%;7.9%;15.8%;13.2%;7.9%;2.6%;5.3%;;5.3%;;;;;;;;;;2.6%;
;;;;;;902;30541;Miga, Luke D.;5.0%;10.0%;2.5%;;12.5%;10.0%;2.5%;22.5%;10.0%;10.0%;2.5%;;5.0%;;7.5%;;;;;;;;;
;;;;;;904;30542;Miga, Luke D.;2.6%;10.3%;7.7%;;5.1%;7.7%;7.7%;10.3%;10.3%;15.4%;5.1%;;;;7.7%;;;;;;;;10.3%;
;;;;;;906;30695;Yu, Andy;;2.5%;10.0%;;15.0%;;10.0%;5.0%;7.5%;7.5%;5.0%;;15.0%;;12.5%;;;;;;;;10.0%;
;;;;;;908;12212;Yu, Andy;2.5%;;2.5%;;15.0%;12.5%;10.0%;2.5%;7.5%;7.5%;15.0%;;7.5%;;10.0%;;;;;;;;7.5%;
;;;;;;909;12727;Patel, Shivang J.;5.0%;10.0%;;;15.0%;10.0%;12.5%;12.5%;2.5%;5.0%;;;7.5%;;10.0%;;;;;;;;10.0%;
;;;;;;910;12728;Patel, Shivang J.;2.5%;10.0%;5.0%;;10.0%;15.0%;7.5%;12.5%;5.0%;10.0%;5.0%;;5.0%;;2.5%;;;;;;;;10.0%;
;;;Pl Anly Geo Calc II-Honors;202610;Fall 2025;204;23649;Wadhwa, Dhruv;;;;;;;;;;100.0%;;;;;;;;;;;;;;
;;;;;;224;30410;Aitokhuehi, Ayooluwanitemi O.;;;;;;100.0%;;;;;;;;;;;;;;;;;;
;;16290;Data Science Labs: Calculus;202610;Fall 2025;001;25495;Whisner, Warren J.;31.3%;6.3%;43.8%;;;;6.3%;;;;;;;;;;;6.3%;;;;;6.3%;
;;16500;Anlytc Geomtry&Calc I;202610;Fall 2025;102;42956;Vo, Hoang K.;22.2%;3.7%;7.4%;;14.8%;7.4%;11.1%;18.5%;11.1%;3.7%;;;;;;;;;;;;;;
;;;;;;104;23097;Vo, Hoang K.;13.8%;10.3%;6.9%;;13.8%;3.4%;6.9%;13.8%;10.3%;13.8%;;;;;;;;;;;;;6.9%;
;;;;;;106;42958;Vo, Hoang K.;26.7%;3.3%;6.7%;;16.7%;13.3%;6.7%;13.3%;;3.3%;;;3.3%;;;;;;;;;;6.7%;
;;;;;;108;42959;Moran Lamas, Andres A.;7.7%;7.7%;;;15.4%;7.7%;11.5%;15.4%;15.4%;7.7%;;;7.7%;;;;;;;;;;3.8%;
;;;;;;110;42955;Moran Lamas, Andres A.;6.7%;10.0%;6.7%;;16.7%;6.7%;13.3%;16.7%;;16.7%;;;3.3%;;;;;;;;;;3.3%;
;;;;;;112;58523;Moran Lamas, Andres A.;10.0%;10.0%;6.7%;;16.7%;13.3%;20.0%;10.0%;;6.7%;;;;;;;;;;;;;6.7%;
;;;;;;114;11928;Santori, Luis E.;3.6%;14.3%;3.6%;;14.3%;3.6%;10.7%;14.3%;7.1%;7.1%;;;;;3.6%;;;;;;;;17.9%;
;;;;;;116;34560;Santori, Luis E.;20.7%;10.3%;10.3%;;24.1%;6.9%;10.3%;3.4%;3.4%;3.4%;;;;;;;;;;;;;6.9%;
;;;;;;118;23098;Santori, Luis E.;;4.0%;16.0%;;24.0%;12.0%;4.0%;12.0%;12.0%;4.0%;;;4.0%;;;;;;;;;;8.0%;
;;;;;;120;21115;Lemley, Harrison O.;13.3%;10.0%;6.7%;;6.7%;13.3%;23.3%;10.0%;3.3%;3.3%;3.3%;;3.3%;;;;;;;;;;3.3%;
;;;;;;122;21127;Lemley, Harrison O.;20.7%;10.3%;3.4%;;13.8%;17.2%;3.4%;6.9%;3.4%;;3.4%;;;;;;;;;;;;17.2%;
;;;;;;124;21128;Lemley, Harrison O.;10.0%;10.0%;3.3%;;10.0%;6.7%;20.0%;13.3%;;6.7%;3.3%;;3.3%;;;;;;;;;;13.3%;
;;;;;;302;27832;Moshe, Rivkah;30.0%;10.0%;6.7%;;3.3%;10.0%;16.7%;10.0%;;3.3%;;;;;3.3%;;;;;;;;6.7%;
;;;;;;304;27830;Moshe, Rivkah;30.0%;16.7%;10.0%;;3.3%;13.3%;6.7%;3.3%;3.3%;10.0%;;;;;;;;;;;;;3.3%;
;;;;;;306;27834;Moshe, Rivkah;20.0%;6.7%;3.3%;;20.0%;10.0%;10.0%;13.3%;3.3%;10.0%;;;;;;;;;;;;;3.3%;
;;;;;;308;27835;Qasem, Yusra A.;6.7%;10.0%;3.3%;;10.0%;10.0%;13.3%;16.7%;3.3%;6.7%;3.3%;;3.3%;;3.3%;;;;;;;;10.0%;
;;;;;;310;27836;Qasem, Yusra A.;23.3%;6.7%;13.3%;;3.3%;16.7%;10.0%;13.3%;6.7%;3.3%;;;;;;;;;;;;;3.3%;
;;;;;;312;27837;Qasem, Yusra A.;30.0%;;10.0%;;23.3%;3.3%;10.0%;13.3%;;3.3%;3.3%;;;;;;;;;;;;3.3%;
;;;;;;314;27819;Zhang, Minghui;12.9%;9.7%;16.1%;;12.9%;6.5%;19.4%;6.5%;;6.5%;;;3.2%;;;;;;;;;;6.5%;
;;;;;;316;27821;Zhang, Minghui;20.0%;3.3%;3.3%;;6.7%;13.3%;23.3%;10.0%;3.3%;10.0%;;;;;;;;;;;;;6.7%;
;;;;;;318;27824;Zhang, Minghui;3.3%;20.0%;16.7%;;10.0%;20.0%;13.3%;6.7%;3.3%;3.3%;;;3.3%;;;;;;;;;;;
;;;;;;320;27826;Jones, Kyle B.;6.7%;6.7%;6.7%;;20.0%;10.0%;13.3%;13.3%;3.3%;6.7%;3.3%;;;;;;;;;;;;10.0%;
;;;;;;322;27827;Jones, Kyle B.;30.0%;13.3%;23.3%;;10.0%;10.0%;6.7%;3.3%;;3.3%;;;;;;;;;;;;;;
;;;;;;324;27828;Jones, Kyle B.;16.7%;10.0%;;;6.7%;13.3%;13.3%;6.7%;3.3%;10.0%;3.3%;;3.3%;;3.3%;;;;;;;;10.0%;
;;17000;Intr Actuarial Science;202610;Fall 2025;SC9;59997;Rubin, Daniel E.;36.6%;26.8%;9.8%;;7.3%;4.9%;2.4%;;;4.9%;4.9%;;;;;;;;;;;;2.4%;
;;26100;Multivariate Calculus;202610;Fall 2025;211;21165;Bruhnke, Tyler W.;25.6%;;5.1%;;10.3%;5.1%;12.8%;25.6%;;5.1%;;;2.6%;;2.6%;;;;;;;;5.1%;
;;;;;;212;21168;Bruhnke, Tyler W.;7.7%;7.7%;5.1%;;15.4%;2.6%;10.3%;25.6%;5.1%;2.6%;7.7%;;2.6%;;5.1%;;;;;;;;2.6%;
;;;;;;213;21171;Bruhnke, Tyler W.;10.3%;2.6%;7.7%;;12.8%;2.6%;2.6%;25.6%;12.8%;15.4%;;;5.1%;;2.6%;;;;;;;;;
;;;;;;221;21179;Aly, Ibrahim M.;10.3%;7.7%;10.3%;;12.8%;7.7%;7.7%;12.8%;5.1%;7.7%;;;;;10.3%;;;;;;;;7.7%;
;;;;;;222;21190;Aly, Ibrahim M.;10.3%;5.1%;;;17.9%;7.7%;15.4%;20.5%;5.1%;12.8%;;;;;;;;;;;;;5.1%;
;;;;;;223;21191;Aly, Ibrahim M.;10.3%;12.8%;2.6%;;15.4%;7.7%;12.8%;10.3%;2.6%;5.1%;5.1%;;;;5.1%;;;;;;;;10.3%;
;;;;;;231;13693;Pathak, Mandon M.;5.1%;10.3%;;;17.9%;2.6%;10.3%;12.8%;5.1%;10.3%;5.1%;;5.1%;;10.3%;;;;;;;;5.1%;
;;;;;;232;13694;Pathak, Mandon M.;12.8%;15.4%;7.7%;;15.4%;10.3%;5.1%;10.3%;;5.1%;12.8%;;;;2.6%;;;;;;;;2.6%;
;;;;;;233;13695;Pathak, Mandon M.;23.1%;2.6%;2.6%;;12.8%;10.3%;2.6%;10.3%;5.1%;17.9%;2.6%;;2.6%;;2.6%;;;;;;;;5.1%;
;;;;;;241;13696;Vu, Thi Huong Thu;20.5%;7.7%;;;12.8%;7.7%;5.1%;15.4%;10.3%;7.7%;;;2.6%;;7.7%;;;;;;;;2.6%;
;;;;;;242;13697;Vu, Thi Huong Thu;17.9%;5.1%;;;15.4%;2.6%;10.3%;15.4%;2.6%;12.8%;;;10.3%;;5.1%;;;;;;;;2.6%;
;;;;;;243;13698;Vu, Thi Huong Thu;28.2%;5.1%;;;12.8%;7.7%;7.7%;10.3%;10.3%;7.7%;;;2.6%;;5.1%;;;;;;;;2.6%;
;;;;;;311;13701;Wackerfuss, Matthew C.;21.1%;5.3%;;;10.5%;2.6%;2.6%;26.3%;10.5%;5.3%;5.3%;;;;7.9%;;;;;;;;2.6%;
;;;;;;312;13702;Wackerfuss, Matthew C.;12.8%;;5.1%;;7.7%;10.3%;;30.8%;10.3%;7.7%;2.6%;;;;;;;;;;;;12.8%;
;;;;;;313;13708;Wackerfuss, Matthew C.;7.9%;2.6%;5.3%;;23.7%;5.3%;7.9%;21.1%;7.9%;7.9%;2.6%;;;;;;;;;;;;7.9%;
;;;;;;321;13709;Seyedpour, Reyhaneh Sadat;10.3%;2.6%;5.1%;;7.7%;5.1%;12.8%;15.4%;10.3%;7.7%;5.1%;;2.6%;;;;;;;;;;15.4%;
;;;;;;322;13710;Seyedpour, Reyhaneh Sadat;7.7%;7.7%;;;10.3%;5.1%;10.3%;28.2%;5.1%;2.6%;5.1%;;;;15.4%;;;;;;;;2.6%;
;;;;;;323;13711;Seyedpour, Reyhaneh Sadat;12.8%;5.1%;2.6%;;23.1%;7.7%;2.6%;17.9%;10.3%;;2.6%;;2.6%;;5.1%;;;;;;;;7.7%;
;;;;;;331;13712;Pabon Cancel, Eric J.;10.3%;2.6%;2.6%;;15.4%;2.6%;7.7%;10.3%;12.8%;12.8%;5.1%;;2.6%;;7.7%;;;;;;;;7.7%;
;;;;;;332;13713;Pabon Cancel, Eric J.;18.4%;7.9%;2.6%;;18.4%;2.6%;2.6%;23.7%;5.3%;5.3%;2.6%;;;;2.6%;;;;;;;;7.9%;
;;;;;;333;13714;Pabon Cancel, Eric J.;10.3%;7.7%;7.7%;;25.6%;12.8%;2.6%;12.8%;;5.1%;2.6%;;;;12.8%;;;;;;;;;
;;;;;;341;13715;Stahl, Kale;8.1%;5.4%;2.7%;;13.5%;8.1%;8.1%;18.9%;2.7%;10.8%;5.4%;;2.7%;;8.1%;;;;;;;;5.4%;
;;;;;;342;13716;Stahl, Kale;10.5%;7.9%;2.6%;;10.5%;5.3%;2.6%;15.8%;13.2%;5.3%;10.5%;;5.3%;;7.9%;;;;;;;;2.6%;
;;;;;;343;13717;Stahl, Kale;7.5%;;;;10.0%;17.5%;7.5%;17.5%;10.0%;5.0%;5.0%;;;;10.0%;;;;;;;;10.0%;
;;;;;;411;21423;Keith, Ashton P.;10.3%;7.7%;7.7%;;7.7%;5.1%;;23.1%;12.8%;7.7%;5.1%;;2.6%;;5.1%;2.6%;;;;;;;2.6%;
;;;;;;412;21494;Keith, Ashton P.;10.3%;7.7%;5.1%;;5.1%;5.1%;5.1%;23.1%;5.1%;10.3%;12.8%;;;;5.1%;;;;;;;;5.1%;
;;;;;;413;21489;Keith, Ashton P.;7.9%;5.3%;10.5%;;23.7%;;2.6%;21.1%;5.3%;2.6%;5.3%;;;;7.9%;;;;;;;;7.9%;
;;;;;;421;21441;Stuart, Jonas M.;12.8%;5.1%;2.6%;;25.6%;12.8%;5.1%;12.8%;5.1%;5.1%;5.1%;;;;5.1%;;;;;;;;2.6%;
;;;;;;422;21437;Stuart, Jonas M.;17.9%;2.6%;5.1%;;10.3%;15.4%;7.7%;15.4%;2.6%;10.3%;;;2.6%;;7.7%;;;;;;;;2.6%;
;;;;;;423;21435;Stuart, Jonas M.;5.3%;;2.6%;;13.2%;13.2%;5.3%;15.8%;18.4%;7.9%;2.6%;;;;10.5%;;;;;;;;5.3%;
;;;;;;431;21384;Marlin, Benjamin S.;;7.7%;10.3%;;17.9%;5.1%;5.1%;15.4%;15.4%;5.1%;7.7%;;2.6%;;5.1%;;;;;;;;2.6%;
;;;;;;432;21383;Marlin, Benjamin S.;10.3%;7.7%;2.6%;;17.9%;10.3%;5.1%;12.8%;7.7%;12.8%;5.1%;;2.6%;;2.6%;;;;;;;;2.6%;
;;;;;;433;21382;Marlin, Benjamin S.;7.9%;13.2%;2.6%;;21.1%;7.9%;5.3%;10.5%;2.6%;5.3%;2.6%;;2.6%;;5.3%;;;;;;;;13.2%;
;;;;;;441;21381;Idowu, Kabir O.;10.3%;2.6%;5.1%;;2.6%;12.8%;12.8%;25.6%;7.7%;5.1%;5.1%;;;;7.7%;;;;;;;;2.6%;
;;;;;;442;21371;Idowu, Kabir O.;10.3%;10.3%;;;5.1%;10.3%;7.7%;25.6%;5.1%;7.7%;5.1%;;2.6%;;2.6%;;;;;;;;7.7%;
;;;;;;443;21473;Idowu, Kabir O.;16.7%;8.3%;2.8%;;5.6%;11.1%;13.9%;13.9%;13.9%;5.6%;2.8%;;;;2.8%;;;;;;;;2.8%;
;;;;;;511;15313;Thai, Giovani C.;15.4%;10.3%;5.1%;;17.9%;;15.4%;12.8%;7.7%;2.6%;2.6%;;;;5.1%;;;;;;;;5.1%;
;;;;;;512;15328;Thai, Giovani C.;10.3%;2.6%;2.6%;;20.5%;12.8%;7.7%;12.8%;12.8%;5.1%;;;;;5.1%;;;;;;;;7.7%;
;;;;;;513;13422;Thai, Giovani C.;15.4%;7.7%;7.7%;;12.8%;5.1%;5.1%;12.8%;10.3%;10.3%;7.7%;;;;5.1%;;;;;;;;;
;;;;;;521;13429;Das, Arka;20.5%;10.3%;2.6%;;17.9%;2.6%;10.3%;12.8%;7.7%;2.6%;5.1%;;;;5.1%;;;;;;;;2.6%;
;;;;;;522;13430;Das, Arka;5.3%;5.3%;2.6%;;13.2%;15.8%;5.3%;23.7%;2.6%;7.9%;7.9%;;;;2.6%;;;;;;;;7.9%;
;;;;;;523;13447;Das, Arka;17.9%;12.8%;;;15.4%;12.8%;10.3%;2.6%;5.1%;10.3%;5.1%;;;;2.6%;;;;;;;;5.1%;
;;;;;;531;13450;Shen, Leo;15.4%;7.7%;2.6%;;12.8%;10.3%;7.7%;10.3%;7.7%;12.8%;;;2.6%;;5.1%;;;;;;;;5.1%;
;;;;;;532;13453;Shen, Leo;7.7%;7.7%;5.1%;;23.1%;10.3%;5.1%;15.4%;12.8%;2.6%;;;;;5.1%;;;;;;;;5.1%;
;;;;;;533;21138;Shen, Leo;12.8%;10.3%;5.1%;;20.5%;10.3%;7.7%;5.1%;5.1%;5.1%;2.6%;;;;5.1%;;;;;;;;10.3%;
;;;;;;541;21139;Wu, Xiaohan;17.9%;5.1%;;;15.4%;2.6%;10.3%;15.4%;10.3%;;5.1%;;5.1%;;5.1%;;;;;;;;7.7%;
;;;;;;542;21159;Wu, Xiaohan;12.8%;7.7%;;;10.3%;7.7%;12.8%;15.4%;10.3%;12.8%;;;;;7.7%;;;;;;;;2.6%;
;;;;;;543;21160;Wu, Xiaohan;20.5%;10.3%;;;7.7%;7.7%;5.1%;12.8%;20.5%;7.7%;5.1%;;;;;;;;;;;;2.6%;
;;;;;;601;21471;Polychronidis, Georgios N.;17.9%;7.7%;;;12.8%;2.6%;5.1%;25.6%;5.1%;7.7%;2.6%;;;;10.3%;;;;;;;;2.6%;
;;;;;;602;21470;Polychronidis, Georgios N.;10.3%;15.4%;;;10.3%;7.7%;5.1%;5.1%;10.3%;12.8%;2.6%;;;;12.8%;;;;;;;;7.7%;
;;;;;;603;21468;Polychronidis, Georgios N.;10.5%;2.6%;;;26.3%;7.9%;7.9%;15.8%;5.3%;5.3%;7.9%;;2.6%;;5.3%;;;;;;;;2.6%;
;;;;;;611;21466;Fragapane, Matthew J.;15.4%;7.7%;2.6%;;23.1%;2.6%;10.3%;15.4%;2.6%;7.7%;10.3%;;;;;;;;;;;;2.6%;
;;;;;;612;21464;Fragapane, Matthew J.;5.1%;;7.7%;;20.5%;12.8%;5.1%;15.4%;10.3%;2.6%;5.1%;;5.1%;;;;;;;;;;10.3%;
;;;;;;613;21463;Fragapane, Matthew J.;7.7%;7.7%;;;23.1%;10.3%;2.6%;17.9%;2.6%;10.3%;;;;;7.7%;;;;;;;;10.3%;
;;;;;;621;21456;Long, Roland A.;17.9%;12.8%;;;12.8%;2.6%;5.1%;12.8%;12.8%;2.6%;2.6%;;2.6%;;12.8%;;;;;;;;2.6%;
;;;;;;622;21496;Long, Roland A.;10.3%;7.7%;2.6%;;23.1%;2.6%;5.1%;17.9%;;10.3%;7.7%;;2.6%;;2.6%;;;;;;;;7.7%;
;;;;;;623;21487;Long, Roland A.;12.8%;5.1%;;;5.1%;2.6%;5.1%;25.6%;17.9%;7.7%;2.6%;;5.1%;;2.6%;;;;;;;;7.7%;
;;;;;;631;21481;Hadikusumo, Andrew L.;17.9%;2.6%;2.6%;;17.9%;2.6%;7.7%;17.9%;12.8%;;7.7%;;;;5.1%;;;;;;;;5.1%;
;;;;;;632;21480;Hadikusumo, Andrew L.;10.3%;10.3%;;;20.5%;2.6%;7.7%;23.1%;7.7%;10.3%;5.1%;;;;2.6%;;;;;;;;;
;;;;;;633;21474;Hadikusumo, Andrew L.;;7.7%;;;7.7%;10.3%;12.8%;10.3%;7.7%;12.8%;12.8%;;2.6%;;10.3%;;;;;;;;5.1%;
;;;;;;646;26912;Makarova, Maiia;15.0%;2.5%;;;12.5%;2.5%;2.5%;20.0%;2.5%;5.0%;10.0%;;;;15.0%;;;;;;;;12.5%;
;;;;;;647;26913;Makarova, Maiia;17.5%;2.5%;;;20.0%;2.5%;5.0%;20.0%;12.5%;5.0%;5.0%;;2.5%;;5.0%;;;;;;;;2.5%;
;;;;;;651;15179;Barrientos Lopez, Jose Manuel;12.5%;10.0%;;;7.5%;7.5%;2.5%;17.5%;10.0%;12.5%;5.0%;;2.5%;;7.5%;;;;;;;;5.0%;
;;;;;;652;56453;Barrientos Lopez, Jose Manuel;7.7%;2.6%;2.6%;;10.3%;2.6%;15.4%;23.1%;12.8%;2.6%;7.7%;;5.1%;;7.7%;;;;;;;;;
;;;;;;653;59793;Barrientos Lopez, Jose Manuel;5.1%;;2.6%;;23.1%;5.1%;5.1%;23.1%;5.1%;10.3%;5.1%;;;;10.3%;;;;;;;;5.1%;
;;;;;;661;57161;Balasubramanian, Varun;7.7%;5.1%;2.6%;;23.1%;5.1%;12.8%;10.3%;5.1%;5.1%;5.1%;;2.6%;;5.1%;;;;;;;;10.3%;
;;;;;;662;11850;Balasubramanian, Varun;2.5%;7.5%;;;22.5%;12.5%;7.5%;22.5%;5.0%;7.5%;5.0%;;;;5.0%;;;;;;;;2.5%;
;;;;;;663;61522;Balasubramanian, Varun;2.4%;2.4%;4.9%;;12.2%;7.3%;2.4%;14.6%;7.3%;7.3%;9.8%;;9.8%;;14.6%;;;;;;;;4.9%;
;;;;;;671;38026;Ahmed, Tausif;5.0%;12.5%;2.5%;;10.0%;10.0%;10.0%;12.5%;2.5%;7.5%;7.5%;;;;7.5%;;;;;;;;12.5%;
;;;;;;672;59792;Ahmed, Tausif;;5.1%;2.6%;;17.9%;10.3%;5.1%;10.3%;10.3%;15.4%;7.7%;;;;5.1%;;;;;;;;10.3%;
;;;;;;673;59794;Ahmed, Tausif;10.0%;7.5%;2.5%;;17.5%;2.5%;2.5%;15.0%;5.0%;10.0%;7.5%;;;;5.0%;;;;;;;;15.0%;
;;;;;;681;15178;Roscow, Dylan M.;2.6%;5.3%;7.9%;;10.5%;15.8%;2.6%;7.9%;15.8%;13.2%;2.6%;;2.6%;;7.9%;;;;;;;;5.3%;
;;;;;;682;11849;Roscow, Dylan M.;10.5%;2.6%;2.6%;;10.5%;2.6%;;21.1%;13.2%;7.9%;2.6%;;;;15.8%;;;;;;;;10.5%;
;;;;;;683;59784;Roscow, Dylan M.;17.5%;5.0%;5.0%;;15.0%;7.5%;5.0%;17.5%;2.5%;5.0%;10.0%;;;;5.0%;2.5%;;;;;;;2.5%;
;;;;;;690;33421;Sterling, John S.;12.5%;5.0%;5.0%;;12.5%;10.0%;10.0%;10.0%;2.5%;12.5%;2.5%;;;;10.0%;;;;;;;;7.5%;
;;;;;;691;33422;Sterling, John S.;22.5%;5.0%;10.0%;;20.0%;2.5%;2.5%;15.0%;7.5%;5.0%;5.0%;;;;2.5%;;;;;;;;2.5%;
;;;;;;692;33423;Sterling, John S.;22.5%;2.5%;5.0%;;20.0%;7.5%;5.0%;15.0%;7.5%;2.5%;2.5%;;;;2.5%;;;;;;;;7.5%;
;;;;;;694;33577;Mackewicz, Athaliah J.;20.0%;20.0%;;;2.5%;5.0%;2.5%;10.0%;12.5%;10.0%;2.5%;;5.0%;;7.5%;;;;;;;;2.5%;
;;;;;;695;33578;Mackewicz, Athaliah J.;20.0%;5.0%;;;17.5%;10.0%;12.5%;10.0%;5.0%;7.5%;7.5%;;2.5%;;;;;;;;;;2.5%;
;;;;;;696;33585;Mackewicz, Athaliah J.;15.0%;2.5%;;;20.0%;10.0%;5.0%;27.5%;5.0%;5.0%;;;5.0%;;;;;;;;;;5.0%;
;;;Multivariate Calculus-Honors;202610;Fall 2025;311;13701;Wackerfuss, Matthew C.;100.0%;;;;;;;;;;;;;;;;;;;;;;;
;;;;;;332;13713;Pabon Cancel, Eric J.;;;;;;;100.0%;;;;;;;;;;;;;;;;;
;;;;;;652;56453;Barrientos Lopez, Jose Manuel;100.0%;;;;;;;;;;;;;;;;;;;;;;;
;;26190;Data Sci Labs: Multivar Calc;202610;Fall 2025;001;27353;Lee, Jaewook;25.0%;;75.0%;;;;;;;;;;;;;;;;;;;;;
;;;;;;003;27356;Badwal, Arjun;36.4%;;27.3%;;;;;;;;;;;;9.1%;;;;;;;;27.3%;
;;26200;Lin Alg Diff Equats;202610;Fall 2025;101;15890;Burke, Tianna K.;7.9%;5.3%;7.9%;;10.5%;7.9%;23.7%;5.3%;2.6%;7.9%;10.5%;;7.9%;;;;;;;;;;2.6%;
;;;;;;102;11664;Burke, Tianna K.;4.0%;12.0%;8.0%;;12.0%;16.0%;16.0%;16.0%;;8.0%;;;4.0%;;;;;;;;;;4.0%;
;;;;;;401;14329;Barnes, Russell;14.3%;8.6%;8.6%;;5.7%;14.3%;17.1%;11.4%;2.9%;8.6%;2.9%;;;;2.9%;;;;;;;;2.9%;
;;;;;;402;14330;Barnes, Russell;;18.2%;9.1%;;9.1%;13.6%;18.2%;4.5%;4.5%;18.2%;;;4.5%;;;;;;;;;;;
;;;;;;406;26605;Doktorova, Anastassia V.;3.1%;15.6%;9.4%;;6.3%;12.5%;15.6%;9.4%;;9.4%;3.1%;;6.3%;;;;;;;;;;9.4%;
;;26500;Linear Algebra;202610;Fall 2025;101;19132;Memariansorkhabi, Soheil;21.4%;9.5%;2.4%;;7.1%;7.1%;4.8%;14.3%;16.7%;7.1%;2.4%;;2.4%;;;;;;;;;;4.8%;
;;;;;;102;13003;Memariansorkhabi, Soheil;24.4%;9.8%;4.9%;;14.6%;9.8%;12.2%;19.5%;4.9%;;;;;;;;;;;;;;;
;;;;;;153;23288;Yeh, Kuan-Ting;26.2%;7.1%;4.8%;;16.7%;9.5%;4.8%;4.8%;4.8%;4.8%;4.8%;;7.1%;;2.4%;;;;;;;;2.4%;
;;;;;;154;12965;Yeh, Kuan-Ting;17.1%;14.6%;12.2%;;12.2%;4.9%;7.3%;4.9%;7.3%;12.2%;;;4.9%;;2.4%;;;;;;;;;
;;;;;;205;23284;Lin, Yu-Hsiang;2.4%;11.9%;2.4%;;16.7%;2.4%;9.5%;14.3%;9.5%;7.1%;2.4%;;7.1%;;7.1%;2.4%;;;;;;;4.8%;
;;;;;;206;23296;Lohr, Nicholas G.;9.5%;11.9%;14.3%;;16.7%;4.8%;4.8%;7.1%;4.8%;11.9%;4.8%;;2.4%;;2.4%;;;;;;;;4.8%;
;;;;;;357;16270;Bhargava, Ataleshvara A.;4.8%;11.9%;4.8%;;7.1%;9.5%;14.3%;11.9%;9.5%;4.8%;2.4%;;11.9%;;4.8%;;;;;;;;2.4%;
;;;;;;410;18034;Hakiki, Youssef;9.5%;11.9%;4.8%;;11.9%;7.1%;;11.9%;7.1%;7.1%;4.8%;;4.8%;;9.5%;;;;;;;;9.5%;
;;;;;;451;18048;Hakiki, Youssef;12.8%;;2.6%;;10.3%;12.8%;5.1%;10.3%;15.4%;5.1%;5.1%;;2.6%;;10.3%;;;;;;;;7.7%;
;;;;;;501;18053;Lohr, Nicholas G.;11.9%;9.5%;2.4%;;19.0%;11.9%;7.1%;11.9%;4.8%;16.7%;;;;;;;;;;;;;4.8%;
;;;;;;600;18056;Doyle, Benjamin A.;7.7%;7.7%;5.1%;;5.1%;15.4%;7.7%;10.3%;7.7%;5.1%;7.7%;;12.8%;;5.1%;;;;;;;;2.6%;
;;;;;;650;18124;Debonis, Patrick H.;11.9%;;4.8%;;4.8%;16.7%;14.3%;11.9%;9.5%;14.3%;2.4%;;2.4%;;2.4%;;;;;;;;4.8%;
;;;;;;701;18104;Phagan, Shaver L.;4.8%;7.1%;2.4%;;2.4%;16.7%;14.3%;19.0%;9.5%;7.1%;2.4%;;9.5%;;2.4%;;;;;;;;2.4%;
;;;;;;702;12980;Phagan, Shaver L.;14.3%;11.9%;;;9.5%;9.5%;4.8%;21.4%;7.1%;2.4%;7.1%;;2.4%;;4.8%;;;;;;;;4.8%;
;;;;;;704;25010;Asadi Vasfi, Mohammad Ali;2.4%;14.3%;4.8%;;4.8%;4.8%;11.9%;4.8%;9.5%;16.7%;4.8%;;2.4%;;7.1%;;;;;;;;11.9%;
;;;;;;705;25011;Asadi Vasfi, Mohammad Ali;19.0%;9.5%;2.4%;;9.5%;26.2%;4.8%;11.9%;4.8%;7.1%;;;;;;;;;;;;;4.8%;
;;;;;;706;30020;Wang, Yueqi;7.1%;;2.4%;;19.0%;7.1%;11.9%;23.8%;7.1%;11.9%;2.4%;;;;4.8%;;;;;;;;2.4%;
;;;;;;707;25648;Wang, Yueqi;9.5%;11.9%;4.8%;;14.3%;9.5%;;14.3%;16.7%;7.1%;;;4.8%;;4.8%;;;;;;;;2.4%;
;;;;;;708;18552;Grebnev, Haim R.;9.5%;9.5%;2.4%;;4.8%;19.0%;16.7%;7.1%;2.4%;7.1%;2.4%;;2.4%;;4.8%;;;;;;;;11.9%;
;;;;;;709;18572;Zhang, Ying;12.1%;10.3%;8.6%;;15.5%;5.2%;10.3%;3.4%;5.2%;6.9%;5.2%;;8.6%;;1.7%;;;;;;;;6.9%;
;;;;;;710;18575;Zhang, Ying;15.0%;6.7%;6.7%;;3.3%;8.3%;10.0%;8.3%;13.3%;10.0%;1.7%;;8.3%;;1.7%;;;;;;;;6.7%;
;;;;;;890;19988;Jiang, Zhiyuan;7.7%;10.3%;2.6%;;7.7%;10.3%;7.7%;7.7%;15.4%;10.3%;5.1%;;10.3%;;5.1%;;;;;;;;;
;;;;;;896;20000;Lai, Rongjie;9.8%;9.8%;2.4%;;4.9%;9.8%;2.4%;9.8%;17.1%;7.3%;12.2%;;7.3%;;2.4%;;;;;;;;4.9%;
;;;;;;897;20001;Grebnev, Haim R.;2.4%;12.2%;7.3%;;9.8%;9.8%;4.9%;19.5%;;14.6%;7.3%;;4.9%;;2.4%;;;;;;;;4.9%;
;;;;;;899;25125;Debonis, Patrick H.;12.5%;10.0%;;;10.0%;;15.0%;12.5%;12.5%;7.5%;;;;;15.0%;;;;;;;;5.0%;
;;;;;;900;29919;Lin, Yu-Hsiang;4.8%;7.1%;;;19.0%;2.4%;7.1%;7.1%;14.3%;14.3%;2.4%;;4.8%;;7.1%;;;;;;;;9.5%;
;;;;;;901;30493;Karunaratne, Susitha H.;19.2%;11.1%;12.1%;2.0%;11.1%;4.0%;8.1%;7.1%;8.1%;6.1%;1.0%;;1.0%;;5.1%;;;;;;;;4.0%;
;;;;;;902;30498;Bickle, Allan E.;16.3%;9.3%;9.3%;;17.4%;5.8%;12.8%;8.1%;4.7%;7.0%;;;3.5%;;2.3%;;;;;;;;3.5%;
;;26600;Ordinary Differ Equatn;202610;Fall 2025;010;12556;Xu, Ping;14.3%;2.4%;11.9%;;14.3%;2.4%;9.5%;9.5%;9.5%;4.8%;7.1%;;7.1%;;7.1%;;;;;;;;;
;;;;;;022;12554;Cui, Can;11.9%;9.5%;4.8%;;11.9%;2.4%;11.9%;7.1%;9.5%;4.8%;;4.8%;2.4%;;14.3%;;;;;;;;4.8%;
;;;;;;034;13366;Xu, Ping;23.8%;11.9%;11.9%;;4.8%;7.1%;9.5%;7.1%;4.8%;7.1%;2.4%;;2.4%;;4.8%;;;;;;;;2.4%;
;;;;;;035;12555;Kuo, Po Chun;17.5%;5.0%;12.5%;;7.5%;7.5%;5.0%;5.0%;5.0%;7.5%;5.0%;2.5%;2.5%;;15.0%;;;;;;;;2.5%;
;;;;;;046;23308;Kuo, Po Chun;5.0%;5.0%;;;10.0%;15.0%;2.5%;15.0%;5.0%;10.0%;7.5%;;;;17.5%;;;;;;;;7.5%;
;;;;;;061;12553;Vercleyen, Gert;14.3%;11.9%;7.1%;;7.1%;7.1%;7.1%;19.0%;7.1%;7.1%;4.8%;;2.4%;;4.8%;;;;;;;;;
;;;;;;062;12551;Vercleyen, Gert;20.0%;7.5%;2.5%;;17.5%;12.5%;10.0%;17.5%;2.5%;2.5%;;;2.5%;;5.0%;;;;;;;;;
;;;;;;071;12557;Prouff, Antoine H.;16.7%;14.3%;9.5%;;7.1%;9.5%;11.9%;2.4%;9.5%;4.8%;2.4%;;2.4%;;2.4%;;;;;;;;7.1%;
;;;;;;072;12552;Prouff, Antoine H.;2.4%;4.8%;7.1%;;14.3%;16.7%;11.9%;2.4%;9.5%;2.4%;4.8%;2.4%;;;16.7%;;;;;;;;4.8%;
;;;;;;083;12541;Han, Yuxi;16.7%;;2.4%;;14.3%;14.3%;;14.3%;11.9%;14.3%;;;4.8%;;4.8%;;;;;;;;2.4%;
;;;;;;084;12550;Han, Yuxi;11.9%;9.5%;7.1%;;11.9%;2.4%;14.3%;14.3%;7.1%;4.8%;9.5%;;;;2.4%;;;;;;;;4.8%;
;;;;;;096;13034;Wang, Yi;7.3%;12.2%;7.3%;;7.3%;2.4%;12.2%;4.9%;12.2%;14.6%;2.4%;;4.9%;;9.8%;;;;;;;;2.4%;
;;;;;;107;19935;Wang, Yi;4.8%;11.9%;9.5%;;7.1%;21.4%;7.1%;4.8%;9.5%;4.8%;2.4%;;4.8%;;9.5%;;;;;;;;2.4%;
;;;;;;109;13073;George, Mathew;10.0%;;5.0%;;10.0%;10.0%;7.5%;10.0%;7.5%;10.0%;5.0%;2.5%;2.5%;;12.5%;;;;;;;;7.5%;
;;;;;;110;13074;George, Mathew;7.1%;19.0%;4.8%;;14.3%;11.9%;2.4%;4.8%;2.4%;16.7%;2.4%;;2.4%;;7.1%;;;;;;;;4.8%;
;;;;;;111;18483;Chen, Ying;4.9%;7.3%;4.9%;;12.2%;7.3%;12.2%;9.8%;17.1%;7.3%;7.3%;;;;2.4%;;;;;;;;7.3%;
;;;;;;113;25013;Cui, Can;12.2%;7.3%;7.3%;;14.6%;4.9%;14.6%;9.8%;7.3%;4.9%;9.8%;;2.4%;;2.4%;;;;;;;;2.4%;
;;;;;;115;18576;Poghotanyan, Gayane;11.5%;4.9%;6.6%;;14.8%;4.9%;6.6%;19.7%;6.6%;8.2%;3.3%;1.6%;1.6%;;6.6%;1.6%;;;;;;;1.6%;
;;;;;;116;18580;Poghotanyan, Gayane;6.7%;5.0%;15.0%;;11.7%;3.3%;11.7%;10.0%;6.7%;10.0%;3.3%;;3.3%;;8.3%;;;;;;;;5.0%;
;;;;;;889;20004;Aksoy, Esen;5.0%;2.5%;10.0%;;15.0%;5.0%;12.5%;12.5%;5.0%;5.0%;10.0%;5.0%;;;7.5%;;;;;;;;5.0%;
;;;;;;890;20005;Aksoy, Esen;7.5%;15.0%;10.0%;;12.5%;5.0%;7.5%;12.5%;5.0%;10.0%;2.5%;;;;7.5%;;;;;;;;5.0%;
;;;;;;891;20006;Xu, Ping;4.8%;16.7%;16.7%;;9.5%;14.3%;11.9%;9.5%;2.4%;9.5%;;;4.8%;;;;;;;;;;;
;;;;;;893;25136;Pandey, Vaibhav;7.3%;17.1%;14.6%;;22.0%;7.3%;7.3%;7.3%;2.4%;2.4%;4.9%;;;;7.3%;;;;;;;;;
;;;;;;894;25147;Pandey, Vaibhav;16.7%;11.9%;9.5%;;11.9%;9.5%;16.7%;2.4%;9.5%;4.8%;;2.4%;;;2.4%;;;;;;;;2.4%;
;;;;;;895;29914;Polak, Raechel L.;19.7%;14.1%;18.3%;;11.3%;2.8%;9.9%;7.0%;4.2%;2.8%;4.2%;2.8%;;;1.4%;;;;;;;;1.4%;
;;;;;;896;29915;Polak, Raechel L.;15.5%;7.0%;12.7%;;8.5%;12.7%;9.9%;11.3%;5.6%;7.0%;4.2%;1.4%;;;2.8%;;;;;;;;1.4%;
;;;;;;897;30489;Robbins, Jakayla R.;8.3%;8.3%;5.6%;;12.5%;12.5%;4.2%;11.1%;11.1%;6.9%;5.6%;;;;11.1%;;;;;;;;2.8%;
;;27101;Honors Multivariate Calculus;202610;Fall 2025;H01;30453;Hood, Kaitlyn T.;33.3%;6.7%;23.3%;;13.3%;6.7%;13.3%;;;;;;;;3.3%;;;;;;;;;
;;;;;;H03;30454;Hood, Kaitlyn T.;48.4%;19.4%;16.1%;;12.9%;;3.2%;;;;;;;;;;;;;;;;;
;;27900;Modern Math;202610;Fall 2025;001;27087;Max, Brooke M.;55.0%;2.5%;17.5%;;17.5%;;2.5%;;;;5.0%;;;;;;;;;;;;;
;;30100;Intro Proof Real Anlys;202610;Fall 2025;301;23326;Caviglia, Giulio;25.6%;;10.3%;2.6%;20.5%;10.3%;2.6%;15.4%;;;2.6%;;;;2.6%;;;;;;;;7.7%;
;;30300;Diff Equa Inc Systems;202610;Fall 2025;210;60280;Wang, Changyou;4.9%;12.2%;7.3%;;14.6%;12.2%;12.2%;4.9%;2.4%;14.6%;2.4%;2.4%;7.3%;;;;;;;;;;2.4%;
;;;;;;318;63226;Wei, Ning;23.8%;14.3%;2.4%;;11.9%;11.9%;9.5%;9.5%;4.8%;7.1%;2.4%;;;;2.4%;;;;;;;;;
;;;;;;319;63225;Chen, Kuan-Hua J.;11.4%;9.1%;11.4%;;11.4%;13.6%;11.4%;6.8%;4.5%;11.4%;2.3%;;;;4.5%;;;;;;;;2.3%;
;;;;;;430;63224;Wang, Changyou;11.9%;7.1%;11.9%;;11.9%;11.9%;16.7%;7.1%;9.5%;7.1%;;;2.4%;;;;;;;;;;2.4%;
;;;;;;623;14113;Goldberg, David;24.4%;14.6%;9.8%;;34.1%;4.9%;2.4%;4.9%;2.4%;;2.4%;;;;;;;;;;;;;
;;;;;;624;16727;Egorova, Iryna;14.6%;7.3%;2.4%;;14.6%;17.1%;2.4%;9.8%;4.9%;9.8%;7.3%;;4.9%;;2.4%;;;;;;;;2.4%;
;;;;;;755;26303;Egorova, Iryna;9.7%;12.9%;6.5%;;16.1%;;6.5%;6.5%;3.2%;6.5%;3.2%;6.5%;3.2%;;12.9%;;;;;;;;6.5%;
;;;;;;756;25016;Khoudari, Nour;21.4%;9.5%;35.7%;;7.1%;;11.9%;4.8%;;4.8%;2.4%;;2.4%;;;;;;;;;;;
;;;;;;758;30021;Khoudari, Nour;26.2%;11.9%;26.2%;;11.9%;4.8%;7.1%;;4.8%;2.4%;;;2.4%;;;;;;;;;;2.4%;
;;;;;;759;30022;Geng, Zhiyuan;4.8%;11.9%;4.8%;;21.4%;23.8%;7.1%;11.9%;2.4%;4.8%;2.4%;;;;;;;;;;;;4.8%;
;;;;;;760;30031;Geng, Zhiyuan;7.1%;9.5%;;;16.7%;11.9%;16.7%;9.5%;7.1%;16.7%;;;2.4%;;;;;;;;;;2.4%;
;;;;;;761;17441;Park, Moongyu;19.0%;11.9%;11.9%;;9.5%;16.7%;11.9%;4.8%;4.8%;4.8%;2.4%;;;;2.4%;;;;;;;;;
;;;;;;762;24554;Park, Moongyu;16.7%;11.9%;19.0%;;7.1%;7.1%;7.1%;4.8%;;14.3%;;;7.1%;;2.4%;;;;;;;;2.4%;
;;;;;;763;24555;Park, Moongyu;14.0%;11.6%;18.6%;;7.0%;14.0%;16.3%;4.7%;4.7%;9.3%;;;;;;;;;;;;;;
;;;;;;764;18568;Sahay, Anurag;14.6%;19.5%;9.8%;;14.6%;4.9%;14.6%;2.4%;;9.8%;2.4%;;;;4.9%;2.4%;;;;;;;;
;;;;;;890;29079;Goldberg, David;25.7%;8.6%;2.9%;;34.3%;2.9%;8.6%;2.9%;5.7%;2.9%;;;;;;;;;;;;;5.7%;
;;34100;Foundations Analysis;202610;Fall 2025;100;54193;Mcreynolds, David B.;15.2%;3.0%;72.7%;;6.1%;;3.0%;;;;;;;;;;;;;;;;;
;;;;;;202;13253;Chen, Lyuzhou;16.1%;6.5%;16.1%;;9.7%;9.7%;22.6%;3.2%;;3.2%;;;3.2%;;;;;;;;;;9.7%;
;;;;;;304;63079;Harris, Isaac;;3.0%;6.1%;;18.2%;12.1%;15.2%;9.1%;6.1%;9.1%;3.0%;3.0%;;;9.1%;;;;;;;;6.1%;
;;;;;;406;18202;Janjigian, Christopher;24.2%;3.0%;;;15.2%;6.1%;3.0%;6.1%;3.0%;12.1%;;;;;;;;;;;;;27.3%;
;;;;;;408;25861;Chen, Ying;15.4%;11.5%;7.7%;;7.7%;11.5%;3.8%;3.8%;15.4%;;;;11.5%;;3.8%;;;;;;;;7.7%;
;;;;;;409;25862;Chen, Ying;14.8%;18.5%;14.8%;;14.8%;3.7%;7.4%;;;7.4%;;;;;3.7%;;;;;;;;14.8%;
;;;;;;410;32506;Dadarlat, Marius D.;15.6%;12.5%;12.5%;;9.4%;12.5%;6.3%;6.3%;3.1%;;3.1%;;;;12.5%;;;;;;;;6.3%;
;;35100;Elem Linear Algebra;202610;Fall 2025;011;23346;Yip, Nung Kwan;23.8%;2.4%;;;21.4%;4.8%;7.1%;19.0%;4.8%;4.8%;2.4%;;;;4.8%;;;;;;;;4.8%;
;;;;;;021;23344;Arapura, Donu V.;23.3%;4.7%;7.0%;;23.3%;2.3%;4.7%;18.6%;2.3%;4.7%;;;;;4.7%;;;;;;;;4.7%;
;;;;;;022;64933;Arapura, Donu V.;40.5%;4.8%;11.9%;;21.4%;4.8%;7.1%;4.8%;2.4%;2.4%;;;;;;;;;;;;;;
;;;;;;041;13038;Basu, Saugata;22.5%;17.5%;7.5%;;10.0%;2.5%;10.0%;7.5%;;;;;;;10.0%;2.5%;;;;;;;10.0%;
;;;;;;042;19439;Patel, Deepam P.;11.9%;9.5%;4.8%;;9.5%;9.5%;11.9%;11.9%;7.1%;2.4%;2.4%;;4.8%;;2.4%;2.4%;;;;;;;9.5%;
;;;;;;043;30610;Murayama, Takumi;12.2%;4.9%;9.8%;;14.6%;9.8%;12.2%;4.9%;4.9%;4.9%;7.3%;;;;;;;;;;;;14.6%;
;;;;;;889;20022;Sedunova, Alisa;23.3%;9.3%;39.5%;;4.7%;2.3%;11.6%;;2.3%;4.7%;;;2.3%;;;;;;;;;;;
;;;Elem Linear Algebra-Honors;202610;Fall 2025;041;13038;Basu, Saugata;100.0%;;;;;;;;;;;;;;;;;;;;;;;
;;35301;Linear Algebra II;202610;Fall 2025;001;14245;Nariman, Sam;;6.5%;3.2%;;12.9%;3.2%;3.2%;6.5%;12.9%;6.5%;9.7%;9.7%;;;22.6%;;;;;;;;3.2%;
;;;;;;002;14246;Nariman, Sam;15.2%;6.1%;3.0%;;12.1%;;6.1%;3.0%;12.1%;;12.1%;6.1%;;;18.2%;;;;;;;;6.1%;
;;;;;;003;13420;Ulrich, Bernd;21.2%;15.2%;3.0%;;15.2%;3.0%;3.0%;12.1%;6.1%;6.1%;;;3.0%;;3.0%;;;;;;;;9.1%;
;;;;;;004;29913;Huebl, Reinhold P.;29.0%;12.9%;6.5%;;6.5%;9.7%;9.7%;6.5%;3.2%;3.2%;;;;;6.5%;;;;;;;;6.5%;
;;36200;Topics Vector Calculus;202610;Fall 2025;021;23351;Brown, Johnny E.;14.7%;2.9%;5.9%;;8.8%;8.8%;8.8%;2.9%;2.9%;5.9%;5.9%;;5.9%;;14.7%;;;;;;;;11.8%;
;;36600;Ord Differential Eqs;202610;Fall 2025;100;23353;Chen, Kuan-Hua J.;28.9%;;5.3%;;7.9%;5.3%;15.8%;7.9%;5.3%;7.9%;;;5.3%;;5.3%;;;;;;;;5.3%;
;;;;;;200;23354;Glubokov, Andrey;20.0%;8.6%;20.0%;;8.6%;;20.0%;2.9%;5.7%;5.7%;5.7%;2.9%;;;;;;;;;;;;
;;;;;;582;25867;Volkening, Alexandria V.;21.2%;6.1%;9.1%;;9.1%;9.1%;15.2%;9.1%;;3.0%;;6.1%;3.0%;;6.1%;;;;;;;;3.0%;
;;;;;;585;24599;Brown, Johnny E.;25.7%;2.9%;8.6%;;8.6%;5.7%;8.6%;11.4%;;8.6%;;;2.9%;;2.9%;2.9%;;;;;;;11.4%;
;;;;;;586;26169;Mccleerey, Nicholas J.;14.7%;14.7%;5.9%;;14.7%;5.9%;11.8%;5.9%;5.9%;5.9%;;;5.9%;;;;;;;;;;8.8%;
;;;Ord Differential Eqs-Honors;202610;Fall 2025;100;23353;Chen, Kuan-Hua J.;;;100.0%;;;;;;;;;;;;;;;;;;;;;
;;37300;Financial Mathematics;202610;Fall 2025;002;29860;Ray, Sally A.;13.3%;13.3%;3.3%;;6.7%;11.7%;6.7%;1.7%;6.7%;1.7%;10.0%;;1.7%;;1.7%;;;;;;;;21.7%;
;;37500;Intro Discrete Math;202610;Fall 2025;375;23359;Bickle, Allan E.;28.6%;2.9%;20.0%;;2.9%;;5.7%;2.9%;;5.7%;2.9%;5.7%;2.9%;;11.4%;;;;;;;;8.6%;
;;41600;Probability;202610;Fall 2025;001;45602;Noack, Christian J.;;8.3%;16.7%;;33.3%;8.3%;;16.7%;;8.3%;;;;;;;;;;;;;8.3%;
;;;;;;131;45604;Glubokov, Andrey;9.5%;38.1%;4.8%;;4.8%;;;4.8%;4.8%;28.6%;4.8%;;;;;;;;;;;;;
;;;;;;152;61525;Bong, Heejong;20.0%;5.0%;5.0%;;15.0%;5.0%;15.0%;5.0%;5.0%;10.0%;5.0%;;5.0%;;5.0%;;;;;;;;;
;;;;;;156;19754;Glubokov, Andrey;13.6%;27.3%;13.6%;;18.2%;9.1%;4.5%;9.1%;;4.5%;;;;;;;;;;;;;;
;;;;;;157;15940;Datchev, Kiril;14.3%;14.3%;;;7.1%;21.4%;14.3%;;7.1%;7.1%;7.1%;;;;;;;;;;;;7.1%;
;;;Probability-Honors;202610;Fall 2025;157;15940;Datchev, Kiril;;100.0%;;;;;;;;;;;;;;;;;;;;;;
;;42100;Linear Prgrm&Opt Tech;202610;Fall 2025;001;26170;Yip, Nung Kwan;13.6%;;;;13.6%;;13.6%;9.1%;4.5%;4.5%;13.6%;;;;4.5%;;4.5%;4.5%;;;;;13.6%;
;;42500;Elem Complex Anly;202610;Fall 2025;001;23366;Lie, Victor D.;9.8%;4.9%;4.9%;;12.2%;14.6%;9.8%;7.3%;4.9%;19.5%;;;;;9.8%;;;;;;;;2.4%;
;;;;;;002;32505;Tsymbaliuk, Oleksandr;13.9%;2.8%;8.3%;;22.2%;16.7%;8.3%;11.1%;;5.6%;2.8%;;;;;;;;;;;;8.3%;
;;43200;Elem Stochastic Processes;202610;Fall 2025;001;26171;Peterson, Jonathon R.;20.5%;7.7%;2.6%;;17.9%;10.3%;12.8%;12.8%;;5.1%;2.6%;2.6%;;;;;;2.6%;;;;;2.6%;
;;44000;Honors Real Analysis I;202610;Fall 2025;H01;23367;Sinclair, Thomas J.;26.7%;23.3%;6.7%;;16.7%;3.3%;10.0%;3.3%;;;3.3%;;;;3.3%;;;;;;;;3.3%;
;;45000;Algebra Honors;202610;Fall 2025;H01;23368;Shkredov, Ilia;4.0%;16.0%;;;12.0%;12.0%;24.0%;4.0%;8.0%;4.0%;;4.0%;4.0%;;4.0%;;;;;;;;4.0%;
;;45300;Algebra I;202610;Fall 2025;001;48942;Walther, Hans U.;10.0%;6.7%;13.3%;;6.7%;10.0%;13.3%;3.3%;10.0%;6.7%;;;;;;3.3%;;;;;;;16.7%;
;;;;;;002;48941;Walther, Hans U.;3.0%;6.1%;24.2%;;6.1%;9.1%;33.3%;9.1%;;3.0%;;3.0%;3.0%;;;;;;;;;;;
;;;;;;003;25884;Liu, Baiying;11.8%;11.8%;17.6%;;11.8%;8.8%;5.9%;14.7%;;14.7%;;;;;;;;;;;;;2.9%;
;;46000;Geometry;202610;Fall 2025;001;23371;Sinclair, Thomas J.;15.4%;7.7%;7.7%;;;15.4%;30.8%;7.7%;;7.7%;;;;;;;;;;;;;7.7%;
;;48100;Adv Prob-Solv Seminar;202610;Fall 2025;003;32498;Lie, Victor D.;15.4%;38.5%;15.4%;7.7%;;;15.4%;;;;;;;;;;;;;;;;7.7%;
;;48400;Sem Tch Coll Alg&Trig;202610;Fall 2025;153;23375;Kenney, Rachael H.;100.0%;;;;;;;;;;;;;;;;;;;;;;;
;;49000;Purdue Experimental Math Lab;202610;Fall 2025;001;26603;Sinclair, Thomas J.;75.0%;;;;;;;;;;;;;;;;;;;;;;25.0%;
;;49500;Elemntry Differential Geometry;202610;Fall 2025;001;27839;Mccleerey, Nicholas J.;16.7%;16.7%;16.7%;;8.3%;;25.0%;;;;;;;;8.3%;;;;;;;;8.3%;
;;50300;Abstract Algebra;202610;Fall 2025;001;23379;Ulrich, Bernd;18.2%;27.3%;;;9.1%;;27.3%;;;18.2%;;;;;;;;;;;;;;
;;50400;Real Analysis;202610;Fall 2025;003;12366;Wang, Jing;6.1%;33.3%;6.1%;;24.2%;;21.2%;;;;;;;;;;;;;;;;9.1%;
;;51100;Linear Algebra Appl;202610;Fall 2025;004;20030;Zhang, Xiangxiong;25.0%;20.8%;8.3%;;4.2%;;29.2%;;;;;;;;;4.2%;;;;;;;8.3%;
;;;;;;006;27576;Zhang, Xiangxiong;26.6%;21.0%;30.6%;;4.0%;3.2%;11.3%;;;;;;;;;;;;;;;;3.2%;
;;51400;Numerical Analysis;202610;Fall 2025;001;23387;Dong, Suchuan;25.0%;25.0%;10.7%;3.6%;3.6%;;28.6%;;;;;;;;3.6%;;;;;;;;;
;;52700;Adv Math Engr Phys I;202610;Fall 2025;ONC;12919;Kaufmann, Erika B.;30.6%;4.1%;2.0%;;34.7%;;26.5%;;;;;;;;;;;;;;;;2.0%;
;;;;;;WNG;11959;Kaufmann, Erika B.;37.0%;17.8%;2.7%;;26.0%;1.4%;15.1%;;;;;;;;;;;;;;;;;
;;53000;Funct Complex Vrbl I;202610;Fall 2025;001;24601;Stefanov, Plamen D.;14.3%;;14.3%;14.3%;28.6%;;19.0%;4.8%;;;;;;;;;;;;;;;4.8%;
;;54400;Real Anlys Measur Thry;202610;Fall 2025;003;54847;Torres, Monica;25.6%;7.7%;2.6%;2.6%;20.5%;20.5%;10.3%;;;;;;;;2.6%;;;;;;;;7.7%;
;;55300;Intro Abstract Algebra;202610;Fall 2025;002;16726;Basu, Saugata;47.8%;8.7%;21.7%;8.7%;;4.3%;8.7%;;;;;;;;;;;;;;;;;
;;55400;Linear Algebra;202610;Fall 2025;001;67577;Miller, Jeremy K.;30.4%;17.4%;21.7%;4.3%;8.7%;;17.4%;;;;;;;;;;;;;;;;;
;;55700;Abstract Algebra I;202610;Fall 2025;001;23413;Wlodarczyk, Jaroslaw;33.3%;5.6%;22.2%;5.6%;16.7%;;5.6%;;;;;;;;11.1%;;;;;;;;;
;;56200;Intro Diff Geom & Topo;202610;Fall 2025;002;11037;Mcreynolds, David B.;38.2%;;38.2%;14.7%;;;;;;;;;;;;;;;;;;;8.8%;
;;57100;Elementary Topology;202610;Fall 2025;001;23415;Rivera, Manuel L.;47.4%;10.5%;5.3%;5.3%;5.3%;;10.5%;;;;;;;;;;;;;;;;15.8%;
;;57300;Num Sol Ord Diff Equations;202610;Fall 2025;001;20039;Qi, Di;57.9%;;36.8%;;;;;;;;;;;;;;;;;;;;;5.3%
;;58400;Algebraic Number Thry;202610;Fall 2025;001;21447;Le, Daniel T.;30.8%;7.7%;30.8%;23.1%;;;7.7%;;;;;;;;;;;;;;;;;
;;59500;Algebraic Geometry I;202610;Fall 2025;011;21486;Murayama, Takumi;15.4%;23.1%;;38.5%;7.7%;;;;;;;;;;;;;;;;;;15.4%;
;;;Etale Cohomology & Monodromy;202610;Fall 2025;009;21467;Patel, Deepam P.;93.3%;;;6.7%;;;;;;;;;;;;;;;;;;;;
;;;Grobner Bases Commutative Alg;202610;Fall 2025;012;21491;Caviglia, Giulio;84.6%;;;15.4%;;;;;;;;;;;;;;;;;;;;
;;;Homological Alg & Model Cat;202610;Fall 2025;010;21476;Kaufmann, Ralph M.;33.3%;;16.7%;25.0%;;;4.2%;;;;;;;;4.2%;;;4.2%;;;;;12.5%;
;;;Intro To Quantum Computing;202610;Fall 2025;015;27855;Peng, Yuxiang;36.4%;36.4%;9.1%;;;9.1%;;9.1%;;;;;;;;;;;;;;;;
;;59800;Bridge To Research Sem;202610;Fall 2025;548;33858;Kaufmann, Erika B.;100.0%;;;;;;;;;;;;;;;;;;;;;;;
;;;Commutative Algebra Seminar;202610;Fall 2025;539;32977;Ma, Linquan;92.3%;;;;;;;;;;;;;;;;;;;;;;7.7%;
;;;PDE Seminar;202610;Fall 2025;552;33912;Wang, Changyou;83.3%;;;;;;;;;;;;;;;;;;;;;;16.7%;
;;;Spectral And Scattering Sem;202610;Fall 2025;541;33467;Datchev, Kiril;100.0%;;;;;;;;;;;;;;;;;;;;;;;
;;;Student Colloquium;202610;Fall 2025;STU;18114;Kaufmann, Erika B.;;;;;;;;;;;;;;;;;16.7%;83.3%;;;;;;
;;;CCAM Seminar;202610;Fall 2025;511;22510;Buzzard, Gregery T.;;;;;;;;;;;;;;;;;;100.0%;;;;;;
;;;Math Colloquium;202610;Fall 2025;MC1;35407;Liu, Baiying;;;;;;;;;;;;;;;;;;100.0%;;;;;;
;;;SCAM/CCAM Lunch Seminar;202610;Fall 2025;572;31389;Cai, Zhiqiang;;;;;;;;;;;;;;;;;;100.0%;;;;;;
;;64200;Mth Lin&Nonlin Prt Dif;202610;Fall 2025;001;20041;Novack, Matthew D.;50.0%;11.1%;22.2%;16.7%;;;;;;;;;;;;;;;;;;;;
;;69300;Bndry Behavior Holomorphic Fun;202610;Fall 2025;001;21479;Bell, Steven R.;100.0%;;;;;;;;;;;;;;;;;;;;;;;
MCMP;MCMP-Med Chem &Molecular Pharm;57000;Prin Chem Act Biol Sys;202610;Fall 2025;001;14200;Huang, Rong;94.1%;;;;;;;;;;;;;;;;;;;;;;;5.9%
;;62500;Grant Writing;202610;Fall 2025;002;41405;Watts, Val J.;72.5%;;;;24.6%;;;;;;;;;;1.4%;;;;;;;;1.4%;
;;69000;MCMP Journal Club;202610;Fall 2025;008;23053;Krusemark, Casey J.;6.3%;;;;;;;;;;;;;;;;;93.8%;;;;;;
ME;ME-Mechanical Engineering;16400;Geom And Annotation Modeling;202610;Fall 2025;001;26675;Jensen, Charles G.;28.9%;10.5%;;;7.9%;10.5%;18.4%;;;15.8%;;;;;;;;;;;;;7.9%;
;;;;;;006;26681;Jensen, Charles G.;20.5%;23.1%;;;12.8%;15.4%;17.9%;5.1%;;;2.6%;;;;2.6%;;;;;;;;;
;;;;;;007;26682;Jensen, Charles G.;15.0%;22.5%;;;15.0%;2.5%;30.0%;7.5%;;2.5%;;;;;;;;;;;;;5.0%;
;;;;;;008;26683;Jensen, Charles G.;22.0%;22.0%;;;16.0%;6.0%;20.0%;2.0%;;8.0%;;;;;;;;;;;;;4.0%;
;;19800;PMEA Leadership Program;202610;Fall 2025;001;25106;Eichrodt, Louanna E.;97.2%;2.8%;;;;;;;;;;;;;;;;;;;;;;
;;19900;How Stuff Works;202610;Fall 2025;011;14748;King, Julia D.;34.0%;6.3%;52.1%;;1.4%;0.7%;2.8%;0.7%;0.7%;1.4%;;;;;;;;;;;;;;
;;20000;Thermodynamics I;202610;Fall 2025;001;22487;Hunter, Jacob G.;16.3%;7.8%;;;22.2%;7.8%;11.8%;7.2%;3.9%;5.2%;3.3%;2.6%;6.5%;;3.9%;;;;;;;;1.3%;
;;;;;;002;22490;Gore, Jay P.;21.0%;1.0%;2.0%;;29.0%;;4.0%;15.0%;;3.0%;8.0%;;;;12.0%;;;;;;;;5.0%;
;;;;;;003;22488;Priyadarshan, .;11.2%;12.8%;0.8%;;11.2%;9.6%;12.8%;8.8%;7.2%;9.6%;4.8%;3.2%;2.4%;;0.8%;;;;;;;;4.8%;
;;;;;;004;61684;Shelly, Marie R.;10.0%;11.5%;1.5%;;15.4%;10.0%;10.0%;6.2%;3.8%;8.5%;3.8%;2.3%;2.3%;;8.5%;;;;;;;;6.2%;
;;;;;;005;10369;Mitra, Shailee;17.1%;7.7%;0.9%;;17.9%;9.4%;4.3%;10.3%;6.0%;7.7%;6.8%;;0.9%;;6.8%;;;;;;;;4.3%;
;;;;;;006;22489;Kircher, Kevin J.;13.8%;8.6%;;;24.1%;8.6%;12.9%;10.3%;2.6%;5.2%;3.4%;0.9%;4.3%;;0.9%;;;;;;;;4.3%;
;;;;;;007;61908;Naik, Sameer V.;24.1%;12.1%;1.7%;;18.1%;8.6%;6.0%;8.6%;4.3%;2.6%;3.4%;0.9%;2.6%;;4.3%;;;;;;;;2.6%;
;;;;;;016;16632;Holloway, Elizabeth M.;10.0%;15.6%;2.2%;;21.1%;12.2%;3.3%;10.0%;2.2%;12.2%;3.3%;2.2%;3.3%;;1.1%;;;;;;;;1.1%;
;;;;;;021;27880;Shelly, Marie R.;5.3%;7.6%;1.5%;;13.7%;10.7%;6.1%;11.5%;3.1%;9.9%;4.6%;3.8%;1.5%;;10.7%;0.8%;;;;;;;9.2%;
;;;;;;022;30577;Guildenbecher, Daniel R.;17.0%;9.0%;2.0%;;17.0%;12.0%;2.0%;5.0%;6.0%;6.0%;4.0%;2.0%;3.0%;;11.0%;;;;;;;;4.0%;
;;23900;Intro To Data Sci For Mech Eng;202610;Fall 2025;001;26674;Bolt, Maxwell S.;11.8%;2.4%;81.2%;;;;1.2%;2.4%;;;;;;;;;;;;;;;1.2%;
;;;;;;002;28195;Taghian Dinani, Soudabeh;11.9%;4.8%;73.8%;;6.0%;;1.2%;;;;;;;;;;;;;;;;2.4%;
;;;;;;003;28196;Bolt, Maxwell S.;15.3%;4.7%;72.9%;;1.2%;1.2%;;2.4%;1.2%;;;;;;;;;;;;;;1.2%;
;;26400;Intro To Mfg For Mech Design;202610;Fall 2025;045;28406;Jun, Martin Byung-Guk;37.5%;22.3%;9.8%;;12.5%;;17.9%;;;;;;;;;;;;;;;;;
;;;;;;052;28420;Sealy, Michael P.;31.2%;30.1%;9.7%;;4.3%;;20.4%;;1.1%;2.2%;;;;;;;;;;;;;1.1%;
;;;;;;059;28435;Montalvo, Francisco J.;36.4%;31.8%;4.5%;;6.4%;4.5%;15.5%;;;;;;;;;;;;;;;;0.9%;
;;27000;Basic Mechanics I;202610;Fall 2025;001;22505;Semperlotti, Fabio;18.5%;7.6%;7.6%;;15.1%;10.1%;13.4%;9.2%;1.7%;6.7%;0.8%;0.8%;1.7%;;5.0%;;;;;;;;1.7%;
;;;;;;002;22506;Murphy, Morgan D.;22.1%;12.9%;11.4%;;13.6%;6.4%;10.7%;5.0%;3.6%;2.9%;3.6%;2.1%;2.1%;;1.4%;;;;;;;;2.1%;
;;;;;;003;22507;Jones, James D.;21.7%;14.2%;19.2%;;15.8%;3.3%;10.0%;3.3%;0.8%;3.3%;;3.3%;1.7%;;1.7%;0.8%;;;;;;;0.8%;
;;;;;;005;43443;Jones, James D.;15.0%;18.3%;16.7%;;5.0%;6.7%;17.5%;5.8%;2.5%;4.2%;2.5%;1.7%;1.7%;;1.7%;;;;;;;;0.8%;
;;;;;;007;61905;Murphy, Morgan D.;30.0%;15.8%;11.7%;;15.8%;4.2%;11.7%;3.3%;1.7%;0.8%;0.8%;0.8%;2.5%;;;;;;;;;;0.8%;
;;;;;;008;14351;Boregowda, Satish C.;18.5%;15.7%;14.8%;;11.1%;12.0%;9.3%;5.6%;1.9%;3.7%;;;4.6%;;0.9%;0.9%;;;;;;;0.9%;
;;;;;;009;19752;Krest, Lily A.;16.1%;11.9%;7.6%;;12.7%;11.0%;11.0%;5.9%;3.4%;9.3%;3.4%;0.8%;3.4%;;2.5%;;;;;;;;0.8%;
;;;;;;010;21660;Ramkumar, Abhinav;15.9%;9.3%;15.0%;;11.2%;7.5%;14.0%;4.7%;2.8%;8.4%;0.9%;1.9%;5.6%;;2.8%;;;;;;;;;
;;;;;;032;27883;Ballance, Tanner J.;15.9%;7.3%;12.6%;;9.3%;8.6%;7.3%;7.3%;5.3%;6.6%;2.6%;1.3%;2.0%;;7.3%;0.7%;;;;;;;6.0%;
;;;;;;033;27895;Osorio, Juan C.;9.8%;13.4%;8.5%;;3.7%;6.1%;9.8%;9.8%;8.5%;2.4%;6.1%;6.1%;3.7%;;8.5%;;;;;;;;3.7%;
;;;;;;Y01;25888;Jones, James D.;12.0%;8.0%;2.0%;;8.0%;4.0%;4.0%;8.0%;2.0%;8.0%;4.0%;6.0%;6.0%;;16.0%;2.0%;;;;;;;10.0%;
;;27400;Basic Mechanics II;202610;Fall 2025;001;22509;Han, Tianhong;4.7%;7.0%;3.5%;;9.3%;10.5%;8.1%;11.6%;8.1%;1.2%;7.0%;4.7%;5.8%;;9.3%;;;;;;;;9.3%;
;;;;;;002;66785;Addis, Clark C.;3.6%;2.4%;4.8%;;8.3%;9.5%;4.8%;4.8%;9.5%;7.1%;4.8%;6.0%;6.0%;;13.1%;2.4%;;;;;;;13.1%;
;;;;;;008;16635;Silva Salazar, Christian E.;6.7%;12.2%;3.3%;;13.3%;10.0%;11.1%;8.9%;4.4%;6.7%;2.2%;2.2%;7.8%;;6.7%;1.1%;;;;;;;3.3%;
;;29000;Global Engr Prof Sem;202610;Fall 2025;001;22515;Hess, Beth J.;91.8%;;;;6.3%;;;;;;;;;;0.6%;0.6%;;;;;;;0.6%;
;;;;;;002;19170;Hess, Beth J.;93.8%;;;;3.8%;;;1.3%;;;;;;;0.6%;;;;;;;;0.6%;
;;;;;;003;11271;Hess, Beth J.;93.1%;;;;4.4%;;;2.5%;;;;;;;;;;;;;;;;
;;;;;;004;11272;Hess, Beth J.;95.6%;;;;2.5%;;;1.9%;;;;;;;;;;;;;;;;
;;;;;;005;13471;Hess, Beth J.;86.0%;;;;9.6%;;;1.9%;;;1.3%;;;;1.3%;;;;;;;;;
;;;;;;008;30429;Hess, Beth J.;89.7%;;;;6.8%;;;1.7%;;;0.9%;;;;0.9%;;;;;;;;;
;;29199;Cooperative Experience I;202610;Fall 2025;002;52863;King, Julia D.;;;;;;;;;;;;;;;;;;;;100.0%;;;;
;;29299;Cooperative Experience II;202610;Fall 2025;001;52867;King, Julia D.;;;;;;;;;;;;;;;;;;;;100.0%;;;;
;;29700;Graph Comm & Spatial Anlys;202610;Fall 2025;025;17036;Jensen, Charles G.;6.7%;33.3%;;;26.7%;20.0%;;;;;;;;;;;;;;;;;13.3%;
;;;;;;026;17037;Jensen, Charles G.;17.6%;23.5%;;;5.9%;17.6%;11.8%;11.8%;;;;;;;;;;;;;;;11.8%;
;;;ME Soph Sem Peer Mentor Prog;202610;Fall 2025;050;27583;Hess, Beth J.;95.2%;;;;;;;;;;;;;;;;;;;;;;4.8%;
;;30000;Thermodynamics II;202610;Fall 2025;001;22599;Naik, Sameer V.;12.5%;17.5%;2.5%;;15.0%;7.5%;13.8%;11.3%;7.5%;8.8%;;1.3%;1.3%;;1.3%;;;;;;;;;
;;;;;;002;22600;Barta, Riley B.;18.9%;9.4%;;;15.1%;7.5%;17.0%;13.2%;;3.8%;3.8%;1.9%;7.5%;;1.9%;;;;;;;;;
;;30800;Fluid Mechanics;202610;Fall 2025;001;14382;Wassgren, Carl R.;5.0%;7.0%;;;4.0%;8.0%;9.0%;15.0%;7.0%;9.0%;7.0%;5.0%;7.0%;;13.0%;;;;;;;;4.0%;
;;;;;;002;14384;Song, Yingru;1.5%;4.5%;;;9.1%;9.1%;4.5%;9.1%;7.6%;7.6%;9.1%;10.6%;7.6%;;13.6%;;;;;;;;6.1%;
;;;;;;003;14392;Lim, Kaeul;3.0%;2.0%;4.0%;;12.0%;10.0%;6.0%;15.0%;11.0%;12.0%;6.0%;1.0%;8.0%;;8.0%;;;;;;;;2.0%;
;;;;;;004;14395;Wilkening, Jason J.;1.0%;3.0%;2.0%;;11.0%;3.0%;5.0%;11.0%;7.0%;16.0%;8.0%;7.0%;12.0%;;11.0%;;;;;;;;3.0%;
;;;;;;005;28622;Shang, Weixiao;3.0%;7.0%;1.0%;;11.0%;8.0%;6.0%;11.0%;7.0%;11.0%;12.0%;2.0%;9.0%;;11.0%;;;;;;;;1.0%;
;;30801;Fluid Mechanics Laboratory;202610;Fall 2025;001;22832;Meyers, Brett A.;39.3%;34.0%;14.6%;;1.9%;1.9%;7.8%;;;;;;;;;;;;;;;;0.5%;
;;31500;Heat And Mass Transfer;202610;Fall 2025;001;61898;Ruan, Xiulin;17.4%;7.6%;6.5%;;25.0%;5.4%;6.5%;10.9%;4.3%;5.4%;;4.3%;4.3%;;2.2%;;;;;;;;;
;;;;;;002;61889;Li, Jingang;17.0%;7.5%;4.7%;;23.6%;10.4%;8.5%;8.5%;2.8%;4.7%;2.8%;2.8%;2.8%;;3.8%;;;;;;;;;
;;;;;;003;61888;Choi, Jong Hyun;15.2%;7.6%;2.9%;;26.7%;11.4%;6.7%;11.4%;1.0%;8.6%;2.9%;3.8%;;;1.9%;;;;;;;;;
;;;;;;004;22691;Weibel, Justin A.;22.9%;11.4%;3.8%;;15.2%;9.5%;4.8%;11.4%;4.8%;5.7%;3.8%;2.9%;2.9%;;1.0%;;;;;;;;;
;;;;;;005;15916;Zhan, Li;11.5%;9.6%;1.9%;;26.9%;9.6%;8.7%;10.6%;5.8%;4.8%;1.0%;2.9%;2.9%;;2.9%;1.0%;;;;;;;;
;;32300;Mechanics Of Material;202610;Fall 2025;001;22709;Gonzalez, Marcial;12.5%;8.8%;1.3%;;16.3%;17.5%;15.0%;10.0%;5.0%;6.3%;1.3%;;;;3.8%;1.3%;;;;;;;1.3%;
;;;;;;002;22710;Bansal, Shubhra;13.3%;12.0%;2.7%;;28.0%;10.7%;14.7%;4.0%;1.3%;8.0%;2.7%;;;;1.3%;1.3%;;;;;;;;
;;;;;;003;22711;Chortos, Alex;12.5%;18.8%;1.3%;;22.5%;16.3%;11.3%;5.0%;3.8%;5.0%;;;1.3%;;2.5%;;;;;;;;;
;;;;;;004;66791;Krousgrill, Charles M.;16.4%;15.1%;4.1%;;20.5%;13.7%;16.4%;;2.7%;6.8%;;1.4%;1.4%;;1.4%;;;;;;;;;
;;;;;;005;19763;Krousgrill, Charles M.;13.8%;12.5%;3.8%;;18.8%;13.8%;10.0%;8.8%;;15.0%;1.3%;1.3%;;;;;;;;;;;1.3%;
;;;;;;006;11171;Barocio Vaca, Eduardo;14.5%;11.6%;1.4%;;14.5%;11.6%;8.7%;11.6%;7.2%;10.1%;;1.4%;2.9%;;2.9%;;;;;;;;1.4%;
;;32301;Mechanics Of Materials Lab;202610;Fall 2025;002;12079;Francis, Joel N.;41.7%;4.2%;41.7%;;;8.3%;;;;;4.2%;;;;;;;;;;;;;
;;;;;;003;12080;Chatterjee, Shayak;16.7%;16.7%;62.5%;;;;4.2%;;;;;;;;;;;;;;;;;
;;;;;;004;12083;Junco Fresan, Jose Miguel M.;45.8%;8.3%;29.2%;;;;16.7%;;;;;;;;;;;;;;;;;
;;;;;;005;12085;Olatunde, Johnson O.;17.4%;21.7%;47.8%;;4.3%;;8.7%;;;;;;;;;;;;;;;;;
;;;;;;007;12087;Rade, Uday Madhukar;54.2%;4.2%;41.7%;;;;;;;;;;;;;;;;;;;;;
;;;;;;008;12088;Jancso Chapelain, Catarina;25.0%;4.2%;54.2%;;4.2%;;12.5%;;;;;;;;;;;;;;;;;
;;;;;;009;12089;Cruise, Jackson T.;45.8%;8.3%;37.5%;;4.2%;;4.2%;;;;;;;;;;;;;;;;;
;;;;;;010;12090;Cruise, Jackson T.;52.2%;13.0%;21.7%;;4.3%;;;;;8.7%;;;;;;;;;;;;;;
;;;;;;012;12092;Ki, Yeongeun;37.5%;20.8%;29.2%;;4.2%;;8.3%;;;;;;;;;;;;;;;;;
;;;;;;013;12093;Chatterjee, Shayak;8.3%;4.2%;79.2%;;8.3%;;;;;;;;;;;;;;;;;;;
;;;;;;014;12094;Ki, Yeongeun;37.5%;29.2%;16.7%;;;;12.5%;4.2%;;;;;;;;;;;;;;;;
;;;;;;015;12096;Junco Fresan, Jose Miguel M.;37.5%;;50.0%;;;;8.3%;4.2%;;;;;;;;;;;;;;;;
;;;;;;016;12098;Dicke, Charles R.;52.4%;9.5%;9.5%;;9.5%;;14.3%;;;4.8%;;;;;;;;;;;;;;
;;;;;;017;12099;Papageorgiou, Panagiotis;33.3%;16.7%;33.3%;;8.3%;;4.2%;;;4.2%;;;;;;;;;;;;;;
;;;;;;018;12101;Olatunde, Johnson O.;34.8%;4.3%;47.8%;;;;13.0%;;;;;;;;;;;;;;;;;
;;;;;;019;12131;Francis, Joel N.;41.7%;4.2%;37.5%;;;4.2%;8.3%;;;;4.2%;;;;;;;;;;;;;
;;;;;;020;12166;Junco Fresan, Jose Miguel M.;6.3%;25.0%;12.5%;;37.5%;6.3%;12.5%;;;;;;;;;;;;;;;;;
;;;;;;022;12206;Cruise, Jackson T.;21.1%;21.1%;36.8%;;5.3%;;10.5%;;;;;;;;;;;;;;;;5.3%;
;;;;;;023;12209;Chatterjee, Shayak;33.3%;4.2%;50.0%;;4.2%;;;;;;;;4.2%;;4.2%;;;;;;;;;
;;;;;;024;12210;Cruise, Jackson T.;43.8%;;50.0%;;;;6.3%;;;;;;;;;;;;;;;;;
;;35400;Machine Design;202610;Fall 2025;001;24607;Wu, Benxin;11.6%;18.6%;14.0%;;11.6%;7.0%;22.1%;;1.2%;8.1%;1.2%;1.2%;3.5%;;;;;;;;;;;
;;;;;;002;24608;Boregowda, Satish C.;17.2%;23.0%;16.1%;;4.6%;6.9%;17.2%;4.6%;1.1%;6.9%;;;;;2.3%;;;;;;;;;
;;36400;Systematic Engineering Design;202610;Fall 2025;001;23520;Liu, Min;11.1%;16.7%;;;27.8%;;22.2%;5.6%;;16.7%;;;;;;;;;;;;;;
;;36500;Measure Control Systems I;202610;Fall 2025;059;29230;Lillian, Todd D.;7.1%;7.1%;6.0%;;22.6%;7.1%;9.5%;11.9%;4.8%;8.3%;2.4%;4.8%;4.8%;;2.4%;;;;;;;;1.2%;
;;;;;;060;29231;Lillian, Todd D.;8.3%;7.1%;7.1%;;14.3%;13.1%;13.1%;14.3%;8.3%;4.8%;6.0%;;2.4%;;1.2%;;;;;;;;;
;;;;;;072;29245;Deng, Xinyan;7.2%;6.0%;4.8%;;13.3%;14.5%;8.4%;7.2%;7.2%;12.0%;1.2%;1.2%;9.6%;;2.4%;;;;;;;;4.8%;
;;;;;;073;29246;Yuh, Madeleine S.;4.1%;8.1%;4.1%;;6.8%;10.8%;5.4%;13.5%;9.5%;10.8%;9.5%;1.4%;10.8%;;4.1%;;;;;;;;1.4%;
;;;;;;077;11493;Chang, Chun-Li;9.4%;11.8%;2.4%;;21.2%;10.6%;4.7%;12.9%;9.4%;8.2%;2.4%;;4.7%;;2.4%;;;;;;;;;
;;;;;;097;12046;Chang, Chun-Li;10.0%;7.5%;7.5%;;15.0%;8.8%;15.0%;13.8%;5.0%;10.0%;1.3%;1.3%;3.8%;;1.3%;;;;;;;;;
;;37500;Measure Control Systems II;202610;Fall 2025;019;15498;Williams, Daniel E.;9.2%;6.9%;8.0%;;8.0%;8.0%;11.5%;13.8%;9.2%;10.3%;3.4%;4.6%;4.6%;;1.1%;1.1%;;;;;;;;
;;;;;;052;22338;Jain, Neera;13.1%;5.1%;14.1%;;10.1%;8.1%;16.2%;8.1%;7.1%;7.1%;5.1%;1.0%;2.0%;;2.0%;1.0%;;;;;;;;
;;39399;Cooperative Experience III;202610;Fall 2025;001;52866;King, Julia D.;;;;;;;;;;;;;;;;;;;;91.7%;8.3%;;;
;;39699;Prof Practice Internship;202610;Fall 2025;001;17470;King, Julia D.;;;;;;;;;;;;;;;;;;;;93.3%;6.7%;;;
;;43300;Prin Turbo Machinery;202610;Fall 2025;001;30714;Key, Nicole L.;31.7%;19.0%;12.7%;;11.1%;3.2%;9.5%;4.8%;1.6%;3.2%;;;1.6%;;;;;;;;;;1.6%;
;;44400;Comp-Aided Des & Proto;202610;Fall 2025;001;22747;Liddell, Heather P.;43.0%;17.4%;10.5%;;7.0%;3.5%;17.4%;;;1.2%;;;;;;;;;;;;;;
;;;;;;006;22586;Liddell, Heather P.;36.5%;24.7%;10.6%;;10.6%;4.7%;9.4%;1.2%;2.4%;;;;;;;;;;;;;;;
;;;Comp-Aided Des & Proto-Honors;202610;Fall 2025;001;22747;Liddell, Heather P.;100.0%;;;;;;;;;;;;;;;;;;;;;;;
;;45500;Vehicle Dsgn & Fabrctn;202610;Fall 2025;001;22578;Nelson, Todd A.;27.3%;45.5%;27.3%;;;;;;;;;;;;;;;;;;;;;
;;46300;Engineering Design;202610;Fall 2025;013;20175;Bae, Euiwon;43.8%;37.5%;6.3%;;;3.1%;9.4%;;;;;;;;;;;;;;;;;
;;;;;;014;20176;Holloway, Eric A.;55.9%;35.3%;;;;;8.8%;;;;;;;;;;;;;;;;;
;;;;;;020;11509;Hess, Beth J.;97.2%;;;;;;;;;;;;;;;;;;;;;;2.8%;
;;47500;Automatic Control Sys;202610;Fall 2025;001;22758;Gu, Yan;20.0%;30.0%;35.0%;;;;10.0%;;;5.0%;;;;;;;;;;;;;;
;;48900;Intro To Finite Element Anlys;202610;Fall 2025;002;17908;Siegmund, Thomas H.;39.4%;21.2%;13.6%;;10.6%;;6.1%;1.5%;;3.0%;1.5%;;;;;;;;;;;;3.0%;
;;49601;Additive Mfg:Fund, Equip &Appl;202610;Fall 2025;001;21835;Bapat, Salil;19.6%;37.3%;;;9.8%;2.0%;29.4%;;;2.0%;;;;;;;;;;;;;;
;;;Non Destructive Eval Add Manft;202610;Fall 2025;008;24471;Sotelo, Luz D.;20.8%;10.4%;60.4%;;;;8.3%;;;;;;;;;;;;;;;;;
;;49800;Research Mech Engrg I;202610;Fall 2025;016;25265;Meyer, Terrence R.;80.0%;;;;;;;;;;;;;;;13.3%;;;;;;;6.7%;
;;50000;Adv Thermodynamics;202610;Fall 2025;001;23237;Goldenstein, Christopher S.;29.8%;6.4%;4.3%;;25.5%;4.3%;12.8%;12.8%;;;;;;;;;;;;;;;4.3%;
;;50100;Stat Thermodynamics;202610;Fall 2025;001;28394;Lucht, Robert P.;33.3%;29.2%;12.5%;4.2%;4.2%;4.2%;4.2%;;;;;;;;;;;;;;;;8.3%;
;;50300;Energy Transfer Processes;202610;Fall 2025;001;15257;Beechem, Thomas E.;28.6%;14.3%;14.3%;;14.3%;9.5%;9.5%;;;;;;;;;;;4.8%;;;;;4.8%;
;;50500;Intermed Heat Transfer;202610;Fall 2025;002;68048;Marconnet, Amy M.;19.4%;8.3%;30.6%;2.8%;13.9%;;8.3%;;;;2.8%;;;;;;;;;;;;13.9%;
;;;;;;003;28021;Marconnet, Amy M.;27.3%;9.1%;27.3%;;;9.1%;;9.1%;;;;;;;;;;;;;;;18.2%;
;;50600;Two Phase Flow;202610;Fall 2025;001;29658;Mudawar, Issam;30.4%;4.3%;13.0%;13.0%;13.0%;13.0%;;8.7%;;;;;;;;;;;;;;;4.3%;
;;50700;Laser Processing;202610;Fall 2025;001;20054;Xu, Xianfan;45.0%;5.0%;10.0%;;15.0%;;20.0%;5.0%;;;;;;;;;;;;;;;;
;;50900;Intermed Fluid Mech;202610;Fall 2025;001;28846;Christov, Ivan C.;30.4%;11.6%;46.4%;;;1.4%;7.2%;;;1.4%;;;;;;;;;;;;;1.4%;
;;51000;Gas Dynamics;202610;Fall 2025;001;23560;Morris, Aaron B.;22.8%;21.1%;22.8%;1.8%;12.3%;3.5%;12.3%;1.8%;;;;;;;;;;;;;;;1.8%;
;;51300;Engineerng Acoustics;202610;Fall 2025;WNG;49142;Li, Junfei;17.1%;25.7%;11.4%;;8.6%;11.4%;22.9%;;;;;;;;;;;;;;;;2.9%;
;;51800;Analy Of Thermal Sys;202610;Fall 2025;001;28395;Ziviani, Davide;21.1%;18.4%;13.2%;5.3%;18.4%;10.5%;2.6%;;;2.6%;;;;;2.6%;;;;;;;;5.3%;
;;52500;Combustion;202610;Fall 2025;WNG;13681;Mcclain, Monique S.;22.4%;32.7%;4.1%;4.1%;10.2%;2.0%;12.2%;4.1%;;4.1%;;;;;2.0%;;;;;;;;2.0%;
;;52900;Sustain Energy Opts & Analysis;202610;Fall 2025;001;23377;Li, Tian;24.3%;16.2%;8.1%;2.7%;21.6%;8.1%;16.2%;;;;2.7%;;;;;;;;;;;;;
;;53500;Fluids Power Systems;202610;Fall 2025;001;29577;Vacca, Andrea;18.2%;18.2%;;;36.4%;;18.2%;;;;;;;;;;;;;;;;9.1%;
;;53800;Air Breathing Propul;202610;Fall 2025;WNG;15658;Paniagua Perez, Guillermo;26.9%;19.2%;15.4%;;11.5%;;19.2%;3.8%;;3.8%;;;;;;;;;;;;;;
;;53900;Intro Scientific Machine Learn;202610;Fall 2025;001;27254;Alberts, Alexander M.;28.9%;10.5%;57.9%;;;;2.6%;;;;;;;;;;;;;;;;;
;;;;;;002;28023;Alberts, Alexander M.;34.8%;4.3%;43.5%;;8.7%;;4.3%;;;;;;;;;;;;;;;;4.3%;
;;54100;Engr Dsgn Decision-Based Persp;202610;Fall 2025;001;23590;Panchal, Jitesh H.;14.0%;12.0%;2.0%;2.0%;18.0%;10.0%;10.0%;4.0%;;8.0%;6.0%;;2.0%;;4.0%;2.0%;;;;;;;6.0%;
;;55400;Intellectual Prop For Engrs;202610;Fall 2025;WNG;24378;Sarma, Dwadasi;52.4%;;47.6%;;;;;;;;;;;;;;;;;;;;;
;;56300;Mechanical Vibrations;202610;Fall 2025;001;32181;Gibert, James M.;34.1%;;41.5%;4.9%;7.3%;2.4%;2.4%;;;2.4%;;;;;;;;;;;;;4.9%;
;;57000;Machine Design;202610;Fall 2025;001;20056;Sadeghi, Farshid;13.2%;;13.2%;;21.1%;;23.7%;7.9%;;7.9%;;;;;2.6%;;;;;;;;10.5%;
;;57500;Des Control Systems;202610;Fall 2025;FNY;22795;Yao, Bin;29.7%;8.1%;;5.4%;21.6%;10.8%;10.8%;5.4%;;5.4%;2.7%;;;;;;;;;;;;;
;;58000;Nonlinear Engr Systems;202610;Fall 2025;001;22798;Bajaj, Anil K.;26.7%;26.7%;46.7%;;;;;;;;;;;;;;;;;;;;;
;;58100;Num Mthds Mech Engr;202610;Fall 2025;WNG;44095;Larriba-Andaluz, Carlos;25.0%;40.6%;4.7%;1.6%;10.9%;;9.4%;;;1.6%;;;;;;;;;;;;;6.3%;
;;58400;System Identification;202610;Fall 2025;001;15849;Yao, Bin;31.6%;;;10.5%;15.8%;5.3%;15.8%;10.5%;;;;;;;;5.3%;;;;;;;5.3%;
;;58600;Microproc Elecmech Sys;202610;Fall 2025;001;22801;Blumenschein, Laura H.;53.1%;12.5%;9.4%;;3.1%;3.1%;9.4%;3.1%;;3.1%;;;;;;;;;;;;;3.1%;
;;58700;Engineering Optics;202610;Fall 2025;002;29649;Zhang, Song;18.2%;27.3%;;9.1%;9.1%;9.1%;;;;;;;;;;9.1%;;;;;;;18.2%;
;;;;;;FNY;25336;Zhang, Song;12.9%;32.3%;16.1%;3.2%;6.5%;6.5%;6.5%;3.2%;;;3.2%;;3.2%;;3.2%;;;;;;;;3.2%;
;;59300;Solid Mechanics I;202610;Fall 2025;001;23673;Zhao, Kejie;7.3%;19.5%;17.1%;;2.4%;4.9%;14.6%;4.9%;4.9%;2.4%;;;4.9%;;4.9%;2.4%;;;;;;;9.8%;
;;59700;Autonomous Systems;202610;Fall 2025;180;30979;Mahmoudian, Nina;22.5%;5.0%;50.0%;;2.5%;;7.5%;2.5%;2.5%;2.5%;;;;;;;;2.5%;;;;;2.5%;
;;;Mobile Microrobots;202610;Fall 2025;115;27199;Cappelleri, David J.;30.8%;;61.5%;;;;7.7%;;;;;;;;;;;;;;;;;
;;61400;Comput Fluid Dynamics;202610;Fall 2025;001;22918;Gomez Diaz, Hector;52.4%;7.1%;23.8%;7.1%;;;4.8%;2.4%;;2.4%;;;;;;;;;;;;;;
;;68100;Finite & Boundary Elmt;202610;Fall 2025;001;24406;Subbarayan-Shastri, Ganesh;51.5%;3.0%;6.1%;3.0%;6.1%;;12.1%;;;;;;;;;;;;;;;;18.2%;
;;69700;Micro & Nano Fluid Mechanics;202610;Fall 2025;001;23912;Ramachandran, Ashwin;27.3%;9.1%;18.2%;45.5%;;;;;;;;;;;;;;;;;;;;
;;69900;Research PhD Thesis;202610;Fall 2025;046;22912;Son, Steven F.;;;;;;;;;;;;;;;;;;;;100.0%;;;;
;;;;;;047;22913;Shaver, Gregory M.;;;;;;;;;;;;;;;;;;;;100.0%;;;;
;;;;;;075;49620;Vacca, Andrea;;;;;;;;;;;;;;;;;;;;100.0%;;;;
;;;;;;088;61122;Weibel, Justin A.;;;;;;;;;;;;;;;;;;;;100.0%;;;;
;;;;;;102;69821;Ardekani, Arezoo M.;;;;;;;;;;;;;;;;;;;;100.0%;;;;
;;;;;;111;13598;Meyer, Terrence R.;;;;;;;;;;;;;;;;;;;;100.0%;;;;
;;;;;;134;21249;Mukherjee, Partha P.;;;;;;;;;;;;;;;;;;;;96.4%;;;3.6%;
;;;;;;141;21933;Warsinger, David E.;;;;;;;;;;;;;;;;;;;;100.0%;;;;
;;;;;;146;16258;Ziviani, Davide;;;;;;;;;;;;;;;;;;;;100.0%;;;;
MET;MET-Mechanical Engr Tech;10200;Prodctn Desgn&Specfctn;202610;Fall 2025;005;20561;Pessler, Devon J.;23.1%;11.5%;11.5%;;7.7%;9.6%;19.2%;1.9%;;7.7%;;;;;;;;;;;;;7.7%;
;;;;;;006;20566;Pessler, Devon J.;19.2%;15.4%;5.8%;;15.4%;9.6%;15.4%;1.9%;1.9%;5.8%;;;;;3.8%;;;;;;;;5.8%;
;;11100;Applied Statics;202610;Fall 2025;006;16506;Efendy, Eddy;18.8%;;;;29.0%;;;30.4%;;;11.6%;;;;5.8%;;;;;;;;4.3%;
;;;;;;008;30605;Efendy, Eddy;26.7%;;;;26.7%;;;20.0%;;;13.3%;;;;13.3%;;;;;;;;;
;;14300;Materials &Processes I;202610;Fall 2025;021;23565;Vian, Wei;16.2%;7.4%;;;46.3%;3.7%;;16.9%;4.4%;;1.5%;0.7%;;;0.7%;;;;;;;;2.2%;
;;14400;Materials And Processes II;202610;Fall 2025;012;23575;Kilaz, Gozdem;85.1%;;;;11.3%;;;0.6%;;;1.2%;;;;;;;;;;;;1.8%;
;;21100;Appl Strength Material;202610;Fall 2025;009;65380;Lee, Sunghwan;8.3%;12.5%;;;31.3%;10.4%;8.3%;16.7%;;2.1%;;;4.2%;;4.2%;;;;;;;;2.1%;
;;;;;;010;16366;Lee, Sunghwan;8.2%;10.2%;;;24.5%;6.1%;8.2%;22.4%;10.2%;2.0%;2.0%;;;;2.0%;;;;;;;;4.1%;
;;21300;Dynamics;202610;Fall 2025;001;34498;Rastgaar, Mo;8.8%;20.6%;6.9%;;10.8%;10.8%;22.5%;;2.0%;8.8%;;1.0%;;;2.9%;1.0%;;;;;;;3.9%;
;;22000;Heat/Power;202610;Fall 2025;011;55184;Hutzel, William J.;7.0%;17.0%;;;22.0%;18.0%;10.0%;9.0%;3.0%;8.0%;2.0%;;1.0%;;2.0%;;;;;;;;1.0%;
;;23000;Fluid Power;202610;Fall 2025;009;23613;El breidi, Farid Y.;9.2%;6.4%;3.7%;;26.6%;19.3%;8.3%;8.3%;3.7%;7.3%;0.9%;1.8%;0.9%;;1.8%;;;;;;;;1.8%;
;;24500;Manufacturing Systems;202610;Fall 2025;021;16230;Blowers, Kyler M.;74.3%;8.6%;;;7.6%;;5.7%;1.9%;;;1.9%;;;;;;;;;;;;;
;;;;;;052;30092;Blowers, Kyler M.;68.8%;12.5%;;;;;;6.3%;;6.3%;;;;;;;;;;;;;6.3%;
;;28400;Intro To Industrial Controls;202610;Fall 2025;013;12011;Richards, Grant P.;56.7%;;21.3%;;12.6%;;4.7%;;;;;;;;1.6%;;;;;;;;3.1%;
;;31300;Applied Fluid Mechanics;202610;Fall 2025;001;48212;Lucietto, Anne M.;68.6%;;;;18.6%;5.7%;;2.9%;;;1.4%;;;;1.4%;1.4%;;;;;;;;
;;31400;Appl Of Mach Elements;202610;Fall 2025;001;20059;Zhang, Haiyan H.;21.4%;15.7%;2.9%;;21.4%;10.0%;20.0%;1.4%;;7.1%;;;;;;;;;;;;;;
;;31601;Mechanics Of Machine Design;202610;Fall 2025;001;24640;Gan, Dongming;15.8%;;;;68.4%;;;15.8%;;;;;;;;;;;;;;;;
;;32000;Applied Thermodynamics;202610;Fall 2025;001;23647;Sheffield, John W.;4.8%;4.8%;69.8%;;3.2%;4.8%;4.8%;;;3.2%;1.6%;;;;3.2%;;;;;;;;;
;;;Applied Thermodynamics-Honors;202610;Fall 2025;001;23647;Sheffield, John W.;;;100.0%;;;;;;;;;;;;;;;;;;;;;
;;34600;Adv Matls In Manufact;202610;Fall 2025;008;42689;Vian, Wei;10.2%;13.6%;;;55.9%;3.4%;;11.9%;1.7%;;1.7%;;;;1.7%;;;;;;;;;
;;34900;Stringed Instrumnt Des & Manuf;202610;Fall 2025;001;27679;French, Richard M.;4.4%;22.2%;;;20.0%;33.3%;15.6%;;2.2%;2.2%;;;;;;;;;;;;;;
;;42100;Air Conditiong&Refrig;202610;Fall 2025;001;21579;Hutzel, William J.;33.3%;26.7%;;;6.7%;13.3%;6.7%;;;6.7%;;;;;;;;;;;;;6.7%;
;;42200;Power Plnts&Energy Con;202610;Fall 2025;001;18981;Lucietto, Anne M.;81.3%;;;;12.5%;;;;;;;;;;;;;;;;;;6.3%;
;;42600;Internal Combust Eng;202610;Fall 2025;004;16735;Ostanek, Jason K.;54.2%;;;;29.2%;;;16.7%;;;;;;;;;;;;;;;;
;;43600;Pneumatic Motion Cntrl;202610;Fall 2025;002;19213;Garcia Bravo, Jose M.;21.4%;17.9%;17.9%;;17.9%;;17.9%;;;;7.1%;;;;;;;;;;;;;
;;45200;Advanced GD&T And Product Qual;202610;Fall 2025;001;13592;Mcpherson, Paul B.;21.4%;;71.4%;;7.1%;;;;;;;;;;;;;;;;;;;
;;48200;Mechatronics;202610;Fall 2025;004;20485;Zhang, Haiyan H.;50.0%;6.7%;;;40.0%;;;;;;;;;;3.3%;;;;;;;;;
;;52700;Tech Global Perspect;202610;Fall 2025;001;48408;Dunlap, Duane D.;65.0%;15.0%;10.0%;;5.0%;;5.0%;;;;;;;;;;;;;;;;;
MFET;MFET-Manufacturing Engr Tech;10301;Geometric Modeling Applcations;202610;Fall 2025;005;15715;Fuerst, Travis J.;35.4%;;;;31.9%;;;9.7%;;;5.3%;;;;6.2%;;;;;;;;11.5%;
;;16300;Graphical Comm & Spatial Anly;202610;Fall 2025;002;15556;Fuerst, Travis J.;83.5%;;;;10.3%;;;1.4%;;;1.0%;;;;1.2%;;;;;;;;2.6%;
;;;;;;020;16139;Fuerst, Travis J.;85.1%;;0.2%;;10.2%;;;0.7%;;;;;;;0.5%;;;;;;;;3.3%;
;;20301;Model-Based Definition;202610;Fall 2025;002;22716;Hartman, Nathan W.;45.0%;;;;40.0%;;;;;;;;;;;;;;;;;;15.0%;
;;25000;Smart Mfg Cloud Computing App;202610;Fall 2025;001;20957;Mao, Huachao;54.5%;;;;9.1%;;;9.1%;;;;;;;9.1%;;;;;;;;18.2%;
;;30301;Digital Manufacturing;202610;Fall 2025;002;22735;Dorribo Camba, Jorge;20.0%;36.0%;;;16.0%;4.0%;12.0%;;;;;;;;;;;;;;;;12.0%;
;;34100;Process/Continuous Control App;202610;Fall 2025;003;22739;Richards, Grant P.;28.6%;;42.9%;;14.3%;;;7.1%;;7.1%;;;;;;;;;;;;;;
;;34400;Automated Mfg Processes;202610;Fall 2025;010;19987;Sealy, Dominique W.;62.1%;;;;17.2%;;;8.0%;;;3.4%;;;;8.0%;;;;;;;;1.1%;
;;34800;Intro To Robot Kinematics;202610;Fall 2025;005;55610;Diao, Xiumin;;7.5%;2.5%;;12.5%;7.5%;12.5%;15.0%;2.5%;12.5%;2.5%;2.5%;7.5%;;10.0%;;;;;;;;5.0%;
;;36100;Machine Lrning & Mfg Analytics;202610;Fall 2025;002;20915;Diao, Xiumin;17.4%;19.6%;2.2%;;15.2%;10.9%;6.5%;8.7%;6.5%;4.3%;2.2%;2.2%;4.3%;;;;;;;;;;;
;;39200;Advanced Projects;202610;Fall 2025;001;26106;Richards, Grant P.;18.2%;;72.7%;;;;;;;;;;;;;;;;;;;;9.1%;
;;44000;Smart Mfg Auto Human Robot Sys;202610;Fall 2025;002;20992;Li, Xingyu;42.1%;18.4%;2.6%;;13.2%;10.5%;10.5%;;;;;2.6%;;;;;;;;;;;;
MGMT;MGMT-Management;10000;Introduction To Management;202610;Fall 2025;SC1;23730;Randich, David M.;55.1%;5.8%;;;18.8%;2.9%;14.5%;1.4%;;;;;1.4%;;;;;;;;;;;
;;;;;;SC2;23726;Randich, David M.;57.1%;17.9%;;;7.1%;1.8%;12.5%;;1.8%;;1.8%;;;;;;;;;;;;;
;;;;;;SC3;23733;Randich, David M.;55.6%;11.1%;2.8%;;2.8%;8.3%;13.9%;;;2.8%;;;2.8%;;;;;;;;;;;
;;;;;;SC4;24317;Randich, David M.;53.8%;10.3%;;;10.3%;5.1%;12.8%;7.7%;;;;;;;;;;;;;;;;
;;11000;Intro To Mgmt & Info Strat;202610;Fall 2025;LC1;22168;Bochenek, Annette H.;10.8%;;78.4%;;5.4%;2.7%;2.7%;;;;;;;;;;;;;;;;;
;;;;;;LC4;27249;Bochenek, Annette H.;19.0%;4.8%;66.7%;;;;4.8%;;;;4.8%;;;;;;;;;;;;;
;;17300;Data Mining Lab;202610;Fall 2025;001;21883;Cordeiro Moreira, Davi;12.5%;35.0%;5.0%;;5.0%;;35.0%;;;2.5%;;;;;;;;;;;;;5.0%;
;;;;;;002;12151;Zhu, Zhiwei;10.9%;6.5%;;;28.3%;17.4%;30.4%;2.2%;;2.2%;;;;;;;;;;;;;2.2%;
;;;;;;003;12152;Zhu, Zhiwei;5.7%;8.6%;;;42.9%;8.6%;20.0%;2.9%;2.9%;5.7%;;;;;;;;;;;;;2.9%;
;;;;;;004;12153;Zhu, Zhiwei;11.6%;14.0%;;;30.2%;16.3%;25.6%;;;2.3%;;;;;;;;;;;;;;
;;17500;Info Strategies For Management;202610;Fall 2025;001;26532;Baker, Neal A.;23.1%;30.8%;11.5%;;7.7%;;3.8%;;;;;;;;3.8%;;;;;;;;19.2%;
;;18700;Intro To AI For Business;202610;Fall 2025;001;30524;Ying, Yat Ling;9.7%;21.4%;1.9%;;28.6%;15.6%;9.1%;2.6%;1.9%;2.6%;1.3%;1.3%;0.6%;;2.6%;;;;;;;;0.6%;
;;19700;Careers In Acct & Finance;202610;Fall 2025;001;24550;Karan, James J.;77.7%;;;;11.5%;;;6.4%;;;0.6%;;;;1.9%;;;;;;;;1.9%;
;;20000;Intro Accounting;202610;Fall 2025;001;12042;Bokrand, Rebekha E.;39.7%;10.7%;;;13.8%;5.4%;7.1%;8.9%;1.8%;4.5%;;;2.7%;;2.2%;;;0.4%;;;;;2.7%;
;;;;;;002;12043;Maienbrook, Terra D.;28.3%;12.8%;;;15.5%;8.7%;5.5%;8.2%;1.4%;7.3%;2.7%;1.4%;2.7%;;2.3%;;;;;;;;3.2%;
;;;;;;003;12040;Eagan, John T.;10.0%;6.8%;1.8%;;7.2%;11.8%;9.0%;15.4%;6.3%;7.7%;4.5%;1.4%;5.0%;;5.4%;;;;;;;;7.7%;
;;;;;;004;12041;Maienbrook, Terra D.;28.9%;13.3%;;;11.1%;9.8%;9.8%;3.6%;2.7%;7.6%;2.2%;;4.0%;;2.7%;;;;;;;;4.4%;
;;;;;;005;30144;Caskey, Judson A.;9.1%;15.2%;3.0%;;12.1%;27.3%;21.2%;3.0%;;9.1%;;;;;;;;;;;;;;
;;;;;;006;21438;Bokrand, Rebekha E.;45.5%;11.2%;;;9.8%;7.6%;12.1%;4.0%;1.3%;3.6%;1.3%;;0.9%;;0.4%;;;0.4%;;;;;1.8%;
;;;;;;007;21443;Caskey, Judson A.;6.7%;10.0%;;;13.3%;20.0%;30.0%;;;10.0%;;;;;;;;;;;;;10.0%;
;;;;;;012;13249;Caskey, Judson A.;17.2%;10.3%;8.6%;;12.1%;17.2%;10.3%;6.9%;3.4%;6.9%;;;;;5.2%;;;;;;;;1.7%;
;;;;;;015;12788;Maienbrook, Terra D.;35.7%;18.4%;;;11.2%;4.1%;10.2%;9.2%;3.1%;2.0%;1.0%;2.0%;;;2.0%;;;;;;;;1.0%;
;;;;;;016;12791;Maienbrook, Terra D.;27.3%;10.4%;;;11.7%;6.5%;13.0%;6.5%;6.5%;6.5%;2.6%;;;;1.3%;;;;;;;;7.8%;
;;;Intro Accounting-Honors;202610;Fall 2025;001;12042;Bokrand, Rebekha E.;100.0%;;;;;;;;;;;;;;;;;;;;;;;
;;;;;;002;12043;Maienbrook, Terra D.;66.7%;;;;;;;;;;;;;;;;;;;;;;33.3%;
;;;;;;003;12040;Eagan, John T.;66.7%;33.3%;;;;;;;;;;;;;;;;;;;;;;
;;;;;;005;30144;Caskey, Judson A.;;;100.0%;;;;;;;;;;;;;;;;;;;;;
;;;;;;012;13249;Caskey, Judson A.;;100.0%;;;;;;;;;;;;;;;;;;;;;;
;;;;;;015;12788;Maienbrook, Terra D.;50.0%;;;;;25.0%;25.0%;;;;;;;;;;;;;;;;;
;;;;;;016;12791;Maienbrook, Terra D.;100.0%;;;;;;;;;;;;;;;;;;;;;;;
;;20100;Mgmt Accounting I;202610;Fall 2025;001;39230;Karan, James J.;27.2%;23.2%;;;12.1%;9.4%;12.9%;5.4%;1.3%;4.0%;0.9%;1.3%;0.4%;;0.4%;;;;;;;;1.3%;
;;;;;;002;39231;Karan, James J.;26.9%;21.5%;;;9.6%;11.4%;14.2%;3.2%;2.7%;4.6%;;0.5%;0.9%;;0.9%;;;;;;;;3.7%;
;;;;;;003;16200;Karan, James J.;21.3%;22.7%;;;14.0%;8.0%;12.0%;2.0%;3.3%;6.0%;2.0%;;2.7%;;1.3%;;;;;;;;4.7%;
;;;;;;004;13244;Karan, James J.;16.4%;16.4%;;;15.5%;10.9%;9.1%;7.3%;6.4%;7.3%;3.6%;;3.6%;;1.8%;;;;;;;;1.8%;
;;;;;;007;18933;Peris Peris, Joaquin;4.3%;27.7%;14.9%;;12.8%;12.8%;14.9%;4.3%;2.1%;4.3%;;2.1%;;;;;;;;;;;;
;;;;;;008;12154;Peris Peris, Joaquin;13.6%;16.9%;11.9%;;8.5%;15.3%;13.6%;5.1%;6.8%;3.4%;;;;;3.4%;;;;;;;;1.7%;
;;;;;;009;12808;Karan, James J.;31.4%;15.0%;;;11.4%;11.4%;12.7%;3.2%;2.7%;6.4%;0.5%;;0.9%;;1.8%;;;;;;;;2.7%;
;;;;;;012;31333;Peris Peris, Joaquin;10.7%;14.3%;7.1%;;10.7%;10.7%;17.9%;14.3%;7.1%;7.1%;;;;;;;;;;;;;;
;;;Mgmt Accounting I-Honors;202610;Fall 2025;001;39230;Karan, James J.;;100.0%;;;;;;;;;;;;;;;;;;;;;;
;;;;;;002;39231;Karan, James J.;;100.0%;;;;;;;;;;;;;;;;;;;;;;
;;;;;;003;16200;Karan, James J.;;100.0%;;;;;;;;;;;;;;;;;;;;;;
;;;;;;009;12808;Karan, James J.;;;;;;;100.0%;;;;;;;;;;;;;;;;;
;;21200;Business Accounting;202610;Fall 2025;001;10017;Conroy, Paula J.;25.0%;18.2%;11.8%;;9.1%;8.2%;10.5%;2.7%;2.7%;4.5%;0.9%;;0.5%;;0.9%;0.5%;;;;;;;4.5%;
;;;;;;002;28688;Anderson, Erin A.;24.6%;11.1%;;;6.3%;10.3%;9.5%;4.0%;7.1%;13.5%;0.8%;;4.0%;;2.4%;;;;;;;;6.3%;
;;;Business Accounting-Honors;202610;Fall 2025;001;10017;Conroy, Paula J.;;;100.0%;;;;;;;;;;;;;;;;;;;;;
;;24300;Contemporary Thought In Mgmt;202610;Fall 2025;001;23762;Henry, Darren L.;22.7%;13.6%;54.5%;;;;4.5%;;;4.5%;;;;;;;;;;;;;;
;;24500;Intro To Finance With Excel;202610;Fall 2025;001;26093;Baeza, Phillip G.;16.8%;21.2%;2.2%;;13.9%;14.6%;13.9%;3.6%;4.4%;3.6%;0.7%;;;;;;;0.7%;;;;;4.4%;
;;;;;;002;26094;Baeza, Phillip G.;16.5%;22.9%;3.7%;;17.4%;13.8%;10.1%;0.9%;3.7%;6.4%;;;0.9%;;1.8%;;;;;;;;1.8%;
;;25300;Finance Industry Exploration;202610;Fall 2025;001;26088;Ryffel, Richard A.;21.7%;29.5%;;;12.9%;7.4%;18.4%;1.4%;1.8%;5.1%;;;;;0.9%;;;;;;;;0.9%;
;;25400;Legal Found Business;202610;Fall 2025;001;18929;Harper, Cecelia M.;8.7%;5.8%;4.3%;;13.0%;14.5%;24.6%;7.2%;4.3%;14.5%;;1.4%;;;;;;;;;;;1.4%;
;;;;;;002;18931;Fisher, Clifford D.;12.7%;12.7%;5.5%;;9.1%;14.5%;16.4%;5.5%;1.8%;18.2%;;;;;;;;;;;;;3.6%;
;;;;;;003;18932;Fisher, Clifford D.;20.0%;25.5%;3.6%;;7.3%;5.5%;20.0%;1.8%;1.8%;7.3%;;;;;;;;;;;;;7.3%;
;;;;;;004;18938;Ficht, Linda S.;7.8%;11.8%;2.0%;;17.6%;11.8%;27.5%;3.9%;5.9%;7.8%;;;;;2.0%;;;;;;;;2.0%;
;;;;;;007;24320;Gavia, Miltina A.;5.7%;4.3%;;;28.6%;17.1%;15.7%;11.4%;2.9%;2.9%;;1.4%;;;2.9%;1.4%;;;;;;;5.7%;
;;;;;;008;24323;Gavia, Miltina A.;4.4%;;;;23.5%;16.2%;19.1%;14.7%;5.9%;8.8%;2.9%;1.5%;;;2.9%;;;;;;;;;
;;;;;;009;25458;Gavia, Miltina A.;4.2%;8.5%;;;22.5%;18.3%;15.5%;8.5%;4.2%;11.3%;;;;;;;;;;;;;7.0%;
;;;;;;011;12156;Ficht, Linda S.;9.6%;17.3%;1.9%;;17.3%;19.2%;11.5%;9.6%;3.8%;5.8%;;;;;1.9%;;;;;;;;1.9%;
;;;;;;012;29682;Williams, Randy J.;;4.0%;;;36.0%;8.0%;8.0%;14.0%;;16.0%;10.0%;;;;2.0%;;;;;;;;2.0%;
;;;Legal Found Business-Honors;202610;Fall 2025;001;18929;Harper, Cecelia M.;;;;;;100.0%;;;;;;;;;;;;;;;;;;
;;;;;;008;24323;Gavia, Miltina A.;;100.0%;;;;;;;;;;;;;;;;;;;;;;
;;;;;;012;29682;Williams, Randy J.;100.0%;;;;;;;;;;;;;;;;;;;;;;;
;;;;;;H01;24333;Putman, Cara C.;10.6%;29.8%;;;38.3%;6.4%;4.3%;4.3%;2.1%;2.1%;;;;;;;;;;;;;2.1%;
;;25500;Fnd Of Bus Ethics-Honors;202610;Fall 2025;006;26848;Putman, Cara C.;100.0%;;;;;;;;;;;;;;;;;;;;;;;
;;;Found Of Business Ethics;202610;Fall 2025;001;23328;Lemper, Tim;11.7%;18.3%;;;20.0%;6.7%;15.0%;8.3%;1.7%;8.3%;;;;;3.3%;;;;;;;;6.7%;
;;;;;;004;23341;Lemper, Tim;8.5%;23.7%;1.7%;;18.6%;6.8%;18.6%;3.4%;10.2%;5.1%;;;;;;;;;;;;;3.4%;
;;;;;;005;23342;Lemper, Tim;19.0%;13.8%;5.2%;;20.7%;6.9%;10.3%;5.2%;5.2%;6.9%;;;;;;;;;;;;;6.9%;
;;;;;;006;26848;Putman, Cara C.;12.1%;12.1%;1.7%;;37.9%;1.7%;22.4%;3.4%;1.7%;1.7%;1.7%;;;;;;;;;;;;3.4%;
;;;;;;007;30517;Harper, Cecelia M.;5.9%;19.6%;5.9%;;13.7%;13.7%;27.5%;5.9%;;2.0%;;3.9%;2.0%;;;;;;;;;;;
;;;;;;008;31450;Lemper, Tim;21.1%;17.5%;;;8.8%;12.3%;8.8%;12.3%;;5.3%;;;;;5.3%;;;;;;;;8.8%;
;;;Found Of Bus Ethics-Honors;202610;Fall 2025;006;26848;Putman, Cara C.;;;100.0%;;;;;;;;;;;;;;;;;;;;;
;;28800;Prog Business Applications;202610;Fall 2025;001;19410;Khan, Shoaib A.;10.8%;10.8%;2.7%;;8.1%;5.4%;10.8%;5.4%;;;;;;;2.7%;;;;;;;;43.2%;
;;;;;;002;17211;Khan, Shoaib A.;10.7%;10.7%;;;10.7%;10.7%;17.9%;3.6%;;;;;;;3.6%;;;;;;;;32.1%;
;;29110;Int Bus & Eng Seminar I;202610;Fall 2025;001;26832;Randich, David M.;35.0%;23.3%;10.0%;;10.0%;1.7%;8.3%;5.0%;1.7%;1.7%;3.3%;;;;;;;;;;;;;
;;;;;;002;23671;Randich, David M.;55.6%;12.2%;3.3%;;11.1%;5.6%;6.7%;1.1%;1.1%;2.2%;;;1.1%;;;;;;;;;;;
;;29120;Int Bus & Eng Seminar II;202610;Fall 2025;001;30943;Case, Ryan P.;28.8%;2.7%;53.4%;;4.1%;;4.1%;1.4%;1.4%;;1.4%;;;;1.4%;;;;;;;;1.4%;
;;;;;;002;30944;Case, Ryan P.;21.2%;4.5%;69.7%;;;;3.0%;;;;;;;;;;;;;;;;1.5%;
;;29140;Int Bus & Eng Seminar IV;202610;Fall 2025;001;27081;Messina, James P.;8.3%;16.7%;;;22.2%;11.1%;30.6%;2.8%;;8.3%;;;;;;;;;;;;;;
;;;;;;002;27152;Messina, James P.;20.0%;25.7%;;;11.4%;2.9%;37.1%;2.9%;;;;;;;;;;;;;;;;
;;29150;IBE Prof Dev;202610;Fall 2025;001;18179;Case, Ryan P.;;;;;;;;;;;;;;;;;;;;95.8%;;3.4%;0.8%;
;;29400;Navigating Gender;202610;Fall 2025;SC1;22999;Gulker, Jill E.;29.8%;35.1%;15.8%;;5.3%;1.8%;3.5%;1.8%;1.8%;1.8%;;;;;1.8%;;;;;;;;1.8%;
;;;Navigating Gender-Honors;202610;Fall 2025;SC1;22999;Gulker, Jill E.;;;;;100.0%;;;;;;;;;;;;;;;;;;;
;;29500;Bus Prof Dev & Career Strat;202610;Fall 2025;001;11651;Guilford, Corey D.;65.4%;12.8%;;;5.1%;2.6%;5.1%;2.6%;1.3%;;;1.3%;;;;;;;;;;;3.8%;
;;;;;;002;11644;Holbrook, Charles F.;77.9%;6.5%;;;5.2%;1.3%;3.9%;2.6%;;1.3%;;;;;1.3%;;;;;;;;;
;;;;;;003;11647;Deckard Dawson, Kristin E.;79.7%;6.3%;;;2.5%;;6.3%;;;2.5%;;;1.3%;;;;;;;;;;1.3%;
;;;;;;004;11857;Pedley, Storie P.;78.8%;5.0%;;;1.3%;2.5%;3.8%;;1.3%;3.8%;;;;;;;;;;;;;3.8%;
;;;;;;005;16276;Stokes, Sarah A.;80.0%;5.0%;;;3.8%;3.8%;;;;2.5%;;;;;5.0%;;;;;;;;;
;;;;;;006;15668;Pedley, Storie P.;75.0%;10.0%;;;2.5%;1.3%;1.3%;1.3%;;2.5%;1.3%;1.3%;;;;;;;;;;;3.8%;
;;;;;;007;15673;Pedley, Storie P.;66.7%;12.5%;;;2.8%;5.6%;6.9%;;1.4%;;;;;;2.8%;;;;;;;;1.4%;
;;;;;;008;13385;Easley, Emily B.;72.5%;7.5%;;;5.0%;;3.8%;1.3%;1.3%;;1.3%;;1.3%;;2.5%;;;;;;;;3.8%;
;;30400;Intro To Financial Management;202610;Fall 2025;001;16142;Yatsenko, Valeriia;10.5%;12.6%;2.1%;;11.9%;8.4%;14.7%;8.4%;7.7%;4.9%;;;0.7%;;1.4%;;;0.7%;;;;;16.1%;
;;30500;Business Statistics;202610;Fall 2025;002;23772;Tang, Jen;14.3%;6.3%;;;15.9%;7.9%;14.3%;6.3%;9.5%;15.9%;;;;;4.8%;;;;;;;;4.8%;
;;;;;;003;23773;Tang, Jen;22.2%;12.7%;;;12.7%;14.3%;12.7%;6.3%;4.8%;3.2%;;;;;3.2%;;;;;;;;7.9%;
;;;;;;007;14105;Wolanski, Adrian H.;6.3%;9.4%;6.3%;;17.2%;4.7%;10.9%;9.4%;12.5%;9.4%;6.3%;;;;3.1%;;;;;;;;4.7%;
;;;;;;010;24472;Wolanski, Adrian H.;17.2%;9.4%;4.7%;;7.8%;14.1%;15.6%;7.8%;7.8%;6.3%;3.1%;;;;;;;;;;;;6.3%;
;;;;;;011;21053;Wolanski, Adrian H.;23.4%;7.8%;4.7%;;17.2%;6.3%;12.5%;10.9%;7.8%;4.7%;;;;;1.6%;;;;;;;;3.1%;
;;;;;;012;21054;Wolanski, Adrian H.;11.1%;9.5%;6.3%;;27.0%;9.5%;12.7%;3.2%;6.3%;3.2%;4.8%;;;;1.6%;;;;;;;;4.8%;
;;;;;;014;12275;Tang, Jen;18.7%;12.0%;1.3%;;12.0%;17.3%;10.7%;5.3%;5.3%;9.3%;1.3%;;;;;;;;;;;;6.7%;
;;;;;;015;12276;Jin, Billy Z.;8.5%;21.3%;10.6%;;23.4%;8.5%;8.5%;6.4%;4.3%;6.4%;;;;;;;;;;;;;2.1%;
;;;;;;016;12277;Jin, Billy Z.;18.8%;6.3%;2.1%;;29.2%;6.3%;4.2%;10.4%;4.2%;6.3%;8.3%;;;;2.1%;;;;;;;;2.1%;
;;;Business Statistics-Honors;202610;Fall 2025;012;21054;Wolanski, Adrian H.;;;100.0%;;;;;;;;;;;;;;;;;;;;;
;;30600;Management Science;202610;Fall 2025;001;23776;Wang, Xing;18.8%;7.8%;3.1%;;18.8%;7.8%;6.3%;9.4%;15.6%;6.3%;;;;;;;;;;;;;6.3%;
;;;;;;002;16144;Wang, Xing;39.1%;1.6%;1.6%;;7.8%;7.8%;6.3%;17.2%;6.3%;4.7%;;;3.1%;;3.1%;;;;;;;;1.6%;
;;;;;;003;23778;Jaiswal, Prateek;20.6%;2.9%;8.8%;;23.5%;5.9%;5.9%;14.7%;2.9%;5.9%;;;;;5.9%;;;;;;;;2.9%;
;;;;;;004;20881;Alexander, Arthur A.;37.1%;3.2%;;;22.6%;1.6%;4.8%;14.5%;4.8%;3.2%;;;;;1.6%;;;;;;;;6.5%;
;;;;;;005;23643;Alexander, Arthur A.;15.6%;6.3%;1.6%;;26.6%;7.8%;3.1%;25.0%;1.6%;6.3%;1.6%;;;;3.1%;1.6%;;;;;;;;
;;;Management Science-Honors;202610;Fall 2025;004;20881;Alexander, Arthur A.;50.0%;50.0%;;;;;;;;;;;;;;;;;;;;;;
;;31000;Financial Mgmt;202610;Fall 2025;002;23782;Kim, Youngmin;5.1%;13.6%;10.2%;;20.3%;16.9%;13.6%;6.8%;;8.5%;;;3.4%;;;;;;;;;;1.7%;
;;;;;;003;23779;Bruschi Martins, Claudia;11.7%;20.0%;;;18.3%;11.7%;13.3%;1.7%;;11.7%;1.7%;;;;1.7%;;;;;;;;8.3%;
;;;;;;004;18489;Kim, Youngmin;8.1%;14.5%;19.4%;;24.2%;4.8%;6.5%;8.1%;3.2%;4.8%;3.2%;;1.6%;;;;;;;;;;1.6%;
;;;;;;005;18493;Zhang, Xinde;55.0%;18.3%;;;5.0%;3.3%;10.0%;1.7%;;3.3%;;;;;;1.7%;;;;;;;1.7%;
;;;;;;006;19184;Yatsenko, Valeriia;15.0%;8.3%;6.7%;;23.3%;18.3%;11.7%;5.0%;1.7%;3.3%;;;;;;;;;;;;;6.7%;
;;;;;;007;19185;Yatsenko, Valeriia;8.3%;3.3%;5.0%;;26.7%;23.3%;10.0%;6.7%;5.0%;6.7%;;;;;1.7%;1.7%;;;;;;;1.7%;
;;;;;;009;12682;Luo, Renyuan;28.8%;5.8%;;;13.5%;11.5%;11.5%;5.8%;3.8%;9.6%;;;1.9%;;;;;;;;;;7.7%;
;;;;;;010;18941;Kim, Youngmin;14.5%;10.9%;14.5%;;7.3%;10.9%;12.7%;10.9%;;5.5%;7.3%;;1.8%;;;;;;;;;;3.6%;
;;;;;;011;12161;Bruschi Martins, Claudia;21.7%;18.3%;1.7%;;18.3%;3.3%;18.3%;1.7%;;1.7%;3.3%;;;;;;;;;;;;11.7%;
;;;;;;012;12164;Zhang, Xinde;37.3%;22.0%;;;13.6%;5.1%;10.2%;1.7%;;1.7%;;;;;3.4%;1.7%;;;;;;;3.4%;
;;;;;;013;12173;Zhang, Xinde;51.7%;18.3%;;;11.7%;1.7%;11.7%;;;;;;;;;;;;;;;;5.0%;
;;;Financial Mgmt-Honors;202610;Fall 2025;H14;27085;Boquist, Alexander W.;15.5%;22.4%;;;34.5%;5.2%;20.7%;1.7%;;;;;;;;;;;;;;;;
;;31200;Venture X1-Honors;202610;Fall 2025;H02;28206;Grigoriou, Konstantinos;81.4%;;16.3%;;;;;;;;;;;;;;;;;;;;2.3%;
;;32300;Principles Of Marketing;202610;Fall 2025;001;23785;Downey, Laura A.;43.0%;;;;41.3%;;;9.9%;;;1.7%;;;;;;;;;;;;4.1%;
;;;;;;002;23784;Downey, Laura A.;37.9%;;;;45.3%;;;12.6%;;;1.1%;;;;1.1%;;;;;;;;2.1%;
;;32400;Marketing Mgmt;202610;Fall 2025;001;23786;Zhang, Zhexi;27.3%;14.5%;9.1%;;9.1%;9.1%;12.7%;5.5%;1.8%;7.3%;;;1.8%;;;;;;;;;;1.8%;
;;;;;;002;23788;Li, Haotian;26.0%;38.0%;;;6.0%;2.0%;22.0%;;;;;;;;;2.0%;;;;;;;4.0%;
;;;;;;003;16150;Leitch, Stephen R.;1.9%;9.4%;;;28.3%;11.3%;45.3%;;;1.9%;1.9%;;;;;;;;;;;;;
;;;;;;004;64661;Leitch, Stephen R.;;9.1%;;;30.9%;29.1%;25.5%;;;3.6%;;;;;1.8%;;;;;;;;;
;;;;;;005;11990;Zhang, Tongxiao;31.5%;;;;42.6%;;;16.7%;;;5.6%;;;;;;;;;;;;3.7%;
;;;;;;006;16487;Zhang, Tongxiao;22.2%;;;;59.3%;;;13.0%;;;1.9%;;;;;;;;;;;;3.7%;
;;;;;;008;29828;Zhang, Tongxiao;11.9%;;;;73.8%;;;14.3%;;;;;;;;;;;;;;;;
;;;;;;012;24495;Nowak, Daniel P.;17.0%;13.2%;;;18.9%;20.8%;22.6%;1.9%;;5.7%;;;;;;;;;;;;;;
;;;;;;014;31366;Nowak, Daniel P.;25.6%;25.6%;;;20.9%;7.0%;7.0%;2.3%;7.0%;4.7%;;;;;;;;;;;;;;
;;;;;;015;32420;Britton, Erin S.;45.8%;;;;35.4%;8.3%;;8.3%;;;;;;;;;;;;;;;2.1%;
;;;;;;016;12178;Britton, Erin S.;50.9%;;;;39.6%;3.8%;;3.8%;;;;;;;;;;;;;;;1.9%;
;;33200;Business World Problem Solving;202610;Fall 2025;001;28919;Randich, David M.;57.7%;11.5%;;;11.5%;3.8%;11.5%;;;;;;;;3.8%;;;;;;;;;
;;;;;;002;12180;Randich, David M.;46.7%;23.3%;;;10.0%;;13.3%;;3.3%;;;3.3%;;;;;;;;;;;;
;;33500;Strategic Business Writing;202610;Fall 2025;001;28927;Roberson, Kasie M.;4.2%;33.3%;;;12.5%;8.3%;37.5%;;;;;;;;;;;;;;;;4.2%;
;;;;;;002;28928;Roberson, Kasie M.;8.3%;37.5%;;;16.7%;4.2%;33.3%;;;;;;;;;;;;;;;;;
;;;;;;003;28929;Woodson, Aryca P.;12.5%;58.3%;;;20.8%;;;;;4.2%;;;;;4.2%;;;;;;;;;
;;;;;;004;18605;Woodson, Aryca P.;21.7%;56.5%;;;8.7%;;13.0%;;;;;;;;;;;;;;;;;
;;;;;;005;18606;Liu, Yuchen;8.3%;33.3%;;;8.3%;4.2%;29.2%;8.3%;;;;;;;4.2%;;;;;;;;4.2%;
;;;;;;006;18607;Liu, Yuchen;25.0%;37.5%;;;8.3%;4.2%;20.8%;;;;;;;;4.2%;;;;;;;;;
;;;;;;007;18608;Woodson, Aryca P.;30.4%;30.4%;;;4.3%;;30.4%;;;4.3%;;;;;;;;;;;;;;
;;;;;;008;18609;Stef-Praun, Ana-Maria L.;;54.2%;;;20.8%;;25.0%;;;;;;;;;;;;;;;;;
;;;;;;009;18611;Stef-Praun, Ana-Maria L.;4.2%;54.2%;;;29.2%;;12.5%;;;;;;;;;;;;;;;;;
;;;;;;010;18612;Stef-Praun, Ana-Maria L.;8.3%;41.7%;;;4.2%;4.2%;37.5%;;;4.2%;;;;;;;;;;;;;;
;;;;;;011;23988;Ortiz, Vanessa V.;4.3%;52.2%;;;8.7%;;21.7%;4.3%;;;4.3%;;;;;;;;;;;;4.3%;
;;;;;;012;12181;Ortiz, Vanessa V.;8.3%;50.0%;;;8.3%;4.2%;20.8%;;;4.2%;;;;;4.2%;;;;;;;;;
;;;;;;013;12183;Ortiz, Vanessa V.;4.2%;50.0%;;;12.5%;4.2%;25.0%;;;;;;;;;;;;;;;;4.2%;
;;;;;;014;12184;Ortiz, Vanessa V.;8.3%;41.7%;;;20.8%;;25.0%;;;;;;;;4.2%;;;;;;;;;
;;;;;;015;12186;Liu, Yuchen;8.7%;43.5%;;;26.1%;4.3%;13.0%;4.3%;;;;;;;;;;;;;;;;
;;34900;Acct Analysis & Modeling;202610;Fall 2025;001;12809;Goodman, Theodore H.;17.6%;23.5%;5.9%;;23.5%;11.8%;17.6%;;;;;;;;;;;;;;;;;
;;;;;;002;12810;Goodman, Theodore H.;31.6%;10.5%;15.8%;;5.3%;10.5%;5.3%;;10.5%;5.3%;;;;;;;;;;;;;5.3%;
;;;;;;003;12811;Goodman, Theodore H.;12.0%;20.0%;16.0%;;16.0%;;16.0%;4.0%;4.0%;8.0%;;;;;;;;;;;;;4.0%;
;;35000;Intermediate Acctg I;202610;Fall 2025;001;23793;Ott, Jacob C.;14.5%;12.7%;1.8%;;7.3%;14.5%;10.9%;14.5%;3.6%;9.1%;;;1.8%;;;;;;;;;;9.1%;
;;;;;;002;69362;Ott, Jacob C.;16.4%;7.3%;3.6%;;10.9%;16.4%;12.7%;10.9%;3.6%;16.4%;;;1.8%;;;;;;;;;;;
;;;;;;003;23932;Ott, Jacob C.;14.5%;12.7%;5.5%;;12.7%;25.5%;7.3%;5.5%;5.5%;5.5%;;;;;;;;;;;;;5.5%;
;;35100;Intermediate Acctg II;202610;Fall 2025;001;23798;Sorensen, R S.;15.1%;13.2%;11.3%;;22.6%;1.9%;11.3%;;5.7%;9.4%;1.9%;1.9%;;;1.9%;;;;;;;;3.8%;
;;;;;;002;18522;Sorensen, R S.;13.0%;7.4%;11.1%;;18.5%;11.1%;5.6%;11.1%;3.7%;7.4%;3.7%;1.9%;;;3.7%;;;;;;;;1.9%;
;;35200;Strategic Management;202610;Fall 2025;001;12006;Liu, Banghui;1.8%;3.6%;;;29.1%;25.5%;9.1%;9.1%;;20.0%;1.8%;;;;;;;;;;;;;
;;;;;;002;12007;Byun, Heejung;9.3%;27.8%;5.6%;;14.8%;13.0%;27.8%;;;1.9%;;;;;;;;;;;;;;
;;;;;;004;12021;Byun, Heejung;5.5%;21.8%;5.5%;;27.3%;7.3%;27.3%;;;;;1.8%;;;;;;;;;;;3.6%;
;;;;;;005;16488;Chiu, Wan Ting;;14.5%;29.1%;;12.7%;1.8%;18.2%;3.6%;;9.1%;;;;;10.9%;;;;;;;;;
;;;;;;006;23006;Grigoriou, Konstantinos;18.0%;14.0%;2.0%;;14.0%;12.0%;24.0%;4.0%;4.0%;4.0%;2.0%;;;;;;;;;;;;2.0%;
;;;;;;007;13789;Grigoriou, Konstantinos;25.9%;24.1%;3.7%;;16.7%;11.1%;7.4%;3.7%;;5.6%;;;;;1.9%;;;;;;;;;
;;;;;;009;18622;Bisui, Sandip;5.5%;21.8%;;;14.5%;7.3%;30.9%;7.3%;1.8%;10.9%;;;;;;;;;;;;;;
;;;;;;010;18623;Bisui, Sandip;3.7%;13.0%;;;25.9%;11.1%;35.2%;;1.9%;5.6%;;;;;;;;;;;;;3.7%;
;;;;;;012;30640;Burr, John F.;5.8%;5.8%;;;40.4%;5.8%;17.3%;5.8%;;9.6%;;;3.8%;;;;;;;;;;5.8%;
;;;;;;013;33029;Chuang, Ta Wei;7.3%;32.7%;5.5%;;5.5%;1.8%;45.5%;;;;1.8%;;;;;;;;;;;;;
;;;;;;014;13462;Hu, Jiabei;21.8%;14.5%;;;20.0%;21.8%;14.5%;;3.6%;;;1.8%;;;;;;;;;;;1.8%;
;;;;;;015;13466;Hu, Jiabei;14.5%;18.2%;3.6%;;21.8%;18.2%;12.7%;1.8%;1.8%;5.5%;;;;;;;;;;;;;1.8%;
;;;;;;016;29605;Chakravarty, Sugato;21.2%;27.3%;;;12.1%;3.0%;27.3%;3.0%;;;;;;;;;;;;;;;6.1%;
;;;Strategic Management-Honors;202610;Fall 2025;002;12007;Byun, Heejung;;;;;100.0%;;;;;;;;;;;;;;;;;;;
;;;;;;007;13789;Grigoriou, Konstantinos;100.0%;;;;;;;;;;;;;;;;;;;;;;;
;;;;;;010;18623;Bisui, Sandip;;100.0%;;;;;;;;;;;;;;;;;;;;;;
;;35300;Int Acct For Non Acct Maj;202610;Fall 2025;001;24563;De Franco, Gus G.;40.7%;16.7%;;;13.0%;9.3%;9.3%;5.6%;1.9%;3.7%;;;;;;;;;;;;;;
;;;;;;002;23922;De Franco, Gus G.;36.5%;23.1%;;;9.6%;5.8%;13.5%;1.9%;;7.7%;1.9%;;;;;;;;;;;;;
;;35500;Consulting Tools And Skills;202610;Fall 2025;001;19485;Burr, John F.;5.9%;35.3%;;;32.4%;2.9%;14.7%;;;;;;;;2.9%;;;;;;;;5.9%;
;;;;;;002;23923;Burr, John F.;28.6%;14.3%;;;21.4%;;21.4%;;;;;;;;7.1%;;;;;;;;7.1%;
;;;Consultng Tools &Skills-Honors;202610;Fall 2025;002;23923;Burr, John F.;;100.0%;;;;;;;;;;;;;;;;;;;;;;
;;36100;Operations Management;202610;Fall 2025;001;37812;Gunay, Elif E.;17.2%;17.2%;7.8%;;7.8%;10.9%;17.2%;3.1%;9.4%;4.7%;;;;;;;;;;;;;4.7%;
;;;;;;002;37809;Gunay, Elif E.;20.6%;12.7%;4.8%;;12.7%;9.5%;9.5%;4.8%;7.9%;6.3%;1.6%;1.6%;;;1.6%;;;;;;;;6.3%;
;;;;;;003;37813;Lin, Chen-An;6.2%;6.2%;6.2%;;21.5%;24.6%;20.0%;3.1%;;6.2%;1.5%;;;;;;;;;;;;4.6%;
;;;;;;004;14178;Lin, Chen-An;12.3%;13.8%;6.2%;;20.0%;7.7%;13.8%;6.2%;1.5%;12.3%;4.6%;;;;1.5%;;;;;;;;;
;;;;;;005;37811;Madan, Manohar S.;27.0%;6.3%;;;22.2%;9.5%;12.7%;3.2%;3.2%;7.9%;;;6.3%;;;;;;;;;;1.6%;
;;;;;;006;16533;Madan, Manohar S.;19.0%;12.7%;;;19.0%;4.8%;17.5%;4.8%;6.3%;14.3%;;;;;1.6%;;;;;;;;;
;;;;;;009;12195;Senicheva, Olga R.;14.3%;16.7%;9.5%;;9.5%;14.3%;16.7%;2.4%;2.4%;4.8%;;;;;2.4%;;;;;;;;7.1%;
;;;;;;010;12198;Lin, Chen-An;6.5%;29.0%;3.2%;;25.8%;6.5%;22.6%;;;3.2%;3.2%;;;;;;;;;;;;;
;;;Operations Management-Honors;202610;Fall 2025;001;37812;Gunay, Elif E.;100.0%;;;;;;;;;;;;;;;;;;;;;;;
;;;;;;002;37809;Gunay, Elif E.;100.0%;;;;;;;;;;;;;;;;;;;;;;;
;;;;;;009;12195;Senicheva, Olga R.;;;;;100.0%;;;;;;;;;;;;;;;;;;;
;;37000;Real Estate Fund;202610;Fall 2025;001;28855;Stokes, Jeffrey R.;6.3%;25.0%;;;18.8%;12.5%;6.3%;6.3%;6.3%;;;;;;;;;;;;;;18.8%;
;;;;;;002;29123;Stokes, Jeffrey R.;4.0%;44.0%;4.0%;;4.0%;8.0%;4.0%;12.0%;4.0%;;4.0%;;;;;;;;;;;;12.0%;
;;;;;;003;12361;Stokes, Jeffrey R.;10.0%;15.0%;;;20.0%;25.0%;10.0%;5.0%;;;;5.0%;;;;;;;;;;;10.0%;
;;37300;Acct Inf Sys & Data Anlyt;202610;Fall 2025;001;16222;Conroy, Paula J.;18.4%;16.3%;2.0%;;14.3%;8.2%;6.1%;4.1%;;12.2%;;2.0%;4.1%;;8.2%;;;;;;;;4.1%;
;;;;;;002;16229;Conroy, Paula J.;24.5%;18.4%;6.1%;;10.2%;8.2%;16.3%;4.1%;;8.2%;;;;;2.0%;;;;;;;;2.0%;
;;;;;;003;19296;Conroy, Paula J.;42.9%;12.2%;8.2%;;10.2%;4.1%;10.2%;4.1%;2.0%;2.0%;;;2.0%;;;;;;;;;;2.0%;
;;37500;Real Estate Law;202610;Fall 2025;001;19140;Harper, Cecelia M.;12.1%;18.2%;12.1%;;15.2%;9.1%;15.2%;;6.1%;12.1%;;;;;;;;;;;;;;
;;;Real Estate Law-Honors;202610;Fall 2025;001;19140;Harper, Cecelia M.;;;100.0%;;;;;;;;;;;;;;;;;;;;;
;;38200;Mgmt & Informatn Systm;202610;Fall 2025;002;11829;Mazur, Lawrence J.;18.2%;14.5%;9.1%;;16.4%;12.7%;18.2%;5.5%;1.8%;1.8%;;;;;;1.8%;;;;;;;;
;;;;;;003;23808;Dejoie, Roy M.;15.1%;5.7%;1.9%;;20.8%;3.8%;17.0%;17.0%;1.9%;9.4%;;;;;7.5%;;;;;;;;;
;;;;;;004;23810;Dejoie, Roy M.;9.1%;4.5%;2.3%;;20.5%;6.8%;13.6%;9.1%;;6.8%;2.3%;2.3%;2.3%;;13.6%;;;;;;;;6.8%;
;;;;;;005;25046;Qian, Sihan;18.2%;18.2%;3.6%;;14.5%;14.5%;16.4%;3.6%;;9.1%;;;;;;;;;;;;;1.8%;
;;;;;;006;25716;Wang, Yang;10.9%;7.3%;;;16.4%;27.3%;21.8%;5.5%;;10.9%;;;;;;;;;;;;;;
;;;;;;007;21077;Wang, Yang;14.3%;16.1%;1.8%;;8.9%;23.2%;21.4%;8.9%;;3.6%;;;;;;;;;;;;;1.8%;
;;;;;;008;12199;Ying, Yat Ling;7.3%;20.0%;1.8%;;20.0%;7.3%;20.0%;12.7%;3.6%;5.5%;;;1.8%;;;;;;;;;;;
;;;;;;009;12202;Mazur, Lawrence J.;9.1%;12.7%;10.9%;;27.3%;10.9%;18.2%;3.6%;1.8%;3.6%;;;;;1.8%;;;;;;;;;
;;38800;Python For Business;202610;Fall 2025;001;23924;Khan, Shoaib A.;22.4%;18.4%;2.0%;;16.3%;12.2%;24.5%;;;4.1%;;;;;;;;;;;;;;
;;39000;Personal Financial Management;202610;Fall 2025;006;29596;Lagrange, Neil C.;22.0%;12.0%;;;32.0%;6.0%;18.0%;4.0%;;4.0%;;;;;;;;2.0%;;;;;;
;;;;;;007;29597;Lagrange, Neil C.;22.0%;6.0%;;;40.0%;4.0%;20.0%;6.0%;;2.0%;;;;;;;;;;;;;;
;;;Principled Business Leadership;202610;Fall 2025;009;32379;Lemper, Tim;41.2%;29.4%;5.9%;;;;23.5%;;;;;;;;;;;;;;;;;
;;40100;Exec Forum;202610;Fall 2025;001;23823;Randich, David M.;21.3%;8.5%;38.3%;;4.3%;4.3%;14.9%;;;2.1%;;;;;;;;2.1%;;;;;4.3%;
;;40500;Six Sigma And Quality;202610;Fall 2025;001;19304;Gonzalez Espinosa, Juan Ignacio;15.9%;41.3%;14.3%;;17.5%;;9.5%;;1.6%;;;;;;;;;;;;;;;
;;41100;Investments Management;202610;Fall 2025;002;23825;Neuhierl, Andreas;25.9%;14.8%;3.7%;;13.0%;7.4%;16.7%;1.9%;5.6%;7.4%;1.9%;;;;;;;;;;;;1.9%;
;;;;;;003;14180;Neuhierl, Andreas;30.4%;7.1%;3.6%;;8.9%;14.3%;12.5%;;1.8%;17.9%;;;;;;;;;;;;;3.6%;
;;;;;;004;26305;Neuhierl, Andreas;26.8%;12.5%;;;16.1%;8.9%;16.1%;;8.9%;10.7%;;;;;;;;;;;;;;
;;;;;;006;28856;Weber, Michael;13.5%;23.1%;;;28.8%;9.6%;19.2%;;;3.8%;;;;;;;;;;;;;1.9%;
;;;;;;007;28466;Weber, Michael;28.3%;22.6%;;;15.1%;9.4%;15.1%;1.9%;;7.5%;;;;;;;;;;;;;;
;;41150;Futures And Options;202610;Fall 2025;001;24665;Boquist, Alexander W.;12.1%;13.8%;;;34.5%;13.8%;20.7%;;;1.7%;;;;;;;;;;;;;3.4%;
;;41200;Financial Institutions;202610;Fall 2025;001;12329;Baeza, Phillip G.;25.0%;13.2%;7.4%;;23.5%;7.4%;16.2%;;1.5%;4.4%;;;;;;;;;;;;;1.5%;
;;41220;FinTech;202610;Fall 2025;001;13801;Yavuz, Mehmet D.;20.0%;20.0%;;;21.8%;9.1%;23.6%;1.8%;;3.6%;;;;;;;;;;;;;;
;;;;;;002;13802;Yavuz, Mehmet D.;18.2%;14.5%;;;25.5%;7.3%;32.7%;;;1.8%;;;;;;;;;;;;;;
;;41300;Corporate Finance;202610;Fall 2025;001;16423;D'Almeida, Fabricio R.;28.6%;26.8%;;;17.9%;3.6%;7.1%;3.6%;3.6%;7.1%;;;;;;;;;;;;;1.8%;
;;;;;;004;11450;D'Almeida, Fabricio R.;20.0%;25.5%;;;10.9%;10.9%;16.4%;1.8%;5.5%;7.3%;;;;;;;;;;;;;1.8%;
;;;;;;005;13401;Nguyen, Ha D.;13.0%;22.2%;13.0%;;13.0%;1.9%;22.2%;1.9%;3.7%;5.6%;;;;;;;;;;;;;3.7%;
;;;;;;006;13403;Nguyen, Ha D.;14.3%;7.1%;16.1%;;14.3%;8.9%;17.9%;3.6%;3.6%;8.9%;;;;;;;;;;;;;5.4%;
;;;Corporate Finance-Honors;202610;Fall 2025;005;13401;Nguyen, Ha D.;;100.0%;;;;;;;;;;;;;;;;;;;;;;
;;41310;Financial Modeling;202610;Fall 2025;001;17007;Zeng, Lulu;20.0%;16.7%;5.0%;;13.3%;11.7%;18.3%;6.7%;3.3%;1.7%;;;;;1.7%;;;;;;;;1.7%;
;;;;;;002;17011;Zeng, Lulu;27.7%;20.0%;7.7%;;13.8%;9.2%;10.8%;4.6%;3.1%;3.1%;;;;;;;;;;;;;;
;;;;;;003;17017;Zeng, Lulu;29.5%;8.2%;9.8%;;9.8%;16.4%;11.5%;8.2%;3.3%;3.3%;;;;;;;;;;;;;;
;;41601;Corp Mergers & Acquisitions;202610;Fall 2025;001;19654;Chernenko, Sergiy;11.1%;18.5%;1.9%;;18.5%;22.2%;16.7%;1.9%;3.7%;3.7%;;;;;;;;;;;;;1.9%;
;;;;;;002;24441;Chernenko, Sergiy;10.9%;21.8%;;;12.7%;14.5%;27.3%;;;10.9%;;;;;;;;;;;;;1.8%;
;;;Corp Merger&Acquisition-Honors;202610;Fall 2025;001;19654;Chernenko, Sergiy;;100.0%;;;;;;;;;;;;;;;;;;;;;;
;;42110;Marketing Analytics;202610;Fall 2025;001;18505;Dai, Weijia;12.5%;25.0%;;;14.6%;6.3%;27.1%;4.2%;;6.3%;;;;;;;;;;;;;4.2%;
;;;;;;002;12216;Dai, Weijia;12.8%;25.5%;;;21.3%;8.5%;23.4%;;;8.5%;;;;;;;;;;;;;;
;;42130;Consumer Behavior;202610;Fall 2025;001;31375;Leitch, Stephen R.;3.8%;22.6%;;;17.0%;3.8%;49.1%;;;1.9%;;;;;;;;;;;;;1.9%;
;;42300;New Product Developmt;202610;Fall 2025;001;12219;Sisodia, Ankit;7.7%;53.8%;;;7.7%;7.7%;15.4%;;;;;;;;;;;;;;;;7.7%;
;;;;;;002;12220;Sisodia, Ankit;5.5%;29.1%;;;29.1%;5.5%;23.6%;1.8%;;5.5%;;;;;;;;;;;;;;
;;42410;Retail Management;202610;Fall 2025;001;31374;Zhang, Tongxiao;40.0%;;;;43.3%;;;16.7%;;;;;;;;;;;;;;;;
;;;Retail Management-Honors;202610;Fall 2025;001;31374;Zhang, Tongxiao;100.0%;;;;;;;;;;;;;;;;;;;;;;;
;;42500;Marketing Research;202610;Fall 2025;002;28704;Britton, Erin S.;54.5%;;;;30.3%;9.1%;;6.1%;;;;;;;;;;;;;;;;
;;42610;Brand Management;202610;Fall 2025;001;10174;Allred, Chad R.;25.5%;36.4%;;;10.9%;3.6%;23.6%;;;;;;;;;;;;;;;;;
;;;;;;002;16564;Allred, Chad R.;13.7%;33.3%;;;17.6%;3.9%;27.5%;2.0%;;;;;;;;;;;;;;;2.0%;
;;42710;Digital Marketing Strategy;202610;Fall 2025;001;16573;Lee, Jinsuh;10.2%;28.6%;2.0%;;18.4%;6.1%;32.7%;2.0%;;;;;;;;;;;;;;;;
;;;;;;002;16501;Lee, Jinsuh;4.0%;12.0%;4.0%;;20.0%;8.0%;32.0%;12.0%;;;;;;;4.0%;;;;;;;;4.0%;
;;42910;Marketing Practicum;202610;Fall 2025;001;12222;Allred, Chad R.;20.0%;32.0%;;;12.0%;;36.0%;;;;;;;;;;;;;;;;;
;;42930;Labor Relations;202610;Fall 2025;002;30053;Dworkin, James B.;16.7%;27.8%;;;50.0%;;;5.6%;;;;;;;;;;;;;;;;
;;;Labor Relations-Honors;202610;Fall 2025;002;30053;Dworkin, James B.;100.0%;;;;;;;;;;;;;;;;;;;;;;;
;;43000;Professional Selling;202610;Fall 2025;001;11819;Downey, Laura A.;72.5%;;;;21.6%;;;3.9%;;;;;;;;;;;;;;;2.0%;
;;43901;Real Estate Inv & Dev;202610;Fall 2025;001;17064;Eriksen, Michael D.;33.3%;2.8%;;;33.3%;11.1%;5.6%;5.6%;;5.6%;;;;;;;;;;;;;2.8%;
;;;Real Estate Inv & Dev-Honors;202610;Fall 2025;001;17064;Eriksen, Michael D.;;;;;100.0%;;;;;;;;;;;;;;;;;;;
;;43905;Real Est Ind Proj;202610;Fall 2025;003;33478;Stokes, Jeffrey R.;44.4%;33.3%;11.1%;;5.6%;;5.6%;;;;;;;;;;;;;;;;;
;;44301;Management Of Human Resources;202610;Fall 2025;001;10507;Williams, Henry E.;37.8%;37.8%;;;2.7%;2.7%;12.2%;2.7%;2.7%;1.4%;;;;;;;;;;;;;;
;;;;;;002;24452;Williams, Henry E.;44.0%;30.7%;;;5.3%;1.3%;13.3%;2.7%;1.3%;1.3%;;;;;;;;;;;;;;
;;;;;;003;12235;Williams, Henry E.;25.4%;26.8%;;;8.5%;15.5%;15.5%;2.8%;;2.8%;;;;;;;;;;;;;2.8%;
;;;Mgmt Of Human Res-Honors;202610;Fall 2025;001;10507;Williams, Henry E.;;100.0%;;;;;;;;;;;;;;;;;;;;;;
;;44362;Ldrship In Chng World-Honors;202610;Fall 2025;002;27217;Wilson, Kelly S.;50.0%;;;;50.0%;;;;;;;;;;;;;;;;;;;
;;;Leadership In A Changing World;202610;Fall 2025;001;19679;Munoz, Joel;35.1%;35.1%;2.7%;;10.8%;5.4%;2.7%;2.7%;;;;;;;5.4%;;;;;;;;;
;;;;;;002;27217;Wilson, Kelly S.;8.1%;27.0%;;;21.6%;;37.8%;;;5.4%;;;;;;;;;;;;;;
;;44428;Human Resources Mgmt;202610;Fall 2025;001;21310;Munoz, Joel;13.8%;20.7%;6.9%;;27.6%;;24.1%;;;;;3.4%;;;3.4%;;;;;;;;;
;;;;;;002;12242;Munoz, Joel;16.3%;18.6%;7.0%;;18.6%;4.7%;25.6%;4.7%;;;;;2.3%;;2.3%;;;;;;;;;
;;;Human Resources Mgmt-Honors;202610;Fall 2025;001;21310;Munoz, Joel;;100.0%;;;;;;;;;;;;;;;;;;;;;;
;;44430;Staffing: Talent Acquisition;202610;Fall 2025;001;18656;Schneider, Natalie M.;10.5%;28.9%;;;26.3%;7.9%;23.7%;;;;2.6%;;;;;;;;;;;;;
;;44670;Great Leaders Book Club;202610;Fall 2025;002;27572;Alge, Bradley J.;100.0%;;;;;;;;;;;;;;;;;;;;;;;
;;;Great Leaders Book Club-Honors;202610;Fall 2025;002;27572;Alge, Bradley J.;100.0%;;;;;;;;;;;;;;;;;;;;;;;
;;44672;A Trnsfrm Jrny To Gettysburg;202610;Fall 2025;001;27325;Alge, Bradley J.;91.7%;;;;;;;;;;;;;;;8.3%;;;;;;;;
;;44690;Negotiation & Decision Making;202610;Fall 2025;001;15419;Nielsen, Jordan D.;34.2%;18.4%;10.5%;;15.8%;;18.4%;2.6%;;;;;;;;;;;;;;;;
;;;;;;002;24462;Nielsen, Jordan D.;26.3%;28.9%;5.3%;;18.4%;5.3%;13.2%;;;;;;;;;;;;;;;;2.6%;
;;44710;Competitive Strategy;202610;Fall 2025;001;23925;Chiu, Wan Ting;;22.2%;30.6%;;19.4%;2.8%;19.4%;;;;;;;;5.6%;;;;;;;;;
;;44810;Technology Strategy;202610;Fall 2025;001;24478;Bisui, Sandip;13.0%;27.8%;3.7%;;7.4%;7.4%;33.3%;;;5.6%;;;;;;;;;;;;;1.9%;
;;45200;Manufact Strat & Process Innov;202610;Fall 2025;001;13470;Brush, Thomas H.;20.0%;15.0%;;;35.0%;10.0%;20.0%;;;;;;;;;;;;;;;;;
;;45500;Legal Bkgrnd Bus I;202610;Fall 2025;001;23841;Harper, Cecelia M.;12.2%;17.0%;17.0%;;12.2%;8.8%;17.7%;2.7%;0.7%;4.1%;1.4%;0.7%;;;;;;;;;;;5.4%;
;;;;;;002;23840;Gavia, Miltina A.;23.5%;12.1%;;;14.1%;14.8%;24.8%;4.0%;0.7%;5.4%;;;;;;;;;;;;;0.7%;
;;;Legal Bkgrnd Bus I-Honors;202610;Fall 2025;001;23841;Harper, Cecelia M.;;;;;;;100.0%;;;;;;;;;;;;;;;;;
;;45900;International Mangemnt;202610;Fall 2025;001;24719;Chiu, Wan Ting;;34.5%;21.8%;;7.3%;3.6%;10.9%;10.9%;3.6%;5.5%;;;;;1.8%;;;;;;;;;
;;;;;;002;12249;Chiu, Wan Ting;;18.9%;22.6%;;9.4%;3.8%;28.3%;5.7%;3.8%;3.8%;;;;;1.9%;;;;;;;;1.9%;
;;;International Mangemnt-Honors;202610;Fall 2025;002;12249;Chiu, Wan Ting;;;100.0%;;;;;;;;;;;;;;;;;;;;;
;;46200;Adv Mfg Plan/Cntrl Sys;202610;Fall 2025;002;25313;Madan, Manohar S.;42.9%;19.0%;;;9.5%;9.5%;;9.5%;;;;;;;;;;;;;;;9.5%;
;;46300;Supply Chain Analytics;202610;Fall 2025;001;12250;Madan, Manohar S.;27.7%;25.5%;;;19.1%;10.6%;14.9%;;2.1%;;;;;;;;;;;;;;;
;;46400;Logistics: Concepts & Models;202610;Fall 2025;001;21069;Senicheva, Olga R.;6.8%;18.2%;6.8%;;13.6%;6.8%;36.4%;2.3%;4.5%;2.3%;;;;;;;;;;;;;2.3%;
;;;Logistics:Concepts&Mdls-Honors;202610;Fall 2025;001;21069;Senicheva, Olga R.;;;;;;;100.0%;;;;;;;;;;;;;;;;;
;;46501;Strategic Src & Proc Ops Anlyt;202610;Fall 2025;001;17063;Pang, Zhan;5.5%;21.8%;;;12.7%;16.4%;23.6%;1.8%;1.8%;12.7%;;;;;;;;;;;;;3.6%;
;;46600;Project Management;202610;Fall 2025;001;12256;Senicheva, Olga R.;23.5%;9.8%;;;17.6%;5.9%;33.3%;;;7.8%;;2.0%;;;;;;;;;;;;
;;46700;Big Data & Cloud Computing;202610;Fall 2025;003;33260;Chaturvedi, Alok R.;13.6%;54.5%;;;11.4%;;13.6%;;;6.8%;;;;;;;;;;;;;;
;;46900;Sup Chain & Ops Anlyt Consult;202610;Fall 2025;001;18173;Pang, Zhan;25.0%;12.5%;16.7%;;4.2%;16.7%;8.3%;4.2%;8.3%;4.2%;;;;;;;;;;;;;;
;;47200;Adv Spreadsheet Mod & Sim;202610;Fall 2025;001;24543;Mercado Velasco, Gary;26.4%;47.2%;7.5%;;1.9%;1.9%;13.2%;;;1.9%;;;;;;;;;;;;;;
;;;;;;002;26242;Mercado Velasco, Gary;34.5%;21.8%;9.1%;;9.1%;1.8%;14.5%;5.5%;;1.8%;1.8%;;;;;;;;;;;;;
;;;;;;003;23926;Jaiswal, Prateek;23.6%;5.5%;5.5%;;23.6%;3.6%;12.7%;5.5%;;12.7%;;;;;1.8%;;;;;;;;5.5%;
;;;;;;004;12260;Jaiswal, Prateek;19.2%;1.9%;5.8%;;17.3%;13.5%;11.5%;3.8%;1.9%;25.0%;;;;;;;;;;;;;;
;;47300;Data Mining;202610;Fall 2025;001;19963;Gonzalez Espinosa, Juan Ignacio;18.2%;27.3%;30.3%;;12.1%;;12.1%;;;;;;;;;;;;;;;;;
;;;;;;002;19964;Gonzalez Espinosa, Juan Ignacio;16.3%;51.0%;12.2%;;6.1%;;14.3%;;;;;;;;;;;;;;;;;
;;;;;;003;23759;Gonzalez Espinosa, Juan Ignacio;18.4%;20.4%;53.1%;;;;4.1%;;2.0%;;;;;;;;;;;;;;2.0%;
;;;;;;004;12270;Zhu, Zhiwei;16.2%;13.5%;;;8.1%;13.5%;18.9%;2.7%;2.7%;8.1%;5.4%;;;;;;;;;;;;10.8%;
;;47400;Predictive Analytics;202610;Fall 2025;001;19681;Cordeiro Moreira, Davi;22.4%;24.5%;10.2%;;12.2%;2.0%;26.5%;;;;;;;;;;;;;;;;2.0%;
;;;;;;002;19682;Cordeiro Moreira, Davi;14.3%;26.5%;14.3%;;8.2%;2.0%;34.7%;;;;;;;;;;;;;;;;;
;;;;;;003;12273;Cordeiro Moreira, Davi;9.4%;28.1%;34.4%;;3.1%;;25.0%;;;;;;;;;;;;;;;;;
;;47800;Experiential Proj In Analytics;202610;Fall 2025;001;23931;Wang, Xing;25.0%;20.8%;41.7%;;8.3%;;4.2%;;;;;;;;;;;;;;;;;
;;47900;Data Visualization;202610;Fall 2025;001;17088;Ferdousi, Bushra;6.1%;24.5%;6.1%;;18.4%;6.1%;28.6%;4.1%;;4.1%;;;;;;;;;;;;;2.0%;
;;48400;Mgmt Entrepreneurial Ventures;202610;Fall 2025;001;23855;Chakravarty, Sugato;31.8%;4.5%;;;22.7%;4.5%;27.3%;;;4.5%;;;;;;;;;;;;;4.5%;
;;;;;;002;12274;Lynall, Matthew D.;23.3%;23.3%;;;10.0%;3.3%;26.7%;;3.3%;;;;;;;;;;;;;;10.0%;
;;48800;Data-Driven Digital Markets;202610;Fall 2025;001;19684;Moehring, Alex V.;14.3%;26.5%;8.2%;;10.2%;6.1%;28.6%;2.0%;;4.1%;;;;;;;;;;;;;;
;;;;;;002;23875;Moehring, Alex V.;16.7%;18.8%;4.2%;;20.8%;6.3%;18.8%;6.3%;;4.2%;;;;;;;;;;;;;4.2%;
;;49200;Intellectl Prop Mgmt-Honors;202610;Fall 2025;002;18476;Putman, Cara C.;;;;;100.0%;;;;;;;;;;;;;;;;;;;
;;;;;;003;29177;Lemper, Tim;100.0%;;;;;;;;;;;;;;;;;;;;;;;
;;;Intellectual Property Mgmt;202610;Fall 2025;001;18475;Putman, Cara C.;5.0%;25.0%;;;35.0%;15.0%;5.0%;5.0%;5.0%;5.0%;;;;;;;;;;;;;;
;;;;;;002;18476;Putman, Cara C.;7.7%;5.1%;2.6%;;28.2%;17.9%;20.5%;2.6%;2.6%;12.8%;;;;;;;;;;;;;;
;;;;;;003;29177;Lemper, Tim;16.7%;8.3%;;;33.3%;12.5%;25.0%;;;;;;;;4.2%;;;;;;;;;
;;49300;Storytelling With Data;202610;Fall 2025;001;31105;Pruim, Douglas E.;22.9%;42.9%;;;11.4%;;14.3%;2.9%;2.9%;2.9%;;;;;;;;;;;;;;
;;;;;;002;31265;Pruim, Douglas E.;2.9%;25.7%;5.7%;;11.4%;11.4%;22.9%;5.7%;2.9%;8.6%;;;2.9%;;;;;;;;;;;
;;50300;Advanced Accounting;202610;Fall 2025;001;69524;Kregar, Michael;12.5%;20.8%;;;8.3%;14.6%;20.8%;;8.3%;10.4%;;;;;;;;;;;;;4.2%;
;;;;;;002;16749;Kregar, Michael;12.5%;8.3%;;;;8.3%;33.3%;12.5%;8.3%;16.7%;;;;;;;;;;;;;;
;;50400;Tax Accounting;202610;Fall 2025;001;23868;Eagan, John T.;28.6%;8.2%;38.8%;;8.2%;2.0%;8.2%;;;4.1%;;;2.0%;;;;;;;;;;;
;;;;;;002;19737;Eagan, John T.;18.5%;18.5%;22.2%;;9.3%;3.7%;14.8%;1.9%;;1.9%;;;1.9%;;1.9%;1.9%;;;;;;;3.7%;
;;50500;Mgmt Accounting II;202610;Fall 2025;001;18121;Atanasov, Tyler D.;18.2%;10.9%;1.8%;;14.5%;10.9%;7.3%;14.5%;10.9%;7.3%;;;;;1.8%;;;;;;;;1.8%;
;;;;;;002;18118;Atanasov, Tyler D.;14.5%;10.9%;3.6%;;10.9%;14.5%;16.4%;12.7%;5.5%;9.1%;;;;;1.8%;;;;;;;;;
;;;;;;003;21422;Atanasov, Tyler D.;19.0%;7.1%;9.5%;;23.8%;9.5%;16.7%;4.8%;4.8%;2.4%;;;;;2.4%;;;;;;;;;
;;50600;Auditing;202610;Fall 2025;001;69535;Janes, Troy D.;11.1%;5.6%;11.1%;;13.9%;13.9%;11.1%;5.6%;;5.6%;2.8%;2.8%;;;11.1%;;;;;;;;5.6%;
;;;;;;002;23871;Janes, Troy D.;12.7%;20.0%;7.3%;;10.9%;12.7%;12.7%;5.5%;5.5%;3.6%;;;7.3%;;1.8%;;;;;;;;;
;;50900;International Accountg;202610;Fall 2025;001;13395;Kregar, Michael;27.6%;24.1%;;;3.4%;3.4%;27.6%;3.4%;;6.9%;;;;;3.4%;;;;;;;;;
;;52100;Brand Management;202610;Fall 2025;001;16459;Nowak, Daniel P.;21.3%;23.4%;;;29.8%;2.1%;21.3%;2.1%;;;;;;;;;;;;;;;;
;;52200;New Product Development;202610;Fall 2025;001;13469;Sisodia, Ankit;15.6%;25.0%;;;18.8%;;37.5%;;;3.1%;;;;;;;;;;;;;;
;;52300;Digital Marketing Strategy;202610;Fall 2025;001;19003;Liu, Qiang;11.8%;20.6%;5.9%;;20.6%;;41.2%;;;;;;;;;;;;;;;;;
;;52500;Marketing Analytics;202610;Fall 2025;002;23944;Dai, Weijia;20.0%;6.7%;;;31.1%;11.1%;31.1%;;;;;;;;;;;;;;;;;
;;52610;Data And AI-Driven Marketing;202610;Fall 2025;001;13865;Huang, Guofang;21.7%;17.4%;;;6.5%;;50.0%;;;;;;;;;;;;;;;;4.3%;
;;53100;Gov/Not-For-Profit Accounting;202610;Fall 2025;001;16191;Sorensen, R S.;22.0%;17.1%;9.8%;;24.4%;7.3%;14.6%;4.9%;;;;;;;;;;;;;;;;
;;;;;;002;12278;Sorensen, R S.;27.8%;11.1%;;;33.3%;5.6%;11.1%;11.1%;;;;;;;;;;;;;;;;
;;53600;Emplymt & Dvrsty Law For Mgrs;202610;Fall 2025;001;25373;Ficht, Linda S.;9.5%;33.3%;4.8%;;38.1%;;14.3%;;;;;;;;;;;;;;;;;
;;53900;Anlytcs Soc Media Mktg;202610;Fall 2025;001;22920;Lee, Jinsuh;14.7%;35.3%;2.9%;;14.7%;2.9%;23.5%;;;5.9%;;;;;;;;;;;;;;
;;54400;Database Mgmt Systems;202610;Fall 2025;001;52590;Ferdousi, Bushra;7.3%;22.0%;14.6%;;17.1%;7.3%;19.5%;;2.4%;4.9%;2.4%;;;;;;;;;;;;2.4%;
;;;;;;002;24933;Ferdousi, Bushra;6.1%;22.4%;28.6%;;12.2%;2.0%;8.2%;12.2%;2.0%;6.1%;;;;;;;;;;;;;;
;;56000;Manufact Plan & Contrl;202610;Fall 2025;001;12279;Gunay, Elif E.;46.7%;15.6%;13.3%;;8.9%;4.4%;4.4%;;4.4%;2.2%;;;;;;;;;;;;;;
;;56100;Logistics;202610;Fall 2025;001;13871;Pang, Zhan;23.3%;13.3%;;;6.7%;13.3%;36.7%;3.3%;;;;;;;;;;;;;;;3.3%;
;;56200;Project Management;202610;Fall 2025;001;54877;Lu, Mengshi;36.0%;20.0%;;;32.0%;;8.0%;;;;;;;;;;;;;;;;4.0%;
;;;;;;005;25312;Lu, Mengshi;19.1%;25.5%;;;23.4%;;27.7%;;;;;;;;;;;;;;;;4.3%;
;;56500;Strat Sourcing & Procurement;202610;Fall 2025;001;63416;Feng, Qi;10.8%;18.9%;;;24.3%;10.8%;32.4%;;;;;;;;;;;;;;;;2.7%;
;;56600;Global Supply Chain Management;202610;Fall 2025;001;63426;David, Amy B.;19.1%;6.4%;;;19.1%;42.6%;12.8%;;;;;;;;;;;;;;;;;
;;57100;Data Mining;202610;Fall 2025;B01;16681;Sun, Wei;29.2%;8.3%;4.2%;;25.0%;14.6%;18.8%;;;;;;;;;;;;;;;;;
;;;;;;B02;18819;Sun, Wei;22.9%;10.4%;16.7%;;22.9%;6.3%;20.8%;;;;;;;;;;;;;;;;;
;;57500;Supply Chain Technology;202610;Fall 2025;001;30826;David, Amy B.;14.3%;34.3%;;;2.9%;5.7%;40.0%;;;;;;;;;;;;;;;;2.9%;
;;58200;Mgmt Of Orgnizatn Data;202610;Fall 2025;B01;23370;Elliott, Robert E.;11.7%;40.0%;;;15.0%;11.7%;18.3%;;;3.3%;;;;;;;;;;;;;;
;;;;;;B02;23376;Elliott, Robert E.;10.2%;10.2%;;;42.9%;12.2%;16.3%;2.0%;;2.0%;;;;;;;;;;;;;4.1%;
;;58600;Python Programming;202610;Fall 2025;002;23338;Khan, Shoaib A.;18.8%;18.8%;;;16.7%;12.5%;31.3%;;;2.1%;;;;;;;;;;;;;;
;;59000;Advanced Database;202610;Fall 2025;116;13219;Elliott, Robert E.;11.7%;20.0%;;;35.0%;8.3%;23.3%;;;1.7%;;;;;;;;;;;;;;
;;;Cloud Computing I;202610;Fall 2025;106;21541;Elliott, Robert E.;79.5%;4.5%;;;6.8%;;2.3%;2.3%;;2.3%;;;;;;;;;;;;;2.3%;
;;;;;;127;31252;Elliott, Robert E.;76.9%;12.8%;;;5.1%;;2.6%;;;2.6%;;;;;;;;;;;;;;
;;;Computational Bus Intelligence;202610;Fall 2025;124;30160;Rahman, Mohammad S.;14.3%;8.6%;14.3%;;31.4%;8.6%;20.0%;;;2.9%;;;;;;;;;;;;;;
;;;DevOps And Tech Solutions;202610;Fall 2025;119;25461;Elliott, Robert E.;14.9%;29.8%;;;25.5%;;21.3%;2.1%;;;;;;;2.1%;;;;;;;;4.3%;
;;;Exec Presence And Influence;202610;Fall 2025;104;21458;Stef-Praun, Ana-Maria L.;45.0%;50.0%;;;;;;;;;;;;;;;;;;;;;5.0%;
;;;Student Managed Venture Fund;202610;Fall 2025;121;12287;D'Almeida, Fabricio R.;50.0%;29.2%;;;4.2%;;8.3%;4.2%;;;;;;;;;;;;;;;4.2%;
;;;Visual Analytics;202610;Fall 2025;052;23593;Ying, Yat Ling;25.4%;16.9%;18.6%;;6.8%;1.7%;25.4%;;;1.7%;;;;;;;;;;;;;3.4%;
;;;;;;067;24625;Ying, Yat Ling;33.3%;;40.0%;;16.7%;;6.7%;;;;;;;;;;;;;;;;3.3%;
;;;Web Data Analytics;202610;Fall 2025;123;30104;Rahman, Mohammad S.;25.0%;18.8%;6.3%;;6.3%;6.3%;25.0%;6.3%;;;;;;;6.3%;;;;;;;;;
;;59100;Launching Global Leaders;202610;Fall 2025;001;20891;Chupp, Brian K.;;;;;;;;;;;;;;;;;;;;100.0%;;;;
;;59699;MS Internship;202610;Fall 2025;001;16233;Luebbe, Christopher T.;;;;;;;;;;;;;;;;;;;;100.0%;;;;
;;60000;Accounting For Managers;202610;Fall 2025;001;28820;Koharki, Kevin J.;2.0%;44.0%;;;12.0%;8.0%;32.0%;;;;;;;;;;;;;;;;2.0%;
;;60200;Valuation And Fin State Anly;202610;Fall 2025;001;23648;Koharki, Kevin J.;;9.1%;;;27.3%;;59.1%;;;;;;;;4.5%;;;;;;;;;
;;61000;Financial Management;202610;Fall 2025;006;26197;Boquist, Alexander W.;14.3%;16.3%;;;40.8%;;28.6%;;;;;;;;;;;;;;;;;
;;61100;Advanced Corporate Finance;202610;Fall 2025;001;27316;Yatsenko, Valeriia;34.8%;21.7%;;;34.8%;;4.3%;4.3%;;;;;;;;;;;;;;;;
;;62000;Marketing Management;202610;Fall 2025;003;26196;Nowak, Daniel P.;19.6%;23.5%;;;39.2%;2.0%;9.8%;;;3.9%;;;;;;;;;;;;;2.0%;
;;62500;Marketing Research;202610;Fall 2025;001;22516;Lee, Jinsuh;17.1%;45.7%;2.9%;;8.6%;5.7%;17.1%;;;;;;;;;;;;;;;;2.9%;
;;63150;Accounting For Private Equity;202610;Fall 2025;001;13925;Wright, Bryan J.;53.3%;;;;46.7%;;;;;;;;;;;;;;;;;;;
;;63250;Adv International Accounting;202610;Fall 2025;001;13394;Kregar, Michael;36.4%;9.1%;;;18.2%;18.2%;18.2%;;;;;;;;;;;;;;;;;
;;63400;Business Law For Accountants;202610;Fall 2025;001;21854;Harper, Cecelia M.;38.3%;28.3%;;;13.3%;8.3%;11.7%;;;;;;;;;;;;;;;;;
;;63450;FSA & Valuation;202610;Fall 2025;002;27308;Koharki, Kevin J.;;35.3%;;;17.6%;5.9%;41.2%;;;;;;;;;;;;;;;;;
;;;;;;003;27566;Koharki, Kevin J.;17.2%;48.3%;;;24.1%;3.4%;6.9%;;;;;;;;;;;;;;;;;
;;64100;Options And Futures;202610;Fall 2025;052;14696;Boquist, Alexander W.;23.5%;23.5%;;;29.4%;;23.5%;;;;;;;;;;;;;;;;;
;;64200;Portfolio Management;202610;Fall 2025;001;14947;Gulen, Huseyin;28.6%;20.0%;;;25.7%;;22.9%;;;;;;;;;;;;;;;;2.9%;
;;64400;Vnture Captl&Invst Bnk;202610;Fall 2025;001;13991;D'Almeida, Fabricio R.;19.0%;38.1%;4.8%;;19.0%;;19.0%;;;;;;;;;;;;;;;;;
;;64500;Merger,Acquis&Crp Cntl;202610;Fall 2025;001;24741;Chernenko, Sergiy;4.8%;33.3%;4.8%;;19.0%;;38.1%;;;;;;;;;;;;;;;;;
;;65000;Strategic Management I;202610;Fall 2025;001;13410;Reuer, Jeffrey J.;12.0%;32.0%;;;20.0%;;16.0%;;;;;;;;4.0%;;;;;;;;16.0%;
;;65330;HR Strategy;202610;Fall 2025;001;21414;Chupp, Brian K.;25.0%;21.4%;;;17.9%;3.6%;28.6%;;;;;;;;;3.6%;;;;;;;;
;;65350;Staffing Systems;202610;Fall 2025;001;28768;Campion, Michael A.;15.0%;25.0%;;;30.0%;;30.0%;;;;;;;;;;;;;;;;;
;;65420;Leadership;202610;Fall 2025;001;24770;Wilson, Kelly S.;7.5%;22.5%;2.5%;;35.0%;;32.5%;;;;;;;;;;;;;;;;;
;;65430;Negotiatns In Organztn;202610;Fall 2025;001;29564;Schoorman, F D.;14.3%;19.0%;;;33.3%;;23.8%;;;;;;;;;;;;;;;;9.5%;
;;65440;Change Management;202610;Fall 2025;001;12288;Dunford, Benjamin B.;16.7%;14.3%;2.4%;;21.4%;2.4%;40.5%;;;;;;;;;;;;;;;;2.4%;
;;65450;Human Capital Consulting;202610;Fall 2025;001;13404;Alge, Bradley J.;100.0%;;;;;;;;;;;;;;;;;;;;;;;
;;65460;Talent Acquisition;202610;Fall 2025;001;28771;Campion, Michael A.;15.4%;20.5%;;;30.8%;;25.6%;;;;;;;;;2.6%;;;;;;;5.1%;
;;65470;Talent Management;202610;Fall 2025;001;26997;Schneider, Natalie M.;32.1%;10.7%;;;10.7%;10.7%;25.0%;;;3.6%;;3.6%;3.6%;;;;;;;;;;;
;;65810;Corp Consulting Experiential;202610;Fall 2025;001;12312;Burr, John F.;91.3%;8.7%;;;;;;;;;;;;;;;;;;;;;;
;;66000;Intro To Operations Management;202610;Fall 2025;005;22911;Lu, Mengshi;19.1%;23.4%;;;29.8%;4.3%;23.4%;;;;;;;;;;;;;;;;;
;;66100;Mgmt Operat Systems;202610;Fall 2025;001;48279;David, Amy B.;50.0%;29.4%;;;2.9%;;8.8%;2.9%;;2.9%;;;;;;;;;;;;;2.9%;
;;67000;Business Analytics;202610;Fall 2025;005;27289;Nguyen, Thanh T.;7.9%;10.5%;;2.6%;26.3%;7.9%;39.5%;2.6%;;2.6%;;;;;;;;;;;;;;
;;;;;;006;29817;Nguyen, Thanh T.;20.4%;8.2%;;;26.5%;12.2%;28.6%;2.0%;;;;;;;;;;;;;;;2.0%;
;;;;;;B07;23347;Sun, Wei;26.7%;8.3%;10.0%;;28.3%;16.7%;8.3%;1.7%;;;;;;;;;;;;;;;;
;;68000;Economic Analysis Of Tech Mkts;202610;Fall 2025;001;25508;Mazur, Lawrence J.;16.2%;16.2%;5.4%;;13.5%;2.7%;29.7%;;;13.5%;;;;;;;;;;;;;2.7%;
;;68200;Digital Product Design;202610;Fall 2025;002;33012;Moehring, Alex V.;52.5%;10.2%;;;18.6%;1.7%;15.3%;;;;;;;;1.7%;;;;;;;;;
;;68300;Technology-Driven Business;202610;Fall 2025;002;31239;Hu, Yu J.;21.3%;36.2%;4.3%;;12.8%;10.6%;14.9%;;;;;;;;;;;;;;;;;
;;;;;;MBT;23952;Hu, Yu J.;1.7%;67.2%;1.7%;;8.6%;3.4%;13.8%;1.7%;;;1.7%;;;;;;;;;;;;;
;;68800;Devel Globl Bus Strat;202610;Fall 2025;003;22966;Chiu, Wan Ting;;26.5%;23.5%;;8.8%;14.7%;17.6%;;2.9%;;;;;;;;;;;;;;5.9%;
;;69000;Financial Anlytcs With Python;202610;Fall 2025;106;27638;Baeza, Phillip G.;13.6%;27.3%;4.5%;;18.2%;4.5%;31.8%;;;;;;;;;;;;;;;;;
;;;Fintech;202610;Fall 2025;107;27904;Yavuz, Mehmet D.;31.4%;14.3%;;;31.4%;2.9%;20.0%;;;;;;;;;;;;;;;;;
;;;Forensic Acct And Fraud Exam;202610;Fall 2025;104;27004;Janes, Troy D.;34.4%;25.0%;;;18.8%;;21.9%;;;;;;;;;;;;;;;;;
;;;;;;138;26828;Janes, Troy D.;29.6%;51.9%;;;3.7%;;14.8%;;;;;;;;;;;;;;;;;
;;;Industrial Experience Prep;202610;Fall 2025;144;29349;Bosso, Michelle A.;68.8%;9.4%;;;6.3%;3.1%;9.4%;;3.1%;;;;;;;;;;;;;;;
;;;PhD Communication Skills;202610;Fall 2025;078;26119;Roberson, Kasie M.;16.7%;50.0%;;;;;25.0%;;;;;;;;;;;;;;;;8.3%;
;;;Storytelling With Data;202610;Fall 2025;123;16979;Pruim, Douglas E.;14.8%;37.0%;22.2%;;7.4%;;14.8%;3.7%;;;;;;;;;;;;;;;;
MSE;MSE-Materials Engineering;19000;Intr To Materials Engr;202610;Fall 2025;001;14788;Martinez, Carlos J.;71.4%;;;;14.3%;7.1%;;;;;;;;;;;;;;;;;7.1%;
;;23000;Struc & Prop Of Mat;202610;Fall 2025;001;15974;Trice, Rodney W.;25.2%;;;;41.4%;;1.8%;22.5%;6.3%;1.8%;0.9%;;;;;;;;;;;;;
;;;;;;012;16738;Marinero-Caceres, Esteban E.;20.7%;;;;44.6%;;0.8%;21.5%;5.8%;0.8%;0.8%;0.8%;1.7%;;;;;;;;;;2.5%;
;;;;;;013;20354;Marinero-Caceres, Esteban E.;22.9%;;0.6%;;40.6%;0.6%;2.4%;20.0%;4.7%;2.9%;2.9%;;1.8%;;;;;;;;;;0.6%;
;;23500;2nd Year Mat Engineering Lab;202610;Fall 2025;001;15646;Heichel, Danielle L.;46.0%;14.0%;18.0%;;2.0%;2.0%;6.0%;2.0%;;;;;;;4.0%;2.0%;;;;;;;4.0%;
;;25000;Physical Prop In Engr Systems;202610;Fall 2025;001;15981;Titus, Michael S.;8.8%;12.3%;1.8%;;5.3%;19.3%;15.8%;3.5%;8.8%;8.8%;5.3%;5.3%;1.8%;;3.5%;;;;;;;;;
;;26000;Thermodynamics Of Materials;202610;Fall 2025;001;14262;Sandhage, Kenneth H.;17.0%;8.5%;8.5%;;6.4%;19.1%;17.0%;6.4%;8.5%;;2.1%;;2.1%;;;;;;;;;;4.3%;
;;27000;Atomistic Materials Science;202610;Fall 2025;001;15983;Islam, Raisul;14.3%;20.0%;;;11.4%;25.7%;20.0%;;;2.9%;;;;;;;;;;;;;5.7%;
;;33500;Mat Character Lab;202610;Fall 2025;001;24077;Okuniewski, Maria A.;16.7%;16.7%;5.6%;;19.4%;5.6%;16.7%;8.3%;2.8%;5.6%;;;2.8%;;;;;;;;;;;
;;34000;Transport Phenomena;202610;Fall 2025;001;24080;Garcia, R Edwin;18.8%;;14.6%;;25.0%;6.3%;20.8%;4.2%;;2.1%;2.1%;;;;2.1%;;;;;;;;4.2%;
;;36700;Materials Process Lab;202610;Fall 2025;001;19770;Heichel, Danielle L.;33.3%;;;;38.9%;;16.7%;2.8%;;5.6%;;;;;2.8%;;;;;;;;;
;;37000;Elec Opt Mag Prop Mat;202610;Fall 2025;001;24081;Mannodi Kanakkithodi, Arun Kumar;30.9%;;8.6%;;21.0%;;24.7%;9.9%;2.5%;1.2%;;;;;;;;;;;;;1.2%;
;;39000;Materials Engr Seminar;202610;Fall 2025;001;24082;Johnson, David R.;;;;;;;;;;;;;;;;;;;;91.9%;;8.1%;;
;;;;;;OL1;22524;Johnson, David R.;;;;;;;;;;;;;;;;;;;;89.2%;;9.8%;1.0%;
;;42000;Struct & Prop Of Organic Matls;202610;Fall 2025;001;16525;Erk, Kendra A.;34.1%;12.9%;;;12.9%;16.5%;12.9%;2.4%;1.2%;3.5%;3.5%;;;;;;;;;;;;;
;;43000;Mat Process Design I;202610;Fall 2025;001;24086;Gildemeister, David R.;15.8%;44.7%;2.6%;;13.2%;2.6%;18.4%;;;2.6%;;;;;;;;;;;;;;
;;44500;Matls Engr Sys Anlys & Design;202610;Fall 2025;001;37268;Slamovich, Elliott B.;25.3%;25.3%;;;24.1%;6.3%;17.7%;;;1.3%;;;;;;;;;;;;;;
;;49900;Independent Research;202610;Fall 2025;001;24114;Johnson, David R.;81.8%;;4.5%;;;;9.1%;;;;;;;;;;;;;;;;4.5%;
;;;;;;002;24116;Johnson, David R.;75.0%;12.5%;8.3%;;;;;;;;;;;;;4.2%;;;;;;;;
;;50800;Phase Transform Solids;202610;Fall 2025;002;31473;El-Azab, Anter A.;40.0%;26.7%;6.7%;6.7%;;;6.7%;;;;;;;;;;;;;;;;13.3%;
;;51200;Powder Processing;202610;Fall 2025;001;25895;Mort, Paul R.;16.7%;30.0%;3.3%;3.3%;13.3%;;23.3%;3.3%;;;;;;;;;;;;;;;6.7%;
;;51800;Failure Analysis;202610;Fall 2025;001;25856;Trumble, Kevin P.;22.0%;22.0%;12.2%;2.4%;12.2%;14.6%;9.8%;;;4.9%;;;;;;;;;;;;;;
;;52000;Steel And Aluminum Alloys;202610;Fall 2025;001;15180;Gildemeister, David R.;26.3%;26.3%;;5.3%;10.5%;10.5%;5.3%;;5.3%;5.3%;;;;;5.3%;;;;;;;;;
;;52400;Mechanical Behavior Of Polymer;202610;Fall 2025;001;25857;Howarter, John A.;15.0%;20.0%;;;30.0%;;35.0%;;;;;;;;;;;;;;;;;
;;53100;Quant Anly Microstruct;202610;Fall 2025;001;48316;Barui, Amit Kumar;57.9%;;5.3%;;5.3%;;26.3%;;;5.3%;;;;;;;;;;;;;;
;;54700;Intro Surface Science;202610;Fall 2025;001;14132;Youngblood, Jeffrey P.;12.0%;24.0%;12.0%;;4.0%;16.0%;24.0%;;;;;;4.0%;;;;;;;;;;4.0%;
;;54800;Deposition Films/Coat;202610;Fall 2025;001;28872;Wang, Haiyan;22.9%;10.4%;66.7%;;;;;;;;;;;;;;;;;;;;;
;;57400;Sports Engineering And Entrepr;202610;Fall 2025;003;29769;Mansson, Jan-Anders E.;36.8%;26.3%;15.8%;;;;21.1%;;;;;;;;;;;;;;;;;
;;58600;Exp Char Adv Comp Mat;202610;Fall 2025;002;25067;Pipes, R. Byron;59.1%;;18.2%;;13.6%;;9.1%;;;;;;;;;;;;;;;;;
;;60000;Materials Engr Fundamentals;202610;Fall 2025;001;15177;Slamovich, Elliott B.;33.3%;21.1%;;1.8%;21.1%;;17.5%;;;;;;;;;;;;;;;;5.3%;
;;69000;Semnr Materials Engr;202610;Fall 2025;001;24127;Zhang, Xinghang;;;;;;;;;;;;;;;;;;;;97.3%;;2.7%;;
;;69900;Research PhD Thesis;202610;Fall 2025;010;24149;Martinez, Carlos J.;;;;;;;;;;;;;;;;;;;;100.0%;;;;
;;;;;;021;48317;Wang, Haiyan;;;;;;;;;;;;;;;;;;;;100.0%;;;;
;;;;;;043;20052;Zhang, Xinghang;;;;;;;;;;;;;;;;;;;;100.0%;;;;
MSL;MSL-Military Science & Ldrshp;10100;Introduction To The Army;202610;Fall 2025;006;36146;Churchill, Michael D.;15.4%;15.4%;69.2%;;;;;;;;;;;;;;;;;;;;;
;;;;;;009;36149;Churchill, Michael D.;41.2%;5.9%;47.1%;;;;;;;;5.9%;;;;;;;;;;;;;
;;;;;;010;17897;Churchill, Michael D.;16.7%;;66.7%;;;;;;;8.3%;;;;;;;;;;;;;8.3%;
;;20100;Leadership And Ethics;202610;Fall 2025;006;36151;Heslin, Paul E.;54.2%;4.2%;25.0%;;;;;;;;;;4.2%;;;;;;;;;;;12.5%
;;;;;;008;39411;Heslin, Paul E.;53.3%;13.3%;13.3%;;;;6.7%;;;;;;;;;;;;;;;;13.3%;
;;30100;Training Mgmt Warfight Functn;202610;Fall 2025;006;53145;Churchill, Michael D.;40.0%;33.3%;6.7%;;6.7%;;6.7%;;;;;;;;;;;;;;;;;6.7%
;;;;;;007;17198;Churchill, Michael D.;35.3%;29.4%;17.6%;;5.9%;;5.9%;;;;;;;;;;;;;;;;;5.9%
;;40100;The Army Officer;202610;Fall 2025;004;16787;Bashant, Amie;19.2%;3.8%;69.2%;;;;7.7%;;;;;;;;;;;;;;;;;
;;49000;Dir Study In Milt Sci;202610;Fall 2025;001;24175;Heslin, Paul E.;;;100.0%;;;;;;;;;;;;;;;;;;;;;
MUS;MUS-Music History & Theory;10100;Discovery Forum;202610;Fall 2025;001;24373;Bulow, Harry T.;;;;;;;;;;;;;;;;;;;;100.0%;;;;
;;11200;Fundamentals Of Music;202610;Fall 2025;001;24374;Reardon, Michael W.;13.6%;13.6%;36.4%;;18.2%;4.5%;9.1%;;;;;;;;;;;;;;;;4.5%;
;;13200;Music Theory I;202610;Fall 2025;001;24867;Bodine, Gerald B.;16.0%;16.0%;28.0%;;;4.0%;4.0%;;;8.0%;;;;;12.0%;;;;;;;;12.0%;
;;;;;;003;24878;Bodine, Gerald B.;13.8%;6.9%;31.0%;3.4%;6.9%;3.4%;6.9%;6.9%;;3.4%;;3.4%;;;;;;;;;;;13.8%;
;;;;;;004;24881;Yun, Yeon Ji;14.3%;25.0%;10.7%;;3.6%;;21.4%;;7.1%;10.7%;;;;;3.6%;;;;;;;;3.6%;
;;;;;;007;20143;Mccullough, Allen T.;14.8%;7.4%;7.4%;;18.5%;3.7%;3.7%;3.7%;;7.4%;3.7%;;;;3.7%;;;;;;;;25.9%;
;;;Music Theory I-Honors;202610;Fall 2025;001;24867;Bodine, Gerald B.;;;;;;100.0%;;;;;;;;;;;;;;;;;;
;;16100;Class Piano I;202610;Fall 2025;003;14819;Bulow, Ellen;33.3%;;;;33.3%;;;20.0%;;;;;;;;;;;;;;;13.3%;
;;;;;;004;14820;Bulow, Ellen;57.1%;;;;7.1%;;;7.1%;;;7.1%;;;;;;;7.1%;;;;;14.3%;
;;;;;;005;13721;Bulow, Ellen;69.2%;;;;7.7%;;;;;;;;;;;;;15.4%;;;;;7.7%;
;;;Class Piano I-Honors;202610;Fall 2025;005;13721;Bulow, Ellen;100.0%;;;;;;;;;;;;;;;;;;;;;;;
;;23200;Music Theory III;202610;Fall 2025;001;13870;Bulow, Harry T.;76.9%;;7.7%;;7.7%;;;7.7%;;;;;;;;;;;;;;;;
;;25000;Music Appreciation;202610;Fall 2025;005;13412;Monical, Dwight L.;75.8%;;;;18.2%;;;;;;3.0%;;;;3.0%;;;;;;;;;
;;;;;;006;26593;Monical, Dwight L.;61.7%;;;;17.0%;;;4.3%;;;;;;;2.1%;;;;;;;;14.9%;
;;;;;;007;26594;Yun, Yeon Ji;13.6%;11.4%;38.6%;2.3%;4.5%;6.8%;4.5%;4.5%;2.3%;;;;;;6.8%;;;4.5%;;;;;;
;;;;;;008;26595;Monical, Dwight L.;80.0%;;;;2.2%;;;2.2%;;;;;;;;;;2.2%;;;;;13.3%;
;;27000;Computer Skills In Music;202610;Fall 2025;001;15381;Taylor, Monte H.;14.3%;7.1%;28.6%;;;7.1%;14.3%;;7.1%;;7.1%;7.1%;;;7.1%;;;;;;;;;
;;;;;;002;24387;Taylor, Monte H.;6.7%;;80.0%;;6.7%;;;;;;;;;;;;;;;;;;6.7%;
;;32400;Teach Music Elem Schl;202610;Fall 2025;003;15145;Cayari, Christopher P.;32.0%;4.0%;28.0%;;12.0%;;;8.0%;4.0%;;;;;;8.0%;;;;;;;;4.0%;
;;;;;;004;15146;Cayari, Christopher P.;32.0%;;40.0%;;4.0%;;;8.0%;;;4.0%;;;;8.0%;;;;;;;;4.0%;
;;;;;;005;16685;Dubikovsky, Nadya Nadegda N.;75.0%;;;;;;;5.0%;;;5.0%;;;;5.0%;;;;;;;;10.0%;
;;;;;;006;16686;Dubikovsky, Nadya Nadegda N.;84.2%;;;;5.3%;;;5.3%;;;;;;;5.3%;;;;;;;;;
;;34100;Music Composition I;202610;Fall 2025;001;24606;Mccullough, Allen T.;33.3%;26.7%;20.0%;;6.7%;6.7%;;;6.7%;;;;;;;;;;;;;;;
;;35200;Studio Voice;202610;Fall 2025;001;13803;Anderson, Elizabeth R.;58.3%;;;;16.7%;;;;;8.3%;;;;;;;;;;;;;16.7%;
;;;;;;002;13804;Anderson, Elizabeth R.;50.0%;8.3%;;;8.3%;8.3%;8.3%;8.3%;8.3%;;;;;;;;;;;;;;;
;;37600;World Music;202610;Fall 2025;001;26768;Warden, Nolan M.;36.0%;16.0%;8.0%;;12.0%;4.0%;8.0%;4.0%;;8.0%;;;;;;;;;;;;;4.0%;
;;37800;Jazz History;202610;Fall 2025;002;14642;Cox, Drew M.;63.0%;7.4%;;;3.7%;;14.8%;;;3.7%;3.7%;;3.7%;;;;;;;;;;;
;;;;;;003;13743;Harris, Jarrard L.;40.0%;3.3%;53.3%;;;;;;;;;;;;3.3%;;;;;;;;;
;;38100;Music History I;202610;Fall 2025;001;25121;Cox, Drew M.;57.9%;15.8%;;;21.1%;;5.3%;;;;;;;;;;;;;;;;;
;;38300;Digital Audio Record & Prod I;202610;Fall 2025;001;24702;Taylor, Monte H.;5.6%;5.6%;77.8%;;;;11.1%;;;;;;;;;;;;;;;;;
;;49000;Studio Cello And Double Bass;202610;Fall 2025;006;26100;Yun, Yeon Ji;;;100.0%;;;;;;;;;;;;;;;;;;;;;
NRES;NRES-Natural Res & Environ Sci;12500;Environmental Scienc & Conserv;202610;Fall 2025;001;12189;Ruhl, Patrick J.;25.9%;11.1%;3.7%;;18.5%;7.4%;22.2%;;;7.4%;;;3.7%;;;;;;;;;;;
;;20000;Intro Environ Careers;202610;Fall 2025;001;21544;Shee, Christie N.;22.4%;8.6%;43.1%;;10.3%;3.4%;3.4%;5.2%;;;;;;;;;;;;;;;3.4%;
;;25500;Soil Science;202610;Fall 2025;047;21975;Paltseva, Anna A.;40.0%;;;;20.0%;;13.3%;13.3%;;6.7%;;;;;;;;;;;;;6.7%;
;;42000;Environment Internship Report;202610;Fall 2025;002;24792;Shee, Christie N.;25.0%;11.4%;52.3%;;2.3%;;;;;2.3%;;;;;;;;;;;;;6.8%;
;;;;;;003;21550;Shee, Christie N.;15.4%;7.7%;61.5%;;7.7%;;;;;;;;7.7%;;;;;;;;;;;
NS;NS-Naval Science;11000;Intro To Naval Science;202610;Fall 2025;001;24196;Calderon, Joshua A.;34.8%;8.7%;43.5%;;;;4.3%;;;;;;;;;;;;;;;;8.7%;
;;;;;;003;24198;Calderon, Joshua A.;22.2%;5.6%;72.2%;;;;;;;;;;;;;;;;;;;;;
;;20200;Naval Science Laboratory;202610;Fall 2025;001;42645;Calderon, Joshua A.;42.2%;23.9%;26.6%;;;0.9%;4.6%;;;;;;;;;;;;;;;;1.8%;
;;21400;Naval Leadership & Mgmt;202610;Fall 2025;001;24205;Hudson, Scott C.;40.9%;22.7%;31.8%;;;;4.5%;;;;;;;;;;;;;;;;;
;;;;;;002;24206;Hudson, Scott C.;47.8%;26.1%;26.1%;;;;;;;;;;;;;;;;;;;;;
;;;Naval Leadership & Mgmt-Honors;202610;Fall 2025;002;24206;Hudson, Scott C.;;;100.0%;;;;;;;;;;;;;;;;;;;;;
;;31100;Naval Operations & Seamanship;202610;Fall 2025;003;21147;Kraft, Alex M.;84.6%;15.4%;;;;;;;;;;;;;;;;;;;;;;
;;35000;Naval Ship Systems-Engineering;202610;Fall 2025;001;24208;Wood, Joseph D.;16.0%;24.0%;28.0%;;4.0%;4.0%;20.0%;;;;;;;;4.0%;;;;;;;;;
;;;;;;002;23961;Wood, Joseph D.;12.5%;4.2%;45.8%;;16.7%;4.2%;12.5%;;;;4.2%;;;;;;;;;;;;;
NUCL;NUCL-Nuclear Engineering;20000;Intro Nucl Engineering;202610;Fall 2025;001;24257;Garner, Allen L.;9.4%;13.3%;8.6%;;10.2%;5.5%;14.8%;3.1%;4.7%;7.0%;3.9%;1.6%;3.1%;;2.3%;;;;;;;;12.5%;
;;27300;Mechanics Of Materials;202610;Fall 2025;001;24258;Pantopoulou, Maria;15.4%;11.8%;13.2%;;15.4%;13.2%;11.0%;3.7%;3.7%;5.9%;;;1.5%;;1.5%;;;;;;;;3.7%;
;;29800;Sophomore Seminar;202610;Fall 2025;001;24259;Kim, Seungjin;;;;;;;;;;;;;;;;;;;;95.7%;;1.1%;3.2%;
;;30000;Nucl Struct And Inter;202610;Fall 2025;003;53866;Taleyarkhan, Rusi P.;4.7%;11.6%;14.0%;;23.3%;11.6%;3.5%;5.8%;7.0%;8.1%;3.5%;2.3%;1.2%;2.3%;;;;;;;;;1.2%;
;;;Nucl Struct And Inter-Honors;202610;Fall 2025;003;53866;Taleyarkhan, Rusi P.;;100.0%;;;;;;;;;;;;;;;;;;;;;;
;;30500;Nucl Undergrad Lab II;202610;Fall 2025;001;24261;Chatzidakis, Stylianos;47.1%;23.5%;3.9%;;7.8%;2.0%;5.9%;;;7.8%;;;;;;;;;;;;;2.0%;
;;32000;Intro Matls Nucl Appl;202610;Fall 2025;001;24266;Lou, Xiaoyuan;14.3%;1.8%;5.4%;;14.3%;10.7%;7.1%;16.1%;7.1%;;10.7%;1.8%;7.1%;;3.6%;;;;;;;;;
;;32500;Nuclear Mat Lab;202610;Fall 2025;001;17900;Lou, Xiaoyuan;23.6%;27.3%;;;21.8%;;25.5%;;;1.8%;;;;;;;;;;;;;;
;;35000;Nucl Therm-Hydraul I;202610;Fall 2025;001;15900;Kim, Seungjin;52.8%;15.1%;;;7.5%;;11.3%;3.8%;;1.9%;5.7%;;;;1.9%;;;;;;;;;
;;39800;Junior Seminar;202610;Fall 2025;001;41516;Kim, Seungjin;;;;;;;;;;;;;;;;;;;;100.0%;;;;
;;40200;Engr Of Nucl Power Sys;202610;Fall 2025;002;54860;Revankar, Shripad T.;15.4%;;;;36.5%;5.8%;19.2%;9.6%;1.9%;7.7%;3.8%;;;;;;;;;;;;;
;;41000;Intro To Reactor Theory;202610;Fall 2025;001;15533;Xu, Yunlin;13.5%;13.5%;11.5%;;19.2%;15.4%;9.6%;5.8%;;3.8%;3.8%;1.9%;1.9%;;;;;;;;;;;
;;42001;Rad Int Material Apps;202610;Fall 2025;001;25940;Hassanein, Ahmed;60.0%;;;;37.5%;;;2.5%;;;;;;;;;;;;;;;;
;;44900;Senior Design Proposal;202610;Fall 2025;002;54002;Bindra, Hitesh;4.0%;;96.0%;;;;;;;;;;;;;;;;;;;;;
;;47000;Fuel Cell Engr;202610;Fall 2025;001;32090;Revankar, Shripad T.;18.8%;18.8%;;;31.3%;;6.3%;;;6.3%;;6.3%;;;;;;;;;;;12.5%;
;;49700;Sim Nucl Reactor Phys;202610;Fall 2025;001;28684;Xu, Yunlin;20.0%;33.3%;13.3%;6.7%;20.0%;;;;;;;;;;;;;;;;;;6.7%;
;;49800;Senior Seminar;202610;Fall 2025;001;41517;Kim, Seungjin;;;;;;;;;;;;;;;;;;;;100.0%;;;;
;;50100;Nuclear Engr Prin;202610;Fall 2025;WNG;24426;Chatzidakis, Stylianos;42.9%;7.1%;21.4%;7.1%;7.1%;;7.1%;;;;;;;;;;;;;;;;7.1%;
;;55100;Energy Transfer;202610;Fall 2025;FNY;20092;Ishii, Mamoru;25.0%;;8.3%;8.3%;41.7%;;16.7%;;;;;;;;;;;;;;;;;
;;57500;Neural Computing Engr;202610;Fall 2025;WNG;20651;Tsoukalas, Lefteri;;;84.6%;7.7%;;;;;;;;;;;;;;;;;;;7.7%;
;;59700;Big Data & Machine Learn Engr;202610;Fall 2025;002;28347;Tsoukalas, Lefteri;;;100.0%;;;;;;;;;;;;;;;;;;;;;
;;69600;Nuclear Engr Sem;202610;Fall 2025;001;13483;Kim, Seungjin;;;;;;;;;;;;;;;;;;;;98.0%;;;2.0%;
NUR;NUR-Nursing;10800;Introduction To Nursing;202610;Fall 2025;005;11646;Jones, Christine M.;19.2%;15.4%;34.6%;;9.6%;3.8%;11.5%;;1.9%;1.9%;;;;;;;;;;;;;1.9%;
;;;;;;006;54454;Loomis, Ann L.;19.3%;7.0%;56.1%;;5.3%;1.8%;8.8%;1.8%;;;;;;;;;;;;;;;;
;;;;;;007;15376;Loomis, Ann L.;25.0%;6.3%;62.5%;;;3.1%;3.1%;;;;;;;;;;;;;;;;;
;;;;;;LC1;24768;Loomis, Ann L.;22.9%;10.4%;54.2%;;6.3%;;4.2%;;;2.1%;;;;;;;;;;;;;;
;;21801;Hlth Assmnt Nur Prac I;202610;Fall 2025;223;17410;DeWitt, Tasha M.;9.1%;26.3%;;;17.7%;6.3%;35.4%;;1.7%;2.3%;0.6%;;0.6%;;;;;;;;;;;
;;21901;Pathopharmacology I;202610;Fall 2025;001;56352;Renbarger, Kalyn M.;4.7%;14.0%;;;22.8%;21.1%;20.5%;0.6%;5.3%;6.4%;;0.6%;0.6%;;;;;;;;;;3.5%;
;;22201;Population Health;202610;Fall 2025;001;56353;Altidor, Christelle N.;75.0%;11.1%;;;2.8%;8.3%;2.8%;;;;;;;;;;;;;;;;;
;;;;;;005;22602;Altidor, Christelle N.;76.9%;12.8%;;;2.6%;;7.7%;;;;;;;;;;;;;;;;;
;;22301;Research And EBP;202610;Fall 2025;005;11723;Altidor, Christelle N.;79.2%;8.3%;12.5%;;;;;;;;;;;;;;;;;;;;;
;;;;;;006;11999;Adeola, Mopelola T.;60.6%;33.3%;;;;3.0%;3.0%;;;;;;;;;;;;;;;;;
;;;Research And EBP-Honors;202610;Fall 2025;H01;16891;Adeola, Mopelola T.;41.7%;33.3%;16.7%;;;;8.3%;;;;;;;;;;;;;;;;;
;;31401;Adult Nursing I;202610;Fall 2025;042;19266;Grammer, Karen J.;6.3%;29.7%;;;25.0%;7.8%;25.0%;;4.7%;1.6%;;;;;;;;;;;;;;
;;31501;Nur Childbearing Families;202610;Fall 2025;051;13082;Batts, Cherish A.;36.9%;43.1%;;;3.1%;;15.4%;1.5%;;;;;;;;;;;;;;;;
;;31601;Integration Seminar I;202610;Fall 2025;002;10929;Nagle, Amy M.;50.0%;7.8%;40.6%;;;;;1.6%;;;;;;;;;;;;;;;;
;;31701;Adult Nursing II;202610;Fall 2025;022;13431;Brandenburg, Guinevere J.;33.3%;50.0%;;;16.7%;;;;;;;;;;;;;;;;;;;
;;;;;;059;20969;Brandenburg, Guinevere J.;25.0%;32.5%;;;12.5%;2.5%;25.0%;;;;;;;;;2.5%;;;;;;;;
;;;;;;085;20903;Brandenburg, Guinevere J.;50.0%;33.3%;;;8.3%;;8.3%;;;;;;;;;;;;;;;;;
;;31801;Psy & Mental Health Nursing;202610;Fall 2025;016;13815;Ajuwon, Abidemi Mary;72.7%;9.1%;;;;;18.2%;;;;;;;;;;;;;;;;;
;;;;;;076;21046;Ajuwon, Abidemi Mary;59.5%;28.6%;;;4.8%;;7.1%;;;;;;;;;;;;;;;;;
;;31901;Integration Seminar II;202610;Fall 2025;002;10933;King, Melissa A.;23.5%;7.4%;64.7%;;2.9%;1.5%;;;;;;;;;;;;;;;;;;
;;33001;Nursing Peer Mentors;202610;Fall 2025;001;21254;Loomis, Ann L.;;;100.0%;;;;;;;;;;;;;;;;;;;;;
;;39900;Healthcare Past & Present;202610;Fall 2025;015;17248;Hoying, Mary E.;18.2%;18.2%;63.6%;;;;;;;;;;;;;;;;;;;;;
;;41001;Issues In Professional Nursing;202610;Fall 2025;001;21366;Adeola, Mopelola T.;28.9%;2.6%;63.2%;;2.6%;;2.6%;;;;;;;;;;;;;;;;;
;;;;;;002;21807;Bednarski, Jenna E.;32.3%;;67.7%;;;;;;;;;;;;;;;;;;;;;
;;41401;Pediatric Nursing;202610;Fall 2025;027;13612;Bowling, Heather R.;67.0%;16.5%;7.2%;;3.1%;;5.2%;;1.0%;;;;;;;;;;;;;;;
;;41501;Public Health Nursing;202610;Fall 2025;001;67102;Cook, Shannon V.;65.3%;28.6%;;;2.0%;;3.1%;;;;;;;;;;;;;;;;1.0%;
;;41701;Leadership In Nursing;202610;Fall 2025;001;67382;Walker, Mallori R.;32.9%;4.7%;62.4%;;;;;;;;;;;;;;;;;;;;;
;;42001;Nursing Transition;202610;Fall 2025;002;21369;Jones, Christine M.;32.9%;1.3%;64.5%;;;;1.3%;;;;;;;;;;;;;;;;;
;;43001;NCLEX Review;202610;Fall 2025;001;21258;Ward, Amanda E.;18.2%;;68.2%;;;;4.5%;;;4.5%;;;;;4.5%;;;;;;;;;
;;50000;Theoret Constructs Nur;202610;Fall 2025;004;25039;Ahmed, Azza H.;95.5%;;;;;;;;;;;;;;4.5%;;;;;;;;;
;;50700;Physiologic Process APN;202610;Fall 2025;004;53077;Taulman, Chelsea L.;90.5%;;;;4.8%;;;;;;;;;;4.8%;;;;;;;;;
;;51000;Research&Evid Based Nurs Pract;202610;Fall 2025;002;39550;Ahmed, Azza H.;100.0%;;;;;;;;;;;;;;;;;;;;;;;
;;51700;DNP Project Seminar;202610;Fall 2025;001;29308;Abebe, Sheila Y.;;;;;;;;;;;;;;;;;;;;96.8%;;3.2%;;
;;54400;PMHNP I;202610;Fall 2025;001;22228;Kersey, Susan J.;54.5%;;;;36.4%;;;;;;;;;;;;;;;;;;9.1%;
;;54500;PMHNP I Preceptorship;202610;Fall 2025;001;22229;Kersey, Susan J.;81.8%;;;;9.1%;;;;;;;;;;;;;;;;;;9.1%;
;;60400;PhD Seminar;202610;Fall 2025;001;22404;Liu, Pi Ju;;;;;;;;;;;;;;;;;;;;100.0%;;;;
;;62200;Prim Care Aging Family;202610;Fall 2025;001;21264;Santiago Banuelos, Yadira;45.5%;;;;45.5%;;;;;;;;;;;9.1%;;;;;;;;
;;62600;App Biostatistics Outcome Eval;202610;Fall 2025;001;52551;Xu, Dongjuan;80.0%;;;;20.0%;;;;;;;;;;;;;;;;;;;
;;62700;Primary Care Aging Family Prec;202610;Fall 2025;001;21266;Santiago Banuelos, Yadira;90.9%;;;;;;;;;;;;;;;9.1%;;;;;;;;
;;63200;Hlth Pol:Locl To Globl;202610;Fall 2025;001;24944;Abebe, Sheila Y.;85.0%;;;;12.5%;;;;;;;;;;;;;;;;;;2.5%;
;;67500;Role Transtn&Synthesis;202610;Fall 2025;002;60290;Abebe, Sheila Y.;97.0%;;;;;;;;;;;;;;;;;;;;;;3.0%;
;;67800;Healthcare Econ And Finance;202610;Fall 2025;001;16824;Karagory, Pamela M.;94.7%;;;;5.3%;;;;;;;;;;;;;;;;;;;
;;68000;DNP Cog Res: Direct Pract I;202610;Fall 2025;023;23499;Abebe, Sheila Y.;100.0%;;;;;;;;;;;;;;;;;;;;;;;
;;69060;Innovations In Healthcare;202610;Fall 2025;001;17269;Dos Santos, Fabiana Cristina;100.0%;;;;;;;;;;;;;;;;;;;;;;;
NUTR;NUTR-Nutrition Science;10500;Nutr In 21st Century;202610;Fall 2025;SC1;20630;Henderson, Gregory C.;14.3%;4.3%;64.3%;;;1.4%;7.1%;2.9%;;4.3%;;1.4%;;;;;;;;;;;;
;;10600;Intro Profession Of Dietetics;202610;Fall 2025;SC1;20631;Furiya, Alvin J.;16.7%;8.3%;60.4%;;2.1%;2.1%;4.2%;;;;;2.1%;;;4.2%;;;;;;;;;
;;10700;Intro To Nutrition Science;202610;Fall 2025;001;13503;Biruete, Annabel;14.3%;;85.7%;;;;;;;;;;;;;;;;;;;;;
;;12500;Food Safety Cert & Career Dev;202610;Fall 2025;001;20632;Allsopp Castillo, Marie A.;8.7%;34.8%;34.8%;;;13.0%;4.3%;;;;;;;;;;;;;;;;4.3%;
;;20500;Food Science I;202610;Fall 2025;010;24883;Furiya, Alvin J.;22.6%;16.1%;22.6%;;22.6%;9.7%;3.2%;;3.2%;;;;;;;;;;;;;;;
;;;Food Science I-Honors;202610;Fall 2025;010;24883;Furiya, Alvin J.;;;;;100.0%;;;;;;;;;;;;;;;;;;;
;;24500;Rookie Exp In Sports Nutrition;202610;Fall 2025;002;11116;Clark, Rachel A.;;;;;;;;;;;;;;;;;;100.0%;;;;;;
;;30300;Essentials Of Nutr;202610;Fall 2025;002;10227;Burgess, John R.;32.2%;7.8%;30.0%;;6.7%;4.4%;11.1%;;;1.1%;;1.1%;1.1%;;3.3%;;;;;;;;1.1%;
;;;;;;004;13731;Baker, Selena L.;28.4%;6.8%;55.7%;;3.4%;;2.3%;1.1%;;;1.1%;;;;1.1%;;;;;;;;;
;;;;;;005;13732;Burgess, John R.;34.1%;8.0%;46.6%;;2.3%;1.1%;2.3%;2.3%;;;;;;;2.3%;;;;;;;;1.1%;
;;;;;;006;13733;Baker, Selena L.;27.0%;12.4%;38.2%;;4.5%;4.5%;4.5%;2.2%;1.1%;1.1%;1.1%;;1.1%;;1.1%;;;;;;;;1.1%;
;;;;;;007;13734;Burgess, John R.;23.9%;6.8%;43.2%;;3.4%;2.3%;8.0%;3.4%;1.1%;;1.1%;1.1%;;;1.1%;;;1.1%;;;;;3.4%;
;;;;;;008;13736;Burgess, John R.;21.1%;7.8%;48.9%;;6.7%;2.2%;3.3%;1.1%;;3.3%;;;;;4.4%;;;;;;;;1.1%;
;;;;;;009;34569;Furiya, Alvin J.;12.3%;14.0%;7.0%;;8.8%;10.5%;7.0%;3.5%;1.8%;5.3%;7.0%;1.8%;1.8%;;14.0%;;;;;;;;5.3%;
;;;;;;Y01;20645;Allsopp Castillo, Marie A.;12.2%;4.9%;68.3%;;;;4.9%;;2.4%;4.9%;2.4%;;;;;;;;;;;;;
;;;;;;Y02;34983;Allsopp Castillo, Marie A.;12.5%;2.5%;70.0%;;;;10.0%;;2.5%;;;;;;2.5%;;;;;;;;;
;;;;;;Y03;40301;Panjwani, Anita A.;30.0%;5.0%;42.5%;;5.0%;2.5%;2.5%;2.5%;2.5%;2.5%;;;;;2.5%;;;;;;;;2.5%;
;;;;;;Y04;19643;Panjwani, Anita A.;22.5%;10.0%;32.5%;;2.5%;12.5%;5.0%;;2.5%;;;;;;5.0%;;;;;;;;7.5%;
;;;;;;Y05;16400;Running, Cordelia A.;10.0%;7.5%;77.5%;;2.5%;;;2.5%;;;;;;;;;;;;;;;;
;;;;;;Y07;25467;Running, Cordelia A.;12.5%;5.0%;80.0%;;;;;;;;;;;;;;;;;;;;2.5%;
;;;Essentials Of Nutr-Honors;202610;Fall 2025;004;13731;Baker, Selena L.;50.0%;;50.0%;;;;;;;;;;;;;;;;;;;;;
;;;;;;005;13732;Burgess, John R.;;;100.0%;;;;;;;;;;;;;;;;;;;;;
;;;;;;007;13734;Burgess, John R.;;100.0%;;;;;;;;;;;;;;;;;;;;;;
;;;;;;008;13736;Burgess, John R.;100.0%;;;;;;;;;;;;;;;;;;;;;;;
;;31500;Fund Of Nutrition;202610;Fall 2025;001;20646;Eicher-Miller, Heather A.;24.7%;13.7%;17.8%;;8.2%;6.8%;19.2%;1.4%;;1.4%;1.4%;;;;2.7%;;;;;;;;2.7%;
;;33000;Diet Select & Planning;202610;Fall 2025;001;23521;Allsopp Castillo, Marie A.;5.0%;10.0%;40.0%;;5.0%;;30.0%;5.0%;;5.0%;;;;;;;;;;;;;;
;;34500;Cont Experience In Sports Nutr;202610;Fall 2025;002;11124;Clark, Rachel A.;;;;;;;;;;;;;;;;;;100.0%;;;;;;
;;35000;Dietetics Pract Quan Food Prod;202610;Fall 2025;001;20648;Zoss, Donna L.;;;;;;;;;;;;;;;;;;86.7%;13.3%;;;;;
;;41100;Dietetics Career Planning;202610;Fall 2025;001;64382;Zoss, Donna L.;;;;;;;;;;;;;;;;;;100.0%;;;;;;
;;42400;Com Tech In Fd & Nutr;202610;Fall 2025;006;15385;Clark, Rachel A.;36.7%;46.7%;;;3.3%;;13.3%;;;;;;;;;;;;;;;;;
;;43800;Micronutr/Phyto Metab;202610;Fall 2025;001;42861;Jiang, Qing;22.6%;21.0%;1.6%;;17.7%;8.1%;14.5%;;3.2%;11.3%;;;;;;;;;;;;;;
;;48000;Medical Nutrition Therapy I;202610;Fall 2025;001;67224;Zoss, Donna L.;17.0%;10.6%;2.1%;;10.6%;17.0%;21.3%;12.8%;;4.3%;;;;;4.3%;;;;;;;;;
;;48800;Topic Nutr Fitns & Hlth;202610;Fall 2025;002;53864;Kistler, Brandon M.;53.8%;23.1%;;;;;15.4%;;;;;;;;7.7%;;;;;;;;;
;;49200;Food Facts, Fads, And Fictions;202610;Fall 2025;001;30874;Running, Cordelia A.;85.4%;;;;7.3%;;;;2.4%;2.4%;;;;;;2.4%;;;;;;;;
;;51200;Dietary Supplements;202610;Fall 2025;001;24268;Huffield, Adam S.;93.8%;6.3%;;;;;;;;;;;;;;;;;;;;;;
;;51500;Nutrition Pathophysiology;202610;Fall 2025;001;14216;Biruete, Annabel;21.1%;10.5%;5.3%;;15.8%;10.5%;15.8%;10.5%;;10.5%;;;;;;;;;;;;;;
;;51600;Eating Dsrdrs & Hlthy Wt Mgmt;202610;Fall 2025;002;30954;Baker, Selena L.;11.8%;35.3%;;;29.4%;5.9%;17.6%;;;;;;;;;;;;;;;;;
;;53100;Ethics Profession Dietetics;202610;Fall 2025;001;24271;Dalder, Dinah C.;100.0%;;;;;;;;;;;;;;;;;;;;;;;
;;53300;Community Nutrition Experience;202610;Fall 2025;002;29294;Dalder, Dinah C.;100.0%;;;;;;;;;;;;;;;;;;;;;;;
;;53500;Leadership In Dietetics;202610;Fall 2025;001;14231;Dalder, Dinah C.;100.0%;;;;;;;;;;;;;;;;;;;;;;;
;;53900;Foodservice Mgmt Experience;202610;Fall 2025;002;29301;Dalder, Dinah C.;94.4%;;;;;;;;;;;;;;5.6%;;;;;;;;;
;;59000;Seminar In Cancer Research;202610;Fall 2025;001;29765;Teegarden, Dorothy;100.0%;;;;;;;;;;;;;;;;;;;;;;;
;;69500;INP Seminar;202610;Fall 2025;001;20707;Murray-Kolb, Laura E.;;;;;;;;;;;;;;;;;;;;100.0%;;;;
OBHR;OBHR-Orgnztnl Bhvr &Hum Resrce;33000;Intro To Org Behavior;202610;Fall 2025;002;12651;Chen, Jinfeng;27.1%;12.9%;44.3%;;;7.1%;4.3%;;;1.4%;;;;;1.4%;;;;;;;;1.4%;
;;;;;;003;24951;Gibelato Santos Ribeiro, Izabely R.;27.1%;32.9%;5.7%;;10.0%;8.6%;10.0%;1.4%;1.4%;2.9%;;;;;;;;;;;;;;
;;;;;;004;11893;Gibelato Santos Ribeiro, Izabely R.;25.7%;28.6%;10.0%;;5.7%;7.1%;18.6%;;;1.4%;;;1.4%;;1.4%;;;;;;;;;
;;;;;;005;26330;Munoz, Joel;5.9%;20.6%;4.4%;;10.3%;13.2%;22.1%;4.4%;;7.4%;;;;;4.4%;;;;;;;;7.4%;
;;;;;;006;26331;Hahn, Rachel S.;34.8%;24.6%;;;14.5%;4.3%;14.5%;1.4%;;1.4%;1.4%;;;;;;;;;;;;2.9%;
;;;;;;008;29706;Schneider, Natalie M.;2.9%;21.4%;;;24.3%;11.4%;25.7%;4.3%;1.4%;2.9%;;;1.4%;;;;;;;;;;4.3%;
;;;;;;009;11636;Gibelato Santos Ribeiro, Izabely R.;25.7%;22.9%;4.3%;;12.9%;8.6%;15.7%;;2.9%;;1.4%;1.4%;1.4%;;;;;;;;;;2.9%;
;;;;;;011;14134;Chupp, Brian K.;20.0%;10.0%;;;18.6%;10.0%;15.7%;10.0%;5.7%;4.3%;1.4%;;1.4%;;;;;;;;;;2.9%;
;;;;;;012;31069;Munoz, Joel;12.9%;32.3%;;;19.4%;12.9%;12.9%;3.2%;3.2%;3.2%;;;;;;;;;;;;;;
;;68100;Managing Behavior In Organiz;202610;Fall 2025;005;24940;Schoorman, F D.;20.6%;17.6%;;;38.2%;11.8%;8.8%;;;;;;;;;2.9%;;;;;;;;
OLS;OLS-Organiz Ldrshp&Supervision;34600;Critical Thinking And Ethics;202610;Fall 2025;001;24250;Linvill, Jennifer S.;33.3%;4.8%;14.3%;;16.7%;;14.3%;2.4%;2.4%;;;;2.4%;;9.5%;;;;;;;;;
;;37500;Training Methods;202610;Fall 2025;001;16796;Asunda, Paul A.;95.0%;;;;;;2.5%;;;;;;;;2.5%;;;;;;;;;
;;37800;Labor/Mgmt Relations;202610;Fall 2025;001;25907;Kim, Jihyeon;29.7%;24.3%;10.8%;;8.1%;2.7%;24.3%;;;;;;;;;;;;;;;;;
;;38600;Ldrshp For Org Change;202610;Fall 2025;001;16701;Gamez-Djokic, Monica;28.1%;26.3%;3.5%;;5.3%;1.8%;19.3%;;1.8%;7.0%;1.8%;;;;3.5%;;;;;;;;1.8%;
;;45000;Advanced Project Management;202610;Fall 2025;004;29048;Bittinger, Christopher N.;19.0%;4.8%;66.7%;;;;9.5%;;;;;;;;;;;;;;;;;
;;45400;Gender & Diversity Mgt;202610;Fall 2025;001;27930;Hammoud, Abrar;25.0%;4.2%;8.3%;;25.0%;8.3%;8.3%;8.3%;8.3%;4.2%;;;;;;;;;;;;;;
;;47700;Conflict Management;202610;Fall 2025;001;27903;Hammoud, Abrar;41.0%;7.7%;5.1%;;25.6%;2.6%;10.3%;5.1%;;;2.6%;;;;;;;;;;;;;
;;48700;Leadership Philosophy;202610;Fall 2025;001;16808;Linvill, Jennifer S.;20.0%;6.7%;53.3%;;6.7%;;;;;;;6.7%;;;6.7%;;;;;;;;;
;;58300;Coaching And Mentoring;202610;Fall 2025;001;22717;Kim, Jihyeon;55.6%;22.2%;11.1%;;;;5.6%;;;5.6%;;;;;;;;;;;;;;
PES;PES-Physical Education Skills;11100;Lifetime Fitness;202610;Fall 2025;006;22139;Adeyemo, Linda T.;76.7%;3.3%;;;6.7%;;3.3%;;;;;;;;6.7%;;;;;;;;3.3%;
;;;;;;007;23445;Adeyemo, Linda T.;60.0%;6.7%;;;23.3%;3.3%;;;3.3%;;;;;;;;;;;;;;3.3%;
;;11400;AFROTC Conditioning;202610;Fall 2025;015;30988;Goodner, Allison N.;63.9%;15.4%;;;4.7%;1.2%;5.9%;1.2%;;1.2%;;;;;1.2%;;;;;;;;5.3%;
;;;Army ROTC Conditioning;202610;Fall 2025;008;25134;Bashant, Amie;;;97.2%;;;;1.4%;;;;;;;;;;;;;;;;1.4%;
;;11500;Bowling;202610;Fall 2025;003;25139;Wiedman, Douglas L.;15.4%;7.7%;61.5%;;7.7%;;3.8%;;;;;;;;;;;;;;;;3.8%;
;;;;;;004;25140;Wiedman, Douglas L.;6.7%;6.7%;73.3%;;;3.3%;;6.7%;;;;;;;;;;;;;;;3.3%;
;;;;;;005;25141;Wiedman, Douglas L.;10.7%;10.7%;67.9%;;;;3.6%;;;;;;;;;;;;;;;;7.1%;
;;;;;;006;25142;Wiedman, Douglas L.;;10.0%;86.7%;;;;;;;;;;;;;;;;;;;;3.3%;
;;;;;;008;25144;Wiedman, Douglas L.;24.1%;6.9%;55.2%;;3.4%;;3.4%;;;;;;;;;;;3.4%;;;;;3.4%;
;;;;;;009;25145;Wiedman, Douglas L.;3.3%;3.3%;90.0%;;;;;;;;;;;;;;;;;;;;3.3%;
;;;;;;010;25146;Wiedman, Douglas L.;10.3%;6.9%;75.9%;;;;3.4%;;;;;;;;;;;3.4%;;;;;;
;;;;;;011;36476;Wiedman, Douglas L.;13.3%;3.3%;73.3%;;3.3%;;;;;;3.3%;3.3%;;;;;;;;;;;;
;;;;;;012;32115;Wiedman, Douglas L.;13.8%;6.9%;69.0%;;;3.4%;;;;6.9%;;;;;;;;;;;;;;
;;;;;;013;32116;Wiedman, Douglas L.;18.5%;3.7%;59.3%;;7.4%;;;;;;7.4%;;;;;;;;;;;;3.7%;
;;;;;;014;28003;Wiedman, Douglas L.;26.7%;3.3%;43.3%;;;3.3%;;;3.3%;;6.7%;;;;3.3%;;;6.7%;;;;;3.3%;
;;;;;;015;28004;Wiedman, Douglas L.;6.7%;10.0%;76.7%;;;;;;;;;;;;3.3%;;;;;;;;3.3%;
;;11600;Advanced Tennis;202610;Fall 2025;025;38215;Braden, Joseph M.;4.0%;;88.0%;;;;;;;;;;;;;;;;;;;;8.0%;
;;;Beginning Tennis;202610;Fall 2025;019;25165;Braden, Joseph M.;4.3%;;82.6%;;;;;;;;;;;;;;;13.0%;;;;;;
;;;;;;020;25166;Braden, Joseph M.;4.3%;;95.7%;;;;;;;;;;;;;;;;;;;;;
;;;;;;067;26111;Braden, Joseph M.;4.2%;;95.8%;;;;;;;;;;;;;;;;;;;;;
;;;Golf;202610;Fall 2025;016;25162;Ross, Daniel M.;40.0%;46.7%;10.0%;;;;;;;;;;;;3.3%;;;;;;;;;
;;;;;;033;62784;Ross, Daniel M.;63.3%;20.0%;13.3%;;;;;;;;;;;;;;;;;;;;3.3%;
;;;;;;038;62789;Ross, Daniel M.;56.7%;36.7%;6.7%;;;;;;;;;;;;;;;;;;;;;
;;;;;;041;62792;Ross, Daniel M.;70.0%;20.0%;6.7%;;3.3%;;;;;;;;;;;;;;;;;;;
;;;;;;044;62795;Ross, Daniel M.;35.5%;45.2%;12.9%;;;;;;;;;;;;;;;;;;;;6.5%;
;;;;;;045;62796;Ross, Daniel M.;53.3%;36.7%;10.0%;;;;;;;;;;;;;;;;;;;;;
;;;;;;050;22334;Ross, Daniel M.;51.6%;32.3%;12.9%;;;;;;;;;;;;;;;;;;;;3.2%;
;;;;;;051;11490;Ross, Daniel M.;56.7%;23.3%;20.0%;;;;;;;;;;;;;;;;;;;;;
;;;;;;053;12082;Ross, Daniel M.;50.0%;16.7%;30.0%;;3.3%;;;;;;;;;;;;;;;;;;;
;;;;;;055;12097;Ross, Daniel M.;60.0%;16.7%;20.0%;;;;3.3%;;;;;;;;;;;;;;;;;
;;;;;;057;12107;Ross, Daniel M.;70.0%;20.0%;6.7%;;3.3%;;;;;;;;;;;;;;;;;;;
;;;;;;059;27754;Ross, Daniel M.;69.2%;7.7%;23.1%;;;;;;;;;;;;;;;;;;;;;
;;;;;;061;27756;Ross, Daniel M.;59.1%;4.5%;18.2%;4.5%;;9.1%;;;;;;;;;4.5%;;;;;;;;;
;;;;;;064;27759;Ross, Daniel M.;43.8%;43.8%;12.5%;;;;;;;;;;;;;;;;;;;;;
;;;;;;068;16962;Ross, Daniel M.;36.4%;27.3%;22.7%;;4.5%;;;;;;;;;;9.1%;;;;;;;;;
;;;;;;071;33943;Ross, Daniel M.;68.0%;12.0%;16.0%;;;;;;;;;;;;4.0%;;;;;;;;;
;;;;;;073;33945;Ross, Daniel M.;62.5%;12.5%;16.7%;;;;;;;;;;;;;;;;;;;;8.3%;
;;;;;;075;33947;Ross, Daniel M.;64.0%;12.0%;24.0%;;;;;;;;;;;;;;;;;;;;;
;;;;;;077;33960;Ross, Daniel M.;61.5%;15.4%;23.1%;;;;;;;;;;;;;;;;;;;;;
;;;Intermediate Tennis;202610;Fall 2025;023;25169;Braden, Joseph M.;;;94.1%;;;;;;;;;;;;;;;;;;;;5.9%;
;;;;;;032;59071;Braden, Joseph M.;;;94.7%;;;;;;;;;;;;;;;;;;;;5.3%;
;;14600;Advanced Golf Applications;202610;Fall 2025;001;21966;Ross, Daniel M.;35.0%;40.0%;20.0%;;;;;;;;5.0%;;;;;;;;;;;;;
PHIL;PHIL-Philosophy;11000;Big Questions: Intro To Phil;202610;Fall 2025;035;15943;Wheatley, Paul F.;28.0%;12.0%;24.0%;;12.0%;12.0%;;4.0%;;4.0%;;;;;;;;;;;;;4.0%;
;;;;;;041;15960;Wheatley, Paul F.;30.4%;8.7%;4.3%;;4.3%;13.0%;13.0%;8.7%;;;4.3%;;;;;;;;;;;;13.0%;
;;;;;;042;15961;Wheatley, Paul F.;21.7%;;34.8%;;8.7%;8.7%;8.7%;4.3%;;4.3%;;;;;;;;;;;;;8.7%;
;;;;;;043;15962;Aktas, Ahmet;25.9%;18.5%;18.5%;;18.5%;3.7%;7.4%;;;;;;;;3.7%;;;;;;;;3.7%;
;;;;;;044;15964;Aktas, Ahmet;30.4%;4.3%;21.7%;;13.0%;;4.3%;;4.3%;4.3%;;;4.3%;;4.3%;;;;;;;;8.7%;
;;;;;;045;15965;Aktas, Ahmet;7.4%;7.4%;3.7%;;11.1%;7.4%;22.2%;3.7%;;;;;7.4%;;3.7%;;;;;;;;25.9%;
;;11005;Intro Phil Through Video Games;202610;Fall 2025;003;20937;Gomez-Lavin, Javier;29.8%;;;;23.4%;;19.1%;4.3%;;;;;;;;;;12.8%;;;;;10.6%;
;;;;;;004;20952;Gomez-Lavin, Javier;31.0%;;;;19.0%;;21.4%;7.1%;;4.8%;;;;;;;;4.8%;;;;;11.9%;
;;11100;Introduction To Ethics;202610;Fall 2025;001;12003;Sampson, Eric T.;23.5%;17.6%;1.8%;;8.1%;9.0%;11.3%;7.2%;2.3%;5.0%;0.9%;0.9%;2.7%;;5.0%;;;0.5%;;;;;4.1%;
;;11400;Global Moral Issues;202610;Fall 2025;001;20116;Davis, Taylor T.;12.1%;22.0%;;;19.1%;9.2%;25.5%;0.7%;2.8%;2.1%;;;;;2.8%;;;;;;;;3.5%;
;;;Global Moral Issues-Honors;202610;Fall 2025;001;20116;Davis, Taylor T.;100.0%;;;;;;;;;;;;;;;;;;;;;;;
;;15000;Principles Of Logic;202610;Fall 2025;001;20951;Tulodziecki, Dana;25.0%;12.5%;12.5%;;6.3%;6.3%;12.5%;;3.1%;6.3%;;;3.1%;;;;;;;;;;12.5%;
;;;Principles Of Logic-Honors;202610;Fall 2025;001;20951;Tulodziecki, Dana;;;;;;;100.0%;;;;;;;;;;;;;;;;;
;;20700;Ethics For Tech, Engr, Design;202610;Fall 2025;001;29820;Davis, Taylor T.;42.4%;21.2%;6.1%;;;;18.2%;9.1%;;;;;3.0%;;;;;;;;;;;
;;;Ethics Tech, Engr, Des-Honors;202610;Fall 2025;001;29820;Davis, Taylor T.;100.0%;;;;;;;;;;;;;;;;;;;;;;;
;;;Ethics Tech, Engr,Dsgn-Honors;202610;Fall 2025;001;29820;Davis, Taylor T.;100.0%;;;;;;;;;;;;;;;;;;;;;;;
;;;Ethics Tech,Engr,& Des-Honors;202610;Fall 2025;001;29820;Davis, Taylor T.;;100.0%;;;;;;;;;;;;;;;;;;;;;;
;;20800;Ethics Of Data Science;202610;Fall 2025;009;30118;Hernandez, Miguel;20.0%;34.3%;20.0%;;;5.7%;8.6%;;;5.7%;;;2.9%;;2.9%;;;;;;;;;
;;;;;;SC1;13427;Sampson, Eric T.;24.8%;34.8%;;;7.8%;11.3%;8.5%;3.5%;3.5%;2.1%;1.4%;;;;0.7%;;;;;;;;1.4%;
;;21900;Phil & The Meaning Of Life;202610;Fall 2025;001;21050;Marina, Jacqueline;40.0%;;8.0%;;12.0%;8.0%;8.0%;16.0%;4.0%;;;;;;;;;;;;;;4.0%;
;;22100;Intro Philosophy Sci;202610;Fall 2025;001;15138;Maley, Corey J.;46.5%;9.3%;41.9%;;2.3%;;;;;;;;;;;;;;;;;;;
;;23000;Religions Of The East;202610;Fall 2025;001;20637;Ryba, Thomas W.;17.6%;5.9%;11.8%;;11.8%;5.9%;41.2%;5.9%;;;;;;;;;;;;;;;;
;;;Religions Of The East-Honors;202610;Fall 2025;001;20637;Ryba, Thomas W.;;;100.0%;;;;;;;;;;;;;;;;;;;;;
;;23100;Religions Of The West;202610;Fall 2025;001;68741;Ryba, Thomas W.;;16.7%;16.7%;;16.7%;27.8%;16.7%;;;5.6%;;;;;;;;;;;;;;
;;24000;Social And Polit Phil;202610;Fall 2025;001;14990;Messina, James P.;17.6%;17.6%;5.9%;;17.6%;11.8%;11.8%;;;5.9%;;;5.9%;;;;;;;;;;5.9%;
;;;Social And Polit Phil-Honors;202610;Fall 2025;001;14990;Messina, James P.;33.3%;;;;33.3%;;33.3%;;;;;;;;;;;;;;;;;
;;25501;Intro To Cognitive Science;202610;Fall 2025;001;29001;Kelly, Daniel R.;30.4%;13.0%;21.7%;;;8.7%;8.7%;;4.3%;;4.3%;;;;;;;;;;;;8.7%;
;;25601;Philos And Artificial Intel;202610;Fall 2025;002;29003;Maley, Corey J.;55.1%;13.0%;21.7%;;;;4.3%;;1.4%;1.4%;;;1.4%;;;;;;;;;;1.4%;
;;26000;Philosophy And Law;202610;Fall 2025;001;21225;Jacovides, Michael L.;18.2%;51.5%;;;6.1%;3.0%;12.1%;;;;;;;;3.0%;;;;;;;;6.1%;
;;27000;Biomed Ethics;202610;Fall 2025;004;25611;Parrish, Lynn;59.4%;5.6%;28.7%;;1.4%;;2.1%;;;;;;;;;1.4%;;;;;;;1.4%;
;;;Biomed Ethics-Honors;202610;Fall 2025;004;25611;Parrish, Lynn;50.0%;;50.0%;;;;;;;;;;;;;;;;;;;;;
;;30100;Ancient Philosophy;202610;Fall 2025;001;14989;Schroeder, Lea A.;27.3%;24.2%;3.0%;;15.2%;3.0%;15.2%;;6.1%;6.1%;;;;;;;;;;;;;;
;;30200;Hist Medieval Philos;202610;Fall 2025;001;21273;Brower, Jeffrey E.;22.7%;18.2%;;;22.7%;9.1%;18.2%;;;9.1%;;;;;;;;;;;;;;
;;;Hist Medieval Philos-Honors;202610;Fall 2025;001;21273;Brower, Jeffrey E.;100.0%;;;;;;;;;;;;;;;;;;;;;;;
;;30300;Hist Of Modern Phil;202610;Fall 2025;001;21552;Cover, Jan A.;;3.0%;;;39.4%;15.2%;15.2%;3.0%;6.1%;12.1%;;;;;3.0%;;;;;;;;3.0%;
;;;;;;002;21568;Marina, Jacqueline;29.4%;14.7%;8.8%;;20.6%;;17.6%;;;;;;;;5.9%;;;;;;;;2.9%;
;;30400;19th Cent Philosophy;202610;Fall 2025;001;28874;Davis, Duane H.;40.0%;16.7%;;;10.0%;13.3%;10.0%;;3.3%;;;;;;3.3%;;;;;;;;3.3%;
;;30600;20th Cent Philosophy;202610;Fall 2025;001;21330;Asay, Jamin F.;52.2%;13.0%;8.7%;;17.4%;;4.3%;;;;4.3%;;;;;;;;;;;;;
;;42400;Recent Ethical Theory;202610;Fall 2025;001;27510;Waggoner, Adam A.;40.0%;35.0%;;;10.0%;;5.0%;;;5.0%;;;;;;;;;;;;;5.0%;
;;43200;Theory Of Knowledge;202610;Fall 2025;001;21374;Jacovides, Michael L.;35.3%;52.9%;;;;;5.9%;;;5.9%;;;;;;;;;;;;;;
;;;Theory Of Knowledge-Honors;202610;Fall 2025;001;21374;Jacovides, Michael L.;66.7%;33.3%;;;;;;;;;;;;;;;;;;;;;;
;;49000;Truth;202610;Fall 2025;001;21380;Asay, Jamin F.;42.1%;21.1%;;;10.5%;;21.1%;;;;;;;;5.3%;;;;;;;;;
;;58000;Rationality;202610;Fall 2025;001;23022;Karlan, Brett A.;45.5%;;;18.2%;;;;;;;;;;;;36.4%;;;;;;;;
;;59000;Space Ethics Research;202610;Fall 2025;037;29175;Tulodziecki, Dana;66.7%;13.3%;;;6.7%;;;;;;;;;;;;;6.7%;;;;;6.7%;
PHPR;PHPR-Pharmacy Practice;48600;Beyond Ecstasy;202610;Fall 2025;001;69906;Koh-Knox Sharp, Cynthia P.;94.6%;;;;2.7%;;;;;;;;;;;;;;;;;;2.7%;
;;49000;Adv Comnty Phar Concepts;202610;Fall 2025;024;30218;Arnett, Stephanie J.;40.9%;4.5%;54.5%;;;;;;;;;;;;;;;;;;;;;
;;;Peer Leadership;202610;Fall 2025;014;11146;Scott, Steven A.;96.3%;;;;;;;;;;;;;;;;;;;;;;3.7%;
PHRM;PHRM-Pharmacy;40500;Mindfulness;202610;Fall 2025;001;13227;Koh-Knox Sharp, Cynthia P.;97.1%;;;;2.9%;;;;;;;;;;;;;;;;;;;
;;;;;;002;13235;Koh-Knox Sharp, Cynthia P.;95.7%;;;;4.3%;;;;;;;;;;;;;;;;;;;
;;49000;Excelling In Postgrad Apps II;202610;Fall 2025;017;27693;Isaacs, Alex N.;64.7%;;;;;;;;;;;;;;;;;23.5%;;;;;11.8%;
;;;Intro Pharm Industry Drug Dev;202610;Fall 2025;024;30126;Harris, Cynthia;78.6%;;;;10.7%;;;3.6%;;;;;;;;;;;;;;;7.1%;
;;;Pharm & Admissions SR Mentor;202610;Fall 2025;014;33007;Darbishire, Patricia L.;100.0%;;;;;;;;;;;;;;;;;;;;;;;
;;;Pharm & Admissions Tch Asst;202610;Fall 2025;013;33006;Darbishire, Patricia L.;93.3%;;;;;;;;;;;;;;;;;6.7%;;;;;;
;;;Pharm Pract Teach Exp;202610;Fall 2025;019;28753;Krause, Jane E.;93.9%;;;;;;;;;;;;;;;;;3.0%;;;;;3.0%;
;;;Pharmaceutical Care Diabetes;202610;Fall 2025;010;30939;Kania, Deanna S.;70.4%;7.4%;;;;;;;;;;;;;;;;22.2%;;;;;;
;;;VIP: Case Study Competition;202610;Fall 2025;009;25120;Shepler, Brian M.;96.3%;;;;3.7%;;;;;;;;;;;;;;;;;;;
;;;PUP Teaching Assistant;202610;Fall 2025;027;31535;Koch, Kaitlyn T.;;;;;;;;;;;;;;;;;;100.0%;;;;;;
;;69500;Intro Pharm Science Research;202610;Fall 2025;001;27955;Hazbun, Tony R.;95.2%;;;;;;;;;;;;;;;;;4.8%;;;;;;
;;80200;Integrated Pharmacotherapy III;202610;Fall 2025;002;16642;Kania, Deanna S.;16.1%;14.8%;;;20.1%;10.1%;12.8%;10.7%;;11.4%;;;;;3.4%;;;;;;;;0.7%;
;;80300;Integrated Pharmacotherapy IV;202610;Fall 2025;001;16665;Kania, Deanna S.;14.2%;14.9%;;;20.9%;12.2%;12.8%;14.2%;;8.8%;;;;;2.0%;;;;;;;;;
;;80600;Integrated Pharmacotherapy VII;202610;Fall 2025;006;16706;Dykhuizen, Emily C.;31.1%;14.9%;;;12.8%;8.8%;14.2%;7.4%;;8.8%;;;;;2.0%;;;;;;;;;
;;80700;Integ Pharmacotherapy VIII;202610;Fall 2025;001;16736;Dykhuizen, Emily C.;25.7%;10.1%;;;19.6%;3.4%;20.3%;10.8%;;8.8%;;;;;0.7%;0.7%;;;;;;;;
;;81000;Basics Of Immunology;202610;Fall 2025;001;29384;Hazbun, Tony R.;69.2%;15.4%;;;;;7.7%;;;;;;;;;;;;;;;;7.7%;
;;81200;Integrated Case Studies II;202610;Fall 2025;001;16790;Miller, Monica L.;92.6%;;;;6.0%;;;0.7%;;;;;;;;;;;;;;;0.7%;
;;81400;Integrated Case Studies IV;202610;Fall 2025;001;16739;Isaacs, Alex N.;98.0%;;;;2.0%;;;;;;;;;;;;;;;;;;;
;;81600;Intro To Patient Centered Care;202610;Fall 2025;001;16349;Gonzalvo, Jasmine D.;90.7%;;;;9.3%;;;;;;;;;;;;;;;;;;;
;;81700;Introduction To Self-Care;202610;Fall 2025;001;16746;Gonzalvo, Jasmine D.;71.3%;;;;27.3%;;;1.3%;;;;;;;;;;;;;;;;
;;82000;Professional Skills Lab I;202610;Fall 2025;001;56249;Woodyard, Jamie L.;97.4%;;;;2.6%;;;;;;;;;;;;;;;;;;;
;;;;;;002;56248;Woodyard, Jamie L.;86.8%;;;;13.2%;;;;;;;;;;;;;;;;;;;
;;;;;;003;56245;Woodyard, Jamie L.;94.7%;;;;2.6%;;;2.6%;;;;;;;;;;;;;;;;
;;;;;;004;56246;Woodyard, Jamie L.;86.5%;;;;13.5%;;;;;;;;;;;;;;;;;;;
;;82200;Pharm Skills & Patient Counsel;202610;Fall 2025;007;19397;Koch, Kaitlyn T.;70.7%;;;;19.5%;;;4.9%;;;;;;;4.9%;;;;;;;;;
;;;;;;LE1;56217;Koch, Kaitlyn T.;64.3%;;;;31.0%;;;2.4%;;;;;;;2.4%;;;;;;;;;
;;82400;Pathophysiology & Drug Action;202610;Fall 2025;001;56464;Park, Chiwook;21.1%;;;;39.4%;;;31.7%;;;;;;;7.7%;;;;;;;;;
;;82800;Dosage Forms I;202610;Fall 2025;001;56424;Zhou, Qi;20.5%;23.5%;12.1%;;11.4%;12.9%;12.9%;2.3%;;4.5%;;;;;;;;;;;;;;
;;83400;Pharm Calculations;202610;Fall 2025;001;56206;Krause, Jane E.;67.1%;;;;26.3%;;;;;;;;;;6.6%;;;;;;;;;
;;83600;Biochem Pharm Sci II;202610;Fall 2025;001;56390;Post, Carol B.;8.3%;9.7%;3.5%;;18.1%;14.6%;11.8%;16.0%;;13.9%;;;;;4.2%;;;;;;;;;
;;83800;Interprofessional Education I;202610;Fall 2025;001;21751;Weber, Zachary A.;;;;;;;;;;;;;;;;;0.7%;99.3%;;;;;;
;;84000;Professional Skills Lab III;202610;Fall 2025;001;23360;Baker, Chelsea M.;97.4%;;;;2.6%;;;;;;;;;;;;;;;;;;;
;;;;;;002;23361;Baker, Chelsea M.;89.5%;;;;7.9%;;;;;;;;;;;;;;;;;;2.6%;
;;;;;;004;23365;Baker, Chelsea M.;97.3%;;;;2.7%;;;;;;;;;;;;;;;;;;;
;;;;;;005;23369;Baker, Chelsea M.;93.8%;;;;6.3%;;;;;;;;;;;;;;;;;;;
;;84800;Drug Info & Lit Eval;202610;Fall 2025;001;61628;Sheehan, Amy H.;46.6%;;;;50.0%;;;2.1%;;;;;;;0.7%;;;;;;;;0.7%;
;;85200;Public Health Pharmacy;202610;Fall 2025;001;13160;Newton, Gail D.;98.6%;;;;0.7%;;;;;;;;;;;;;;;;;;0.7%;
;;85400;Interprofession Education III;202610;Fall 2025;001;20486;Weber, Zachary A.;;;;;;;;;;;;;;;;;;99.3%;;;;;0.7%;
;;86000;Professional Skills Lab V;202610;Fall 2025;001;66807;Hultgren, Kyle E.;87.9%;;;;12.1%;;;;;;;;;;;;;;;;;;;
;;;;;;002;66811;Hultgren, Kyle E.;100.0%;;;;;;;;;;;;;;;;;;;;;;;
;;;;;;004;66809;Hultgren, Kyle E.;94.7%;;;;5.3%;;;;;;;;;;;;;;;;;;;
;;;;;;005;66808;Hultgren, Kyle E.;97.4%;;;;2.6%;;;;;;;;;;;;;;;;;;;
;;86600;Biotech/Adv Parenterals;202610;Fall 2025;001;66955;Matosevic, Sandro;53.1%;;;;43.5%;;;3.4%;;;;;;;;;;;;;;;;
;;86800;Patient Safety And Informatics;202610;Fall 2025;001;66956;Abebe, Ephrem;99.3%;;;;0.7%;;;;;;;;;;;;;;;;;;;
;;87000;Health Policy Applications;202610;Fall 2025;001;66957;Degnan, Daniel D.;99.3%;;;;0.7%;;;;;;;;;;;;;;;;;;;
;;88000;Adv Pharm Practice Exp;202610;Fall 2025;003;56930;Shepler, Brian M.;;;;;;;;;;;;;;;;;;100.0%;;;;;;
;;;;;;004;56931;Shepler, Brian M.;;;;;;;;;;;;;;;;;;100.0%;;;;;;
;;;;;;005;56932;Shepler, Brian M.;;;;;;;;;;;;;;;;;;100.0%;;;;;;
;;;;;;006;25151;Shepler, Brian M.;;;;;;;;;;;;;;;;;;100.0%;;;;;;
;;;;;;007;23104;Shepler, Brian M.;;;;;;;;;;;;;;;;;0.8%;99.2%;;;;;;
PHSC;PHSC-Pharmaceutical Science;10000;Intro To Pharmacy & Pharm Sci;202610;Fall 2025;001;29013;Krause, Jane E.;;;;;;;;;;;;;;;;;1.7%;96.6%;;;;;1.7%;
;;20000;Pharm And Admissions Pr-Honors;202610;Fall 2025;H03;29034;Darbishire, Patricia L.;85.7%;;;;7.1%;;;;;;;;;;;;;;;;;;7.1%;
;;;Pharm And Admissions Process;202610;Fall 2025;001;29032;Darbishire, Patricia L.;90.9%;;;;6.1%;;;2.0%;;;;;;;;;;;;;;;1.0%;
;;;;;;003;27405;Darbishire, Patricia L.;89.7%;;;;5.2%;;;1.0%;;;;;;;;;;;;;;;4.1%;
;;20100;BSPS Orientation II;202610;Fall 2025;001;29051;Matosevic, Sandro;;;;;;;;;;;;;;;;;9.3%;88.9%;;;;;1.9%;
;;20500;Organic Chem II;202610;Fall 2025;001;29106;Altman, Ryan A.;13.2%;5.9%;20.6%;;5.4%;6.9%;7.8%;9.8%;4.9%;6.4%;6.9%;;;;9.3%;;;;;;;;2.9%;
;;20501;Organic Chem II Lab;202610;Fall 2025;003;29087;Holladay, Susan R.;47.6%;;28.6%;;19.0%;;4.8%;;;;;;;;;;;;;;;;;
;;;;;;005;29089;Holladay, Susan R.;52.2%;;39.1%;;;;8.7%;;;;;;;;;;;;;;;;;
;;;;;;006;29093;Holladay, Susan R.;57.9%;;36.8%;;5.3%;;;;;;;;;;;;;;;;;;;
;;;;;;007;29094;Holladay, Susan R.;36.4%;;50.0%;;9.1%;;4.5%;;;;;;;;;;;;;;;;;
;;;;;;008;29095;Holladay, Susan R.;63.2%;;26.3%;;;;;5.3%;5.3%;;;;;;;;;;;;;;;
;;;;;;009;29096;Holladay, Susan R.;54.5%;;9.1%;;13.6%;;9.1%;;;4.5%;4.5%;;;;;;;;;;;;4.5%;
;;;;;;010;29097;Holladay, Susan R.;22.7%;;50.0%;;9.1%;;13.6%;;;;;;;;;;;;;;;;4.5%;
;;;;;;011;29098;Holladay, Susan R.;31.8%;;54.5%;;;;4.5%;;;4.5%;;;;;;;;;;;;;4.5%;
;;;;;;013;29102;Holladay, Susan R.;36.4%;;27.3%;;18.2%;;13.6%;;;;;;;;4.5%;;;;;;;;;
;;;;;;014;19917;Holladay, Susan R.;16.7%;;25.0%;;16.7%;;33.3%;;;;;;;;;;;;;;;;8.3%;
;;42400;Pathophysiology & Drug Action;202610;Fall 2025;001;30080;Park, Chiwook;32.7%;;;;17.3%;;;19.2%;;;23.1%;;;;1.9%;1.9%;;;;;;;3.8%;
;;42800;Dosage Forms I;202610;Fall 2025;001;30084;Zhou, Qi;12.8%;21.3%;14.9%;;17.0%;2.1%;8.5%;8.5%;;2.1%;2.1%;;;;6.4%;2.1%;;;;;;;2.1%;
;;43600;Biochem Pharm Sci II;202610;Fall 2025;001;31117;Post, Carol B.;12.7%;14.5%;3.6%;;9.1%;9.1%;5.5%;14.5%;;3.6%;21.8%;;;;1.8%;1.8%;;;;;;;1.8%;
;;46000;Drug Discovery & Development I;202610;Fall 2025;001;30142;Davisson, Vincent J.;12.8%;17.0%;8.5%;;23.4%;4.3%;27.7%;;2.1%;2.1%;;;;;;;;;;;;;2.1%;
PHYS;PHYS-Physics;10400;First Year Physics Seminar;202610;Fall 2025;001;19155;Mckenna, Maria T.;;;;;;;;;;;;;;;;;26.7%;66.7%;;;;;6.7%;
;;17200;Modern Mechanics;202610;Fall 2025;101;37254;Klehfoth, Mark G.;23.0%;15.5%;9.4%;;14.3%;5.7%;16.2%;1.5%;2.3%;6.4%;1.1%;;1.1%;;0.8%;;;;;;;;2.6%;
;;;;;;102;26930;Van 'T Hoff, Merel L.;26.3%;13.4%;14.9%;;11.1%;6.9%;16.0%;2.7%;0.8%;6.5%;;;;;0.4%;0.4%;;;;;;;0.8%;
;;;;;;103;37253;Ellison, Tyler D.;28.9%;19.6%;14.4%;;10.4%;4.1%;10.7%;1.5%;1.1%;4.4%;0.4%;;0.4%;;0.7%;0.7%;;;;;;;2.6%;
;;;;;;150;10236;Klehfoth, Mark G.;27.9%;21.1%;14.0%;;10.9%;4.5%;10.9%;2.3%;1.5%;3.4%;;0.4%;0.4%;;1.9%;;;;;;;;0.8%;
;;;;;;198;33522;Klehfoth, Mark G.;23.1%;25.0%;10.4%;;11.5%;2.7%;14.6%;1.9%;0.8%;4.2%;0.4%;;0.8%;;1.2%;;;;;;;;3.5%;
;;;Modern Mechanics-Honors;202610;Fall 2025;H01;26979;Durbin, Stephen M.;15.2%;;10.1%;;17.7%;;21.5%;8.9%;;10.1%;11.4%;;;;3.8%;;;;;;;;1.3%;
;;21400;The Nature Of Physics;202610;Fall 2025;001;26984;Austin, Robert A.;3.7%;14.8%;;;14.8%;18.5%;7.4%;11.1%;11.1%;11.1%;;3.7%;3.7%;;;;;;;;;;;
;;22000;Gen Physics;202610;Fall 2025;002;27016;Route, Matthew P.;7.2%;10.2%;4.9%;;14.0%;9.1%;9.5%;8.7%;8.3%;12.5%;1.9%;1.5%;3.0%;;2.7%;;;0.8%;;;;;5.7%;
;;;;;;003;27017;Route, Matthew P.;6.8%;9.0%;7.5%;;14.3%;10.9%;11.3%;8.6%;5.6%;14.7%;1.1%;1.5%;2.3%;;1.5%;0.4%;;0.4%;;;;;4.1%;
;;;;;;050;10333;Liu, Jing;6.0%;8.6%;5.3%;;8.6%;12.8%;13.5%;11.7%;7.5%;13.2%;2.3%;0.4%;1.9%;;3.0%;;;;;;;;5.3%;
;;22100;Gen Physics;202610;Fall 2025;012;16575;Xie, Wei;8.3%;8.3%;7.6%;;14.4%;4.5%;10.6%;13.6%;6.8%;9.8%;6.1%;0.8%;3.0%;;4.5%;;;;;;;;1.5%;
;;;;;;013;10515;Urba, Laura G.;10.3%;6.6%;8.8%;;17.6%;8.1%;8.1%;6.6%;5.9%;8.1%;3.7%;0.7%;7.4%;;3.7%;0.7%;;;;;;;3.7%;
;;23000;Physical Sci For Elem Educ;202610;Fall 2025;002;15739;Rebello, Nobel S.;21.0%;17.7%;21.0%;;4.8%;9.7%;11.3%;1.6%;;8.1%;;;;;;1.6%;;;;;;;3.2%;
;;23300;Physics For Life Sci I;202610;Fall 2025;001;67161;Arnold, Ian A.;31.0%;20.2%;6.6%;;15.9%;5.8%;13.6%;1.9%;0.4%;3.1%;0.4%;;;;;;;;;;;;1.2%;
;;23400;Physics For Life Sci II;202610;Fall 2025;001;10833;Arnold, Ian A.;23.5%;23.5%;5.9%;;14.7%;;11.8%;2.9%;5.9%;11.8%;;;;;;;;;;;;;;
;;24100;Electricity Optics;202610;Fall 2025;001;27069;Pyrak-Nolte, Laura J.;19.8%;;6.2%;;37.2%;;;19.8%;;;7.0%;;;;3.7%;;;;;;;;6.2%;
;;;;;;003;27071;Elliott, Daniel S.;22.5%;;2.1%;;45.8%;;;19.5%;;;4.7%;;;;2.5%;;;;;;;;3.0%;
;;;;;;D01;56690;Pyrak-Nolte, Laura J.;8.7%;;19.6%;;23.9%;;;26.1%;;;10.9%;;;;2.2%;;;;;;;;8.7%;
;;25200;Electr Optics Lab;202610;Fall 2025;001;46547;Razzouk, Ralph;15.8%;15.8%;52.6%;;5.3%;;;;;;;;5.3%;;;;;;;;;;5.3%;
;;;;;;002;59632;Razzouk, Ralph;16.0%;4.0%;44.0%;;4.0%;4.0%;4.0%;8.0%;;;;;;;8.0%;;;;;;;;8.0%;
;;27200;E&M Interactions;202610;Fall 2025;001;27100;Jones, Timothy M.;9.0%;13.6%;15.1%;;12.1%;11.1%;8.5%;9.5%;4.0%;5.0%;3.0%;0.5%;2.0%;;2.5%;;;;;;;;4.0%;
;;;;;;002;37276;Urba, Laura G.;14.2%;12.7%;13.5%;;13.9%;10.5%;9.4%;7.1%;3.7%;4.9%;1.1%;1.5%;2.6%;;1.5%;;;;;;;;3.4%;
;;;;;;075;10275;Urba, Laura G.;16.7%;8.2%;14.5%;;13.4%;10.4%;9.7%;7.8%;4.5%;9.7%;1.9%;0.4%;1.1%;;0.4%;0.4%;;;;;;;1.1%;
;;;;;;093;11848;Route, Matthew P.;10.9%;8.7%;18.6%;;10.4%;7.1%;7.7%;7.7%;2.7%;9.3%;1.6%;2.2%;3.3%;;2.7%;;;;;;;;7.1%;
;;30600;Math Methods Phys I;202610;Fall 2025;001;56698;Giannios, Dimitrios;19.3%;9.6%;6.1%;;7.9%;9.6%;13.2%;10.5%;;7.0%;7.0%;;;;7.9%;;;;;;;;1.8%;
;;31000;Intermed Mechanics;202610;Fall 2025;001;68899;Zhou, Qi;4.0%;9.1%;4.0%;;22.2%;12.1%;15.2%;13.1%;4.0%;7.1%;3.0%;;1.0%;;4.0%;;;;;;;;1.0%;
;;32200;Intermediate Optics;202610;Fall 2025;001;27122;Liang, Qiyu;7.1%;17.9%;17.9%;;10.7%;7.1%;14.3%;7.1%;3.6%;7.1%;3.6%;;;;3.6%;;;;;;;;;
;;32300;Research With Big Data I;202610;Fall 2025;SC1;12027;Jung, Andreas;3.5%;1.8%;91.2%;;;;1.8%;;;;;;;;;;;;;;;;1.8%;
;;33000;Interm Elect & Magnet;202610;Fall 2025;001;68661;Ritchie, Kenneth P.;23.9%;;;;10.9%;8.7%;4.3%;4.3%;8.7%;10.9%;2.2%;10.9%;4.3%;;6.5%;;;;;;;;4.3%;
;;34000;Quantum Lab;202610;Fall 2025;015;14210;Savikhin, Sergei F.;41.6%;6.2%;36.3%;;3.5%;0.9%;3.5%;1.8%;;;0.9%;;;;4.4%;;;;;;;;0.9%;
;;34202;Intro To Quantum Science;202610;Fall 2025;001;30827;Carlson, Erica;32.4%;13.2%;16.2%;;11.8%;4.4%;16.2%;1.5%;;;1.5%;;;;;;;;;;;;2.9%;
;;;;;;002;27470;Carlson, Erica;35.7%;7.1%;14.3%;;;14.3%;14.3%;7.1%;;;7.1%;;;;;;;;;;;;;
;;34400;Intro To Quantum Science;202610;Fall 2025;001;27130;Ma, Ruichao;19.8%;21.8%;6.9%;;11.9%;5.9%;10.9%;8.9%;;5.0%;2.0%;5.9%;;;;;;;;;;;1.0%;
;;41610;Thermal & Statistical Physics;202610;Fall 2025;001;30374;Robicheaux, Francis J.;44.4%;;;;22.2%;5.6%;;11.1%;;5.6%;;5.6%;;;;;;;;;;;5.6%;
;;43100;Electr Mag II Honors;202610;Fall 2025;H01;45787;Rokhinson, Leonid P.;8.3%;58.3%;;;;;8.3%;;8.3%;8.3%;;;;;8.3%;;;;;;;;;
;;45000;Intermediate Laboratory;202610;Fall 2025;001;27136;Hirisave Shivaram, Niranjan;6.7%;6.7%;46.7%;;6.7%;3.3%;3.3%;;;3.3%;;6.7%;;;10.0%;;;;;;;;6.7%;
;;46100;Quantu Mech II Honors;202610;Fall 2025;H01;12047;Zeng, Yihang;13.3%;20.0%;;;13.3%;6.7%;33.3%;;;13.3%;;;;;;;;;;;;;;
;;51500;Thermal & Stat Physics;202610;Fall 2025;001;12070;Banerjee, Arnab;23.1%;15.4%;11.5%;;11.5%;7.7%;11.5%;;;;;3.8%;;;;;;;;;;;15.4%;
;;55600;Intro Nuclear Physics;202610;Fall 2025;001;17005;Wang, Fuqiang;45.5%;;;18.2%;36.4%;;;;;;;;;;;;;;;;;;;
;;56400;Intro Element Partcl;202610;Fall 2025;002;20997;Neumeister, Norbert;28.6%;7.1%;7.1%;;14.3%;7.1%;14.3%;;;;7.1%;;;;;;;;;;;;14.3%;
;;57000;AI And Physics;202610;Fall 2025;013;18703;Liu, Miaoyuan;75.0%;;;8.3%;;;16.7%;;;;;;;;;;;;;;;;;
;;;Fusion Categories For Physics;202610;Fall 2025;017;28447;Delaney, Colleen;53.8%;19.2%;;3.8%;3.8%;;11.5%;3.8%;;;;;;;3.8%;;;;;;;;;
;;60000;Methods Theoret Phys I;202610;Fall 2025;001;27182;Lyanda-Geller, Yuli;16.7%;13.3%;50.0%;3.3%;;;6.7%;;;3.3%;;;;;3.3%;;;;;;;;3.3%;
;;60500;Pedagogical Mthd Grad Students;202610;Fall 2025;001;20506;Rebello, Nobel S.;100.0%;;;;;;;;;;;;;;;;;;;;;;;
;;61000;Adv Theo Mechanics;202610;Fall 2025;001;18698;Khlebnikov, Sergei;41.7%;;41.7%;16.7%;;;;;;;;;;;;;;;;;;;;
;;63000;Adv Theo Elec Magnet;202610;Fall 2025;001;18699;Greene, Christopher H.;18.9%;13.5%;2.7%;5.4%;29.7%;5.4%;2.7%;2.7%;;;;;;;;2.7%;;;;;;;16.2%;
;;64500;Electron Thry Sol I;202610;Fall 2025;001;31865;Nie, Laimei;23.1%;15.4%;53.8%;7.7%;;;;;;;;;;;;;;;;;;;;
;;66000;Quantum Mechanics I;202610;Fall 2025;001;27186;Kruczenski, Luis M.;11.4%;11.4%;22.9%;2.9%;17.1%;8.6%;14.3%;2.9%;;;;;;;;;;;;;;;8.6%;
;;66100;Quantum Mechanics II;202610;Fall 2025;001;29894;Vayrynen, Jukka I.;5.0%;35.0%;5.0%;;15.0%;10.0%;25.0%;;;;;;;;;5.0%;;;;;;;;
;;66200;Quantum Field Theory I;202610;Fall 2025;001;15367;Lashkari, Nima;57.1%;14.3%;;7.1%;7.1%;14.3%;;;;;;;;;;;;;;;;;;
;;66400;Quan Th Many Body Syst;202610;Fall 2025;001;28065;Chamon, Claudio D.;24.1%;17.2%;6.9%;41.4%;;;;;;;;;;;;3.4%;;;;;;;6.9%;
;;69600;Intro To Physics Research;202610;Fall 2025;001;20117;Csathy, Gabor A.;;;;;;;;;;;;;;;;;1.3%;98.8%;;;;;;
POL;POL-Political Science;10100;American Government;202610;Fall 2025;005;15952;Strother, Logan R.;9.5%;7.1%;;;17.9%;13.1%;7.1%;6.0%;4.8%;2.4%;3.6%;4.8%;2.4%;;7.1%;3.6%;;;;;;;10.7%;
;;;;;;006;13995;Carter, Darrell J.;12.0%;20.0%;;;20.0%;11.0%;18.5%;4.5%;1.5%;5.5%;0.5%;;1.0%;;2.0%;;;;;;;;3.5%;
;;12000;Intr Pub Pol-Pub Admin;202610;Fall 2025;001;27245;Brownstein, Michael R.;13.6%;19.7%;4.5%;;10.6%;13.6%;10.6%;4.5%;;9.1%;1.5%;;;;1.5%;;;;;;;;10.6%;
;;13000;Intro To Int Reltns;202610;Fall 2025;008;20057;Haynes, Kyle E.;6.6%;16.8%;;;19.0%;10.2%;11.7%;6.6%;4.4%;9.5%;2.9%;;2.2%;;2.9%;;;;;;;;7.3%;
;;14100;Govts Of The World;202610;Fall 2025;001;14789;Dory, William A.;23.8%;10.0%;5.0%;;13.8%;8.8%;10.0%;3.8%;3.8%;5.0%;2.5%;;;;6.3%;;;1.3%;;;;;6.3%;
;;;Govts Of The World-Honors;202610;Fall 2025;001;14789;Dory, William A.;;;100.0%;;;;;;;;;;;;;;;;;;;;;
;;20400;Spies And Lies;202610;Fall 2025;001;14935;Will, Melissa C.;24.2%;16.9%;3.2%;;14.5%;8.9%;8.1%;3.2%;6.5%;5.6%;0.8%;0.8%;0.8%;;0.8%;;;;;;;;5.6%;
;;;Spies And Lies-Honors;202610;Fall 2025;001;14935;Will, Melissa C.;;;50.0%;;;;50.0%;;;;;;;;;;;;;;;;;
;;22200;Wom Pol And Publ Pol;202610;Fall 2025;002;23974;Clawson, Rosalee A.;42.8%;15.6%;16.7%;;6.7%;5.6%;6.7%;1.1%;0.6%;0.6%;;;0.6%;;1.1%;;;;;;;;2.2%;
;;22300;Intr Environmental Pol;202610;Fall 2025;009;13518;Kurtz, Reed M.;45.7%;18.6%;;;7.1%;4.3%;4.3%;2.9%;1.4%;2.9%;;;2.9%;;4.3%;;;;;;;;5.7%;
;;;;;;010;13752;Dory, William A.;27.9%;14.0%;22.5%;;3.9%;5.4%;13.2%;;2.3%;1.6%;1.6%;;;;3.9%;;;;;;;;3.9%;
;;22900;Social And Polit Phil;202610;Fall 2025;002;16201;Messina, James P.;21.4%;7.1%;7.1%;;21.4%;35.7%;;;;;;;;;;;;;;;;;7.1%;
;;;Social And Polit Phil-Honors;202610;Fall 2025;002;16201;Messina, James P.;;100.0%;;;;;;;;;;;;;;;;;;;;;;
;;23100;Intro U S For Policy;202610;Fall 2025;004;13762;Carter, Darrell J.;26.2%;23.8%;;;13.7%;2.4%;20.2%;4.2%;;2.4%;;0.6%;0.6%;;4.2%;;;;;;;;1.8%;
;;23400;The Politics Of Terrorism;202610;Fall 2025;001;25448;Will, Melissa C.;36.8%;10.5%;1.8%;;12.3%;7.0%;8.8%;7.0%;;5.3%;3.5%;3.5%;;;;;;;;;;;3.5%;
;;23500;Rich And Poor Nations;202610;Fall 2025;005;13778;Girard, Tyler J.;26.8%;23.2%;7.1%;;14.3%;1.8%;10.7%;1.8%;;3.6%;1.8%;;;;;;;1.8%;;;;;7.1%;
;;;;;;006;13998;Pijanowski, Alexander J.;41.5%;13.0%;38.5%;;1.0%;1.0%;1.5%;0.5%;0.5%;1.0%;;;;;1.0%;;;;;;;;0.5%;
;;;Rich And Poor Nations-Honors;202610;Fall 2025;005;13778;Girard, Tyler J.;;;100.0%;;;;;;;;;;;;;;;;;;;;;
;;;;;;006;13998;Pijanowski, Alexander J.;;;100.0%;;;;;;;;;;;;;;;;;;;;;
;;23700;Mod Weapons & Intl Rel;202610;Fall 2025;001;13996;Shimko, Keith L.;30.6%;27.0%;;;11.7%;3.6%;14.4%;2.7%;;2.7%;;;;;1.8%;0.9%;;;;;;;4.5%;
;;;;;;002;25152;Shimko, Keith L.;30.0%;40.0%;;;10.0%;;14.0%;;;;;;;;;;;;;;;;6.0%;
;;30000;Intro Polit Analysis;202610;Fall 2025;005;15358;Waltenburg, Eric N.;29.3%;18.7%;8.0%;;4.0%;4.0%;9.3%;5.3%;;5.3%;1.3%;;1.3%;;2.7%;1.3%;;;;;;;9.3%;
;;;;;;006;32047;Waltenburg, Eric N.;26.7%;;26.7%;;;;6.7%;;6.7%;6.7%;;;;;;;;;;;;;26.7%;
;;31400;President Pol Process;202610;Fall 2025;001;26729;Brownstein, Michael R.;15.6%;15.6%;4.4%;;2.2%;8.9%;20.0%;2.2%;;4.4%;;;2.2%;;2.2%;;;;;;;;22.2%;
;;32700;Global Green Politics;202610;Fall 2025;001;15697;Kurtz, Reed M.;25.3%;18.9%;;;11.6%;4.2%;21.1%;;3.2%;2.1%;2.1%;1.1%;;;5.3%;;;;;;;;5.3%;
;;;;;;002;27989;Kurtz, Reed M.;42.0%;24.0%;;;1.5%;1.5%;6.0%;1.5%;6.5%;1.5%;3.0%;0.5%;4.0%;;3.0%;;;;;;;;5.0%;
;;37200;Indiana Gov & Politics;202610;Fall 2025;001;18700;Kulesza, Christopher F.;55.3%;12.9%;4.7%;;3.5%;3.5%;11.8%;;1.2%;2.4%;;1.2%;;;1.2%;;;;;;;;2.4%;
;;40700;Field Exp Undergrad Res Collab;202610;Fall 2025;001;26995;Will, Melissa C.;;;;;;;;;;;;;;;;;;100.0%;;;;;;
;;41100;Congress Structure;202610;Fall 2025;001;13604;Browning, Robert X.;9.7%;22.6%;3.2%;;19.4%;3.2%;12.9%;6.5%;3.2%;6.5%;;;;;9.7%;;;;;;;;3.2%;
;;41300;Analysis Of Political Behavior;202610;Fall 2025;001;23964;Brownstein, Michael R.;17.9%;10.7%;21.4%;;14.3%;3.6%;10.7%;7.1%;;3.6%;3.6%;;;;;;;;;;;;7.1%;
;;42300;Intl Envir Policy;202610;Fall 2025;001;12122;Kurtz, Reed M.;50.0%;6.3%;;;10.4%;2.1%;14.6%;8.3%;;4.2%;;;;;;;;;;;;;4.2%;
;;42900;Sustainability Studies;202610;Fall 2025;019;20137;Day, Gordon J.;43.5%;30.4%;;;4.3%;;4.3%;;;4.3%;;;4.3%;;;;;;;;;;8.7%;
;;43300;Internat Organization;202610;Fall 2025;001;28077;Carter, Darrell J.;36.2%;25.5%;;;6.4%;2.1%;19.1%;2.1%;;4.3%;;;;;4.3%;;;;;;;;;
;;43500;International Law;202610;Fall 2025;001;30425;Reardon, Liana E.;15.8%;10.5%;57.9%;;;5.3%;5.3%;;;;;;;;;;;;;;;;5.3%;
;;;International Law-Honors;202610;Fall 2025;001;30425;Reardon, Liana E.;;;100.0%;;;;;;;;;;;;;;;;;;;;;
;;46000;Judicial Politics;202610;Fall 2025;001;27145;Sweet, Martin J.;6.9%;13.8%;3.4%;;20.7%;13.8%;13.8%;3.4%;;;3.4%;3.4%;3.4%;;;;;;;;;;13.8%;
;;46100;Constitutional Law I;202610;Fall 2025;001;17567;Kampe, Linda L.;30.0%;5.0%;55.0%;;;;2.5%;;;2.5%;2.5%;;;;;;;;;;;;2.5%;
;;;Constitutional Law I-Honors;202610;Fall 2025;001;17567;Kampe, Linda L.;33.3%;;66.7%;;;;;;;;;;;;;;;;;;;;;
;;46200;Constitutional Law II;202610;Fall 2025;001;20666;Kampe, Linda L.;43.9%;7.3%;39.0%;;;2.4%;4.9%;;2.4%;;;;;;;;;;;;;;;
;;46400;Legal Professionalism;202610;Fall 2025;001;27876;Kampe, Linda L.;30.8%;7.7%;34.6%;;7.7%;3.8%;3.8%;;;;;;3.8%;;3.8%;;;;;;;;3.8%;
;;49100;Ins And Outs Politicl Reprsntn;202610;Fall 2025;012;27358;Chapman, Valeria S.;8.3%;25.0%;;;;16.7%;33.3%;;;8.3%;;;;;;;;;;;;;8.3%;
;;;Money, Machines, & Mod Empire;202610;Fall 2025;008;21644;Girard, Tyler J.;38.9%;33.3%;5.6%;;11.1%;;5.6%;;;5.6%;;;;;;;;;;;;;;
;;;Weapons Of Mass Destruction;202610;Fall 2025;011;25263;Barnum, Miriam M.;35.3%;11.8%;;;11.8%;5.9%;11.8%;;;11.8%;;;;;11.8%;;;;;;;;;
;;52601;Tech, AI, Ethics In Policy;202610;Fall 2025;001;29848;Dietrich, Bryce J.;45.0%;35.0%;10.0%;;;;;;;;;;;;;;;;;;;;10.0%;
;;52901;Policy And Program Evaluation;202610;Fall 2025;001;25148;Grillos, Tara;53.8%;23.1%;;;;;23.1%;;;;;;;;;;;;;;;;;
PSY;PSY-Psychological Sciences;10000;Intro Sci Fields Psy;202610;Fall 2025;002;15698;William, Colin T.;79.2%;7.9%;;;1.0%;3.0%;5.0%;;;;;;;;1.0%;;;;;;;;3.0%;
;;12000;Elementary Psychology;202610;Fall 2025;066;26880;Hollich, George J.;26.8%;2.5%;54.7%;;2.8%;0.5%;2.1%;0.5%;0.2%;0.5%;1.2%;;;;2.1%;5.8%;;;;;;;0.5%;
;;;;;;069;21000;William, Colin T.;16.8%;15.1%;;0.2%;17.5%;7.9%;8.2%;7.5%;4.8%;5.8%;1.7%;1.2%;2.2%;;1.7%;4.8%;;;;;;;4.6%;
;;;;;;073;29183;Ward, Erin S.;51.9%;7.7%;26.5%;;1.4%;0.9%;2.1%;0.2%;0.2%;;;0.5%;0.2%;;0.7%;4.9%;;0.2%;;;;;2.3%;
;;;;;;075;11830;Malone, Caroline K.;31.2%;16.0%;;;11.9%;6.9%;11.9%;5.0%;2.1%;4.0%;1.0%;1.2%;0.7%;;2.6%;3.6%;;0.2%;;;;;1.7%;
;;;Elementary Psychology-Honors;202610;Fall 2025;066;26880;Hollich, George J.;26.3%;;73.7%;;;;;;;;;;;;;;;;;;;;;
;;;;;;069;21000;William, Colin T.;71.4%;19.0%;;;4.8%;;4.8%;;;;;;;;;;;;;;;;;
;;;;;;073;29183;Ward, Erin S.;66.7%;;33.3%;;;;;;;;;;;;;;;;;;;;;
;;;;;;075;11830;Malone, Caroline K.;60.0%;16.0%;;;8.0%;;4.0%;4.0%;4.0%;;;;;;;;;4.0%;;;;;;
;;20000;Intro Cogn Psych;202610;Fall 2025;009;13795;Swisher, Melissa J.;42.0%;;0.5%;;29.5%;;7.0%;12.0%;;3.5%;3.5%;;;;;;;;;;;;2.0%;
;;;;;;010;11763;Chiu, Yu-Chin;29.5%;9.4%;32.1%;;9.0%;4.3%;5.1%;0.9%;1.3%;0.4%;0.9%;;0.4%;;;;;0.4%;;;;;6.4%;
;;;;;;011;32092;McAleer, Jessica L.;30.0%;10.0%;20.0%;;16.7%;;3.3%;;;3.3%;;;;;6.7%;;;;;;;;10.0%;
;;20100;Intro To Stat In Psych;202610;Fall 2025;001;19563;Lim-Kessler, Corrinne C.;34.8%;21.2%;22.7%;;6.1%;3.0%;3.0%;1.5%;1.5%;;1.5%;1.5%;;;;;;;;;;;3.0%;
;;;;;;002;19564;Lim-Kessler, Corrinne C.;40.9%;16.7%;19.7%;;10.6%;;6.1%;1.5%;1.5%;1.5%;;;;;;;;;;;;;1.5%;
;;;;;;003;19565;Han, Zhixian;39.5%;14.0%;;;7.0%;9.3%;9.3%;2.3%;;2.3%;;;2.3%;;2.3%;;;;;;;;11.6%;
;;20300;Intro Res Meth In Psy;202610;Fall 2025;011;19810;Swisher, Melissa J.;58.3%;;4.2%;;18.1%;;4.2%;5.6%;;2.8%;;;;;4.2%;;;;;;;;2.8%;
;;;;;;012;21034;Swisher, Melissa J.;54.9%;;1.1%;;28.6%;;3.3%;6.6%;;;2.2%;;;;2.2%;;;;;;;;1.1%;
;;;Intro Res Meth In Psy-Honors;202610;Fall 2025;011;19810;Swisher, Melissa J.;100.0%;;;;;;;;;;;;;;;;;;;;;;;
;;22200;Intro Behvr Neurosci;202610;Fall 2025;003;15622;Lim-Kessler, Corrinne C.;47.5%;22.3%;13.9%;;4.6%;1.7%;6.3%;0.8%;0.4%;;0.4%;;;;0.8%;;;;;;;;1.3%;
;;23500;Child Psychology;202610;Fall 2025;004;16794;Hollich, George J.;52.3%;2.3%;23.3%;;5.8%;;4.7%;1.2%;;2.3%;1.2%;;;;2.3%;;;;;;;;4.7%;
;;;;;;005;22740;Hollich, George J.;46.8%;5.1%;40.4%;;3.2%;;0.6%;;;0.6%;;;;;;0.6%;;;;;;;2.6%;
;;24000;Intro Social Psych;202610;Fall 2025;002;15631;Gulker, Jill E.;31.5%;23.5%;5.5%;;9.0%;7.0%;11.5%;2.0%;1.0%;5.5%;;;2.0%;;;;;;;;;;1.5%;
;;;Intro Social Psych-Honors;202610;Fall 2025;002;15631;Gulker, Jill E.;75.0%;25.0%;;;;;;;;;;;;;;;;;;;;;;
;;27200;Intro To Ind-Org Psych;202610;Fall 2025;001;11782;Kung, Yk Hei Franki;54.7%;8.3%;;;13.8%;2.2%;10.5%;3.3%;0.6%;2.8%;1.1%;;;;1.1%;;;;;;;;1.7%;
;;30500;Analyzing Psychological Data;202610;Fall 2025;002;33000;Bucher, Meredith A.;23.1%;15.4%;;;7.7%;3.8%;23.1%;;3.8%;3.8%;3.8%;;;;7.7%;;;;;;;;7.7%;
;;31000;Sensory Percep Proc;202610;Fall 2025;001;11792;Chiu, Yu-Chin;17.1%;28.6%;17.1%;;2.9%;8.6%;11.4%;;2.9%;5.7%;;;2.9%;;;;;;;;;;2.9%;
;;31100;Human Memory;202610;Fall 2025;001;11796;Malone, Caroline K.;33.8%;11.7%;;;18.2%;6.5%;13.0%;3.9%;;5.2%;1.3%;2.6%;;;;;;;;;;;3.9%;
;;31400;Intro To Learning;202610;Fall 2025;001;15971;Swisher, Melissa J.;32.4%;;;;20.6%;;5.9%;17.6%;;5.9%;8.8%;2.9%;;;5.9%;;;;;;;;;
;;32400;Intro Cog Neurosci;202610;Fall 2025;001;15450;Lee, Hongmi;26.8%;19.5%;4.9%;;4.9%;2.4%;26.8%;;;4.9%;2.4%;;;;2.4%;;;;;;;;4.9%;
;;32700;Psychology Of Helping;202610;Fall 2025;001;23736;Ward, Erin S.;38.6%;24.3%;17.1%;;;5.7%;5.7%;1.4%;;4.3%;1.4%;;;;;;;;;;;;1.4%;
;;33500;Stereotyping And Prej;202610;Fall 2025;001;15958;Ward, Erin S.;28.6%;20.8%;13.0%;;5.2%;7.8%;9.1%;3.9%;1.3%;2.6%;1.3%;;;;1.3%;;;;;;;;5.2%;
;;33600;Issues In Devel Psych;202610;Fall 2025;001;26338;Hollich, George J.;9.1%;1.5%;69.7%;;1.5%;1.5%;3.0%;3.0%;;1.5%;;;1.5%;;3.0%;3.0%;;;;;;;1.5%;
;;34200;Psych Of Personality;202610;Fall 2025;001;27770;Graziano, William G.;36.0%;;;;36.0%;;;16.0%;;;4.0%;;;;;;;;;;;;8.0%;
;;35000;Abnormal Psychology;202610;Fall 2025;001;48916;William, Colin T.;19.7%;18.0%;;;16.7%;10.0%;18.4%;4.2%;2.5%;5.9%;1.3%;0.4%;0.8%;;;;;;;;;;2.1%;
;;;;;;003;16857;William, Colin T.;27.0%;16.9%;;;11.8%;8.9%;12.7%;6.8%;2.1%;8.0%;0.8%;0.4%;0.4%;;0.4%;;;0.4%;;;;;3.4%;
;;;Abnormal Psychology-Honors;202610;Fall 2025;001;48916;William, Colin T.;33.3%;66.7%;;;;;;;;;;;;;;;;;;;;;;
;;;;;;003;16857;William, Colin T.;50.0%;16.7%;;;33.3%;;;;;;;;;;;;;;;;;;;
;;35400;Close Relationships;202610;Fall 2025;001;21022;Gulker, Jill E.;19.2%;17.8%;13.7%;;6.8%;2.7%;9.6%;8.2%;1.4%;5.5%;;;2.7%;;4.1%;;;;;;;;8.2%;
;;36700;Adult Devel & Aging;202610;Fall 2025;001;11798;Malone, Caroline K.;24.4%;15.6%;;;15.6%;8.9%;8.9%;6.7%;4.4%;4.4%;;;2.2%;;2.2%;;;;;;;;6.7%;
;;39200;Clinical Health Psy;202610;Fall 2025;017;11804;Brown, Jennifer L.;22.0%;7.3%;2.4%;;12.2%;12.2%;19.5%;7.3%;2.4%;9.8%;2.4%;2.4%;;;;;;;;;;;;
;;;Intro - Computational Psy & AI;202610;Fall 2025;019;29700;Han, Zhixian;72.7%;;;;;;;9.1%;;;;;9.1%;;;;;;;;;;9.1%;
;;;Judgment And Decision Making;202610;Fall 2025;016;11800;Broomell, Stephen B.;13.0%;32.6%;6.5%;;13.0%;8.7%;19.6%;;;2.2%;;;;;;;;;;;;;4.3%;
;;;Judgmnt & Decision Mkng-Honors;202610;Fall 2025;016;11800;Broomell, Stephen B.;100.0%;;;;;;;;;;;;;;;;;;;;;;;
;;;Psychology Of Gender;202610;Fall 2025;005;21001;Morgenroth, Thekla;20.0%;10.0%;20.0%;;5.0%;;30.0%;10.0%;;;;;;;5.0%;;;;;;;;;
;;;Social Identity & Intergrp Rel;202610;Fall 2025;018;27447;Monteith, Margo J.;36.4%;27.3%;36.4%;;;;;;;;;;;;;;;;;;;;;
;;;Social Neuroscience;202610;Fall 2025;015;18330;Gulker, Jill E.;29.7%;25.7%;12.2%;;10.8%;;8.1%;4.1%;;2.7%;2.7%;;;;;;;;;;;;4.1%;
;;;Social Neuroscience-Honors;202610;Fall 2025;015;18330;Gulker, Jill E.;;;;;100.0%;;;;;;;;;;;;;;;;;;;
;;;Clinical Health Psy-Honors;202610;Fall 2025;017;11804;Brown, Jennifer L.;;;;;;;100.0%;;;;;;;;;;;;;;;;;
;;40100;Language And The Brain;202610;Fall 2025;001;27479;Kemmerer, David L.;25.0%;;;;25.0%;;;;8.3%;16.7%;;;;;8.3%;;;;;;;;16.7%;
;;41800;Understanding Autism;202610;Fall 2025;001;18578;Keehn, Brandon M.;43.2%;18.9%;;;2.7%;5.4%;18.9%;2.7%;2.7%;2.7%;;;2.7%;;;;;;;;;;;
;;;Understanding Autism-Honors;202610;Fall 2025;001;18578;Keehn, Brandon M.;100.0%;;;;;;;;;;;;;;;;;;;;;;;
;;42200;Genes And Behavior;202610;Fall 2025;001;19194;Fox, Edward A.;65.1%;;;;18.6%;;;7.0%;;;2.3%;;;;2.3%;;;;;;;;4.7%;
;;43800;Intro To Clinical Psy-Honors;202610;Fall 2025;001;13853;Foti, Daniel J.;66.7%;33.3%;;;;;;;;;;;;;;;;;;;;;;
;;;Intro To Clinical Psychology;202610;Fall 2025;001;13853;Foti, Daniel J.;50.9%;21.8%;;;1.8%;5.5%;9.1%;3.6%;1.8%;1.8%;;1.8%;1.8%;;;;;;;;;;;
;;44300;Aggression & Violence;202610;Fall 2025;001;11822;Eckhardt, Christopher I.;41.2%;15.7%;17.6%;;2.0%;2.0%;13.7%;;2.0%;2.0%;2.0%;;;;2.0%;;;;;;;;;
;;60601;ANOVA Behavioral Sciences;202610;Fall 2025;001;13578;Broomell, Stephen B.;23.5%;23.5%;41.2%;;11.8%;;;;;;;;;;;;;;;;;;;
;;61710;Topics In Cognitive Neurosci;202610;Fall 2025;001;29902;Sereno, Anne B.;100.0%;;;;;;;;;;;;;;;;;;;;;;;
;;62500;Cognitive Processes;202610;Fall 2025;001;11900;Redick, Thomas S.;91.7%;8.3%;;;;;;;;;;;;;;;;;;;;;;
;;63300;Pro Seminar Cognitive/ MCP;202610;Fall 2025;001;27866;Schneider, Darryl W.;;;;;;;;;;;;;;;;;;100.0%;;;;;;
;;63700;Human Infor Processing;202610;Fall 2025;001;11901;Schneider, Darryl W.;72.7%;9.1%;;;;;9.1%;;;;;;;;;;;;;;;;9.1%;
;;67510;Research Mthds Clin Psych;202610;Fall 2025;001;24515;Lynam, Donald R.;100.0%;;;;;;;;;;;;;;;;;;;;;;;
;;69200;History & Systems Of Psy;202610;Fall 2025;027;11908;Eckhardt, Christopher I.;100.0%;;;;;;;;;;;;;;;;;;;;;;;
;;;Meta Analysis;202610;Fall 2025;028;11911;Macnamara, Brooke N.;41.7%;16.7%;16.7%;;8.3%;8.3%;8.3%;;;;;;;;;;;;;;;;;
;;;Pro-Sem Clinical Psy;202610;Fall 2025;002;28084;Lynam, Donald R.;;;;;;;;;;;;;;;;;;100.0%;;;;;;
PTGS;PTGS-Portuguese;10100;Portuguese Level I;202610;Fall 2025;004;21219;Quiroga Varon, Jhon H.;22.2%;27.8%;;;5.6%;5.6%;5.6%;;;5.6%;5.6%;;;;5.6%;;;;;;;;16.7%;
;;20100;Portuguese Level III;202610;Fall 2025;001;11486;Alvim Ferreira, Carolina;31.3%;18.8%;6.3%;;;;31.3%;;;;6.3%;;;;;;;6.3%;;;;;;
PUBH;PUBH-Public Health;10001;Intro To Public Health;202610;Fall 2025;002;18416;Solari Williams, Kayce D.;20.0%;28.0%;16.0%;;8.0%;4.0%;14.0%;4.0%;;2.0%;;;2.0%;;2.0%;;;;;;;;;
;;20200;Hlth In The Time Of Pandemics;202610;Fall 2025;001;22034;Malcolm, Shandey D.;32.0%;;64.0%;;2.0%;;;;;;2.0%;;;;;;;;;;;;;
;;20500;Basic Public Health Studies;202610;Fall 2025;001;11551;Bailey, Kelley C.;55.3%;10.6%;17.0%;;6.4%;;6.4%;4.3%;;;;;;;;;;;;;;;;
;;;Bsc Pblc Hlth Studies-Honors;202610;Fall 2025;001;11551;Bailey, Kelley C.;100.0%;;;;;;;;;;;;;;;;;;;;;;;
;;;Basic Pub Hlth Stdies-Honors;202610;Fall 2025;001;11551;Bailey, Kelley C.;;100.0%;;;;;;;;;;;;;;;;;;;;;;
;;23000;Community Cultur Hlth Perspect;202610;Fall 2025;001;26073;Chang Alexander, Stewart C.;29.6%;18.5%;29.6%;;11.1%;;3.7%;;;;;;3.7%;;;;;;;;;;3.7%;
;;24000;Global Health;202610;Fall 2025;001;25617;Bhadelia, Afsan R.;11.4%;4.5%;79.5%;;;;4.5%;;;;;;;;;;;;;;;;;
;;;Global Health-Honors;202610;Fall 2025;001;25617;Bhadelia, Afsan R.;;;100.0%;;;;;;;;;;;;;;;;;;;;;
;;29500;Intern & Career Prep;202610;Fall 2025;001;21903;Walker, Beth A.;50.0%;;30.0%;;16.7%;;;3.3%;;;;;;;;;;;;;;;;
;;30500;Health Educ Elem Sch;202610;Fall 2025;001;11555;Bailey, Kelley C.;25.0%;;6.3%;;18.8%;;6.3%;;6.3%;12.5%;;;;;12.5%;;;;;;;;12.5%;
;;;Health Educ Elem Sch-Honors;202610;Fall 2025;001;11555;Bailey, Kelley C.;;;;;;;;;;;;;;;;;;;;;;;100.0%;
;;32000;Hlth Behavior Promo;202610;Fall 2025;001;11622;Mahaffey, Carlos C.;70.0%;13.3%;;;16.7%;;;;;;;;;;;;;;;;;;;
;;32500;Meth Hlth Promo & Ed;202610;Fall 2025;001;11563;Bailey, Kelley C.;75.8%;12.1%;;;6.1%;;6.1%;;;;;;;;;;;;;;;;;
;;36500;Public Health Research Methods;202610;Fall 2025;001;17622;Laroche, Kathryn J.;23.1%;;23.1%;;7.7%;;30.8%;7.7%;;;;;;;7.7%;;;;;;;;;
;;;Pub Hlth Resrch Mthds-Honors;202610;Fall 2025;001;17622;Laroche, Kathryn J.;;;100.0%;;;;;;;;;;;;;;;;;;;;;
;;38000;Public Health Policy;202610;Fall 2025;001;17623;Peters, Bukola O.;21.2%;;59.6%;;9.6%;;7.7%;;;1.9%;;;;;;;;;;;;;;
;;40000;Human Diseases Disord;202610;Fall 2025;001;11643;Baier, Vincent E.;43.9%;10.6%;25.8%;;7.6%;3.0%;6.1%;1.5%;;1.5%;;;;;;;;;;;;;;
;;40500;Principle Epidemiology;202610;Fall 2025;001;11639;Banda, Jorge A.;7.4%;14.8%;14.8%;;22.2%;14.8%;7.4%;3.7%;;14.8%;;;;;;;;;;;;;;
;;;Principle Epidemiology-Honors;202610;Fall 2025;001;11639;Banda, Jorge A.;50.0%;;50.0%;;;;;;;;;;;;;;;;;;;;;
;;51100;Foundations Of Global Health;202610;Fall 2025;001;11532;Rodriguez, Natalia M.;21.7%;34.8%;26.1%;;8.7%;;8.7%;;;;;;;;;;;;;;;;;
;;52600;Randomized Control Trials;202610;Fall 2025;001;24977;Gunaratna, Nilupa S.;77.8%;5.6%;11.1%;;;;;;;;;;;;;;;;;;;;5.6%;
;;54700;Pub Hlth Program & Policy Eval;202610;Fall 2025;001;27257;Bhadelia, Afsan R.;43.8%;;56.3%;;;;;;;;;;;;;;;;;;;;;
;;59000;Health Counseling;202610;Fall 2025;040;32818;Solari Williams, Kayce D.;27.3%;13.6%;50.0%;;;9.1%;;;;;;;;;;;;;;;;;;
;;60000;Prof Development PH Seminar;202610;Fall 2025;001;21642;Stapleton, Shauna S.;;;;;;;;;;;;;;;;;;;;100.0%;;;;
;;;;;;002;15903;Stapleton, Shauna S.;;;;;;;;;;;;;;;;;;;;100.0%;;;;
;;60100;Intro Quant Meth Public Health;202610;Fall 2025;001;11706;Malcolm, Shandey D.;21.2%;18.2%;45.5%;;6.1%;3.0%;3.0%;;;;;;;;;;;;;;;;3.0%;
;;60200;Theor Fndn Hlth Behav;202610;Fall 2025;001;11704;Ruiz, Yumary;53.1%;28.1%;;;6.3%;3.1%;9.4%;;;;;;;;;;;;;;;;;
;;69400;Grad Seminar In Public Health;202610;Fall 2025;001;27243;Banda, Jorge A.;;;;;;;;;;;;;;;;;;;;96.2%;;;3.8%;
REL;REL-Religious Studies;20000;Intro To Study Of Rel;202610;Fall 2025;001;29451;Purpura, Ashley M.;87.1%;;;3.2%;6.5%;;;;;;;;;;;;;;;;;;3.2%;
;;20300;Theology Of Paul;202610;Fall 2025;001;24620;Ryba, Thomas W.;64.7%;;5.9%;;23.5%;;;;;;5.9%;;;;;;;;;;;;;
;;20400;Intro To Christ Theol;202610;Fall 2025;001;24613;Purpura, Ashley M.;92.9%;;;;7.1%;;;;;;;;;;;;;;;;;;;
;;23000;Religions Of The East;202610;Fall 2025;001;20638;Ryba, Thomas W.;6.7%;;6.7%;;;26.7%;53.3%;;;6.7%;;;;;;;;;;;;;;
;;23100;Religions Of The West;202610;Fall 2025;001;41413;Ryba, Thomas W.;14.3%;21.4%;14.3%;;21.4%;;14.3%;;;;;;;;;;;;;;;;14.3%;
;;;Religions Of The West-Honors;202610;Fall 2025;001;41413;Ryba, Thomas W.;100.0%;;;;;;;;;;;;;;;;;;;;;;;
RPMP;RPMP-Radio Pharm Mfg;49300;Reg Considerations NP Practice;202610;Fall 2025;001;30093;Weatherman, Kara D.;100.0%;;;;;;;;;;;;;;;;;;;;;;;
;;49400;Clinical Asp Of NP Practice;202610;Fall 2025;001;30095;Weatherman, Kara D.;100.0%;;;;;;;;;;;;;;;;;;;;;;;
RUSS;RUSS-Russian;10100;Russian Level I;202610;Fall 2025;004;31830;Dick, Ekaterina D.;23.1%;30.8%;46.2%;;;;;;;;;;;;;;;;;;;;;
;;;;;;005;31831;Kuleshova, Deliya P.;23.1%;7.7%;23.1%;;15.4%;;;15.4%;7.7%;;;;;;7.7%;;;;;;;;;
;;;;;;006;31832;Kuleshova, Deliya P.;18.2%;27.3%;;;9.1%;;9.1%;9.1%;;9.1%;;9.1%;;;;;;;;;;;9.1%;
;;;Russian Level I-Honors;202610;Fall 2025;006;31832;Kuleshova, Deliya P.;;;100.0%;;;;;;;;;;;;;;;;;;;;;
;;20100;Russian Level III;202610;Fall 2025;001;21296;Bell, Lyudmila;50.0%;16.7%;25.0%;;8.3%;;;;;;;;;;;;;;;;;;;
;;30100;Russian Level V;202610;Fall 2025;001;62930;Gabrielov, Amina;15.4%;;46.2%;;7.7%;;;;;;;;;;7.7%;;;;;;;;23.1%;
SCI;SCI-General Science;19500;BYTES Seminar;202610;Fall 2025;LC4;27451;Salina-Bender, Giselle M.;23.7%;2.6%;65.8%;;2.6%;;;;;2.6%;;;;;;;;;;;;;2.6%;
;;;Leadership Seminar;202610;Fall 2025;009;30975;Salina-Bender, Giselle M.;9.1%;18.2%;68.2%;;4.5%;;;;;;;;;;;;;;;;;;;
;;;Women In Science Program;202610;Fall 2025;008;25258;Kaspar, Constance;12.1%;3.0%;26.5%;55.3%;0.8%;;;;;;;;;;;0.8%;;0.8%;;;;;0.8%;
;;;;;;LC2;32741;Kaspar, Constance;15.4%;8.7%;58.7%;;3.8%;5.8%;2.9%;1.0%;;3.8%;;;;;;;;;;;;;;
;;49000;Dean’s Leadership Forum;202610;Fall 2025;002;28226;Vidal, Flavia M.;27.3%;18.2%;;;;;18.2%;;;;;;;;;;;;;;;;36.4%;
SCLA;SCLA-Studies Coll Liberal Arts;10100;Crit Think & Com I;202610;Fall 2025;092;23469;Scudder, Mary F.;40.0%;26.7%;;;3.3%;6.7%;16.7%;3.3%;;;;;;;;;;;;;;;3.3%;
;;;;;;122;27375;Nichols, Michael D.;16.7%;16.7%;;;43.3%;10.0%;6.7%;;;;;;;;;;;;;;;;6.7%;
;;;;;;123;27376;Nichols, Michael D.;37.9%;34.5%;;;10.3%;6.9%;3.4%;;;;3.4%;;;;3.4%;;;;;;;;;
;;;;;;124;27377;Nichols, Michael D.;27.6%;34.5%;;;6.9%;3.4%;10.3%;;6.9%;10.3%;;;;;;;;;;;;;;
;;;;;;125;27378;Nichols, Michael D.;37.9%;31.0%;;;13.8%;3.4%;6.9%;;3.4%;;;;;;;;;;;;;;3.4%;
;;;;;;126;27379;Wedow, Lindsey K.;40.0%;20.0%;10.0%;;3.3%;;20.0%;;;;;;;;3.3%;;;;;;;;3.3%;
;;;;;;127;27380;Wedow, Lindsey K.;28.6%;21.4%;17.9%;;7.1%;;21.4%;;;3.6%;;;;;;;;;;;;;;
;;;;;;129;27382;Wedow, Lindsey K.;36.7%;30.0%;26.7%;;;;3.3%;;;;;;;;;;;;;;;;3.3%;
;;;;;;130;27383;Wedow, Lindsey K.;33.3%;36.7%;13.3%;;;3.3%;13.3%;;;;;;;;;;;;;;;;;
;;;;;;131;27384;Crosson, Dylan N.;69.0%;3.4%;;;10.3%;;;;;6.9%;3.4%;;3.4%;;3.4%;;;;;;;;;
;;;;;;132;27385;Cuthbertson, Tara L.;16.7%;36.7%;;;10.0%;;30.0%;;;;6.7%;;;;;;;;;;;;;
;;;;;;137;27390;Cuthbertson, Tara L.;16.7%;33.3%;;;;3.3%;33.3%;;;3.3%;;3.3%;;;;;;;;;;;6.7%;
;;;;;;138;27391;Cuthbertson, Tara L.;26.7%;26.7%;;;3.3%;3.3%;36.7%;;;;;;;;3.3%;;;;;;;;;
;;;;;;139;27392;Cuthbertson, Tara L.;20.7%;41.4%;;;10.3%;;27.6%;;;;;;;;;;;;;;;;;
;;;;;;140;27393;Heth, Raleigh C.;40.0%;16.7%;10.0%;;3.3%;6.7%;16.7%;;;;;;;;6.7%;;;;;;;;;
;;;;;;141;27394;Heth, Raleigh C.;31.0%;27.6%;6.9%;;6.9%;;3.4%;;;10.3%;;3.4%;;;6.9%;;;;;;;;3.4%;
;;;;;;145;27764;Heth, Raleigh C.;36.7%;36.7%;6.7%;;;;16.7%;;;3.3%;;;;;;;;;;;;;;
;;;;;;146;27765;Heth, Raleigh C.;33.3%;20.0%;6.7%;;10.0%;3.3%;13.3%;3.3%;3.3%;3.3%;;;;;3.3%;;;;;;;;;
;;;;;;147;27766;Robson, Thomas M.;51.7%;27.6%;13.8%;;;3.4%;;;;;;;;;;;;;;;;;3.4%;
;;;;;;148;27767;Robson, Thomas M.;41.4%;31.0%;;;3.4%;6.9%;;3.4%;;3.4%;;;;;3.4%;;;;;;;;6.9%;
;;;;;;149;27768;Robson, Thomas M.;48.3%;31.0%;;;6.9%;;10.3%;;3.4%;;;;;;;;;;;;;;;
;;;;;;150;27773;Robson, Thomas M.;48.3%;13.8%;6.9%;;3.4%;6.9%;17.2%;;;;;;;;3.4%;;;;;;;;;
;;;;;;151;27774;Rdzak, Brandon W.;31.0%;10.3%;41.4%;;3.4%;3.4%;10.3%;;;;;;;;;;;;;;;;;
;;;;;;152;27775;Rdzak, Brandon W.;30.8%;11.5%;30.8%;;3.8%;7.7%;7.7%;;3.8%;3.8%;;;;;;;;;;;;;;
;;;;;;153;27776;Rdzak, Brandon W.;40.0%;3.3%;36.7%;;;;6.7%;3.3%;3.3%;;;;;;3.3%;;;;;;;;3.3%;
;;;;;;154;27777;Rdzak, Brandon W.;16.7%;13.3%;43.3%;;13.3%;;3.3%;6.7%;3.3%;;;;;;;;;;;;;;;
;;;;;;155;27790;Crosson, Dylan N.;53.3%;6.7%;;;;6.7%;6.7%;3.3%;3.3%;;;;;;6.7%;;;;;;;;13.3%;
;;;;;;156;27796;Crosson, Dylan N.;48.3%;3.4%;;;17.2%;3.4%;3.4%;6.9%;;3.4%;3.4%;;;;3.4%;;;;;;;;6.9%;
;;;;;;164;27887;Mason, Claire E.;39.3%;14.3%;10.7%;;;10.7%;10.7%;3.6%;;;3.6%;;;;3.6%;;;;;;;;3.6%;
;;;;;;166;27889;Mason, Claire E.;60.0%;10.0%;16.7%;;3.3%;3.3%;;3.3%;3.3%;;;;;;;;;;;;;;;
;;;;;;167;27890;Mason, Claire E.;17.2%;34.5%;10.3%;;;6.9%;17.2%;3.4%;;3.4%;;3.4%;3.4%;;;;;;;;;;;
;;;;;;180;19774;Mason, Claire E.;21.4%;7.1%;32.1%;;;7.1%;7.1%;10.7%;;;;3.6%;7.1%;;3.6%;;;;;;;;;
;;;;;;181;19775;Hauske, Matthew R.;33.3%;13.3%;13.3%;;16.7%;6.7%;6.7%;6.7%;;;;;;;3.3%;;;;;;;;;
;;;;;;182;19777;Hauske, Matthew R.;26.7%;33.3%;3.3%;;6.7%;;13.3%;3.3%;3.3%;6.7%;;;;;3.3%;;;;;;;;;
;;;;;;183;19780;Hauske, Matthew R.;33.3%;23.3%;6.7%;;20.0%;3.3%;6.7%;;6.7%;;;;;;;;;;;;;;;
;;;;;;184;19782;Hauske, Matthew R.;37.9%;13.8%;;;3.4%;3.4%;20.7%;17.2%;3.4%;;;;;;;;;;;;;;;
;;;;;;185;19783;Jones, Trenton C.;20.0%;30.0%;10.0%;;6.7%;3.3%;10.0%;3.3%;3.3%;3.3%;;3.3%;;;6.7%;;;;;;;;;
;;;;;;187;19790;Kantor, Alon;33.3%;40.0%;10.0%;;;10.0%;;;3.3%;;;;;;3.3%;;;;;;;;;
;;;;;;188;19792;Kantor, Alon;34.5%;13.8%;37.9%;;;3.4%;3.4%;6.9%;;;;;;;;;;;;;;;;
;;;;;;189;19795;Renfro, Joshua S.;24.0%;8.0%;12.0%;;12.0%;16.0%;8.0%;4.0%;4.0%;;;;;;;;;;;;;;12.0%;
;;;;;;197;21653;Parrish, Lynn;64.3%;;32.1%;;;;;;;;;;;;;;;;;;;;3.6%;
;;;;;;198;21654;Parrish, Lynn;75.9%;;24.1%;;;;;;;;;;;;;;;;;;;;;
;;;;;;199;21655;Parrish, Lynn;69.0%;;27.6%;;;;;;3.4%;;;;;;;;;;;;;;;
;;;;;;200;21658;Woodward, Elizabeth J.;36.7%;10.0%;13.3%;;13.3%;3.3%;13.3%;;;3.3%;;;;;3.3%;;;;;;;;3.3%;
;;;;;;201;21677;De La Fuente, Ariel E.;62.1%;;;;17.2%;;;17.2%;;;;;;;;;;3.4%;;;;;;
;;;;;;202;21678;Frank, Daniel H.;46.7%;13.3%;;;10.0%;;20.0%;3.3%;;;;;;;3.3%;;;;;;;;3.3%;
;;;;;;203;21679;Wijeyeratne, Nissanka S.;16.7%;6.7%;43.3%;;10.0%;3.3%;3.3%;;;;3.3%;;;;10.0%;;;;;;;;3.3%;
;;;;;;204;21682;Frketich, Elise F.;31.0%;20.7%;;;17.2%;;24.1%;;;3.4%;;;;;3.4%;;;;;;;;;
;;;;;;209;22413;Renfro, Joshua S.;20.7%;;3.4%;;20.7%;10.3%;27.6%;3.4%;;;;;;;;;;;;;;;13.8%;
;;;;;;210;22416;Renfro, Joshua S.;13.3%;10.0%;;;23.3%;13.3%;20.0%;3.3%;3.3%;6.7%;;;;;;;;;;;;;6.7%;
;;;;;;211;22431;Renfro, Joshua S.;39.3%;;7.1%;;7.1%;3.6%;25.0%;3.6%;3.6%;3.6%;;;;;3.6%;;;;;;;;3.6%;
;;;;;;212;22451;Bennett, Samuel C.;10.0%;13.3%;;;13.3%;13.3%;46.7%;;;;;;;;;;;;;;;;3.3%;
;;;;;;213;22452;Bennett, Samuel C.;21.4%;17.9%;;;10.7%;7.1%;42.9%;;;;;;;;;;;;;;;;;
;;;;;;215;22462;Bennett, Samuel C.;24.1%;41.4%;;;3.4%;3.4%;24.1%;;;;;;;;;;;;;;;;3.4%;
;;;;;;223;27761;Bennett, Samuel C.;10.3%;24.1%;;;20.7%;6.9%;27.6%;;;3.4%;;;;;3.4%;;;;;;;;3.4%;
;;;;;;271;33078;Hamm, Lindsay M.;25.0%;3.6%;42.9%;;7.1%;3.6%;;3.6%;;3.6%;;;3.6%;;7.1%;;;;;;;;;
;;;;;;272;33079;Wijeyeratne, Nissanka S.;30.0%;13.3%;40.0%;;3.3%;;3.3%;;;3.3%;3.3%;;;;;;;;;;;;3.3%;
;;;;;;276;23781;Graham, Sebastian R.;37.9%;17.2%;;;13.8%;6.9%;17.2%;;;;;;;;6.9%;;;;;;;;;
;;;;;;277;23787;Goldsmith, Zachary R.;11.1%;37.0%;;;29.6%;;14.8%;;;;;;;;7.4%;;;;;;;;;
;;;;;;278;23791;Goldsmith, Zachary R.;32.1%;21.4%;;;28.6%;3.6%;10.7%;3.6%;;;;;;;;;;;;;;;;
;;;;;;279;23805;Smith, Michael G.;20.0%;23.3%;;;;;46.7%;;;;;;;;6.7%;;;;;;;;3.3%;
;;;;;;280;23816;Jouin, Gwenael B.;37.9%;3.4%;41.4%;;;;;;;3.4%;3.4%;3.4%;;;3.4%;;;;;;;;3.4%;
;;;;;;281;23817;Graham, Sebastian R.;24.1%;24.1%;10.3%;;3.4%;;17.2%;6.9%;3.4%;;;;;;3.4%;;;;;;;;6.9%;
;;;;;;282;23818;Graham, Sebastian R.;30.0%;26.7%;;;3.3%;3.3%;16.7%;3.3%;3.3%;;6.7%;;;;;;;;;;;;6.7%;
;;;;;;283;23849;Jouin, Gwenael B.;23.3%;10.0%;53.3%;;;;6.7%;;;3.3%;;;;;3.3%;;;;;;;;;
;;;;;;284;23852;Graham, Sebastian R.;33.3%;33.3%;3.3%;;10.0%;3.3%;3.3%;;3.3%;;;;;;;;;;;;;;10.0%;
;;;;;;285;24685;Frketich, Elise F.;34.5%;17.2%;3.4%;;13.8%;;17.2%;3.4%;3.4%;3.4%;;;;;;;;;;;;;3.4%;
;;;;;;286;24686;Riesbeck, David J.;66.7%;14.8%;3.7%;;;;3.7%;3.7%;3.7%;3.7%;;;;;;;;;;;;;;
;;;;;;287;24687;Riesbeck, David J.;57.1%;10.7%;17.9%;;;;7.1%;3.6%;;3.6%;;;;;;;;;;;;;;
;;;;;;288;24688;Riesbeck, David J.;58.6%;6.9%;17.2%;;;;10.3%;;;3.4%;3.4%;;;;;;;;;;;;;
;;;;;;289;24689;Campbell, Charles S.;24.1%;13.8%;;;10.3%;;24.1%;;;10.3%;;;;;3.4%;;;;;;;;13.8%;
;;;;;;290;24696;Campbell, Charles S.;13.3%;26.7%;;;23.3%;10.0%;3.3%;3.3%;3.3%;6.7%;;;3.3%;;3.3%;;;;;;;;3.3%;
;;;;;;291;24704;Frketich, Elise F.;32.1%;32.1%;;;17.9%;3.6%;;;3.6%;10.7%;;;;;;;;;;;;;;
;;;;;;292;24705;Frketich, Elise F.;33.3%;33.3%;;;7.4%;7.4%;7.4%;;;3.7%;;3.7%;;;3.7%;;;;;;;;;
;;;;;;293;24706;Riesbeck, David J.;62.1%;17.2%;6.9%;;;;6.9%;;;3.4%;;;;;3.4%;;;;;;;;;
;;;;;;295;24708;Doyle, Joshua F.;36.7%;10.0%;36.7%;;3.3%;;10.0%;;;;;;3.3%;;;;;;;;;;;
;;;;;;298;28219;Crosson, Dylan N.;50.0%;14.3%;;;7.1%;;3.6%;3.6%;;7.1%;3.6%;;;;;;;;;;;;10.7%;
;;;;;;299;28397;Goldsmith, Zachary R.;21.4%;25.0%;;;17.9%;3.6%;7.1%;;3.6%;;10.7%;;;;3.6%;;;;;;;;7.1%;
;;;;;;300;28398;Goldsmith, Zachary R.;3.3%;20.0%;;;26.7%;6.7%;30.0%;6.7%;;;;;;;;;;;;;;;6.7%;
;;;;;;301;29884;Frank, Daniel H.;34.5%;37.9%;;;10.3%;;13.8%;;;;;;;;;;;;;;;;3.4%;
;;;Crit Think & Com I-Honors;202610;Fall 2025;123;27376;Nichols, Michael D.;100.0%;;;;;;;;;;;;;;;;;;;;;;;
;;;;;;127;27380;Wedow, Lindsey K.;;;100.0%;;;;;;;;;;;;;;;;;;;;;
;;;;;;139;27392;Cuthbertson, Tara L.;100.0%;;;;;;;;;;;;;;;;;;;;;;;
;;;;;;141;27394;Heth, Raleigh C.;100.0%;;;;;;;;;;;;;;;;;;;;;;;
;;;;;;147;27766;Robson, Thomas M.;;;;;;;100.0%;;;;;;;;;;;;;;;;;
;;;;;;148;27767;Robson, Thomas M.;100.0%;;;;;;;;;;;;;;;;;;;;;;;
;;;;;;149;27768;Robson, Thomas M.;;;;;;;100.0%;;;;;;;;;;;;;;;;;
;;;;;;152;27775;Rdzak, Brandon W.;50.0%;;50.0%;;;;;;;;;;;;;;;;;;;;;
;;;;;;164;27887;Mason, Claire E.;;;;;100.0%;;;;;;;;;;;;;;;;;;;
;;;;;;167;27890;Mason, Claire E.;100.0%;;;;;;;;;;;;;;;;;;;;;;;
;;;;;;184;19782;Hauske, Matthew R.;100.0%;;;;;;;;;;;;;;;;;;;;;;;
;;;;;;188;19792;Kantor, Alon;;;100.0%;;;;;;;;;;;;;;;;;;;;;
;;;;;;197;21653;Parrish, Lynn;100.0%;;;;;;;;;;;;;;;;;;;;;;;
;;;;;;198;21654;Parrish, Lynn;100.0%;;;;;;;;;;;;;;;;;;;;;;;
;;;;;;199;21655;Parrish, Lynn;100.0%;;;;;;;;;;;;;;;;;;;;;;;
;;;;;;204;21682;Frketich, Elise F.;100.0%;;;;;;;;;;;;;;;;;;;;;;;
;;;;;;213;22452;Bennett, Samuel C.;50.0%;;;;;;50.0%;;;;;;;;;;;;;;;;;
;;;;;;215;22462;Bennett, Samuel C.;100.0%;;;;;;;;;;;;;;;;;;;;;;;
;;;;;;271;33078;Hamm, Lindsay M.;100.0%;;;;;;;;;;;;;;;;;;;;;;;
;;;;;;277;23787;Goldsmith, Zachary R.;100.0%;;;;;;;;;;;;;;;;;;;;;;;
;;;;;;281;23817;Graham, Sebastian R.;;;;;;;100.0%;;;;;;;;;;;;;;;;;
;;;;;;286;24686;Riesbeck, David J.;66.7%;;33.3%;;;;;;;;;;;;;;;;;;;;;
;;;;;;287;24687;Riesbeck, David J.;100.0%;;;;;;;;;;;;;;;;;;;;;;;
;;;;;;288;24688;Riesbeck, David J.;100.0%;;;;;;;;;;;;;;;;;;;;;;;
;;;;;;292;24705;Frketich, Elise F.;33.3%;33.3%;;;;;33.3%;;;;;;;;;;;;;;;;;
;;;;;;293;24706;Riesbeck, David J.;100.0%;;;;;;;;;;;;;;;;;;;;;;;
;;;;;;299;28397;Goldsmith, Zachary R.;;;;;100.0%;;;;;;;;;;;;;;;;;;;
;;;;;;301;29884;Frank, Daniel H.;100.0%;;;;;;;;;;;;;;;;;;;;;;;
;;10200;Crit Think & Com II;202610;Fall 2025;003;20677;White, William;40.0%;23.3%;;;10.0%;3.3%;10.0%;3.3%;;;;;3.3%;;6.7%;;;;;;;;;
;;;;;;004;20678;White, William;24.1%;34.5%;;;13.8%;3.4%;13.8%;10.3%;;;;;;;;;;;;;;;;
;;;;;;005;20679;White, William;44.8%;31.0%;;;3.4%;10.3%;10.3%;;;;;;;;;;;;;;;;;
;;;;;;006;20680;White, William;57.1%;21.4%;;;;7.1%;14.3%;;;;;;;;;;;;;;;;;
;;;;;;007;20681;Malone, Michael J.;55.2%;27.6%;10.3%;;;3.4%;3.4%;;;;;;;;;;;;;;;;;
;;;;;;008;20682;Malone, Michael J.;60.0%;16.7%;3.3%;;3.3%;;13.3%;;;;;;;;;;;;;;;;3.3%;
;;;;;;015;17308;Malone, Michael J.;50.0%;30.0%;13.3%;;;;6.7%;;;;;;;;;;;;;;;;;
;;;;;;035;22236;Malone, Michael J.;63.3%;13.3%;16.7%;;3.3%;;3.3%;;;;;;;;;;;;;;;;;
;;;;;;036;22238;Wedow, Robbee;33.3%;33.3%;10.0%;;6.7%;;6.7%;6.7%;;;;;;;;;;;;;;;3.3%;
;;;;;;147;16326;Seto, Christopher H.;93.3%;6.7%;;;;;;;;;;;;;;;;;;;;;;
;;;;;;148;16328;Loeb, Zachary M.;66.7%;;26.7%;;6.7%;;;;;;;;;;;;;;;;;;;
;;;;;;149;16330;Loeb, Zachary M.;62.1%;10.3%;17.2%;;3.4%;;6.9%;;;;;;;;;;;;;;;;;
;;;;;;150;16331;Lewis, William W.;51.7%;10.3%;10.3%;;6.9%;;10.3%;3.4%;3.4%;3.4%;;;;;;;;;;;;;;
;;;;;;152;16333;Sklar, Jeremy F.;10.7%;;89.3%;;;;;;;;;;;;;;;;;;;;;
;;;;;;155;17850;Stahl, Aletha D.;53.3%;26.7%;;;6.7%;3.3%;6.7%;;;;;;;;;;;;;;;;3.3%;
;;;;;;191;27364;Canete Jurado, Vanesa M.;60.7%;14.3%;10.7%;;;3.6%;7.1%;;3.6%;;;;;;;;;;;;;;;
;;;;;;264;21690;Watkins, Jody R.;35.7%;28.6%;3.6%;;7.1%;;17.9%;3.6%;3.6%;;;;;;;;;;;;;;;
;;;;;;265;21692;Catalano, Charles S.;24.1%;17.2%;6.9%;;13.8%;10.3%;6.9%;3.4%;;6.9%;;3.4%;;;6.9%;;;;;;;;;
;;;;;;267;21696;Watkins, Jody R.;36.7%;36.7%;;;3.3%;6.7%;3.3%;;3.3%;3.3%;;;;;;;;;;;;;6.7%;
;;;;;;268;21697;Watkins, Jody R.;44.8%;34.5%;;;3.4%;;13.8%;;;3.4%;;;;;;;;;;;;;;
;;;;;;269;21700;Watkins, Jody R.;50.0%;39.3%;;;;;10.7%;;;;;;;;;;;;;;;;;
;;;;;;270;21725;Catalano, Charles S.;23.3%;23.3%;16.7%;;16.7%;;10.0%;3.3%;;3.3%;;;;;;;;;;;;;3.3%;
;;;;;;271;21726;Waggoner, Maria R.;62.1%;17.2%;3.4%;;3.4%;6.9%;3.4%;3.4%;;;;;;;;;;;;;;;;
;;;;;;272;21727;Waggoner, Maria R.;85.2%;7.4%;7.4%;;;;;;;;;;;;;;;;;;;;;
;;;;;;273;21728;Kinnally, Cara A.;53.3%;13.3%;13.3%;;10.0%;3.3%;3.3%;;;;;;;;;;;;;;;;3.3%;
;;;;;;286;27963;Byrd, Gabrielle A.;6.9%;20.7%;3.4%;;20.7%;10.3%;34.5%;;;3.4%;;;;;;;;;;;;;;
;;;;;;288;27966;Wittekind, Courtney T.;20.0%;46.7%;3.3%;;6.7%;;16.7%;;;;;;;;6.7%;;;;;;;;;
;;;;;;316;23914;Pinto, Rhodes L.;3.8%;11.5%;;;15.4%;3.8%;38.5%;7.7%;;;;;;;11.5%;;;;;;;;7.7%;
;;;;;;317;23915;Pinto, Rhodes L.;6.7%;30.0%;;;20.0%;10.0%;26.7%;3.3%;;3.3%;;;;;;;;;;;;;;
;;;;;;318;23928;Jitendranath, Akshath;50.0%;28.6%;;;;;14.3%;;3.6%;;;;;;;;;;;;;;3.6%;
;;;;;;319;23933;Jitendranath, Akshath;58.6%;24.1%;;;3.4%;;10.3%;;;;;;;;3.4%;;;;;;;;;
;;;;;;320;23939;Pinto, Rhodes L.;20.7%;37.9%;;;6.9%;;34.5%;;;;;;;;;;;;;;;;;
;;;;;;321;23946;Pinto, Rhodes L.;10.7%;53.6%;;;14.3%;7.1%;14.3%;;;;;;;;;;;;;;;;;
;;;;;;322;23949;Seagraves, Troy D.;42.9%;42.9%;;;3.6%;;10.7%;;;;;;;;;;;;;;;;;
;;;;;;323;23950;Seagraves, Troy D.;42.9%;39.3%;;;3.6%;;10.7%;3.6%;;;;;;;;;;;;;;;;
;;;;;;324;23951;Seagraves, Troy D.;42.9%;35.7%;;;7.1%;;14.3%;;;;;;;;;;;;;;;;;
;;;;;;325;23954;Seagraves, Troy D.;46.7%;33.3%;;;6.7%;;10.0%;;;;;;;;;;;;;;;;3.3%;
;;;;;;326;25026;Mendon-Plasek, Aaron L.;20.7%;27.6%;;;13.8%;3.4%;24.1%;;;10.3%;;;;;;;;;;;;;;
;;;;;;327;25027;Haughton, Chantel N.;53.3%;13.3%;;;6.7%;;16.7%;3.3%;;;;;;;3.3%;;;;;;;;3.3%;
;;;;;;328;25028;Lyanda-Geller, Olga V.;30.8%;11.5%;50.0%;;3.8%;;;;3.8%;;;;;;;;;;;;;;;
;;;;;;329;25029;Duede, Eamon K.;75.0%;14.3%;;;3.6%;;;;3.6%;;;;;;;;;;;;;;3.6%;
;;;;;;330;25031;Duede, Eamon K.;63.0%;29.6%;;;;;;;3.7%;;;;;;;;;;;;;;3.7%;
;;;;;;331;25032;Bellisari, Andrew H.;25.0%;35.7%;7.1%;;10.7%;;10.7%;;3.6%;;3.6%;;;;;;;;;;;;3.6%;
;;;;;;332;25033;Cong, Yan;86.7%;;13.3%;;;;;;;;;;;;;;;;;;;;;
;;;;;;333;25035;Carter, Darrell J.;31.0%;34.5%;;;6.9%;6.9%;17.2%;;;3.4%;;;;;;;;;;;;;;
;;;;;;334;25038;Ashelman, Alexandra A.;25.0%;21.4%;35.7%;;7.1%;;10.7%;;;;;;;;;;;;;;;;;
;;;;;;335;25040;Zhou, Shan;43.3%;3.3%;10.0%;;;6.7%;20.0%;10.0%;;3.3%;;;;;3.3%;;;;;;;;;
;;;;;;336;25041;Zhou, Shan;13.3%;10.0%;20.0%;;26.7%;6.7%;3.3%;3.3%;;10.0%;;;;;3.3%;;;;;;;;3.3%;
;;;;;;337;25042;Babintseva, Ekaterina;92.3%;7.7%;;;;;;;;;;;;;;;;;;;;;;
;;;;;;338;25043;Babintseva, Ekaterina;72.4%;10.3%;;;;;10.3%;3.4%;;;;;;;;;;;;;;;3.4%;
;;;;;;339;25044;Mollison, James A.;27.6%;24.1%;;;3.4%;;13.8%;6.9%;3.4%;;;;;;10.3%;;;;;;;;10.3%;
;;;;;;340;25045;Docot, Dada;48.3%;17.2%;24.1%;;;;6.9%;3.4%;;;;;;;;;;;;;;;;
;;;;;;341;25047;Mendon-Plasek, Aaron L.;6.9%;48.3%;;;3.4%;10.3%;31.0%;;;;;;;;;;;;;;;;;
;;;;;;342;25048;Lande, Jonathan S.;41.4%;27.6%;6.9%;;10.3%;;6.9%;;;3.4%;;;;;;;;;;;;;3.4%;
;;;;;;343;25049;Renkert, Sarah R.;46.7%;16.7%;20.0%;;10.0%;3.3%;;;;;;;;;3.3%;;;;;;;;;
;;;;;;344;25051;Renkert, Sarah R.;50.0%;7.1%;28.6%;;;3.6%;10.7%;;;;;;;;;;;;;;;;;
;;;;;;345;25052;Kane, Danielle;93.1%;3.4%;;;;;3.4%;;;;;;;;;;;;;;;;;
;;;;;;347;25054;Labonte, Michelle L.;90.0%;10.0%;;;;;;;;;;;;;;;;;;;;;;
;;;;;;348;25055;Labonte, Michelle L.;74.1%;25.9%;;;;;;;;;;;;;;;;;;;;;;
;;;;;;349;25057;Mollison, James A.;43.3%;23.3%;;;10.0%;3.3%;6.7%;6.7%;3.3%;3.3%;;;;;;;;;;;;;;
;;;;;;350;25058;Kain, Patrick P.;24.1%;44.8%;17.2%;;;;6.9%;;3.4%;;;;;;;;;;;;;;3.4%;
;;;;;;351;25074;Kain, Patrick P.;40.0%;43.3%;3.3%;;;;13.3%;;;;;;;;;;;;;;;;;
;;;;;;352;25076;Kain, Patrick P.;32.1%;50.0%;7.1%;;3.6%;;3.6%;;;;;;;;;3.6%;;;;;;;;
;;;;;;353;25093;Mann, Marcus L.;79.3%;17.2%;;;;;3.4%;;;;;;;;;;;;;;;;;
;;;;;;354;25095;Akimova, Evelina T.;33.3%;3.7%;51.9%;;;;7.4%;;;;;;;;;;;;;;;;3.7%;
;;;;;;355;25104;Maxson, Kathryn G.;40.0%;20.0%;;;;6.7%;26.7%;3.3%;;;;;;;3.3%;;;;;;;;;
;;;;;;356;25107;Ashelman, Alexandra A.;39.3%;17.9%;10.7%;;;3.6%;14.3%;;;3.6%;;;;;3.6%;;;;;;;;7.1%;
;;;;;;357;25108;Rubaii, Kali;36.7%;6.7%;50.0%;;;;6.7%;;;;;;;;;;;;;;;;;
;;;;;;358;25109;Mollison, James A.;43.3%;30.0%;;;3.3%;;13.3%;;;;;3.3%;6.7%;;;;;;;;;;;
;;;;;;359;25114;Hoffmann, Elizabeth A.;7.1%;14.3%;60.7%;;3.6%;7.1%;7.1%;;;;;;;;;;;;;;;;;
;;;;;;360;27294;Davis, Duane H.;14.3%;14.3%;;;17.9%;25.0%;21.4%;;;;3.6%;;;;;;;;;;;;3.6%;
;;;;;;361;27326;Dory, William A.;10.7%;21.4%;3.6%;;21.4%;10.7%;7.1%;3.6%;3.6%;14.3%;;;;;;;;;;;;;3.6%;
;;;;;;362;27329;Dory, William A.;25.9%;29.6%;3.7%;;3.7%;11.1%;14.8%;3.7%;;;;;;;3.7%;;;;;;;;3.7%;
;;;;;;363;27330;Rhodes, Alec P.;30.0%;36.7%;13.3%;;3.3%;6.7%;6.7%;;;;;;;;;;;;;;;;3.3%;
;;;;;;364;27331;Rhodes, Alec P.;42.9%;17.9%;21.4%;;7.1%;3.6%;7.1%;;;;;;;;;;;;;;;;;
;;;;;;365;27334;Peterson, David A.;10.7%;42.9%;7.1%;;3.6%;10.7%;21.4%;;3.6%;;;;;;;;;;;;;;;
;;;;;;366;28450;Hsiung, Yuwen;29.6%;11.1%;;;11.1%;7.4%;7.4%;11.1%;11.1%;;;;;;7.4%;;;;;;;;3.7%;
;;;;;;368;29143;Davis, Duane H.;24.1%;37.9%;;;13.8%;6.9%;17.2%;;;;;;;;;;;;;;;;;
;;;;;;369;29978;Davis, Duane H.;24.1%;27.6%;;;17.2%;6.9%;20.7%;3.4%;;;;;;;;;;;;;;;;
;;;;;;372;31238;Wedow, Robbee;48.3%;27.6%;3.4%;;3.4%;;10.3%;;;;;;3.4%;;;;;;;;;;3.4%;
;;;Crit Think & Com II-Honors;202610;Fall 2025;004;20678;White, William;;;;;;100.0%;;;;;;;;;;;;;;;;;;
;;;;;;007;20681;Malone, Michael J.;100.0%;;;;;;;;;;;;;;;;;;;;;;;
;;;;;;150;16331;Lewis, William W.;100.0%;;;;;;;;;;;;;;;;;;;;;;;
;;;;;;152;16333;Sklar, Jeremy F.;;;100.0%;;;;;;;;;;;;;;;;;;;;;
;;;;;;265;21692;Catalano, Charles S.;100.0%;;;;;;;;;;;;;;;;;;;;;;;
;;;;;;269;21700;Watkins, Jody R.;100.0%;;;;;;;;;;;;;;;;;;;;;;;
;;;;;;271;21726;Waggoner, Maria R.;100.0%;;;;;;;;;;;;;;;;;;;;;;;
;;;;;;272;21727;Waggoner, Maria R.;66.7%;33.3%;;;;;;;;;;;;;;;;;;;;;;
;;;;;;316;23914;Pinto, Rhodes L.;;33.3%;;;;;33.3%;;;;;;;;;;;;;;;;33.3%;
;;;;;;319;23933;Jitendranath, Akshath;100.0%;;;;;;;;;;;;;;;;;;;;;;;
;;;;;;321;23946;Pinto, Rhodes L.;;50.0%;;;;;50.0%;;;;;;;;;;;;;;;;;
;;;;;;322;23949;Seagraves, Troy D.;50.0%;50.0%;;;;;;;;;;;;;;;;;;;;;;
;;;;;;323;23950;Seagraves, Troy D.;;100.0%;;;;;;;;;;;;;;;;;;;;;;
;;;;;;324;23951;Seagraves, Troy D.;100.0%;;;;;;;;;;;;;;;;;;;;;;;
;;;;;;328;25028;Lyanda-Geller, Olga V.;100.0%;;;;;;;;;;;;;;;;;;;;;;;
;;;;;;330;25031;Duede, Eamon K.;100.0%;;;;;;;;;;;;;;;;;;;;;;;
;;;;;;331;25032;Bellisari, Andrew H.;;50.0%;50.0%;;;;;;;;;;;;;;;;;;;;;
;;;;;;337;25042;Babintseva, Ekaterina;75.0%;25.0%;;;;;;;;;;;;;;;;;;;;;;
;;;;;;338;25043;Babintseva, Ekaterina;100.0%;;;;;;;;;;;;;;;;;;;;;;;
;;;;;;339;25044;Mollison, James A.;;;;;;;;;100.0%;;;;;;;;;;;;;;;
;;;;;;341;25047;Mendon-Plasek, Aaron L.;;100.0%;;;;;;;;;;;;;;;;;;;;;;
;;;;;;344;25051;Renkert, Sarah R.;50.0%;;50.0%;;;;;;;;;;;;;;;;;;;;;
;;;;;;348;25055;Labonte, Michelle L.;100.0%;;;;;;;;;;;;;;;;;;;;;;;
;;;;;;353;25093;Mann, Marcus L.;;100.0%;;;;;;;;;;;;;;;;;;;;;;
;;;;;;354;25095;Akimova, Evelina T.;33.3%;;66.7%;;;;;;;;;;;;;;;;;;;;;
;;;;;;359;25114;Hoffmann, Elizabeth A.;;;100.0%;;;;;;;;;;;;;;;;;;;;;
;;;;;;361;27326;Dory, William A.;;;100.0%;;;;;;;;;;;;;;;;;;;;;
;;;;;;362;27329;Dory, William A.;;100.0%;;;;;;;;;;;;;;;;;;;;;;
;;;;;;365;27334;Peterson, David A.;;;100.0%;;;;;;;;;;;;;;;;;;;;;
;;11000;LACE I: Self In Context;202610;Fall 2025;001;26655;Kim, Minsun;66.7%;8.3%;;;;;8.3%;;8.3%;;;;;;8.3%;;;;;;;;;
;;;;;;006;26723;Kim, Minsun;38.5%;15.4%;15.4%;;7.7%;7.7%;;;7.7%;;;;;;7.7%;;;;;;;;;
;;;;;;009;26726;Pimenova, Nadezda;64.3%;14.3%;;;7.1%;;7.1%;;;7.1%;;;;;;;;;;;;;;
;;;;;;011;26730;Hass, Margaret E.;80.0%;;;;;;13.3%;;;6.7%;;;;;;;;;;;;;;
;;;;;;014;26733;Bras, Heejeon K.;66.7%;6.7%;6.7%;;;;13.3%;;;;;;;;6.7%;;;;;;;;;
;;;;;;018;26742;Li, Haiyan;68.8%;;;;18.8%;;;;12.5%;;;;;;;;;;;;;;;
;;;;;;021;26745;Affricano, Armand E.;23.1%;;61.5%;;7.7%;;;;;;;;;;;;;;;;;;7.7%;
;;;;;;022;26746;Climer, Ty C.;66.7%;25.0%;;;8.3%;;;;;;;;;;;;;;;;;;;
;;;;;;025;26749;Affricano, Armand E.;7.1%;14.3%;71.4%;;;;;;;;;;7.1%;;;;;;;;;;;
;;;;;;027;26751;Affricano, Armand E.;38.5%;15.4%;23.1%;;;7.7%;15.4%;;;;;;;;;;;;;;;;;
;;;;;;028;26752;Climer, Ty C.;81.3%;12.5%;;;6.3%;;;;;;;;;;;;;;;;;;;
;;;;;;033;22140;Hass, Margaret E.;80.0%;13.3%;;;;6.7%;;;;;;;;;;;;;;;;;;
;;;;;;034;22155;Li, Haiyan;100.0%;;;;;;;;;;;;;;;;;;;;;;;
;;11100;LACE II: Texts And Contexts;202610;Fall 2025;019;26680;Goodrich, Negin H.;28.6%;28.6%;7.1%;;;;7.1%;;14.3%;;;;;;7.1%;;;;;;;;7.1%;
;;30000;Liberal Arts Influentials;202610;Fall 2025;001;12289;Foster, Kristy N.;16.3%;8.1%;27.9%;;9.3%;7.0%;7.0%;;;5.8%;;2.3%;2.3%;;5.8%;;;;;;;;8.1%;
;;49100;Success Tracks;202610;Fall 2025;010;31777;August, Briggitta A.;;;;;;;;;;;;;;;;;;;;100.0%;;;;
;;49105;Liberal Arts UG Research Exp;202610;Fall 2025;001;30604;Sartore, William G.;;;;;;;;;;;;;;;;;;;;100.0%;;;;
SFS;SFS-Sustainable Food&Farm Sys;21100;Small Farm Experience II;202610;Fall 2025;002;21052;Bilenky, Moriah T.;7.1%;14.3%;57.1%;;7.1%;;14.3%;;;;;;;;;;;;;;;;;
;;31200;Urban Agriculture;202610;Fall 2025;001;15481;Hoagland, Lori A.;14.3%;7.1%;57.1%;7.1%;;;7.1%;;;;;;;;;;;;;;;;7.1%;
;;31300;Farm To Fork;202610;Fall 2025;001;25933;Hallett, Steven G.;100.0%;;;;;;;;;;;;;;;;;;;;;;;
;;48500;Environmental Communication;202610;Fall 2025;001;28808;Hallett, Steven G.;63.6%;;;;18.2%;;;9.1%;;;9.1%;;;;;;;;;;;;;
SLHS;SLHS-Speech, Lang&Hear Science;11000;Exploring SLHS;202610;Fall 2025;001;21640;Krok, Windi C.;77.3%;6.8%;;;;6.8%;;2.3%;;2.3%;;;;;2.3%;;;;;;;;2.3%;
;;11500;Intro Comm Disorders;202610;Fall 2025;002;20405;Lacroix, Arianna N.;32.5%;20.8%;6.5%;;13.0%;7.8%;15.6%;1.3%;;1.3%;;;1.3%;;;;;;;;;;;
;;;Intro Comm Disorders-Honors;202610;Fall 2025;002;20405;Lacroix, Arianna N.;100.0%;;;;;;;;;;;;;;;;;;;;;;;
;;22700;Elements Linguistics;202610;Fall 2025;001;28415;Kaganovich, Natalya B.;50.0%;;;;37.0%;;;6.5%;;;6.5%;;;;;;;;;;;;;
;;30200;Hearing Science;202610;Fall 2025;007;28445;Mondul, Jane A.;24.1%;5.6%;11.1%;;11.1%;3.7%;20.4%;3.7%;1.9%;11.1%;;;1.9%;;3.7%;;;;;;;;1.9%;
;;30300;Anat&Phys Of Spch Mechanism;202610;Fall 2025;001;16718;Schaser, Allison J.;23.4%;11.7%;18.2%;;13.0%;5.2%;13.0%;7.8%;;2.6%;;1.3%;;;1.3%;;;;;;;;2.6%;
;;30600;Intro To Phonetics;202610;Fall 2025;004;15129;Francis, Alexander L.;17.4%;13.0%;23.9%;;4.3%;10.9%;6.5%;2.2%;2.2%;;;;6.5%;;;;;;;;;;13.0%;
;;;Intro To Phonetics-Honors;202610;Fall 2025;004;15129;Francis, Alexander L.;;;100.0%;;;;;;;;;;;;;;;;;;;;;
;;30900;Language Development;202610;Fall 2025;002;13436;Krok, Windi C.;43.8%;18.0%;6.7%;;11.2%;3.4%;9.0%;1.1%;;5.6%;;;;;;;;;;;;;1.1%;
;;40700;Cult Ling Div Chld Comm Disord;202610;Fall 2025;001;24016;Brosseau-Lapre, Francoise;68.4%;21.1%;7.9%;;;;2.6%;;;;;;;;;;;;;;;;;
;;40900;Intro Neural Bases Speech/Hear;202610;Fall 2025;001;27845;Kim, Kwang Seob;13.6%;;86.4%;;;;;;;;;;;;;;;;;;;;;
;;41800;Understanding Autism;202610;Fall 2025;001;18577;Keehn, Brandon M.;50.0%;15.9%;6.8%;;11.4%;4.5%;6.8%;;;2.3%;;;2.3%;;;;;;;;;;;
;;;Understanding Autism-Honors;202610;Fall 2025;001;18577;Keehn, Brandon M.;33.3%;33.3%;;;;;33.3%;;;;;;;;;;;;;;;;;
;;41900;Hearing And Music Perception;202610;Fall 2025;002;14942;Mcpherson, Malinda;31.3%;6.3%;25.0%;;18.8%;6.3%;3.1%;3.1%;3.1%;3.1%;;;;;;;;;;;;;;
;;43000;Sp Lng Dis Hlth Set;202610;Fall 2025;002;19606;Lee, Jiyeon;43.5%;21.0%;;;12.9%;3.2%;16.1%;;1.6%;1.6%;;;;;;;;;;;;;;
;;;Sp Lng Dis Hlth Set-Honors;202610;Fall 2025;002;19606;Lee, Jiyeon;100.0%;;;;;;;;;;;;;;;;;;;;;;;
;;44900;Intro Cln Prac Com Dis;202610;Fall 2025;001;22393;Krok, Windi C.;93.8%;6.3%;;;;;;;;;;;;;;;;;;;;;;
;;46000;Assmt Aud Aural Rehab Lifespan;202610;Fall 2025;001;62107;Strickland, Elizabeth A.;33.3%;21.2%;15.2%;;6.1%;6.1%;15.2%;3.0%;;;;;;;;;;;;;;;;
;;;;;;006;21834;Alexander, Joshua M.;59.1%;27.3%;6.8%;;;;6.8%;;;;;;;;;;;;;;;;;
;;49800;Undergrad Res Exper;202610;Fall 2025;001;62196;Lacroix, Arianna N.;100.0%;;;;;;;;;;;;;;;;;;;;;;;
;;;;;;015;10440;Brosseau-Lapre, Francoise;69.2%;;30.8%;;;;;;;;;;;;;;;;;;;;;
;;;;;;026;22248;Borovsky, Arielle;100.0%;;;;;;;;;;;;;;;;;;;;;;;
;;50100;Neural Bases Sp & Hrng;202610;Fall 2025;001;62469;Kemmerer, David L.;50.0%;13.6%;;;13.6%;;22.7%;;;;;;;;;;;;;;;;;
;;50300;Auditory Perception;202610;Fall 2025;002;62471;Strickland, Elizabeth A.;16.7%;25.0%;50.0%;;8.3%;;;;;;;;;;;;;;;;;;;
;;50401;The Auditory Periphery;202610;Fall 2025;001;24447;Mcpherson, Malinda;23.1%;46.2%;7.7%;;7.7%;7.7%;;;;;;;7.7%;;;;;;;;;;;
;;50601;Neural Bases Of Hearing;202610;Fall 2025;001;25396;Krishnan, Ananthanarayan;57.1%;7.1%;7.1%;;;;21.4%;7.1%;;;;;;;;;;;;;;;;
;;52101;Speech Disorders In Children;202610;Fall 2025;001;14338;Brosseau-Lapre, Francoise;66.7%;9.5%;19.0%;;;;4.8%;;;;;;;;;;;;;;;;;
;;52300;Lng Dis Chld:Bsic Prin;202610;Fall 2025;001;16741;Leonard, Laurence B.;47.6%;9.5%;38.1%;;4.8%;;;;;;;;;;;;;;;;;;;
;;52501;Lang & Comm Autism Spec Disord;202610;Fall 2025;001;24844;Keehn, Brandon M.;94.4%;5.6%;;;;;;;;;;;;;;;;;;;;;;
;;52900;Stuttering:Nat,Diag,Tx;202610;Fall 2025;001;11826;Kim, Kwang Seob;9.1%;3.0%;87.9%;;;;;;;;;;;;;;;;;;;;;
;;53900;Dysphagia;202610;Fall 2025;001;28776;Bauer Malandraki, Jaime L.;28.6%;23.8%;33.3%;;4.8%;;9.5%;;;;;;;;;;;;;;;;;
;;54100;Cog Comm Disorders;202610;Fall 2025;001;24843;Lacroix, Arianna N.;100.0%;;;;;;;;;;;;;;;;;;;;;;;
;;54401;Schl-Clin Mthds Comm Disorders;202610;Fall 2025;001;16425;Smith, Katherine O.;;2.2%;97.8%;;;;;;;;;;;;;;;;;;;;;
;;54600;Clin Seminar Speech-Lang Path;202610;Fall 2025;001;24023;Masters, Christi M.;;;95.2%;;;;;;;;;;;;;;;;;;;;4.8%;
;;;;;;002;24024;Masters, Christi M.;6.5%;;90.3%;;3.2%;;;;;;;;;;;;;;;;;;;
;;56000;Audiologic Diagnostics;202610;Fall 2025;002;62601;Hubertz, Jillian R.;36.4%;9.1%;18.2%;;;9.1%;18.2%;;9.1%;;;;;;;;;;;;;;;
;;57900;Clinical Practice Aud;202610;Fall 2025;018;62590;Van Hyfte, Shannon M.;81.8%;9.1%;;;;;;9.1%;;;;;;;;;;;;;;;;
;;;;;;040;28533;Hubertz, Jillian R.;100.0%;;;;;;;;;;;;;;;;;;;;;;;
;;61900;Seminars In Hearing Research;202610;Fall 2025;003;11828;Mondul, Jane A.;92.9%;;;;;;;7.1%;;;;;;;;;;;;;;;;
;;;Research & Professional Issues;202610;Fall 2025;001;65624;Kim, Kwang Seob;;;;;;;;;;;;;;;;;;100.0%;;;;;;
;;;PhD Professional Development;202610;Fall 2025;012;25751;Strickland, Elizabeth A.;;;;;;;;;;;;;;;;;;;;100.0%;;;;
;;67000;Integrative AuD Grand Rounds;202610;Fall 2025;001;25937;Van Hyfte, Shannon M.;90.6%;3.1%;;;;;;;;6.3%;;;;;;;;;;;;;;
;;67900;Adv Cln Prac Audiology;202610;Fall 2025;001;62545;Hubertz, Jillian R.;84.2%;15.8%;;;;;;;;;;;;;;;;;;;;;;
;;68800;RID-EBP;202610;Fall 2025;001;25398;Borovsky, Arielle;97.1%;;;;;;;;;;;;;;;;;;;;;;2.9%;
SOC;SOC-Sociology;10000;Intro Sociology;202610;Fall 2025;047;18964;Steinhour, Michael W.;35.3%;20.0%;10.6%;;10.6%;5.9%;9.4%;1.2%;;2.4%;1.2%;;;;;;;;;;;;3.5%;
;;;;;;055;20548;Reynolds, Jeremy E.;34.2%;22.0%;12.9%;;9.5%;3.6%;9.3%;2.7%;0.5%;2.5%;0.5%;0.2%;0.7%;;0.7%;;;;;;;;0.7%;
;;;;;;059;14969;Ganser, Brittany N.;35.1%;9.7%;46.1%;;2.6%;;5.2%;;;;;;;;;;;;;;;;1.3%;
;;;;;;060;14972;Tong, Kooi Chin;22.5%;17.9%;28.5%;;7.9%;4.6%;8.6%;1.3%;;2.6%;0.7%;1.3%;1.3%;;0.7%;;;;;;;;2.0%;
;;;;;;065;30336;Ganser, Brittany N.;39.4%;8.4%;42.6%;;3.9%;0.6%;1.9%;;;1.3%;;;;;0.6%;;;;;;;;1.3%;
;;;;;;067;14933;Steinhour, Michael W.;43.9%;13.9%;19.4%;;5.6%;3.3%;5.6%;3.3%;0.6%;2.8%;0.6%;;;;;;;;;;;;1.1%;
;;;;;;068;14944;Tong, Kooi Chin;20.1%;12.1%;34.2%;;9.4%;2.7%;6.0%;6.0%;;1.3%;0.7%;0.7%;4.7%;;1.3%;;;;;;;;0.7%;
;;;;;;069;14945;Gao, Mingui;6.4%;10.6%;74.5%;;2.1%;;6.4%;;;;;;;;;;;;;;;;;
;;;;;;070;18178;Feld, Scott L.;22.4%;5.1%;65.3%;;1.0%;1.0%;2.0%;1.0%;;;;1.0%;;;1.0%;;;;;;;;;
;;;Intro Sociology-Honors;202610;Fall 2025;055;20548;Reynolds, Jeremy E.;40.0%;20.0%;20.0%;;;;20.0%;;;;;;;;;;;;;;;;;
;;;;;;065;30336;Ganser, Brittany N.;60.0%;;40.0%;;;;;;;;;;;;;;;;;;;;;
;;22000;Social Problems;202610;Fall 2025;003;28803;Hamm, Lindsay M.;18.6%;11.4%;49.4%;;2.8%;2.2%;3.9%;0.6%;0.6%;1.1%;0.8%;0.3%;;;3.1%;;;0.3%;;;;;5.0%;
;;;;;;033;15461;Pawson, Mark P.;14.8%;14.1%;6.0%;;14.8%;10.7%;16.1%;6.0%;1.3%;5.4%;2.7%;;1.3%;;2.0%;;;;;;;;4.7%;
;;;;;;044;15020;Pawson, Mark P.;15.9%;20.5%;;;18.2%;2.3%;22.7%;;6.8%;4.5%;4.5%;;;;;;;;;;;;4.5%;
;;27500;Sociology Of Aging;202610;Fall 2025;001;25817;Liu, Hui;33.3%;18.5%;11.1%;;3.7%;7.4%;3.7%;7.4%;;3.7%;;;3.7%;;;;;;;;;;7.4%;
;;32400;Criminology;202610;Fall 2025;007;12962;Upadhyay, Srushti;14.1%;15.4%;1.3%;;11.5%;12.8%;15.4%;3.8%;5.1%;5.1%;2.6%;1.3%;2.6%;;6.4%;;;;;;;;2.6%;
;;;;;;008;15494;Pawson, Mark P.;17.3%;22.7%;1.3%;;17.3%;9.3%;21.3%;2.7%;1.3%;4.0%;;;;;1.3%;;;;;;;;1.3%;
;;;;;;009;19566;Ganser, Brittany N.;31.2%;18.2%;37.7%;;5.2%;;5.2%;1.3%;1.3%;;;;;;;;;;;;;;;
;;;Criminology-Honors;202610;Fall 2025;007;12962;Upadhyay, Srushti;;;100.0%;;;;;;;;;;;;;;;;;;;;;
;;;;;;009;19566;Ganser, Brittany N.;;;66.7%;;;;;;;;;;;;33.3%;;;;;;;;;
;;32800;Criminal Justice;202610;Fall 2025;004;16252;Galloway, Scott D.;64.2%;13.3%;;;9.2%;2.5%;7.5%;;0.8%;1.7%;;;;;;;;;;;;;0.8%;
;;;;;;005;15158;Coghill, William M.;45.8%;23.7%;6.8%;;8.5%;6.8%;5.1%;;;1.7%;;;;;1.7%;;;;;;;;;
;;33500;Political Sociology;202610;Fall 2025;001;13027;Mann, Marcus L.;31.9%;19.1%;;;17.0%;;14.9%;6.4%;4.3%;2.1%;;;2.1%;;;;;;;;;;2.1%;
;;34000;Gen Social Psychology;202610;Fall 2025;002;15162;Steinhour, Michael W.;26.3%;17.9%;25.3%;;12.6%;3.2%;9.5%;;1.1%;1.1%;2.1%;;;;1.1%;;;;;;;;;
;;34400;Environmental Sociology;202610;Fall 2025;001;19569;Doyle, Joshua F.;30.5%;27.1%;10.2%;;6.8%;3.4%;8.5%;3.4%;1.7%;3.4%;1.7%;;;;1.7%;;;;;;;;1.7%;
;;34500;Analyzing Culture On TV;202610;Fall 2025;001;25864;Frost, Jacqueline L.;23.9%;10.9%;28.3%;;10.9%;2.2%;10.9%;2.2%;4.3%;2.2%;;;;;2.2%;;;;;;;;2.2%;
;;35200;Drugs,Culture,&Society;202610;Fall 2025;001;19611;Ganser, Brittany N.;30.9%;10.9%;36.4%;;7.3%;1.8%;7.3%;1.8%;;1.8%;1.8%;;;;;;;;;;;;;
;;;Drugs,Culture,&Society-Honors;202610;Fall 2025;001;19611;Ganser, Brittany N.;50.0%;;50.0%;;;;;;;;;;;;;;;;;;;;;
;;36700;Religion In America;202610;Fall 2025;001;25879;Yang, Fenggang;28.3%;10.9%;37.0%;;;2.2%;2.2%;2.2%;6.5%;2.2%;;;2.2%;;2.2%;;;;;;;;4.3%;
;;37400;Medical Sociology;202610;Fall 2025;002;22612;Pawson, Mark P.;40.7%;18.6%;;;11.9%;8.5%;16.9%;;1.7%;;;;;;;;;;;;;;1.7%;
;;38200;Intro Statistics In Sociology;202610;Fall 2025;014;64031;Reynolds, Jeremy E.;27.3%;22.7%;15.9%;;6.8%;6.8%;6.8%;2.3%;6.8%;2.3%;;;;;2.3%;;;;;;;;;
;;;;;;015;15085;Thomas, Patricia A.;40.0%;12.5%;25.0%;;7.5%;2.5%;10.0%;2.5%;;;;;;;;;;;;;;;;
;;38300;Intro Research Methods In Soc;202610;Fall 2025;009;17849;Stainback, Kevin M.;19.4%;8.3%;2.8%;;25.0%;8.3%;13.9%;2.8%;5.6%;8.3%;;;;;;;;;;;;;5.6%;
;;;;;;010;25708;Feld, Scott L.;20.4%;8.2%;32.7%;;8.2%;4.1%;6.1%;6.1%;;2.0%;2.0%;2.0%;;;4.1%;;;;;;;;4.1%;
;;39100;Criminal Law;202610;Fall 2025;004;28692;Charters, Leslie A.;25.5%;9.1%;16.4%;;18.2%;5.5%;14.5%;1.8%;;1.8%;;;1.8%;;1.8%;;;;;;;;3.6%;
;;;Criminal Law-Honors;202610;Fall 2025;004;28692;Charters, Leslie A.;100.0%;;;;;;;;;;;;;;;;;;;;;;;
;;;Sociology Of Policing;202610;Fall 2025;008;15171;Coghill, William M.;27.7%;21.3%;2.1%;;19.1%;4.3%;14.9%;;2.1%;4.3%;;2.1%;2.1%;;;;;;;;;;;
;;40200;Sociological Theory;202610;Fall 2025;006;17872;Peterson, David A.;8.9%;8.9%;;;4.4%;15.6%;13.3%;;2.2%;17.8%;4.4%;2.2%;2.2%;;11.1%;;;;;;;;8.9%;
;;;;;;007;24932;Winchester, Daniel A.;34.0%;12.8%;;;14.9%;6.4%;2.1%;14.9%;2.1%;2.1%;;2.1%;;;8.5%;;;;;;;;;
;;41100;Social Inequality;202610;Fall 2025;001;22756;Hamm, Lindsay M.;17.8%;4.4%;40.0%;;4.4%;8.9%;11.1%;;4.4%;;;;;;;;;;;;;;8.9%;
;;41900;Sociology Of Law;202610;Fall 2025;004;17071;Hoffmann, Elizabeth A.;22.5%;32.5%;12.5%;;7.5%;7.5%;7.5%;2.5%;;7.5%;;;;;;;;;;;;;;
;;;;;;005;15699;Upadhyay, Srushti;21.6%;23.5%;17.6%;;7.8%;7.8%;2.0%;2.0%;3.9%;3.9%;2.0%;2.0%;2.0%;;2.0%;;;;;;;;2.0%;
;;42300;Field Pract Soc And Law & Soc;202610;Fall 2025;001;10117;Coghill, William M.;17.6%;;82.4%;;;;;;;;;;;;;;;;;;;;;
;;42600;Soc Deviance & Control;202610;Fall 2025;001;16791;Mcelhattan, David R.;30.0%;3.3%;63.3%;;1.7%;1.7%;;;;;;;;;;;;;;;;;;
;;45000;Gender Roles Mod Soc;202610;Fall 2025;001;25816;Sethi, Shagun;28.3%;19.6%;23.9%;;8.7%;8.7%;4.3%;2.2%;2.2%;;;2.2%;;;;;;;;;;;;
;;68100;Sel Prob Soc Research;202610;Fall 2025;001;25912;Suitor, J Jill;;;100.0%;;;;;;;;;;;;;;;;;;;;;
;;;;;;002;25924;Bauldry, Shawn G.;91.7%;8.3%;;;;;;;;;;;;;;;;;;;;;;
SPAN;SPAN-Spanish;10100;Spanish Level I;202610;Fall 2025;001;28823;Viracacha Suarez, Juan Diego;33.3%;5.6%;11.1%;;11.1%;5.6%;16.7%;;;11.1%;;;5.6%;;;;;;;;;;;
;;;;;;002;28824;Viracacha Suarez, Juan Diego;31.3%;6.3%;18.8%;;12.5%;;18.8%;;12.5%;;;;;;;;;;;;;;;
;;;;;;003;28825;Corahua, Lilian E.;21.1%;21.1%;21.1%;5.3%;5.3%;5.3%;;;5.3%;5.3%;;5.3%;;;;;;;;;;;5.3%;
;;;;;;004;28826;Pranaya, Pranaya;38.9%;16.7%;5.6%;;;;5.6%;16.7%;;;;;;;5.6%;;;;;;;;11.1%;
;;;;;;006;30915;Gaviria Serna, Carlos D.;16.7%;22.2%;11.1%;;22.2%;5.6%;;;5.6%;5.6%;;;;;5.6%;;;;;;;;5.6%;
;;;;;;009;33375;Neary-Sundquist, Colleen A.;10.0%;20.0%;;;25.0%;10.0%;5.0%;;;5.0%;;5.0%;;;;;;;;;;;20.0%;
;;;;;;010;27077;Sanchez, Edzna V.;50.0%;20.0%;10.0%;;5.0%;5.0%;;;;5.0%;;;;;;;;;;;;;5.0%;
;;;;;;011;27078;Pranaya, Pranaya;47.4%;15.8%;5.3%;;5.3%;5.3%;5.3%;5.3%;;5.3%;;;;;;;;;;;;;5.3%;
;;;;;;012;27082;Sanchez, Edzna V.;35.0%;25.0%;15.0%;;10.0%;;;;;;10.0%;;;;;;;;;;;;5.0%;
;;10200;Spanish Level II;202610;Fall 2025;003;21314;Esparza-Rivera, Rodrigo E.;11.1%;27.8%;11.1%;5.6%;22.2%;11.1%;;;;;;;;;;;;;;;;;11.1%;
;;;;;;005;21332;O'Donnell, Mary E.;30.0%;10.0%;;;35.0%;5.0%;;10.0%;;;5.0%;;;;;;;;;;;;5.0%;
;;;;;;006;21334;Sanz Giraldo, Laura Lucia;31.6%;5.3%;;;10.5%;5.3%;10.5%;10.5%;;;5.3%;;;;;;;;;;;;21.1%;
;;;;;;007;21340;Torres Arias, Diana A.;50.0%;5.6%;;;5.6%;5.6%;16.7%;;;;;;5.6%;;5.6%;;;;;;;;5.6%;
;;;;;;008;21341;Parra, Santiago;30.8%;23.1%;23.1%;;7.7%;;7.7%;7.7%;;;;;;;;;;;;;;;;
;;;;;;009;21343;Sanz Giraldo, Laura Lucia;25.0%;10.0%;10.0%;;25.0%;5.0%;10.0%;;;5.0%;;5.0%;;;5.0%;;;;;;;;;
;;;;;;010;27373;Sanz Giraldo, Laura Lucia;12.5%;18.8%;;;12.5%;6.3%;18.8%;12.5%;;;;;;;;;;;;;;;18.8%;
;;;;;;011;28828;Torres Arias, Diana A.;33.3%;16.7%;;;16.7%;25.0%;;;;;8.3%;;;;;;;;;;;;;
;;;;;;012;22997;O'Donnell, Mary E.;35.0%;25.0%;;;10.0%;5.0%;;;5.0%;5.0%;5.0%;;;;;;;;;;;;10.0%;
;;10500;Accelerated Basic Spanish;202610;Fall 2025;003;23001;Quinones, Agustin;20.0%;6.7%;6.7%;;26.7%;;;20.0%;;6.7%;;;;;6.7%;;;;;;;;6.7%;
;;11200;Elem Spanish Conversation;202610;Fall 2025;001;63377;Arango Hernandez, Natalia;;8.3%;58.3%;16.7%;;8.3%;;;;;;;;;;;;;;;;;8.3%;
;;20100;Spanish Level III;202610;Fall 2025;005;50729;Proano Reyes, Victoria;55.0%;;35.0%;;10.0%;;;;;;;;;;;;;;;;;;;
;;;;;;008;50732;Kotanko, Adam;52.6%;26.3%;;;10.5%;5.3%;5.3%;;;;;;;;;;;;;;;;;
;;;;;;025;50749;Rendon Arias, Nicolas;11.1%;38.9%;;;33.3%;5.6%;;;5.6%;;;5.6%;;;;;;;;;;;;
;;;;;;027;50751;Rendon Arias, Nicolas;54.5%;36.4%;;;;;;;;;9.1%;;;;;;;;;;;;;
;;;;;;029;50753;Barranco Cortes, Lourdes;27.8%;27.8%;5.6%;;22.2%;5.6%;11.1%;;;;;;;;;;;;;;;;;
;;;;;;030;57886;Barranco Cortes, Lourdes;65.0%;5.0%;;;15.0%;;;5.0%;;5.0%;;;5.0%;;;;;;;;;;;
;;;;;;033;62937;Kotanko, Claudia C.;66.7%;;13.3%;;;6.7%;;;;6.7%;;;;;6.7%;;;;;;;;;
;;;;;;035;16223;Alvim Ferreira, Carolina;40.0%;25.0%;10.0%;;;5.0%;;10.0%;;;;;;;5.0%;;;;;;;;5.0%;
;;;;;;036;17116;Aubeneau, Nelida;47.4%;26.3%;5.3%;;5.3%;;5.3%;;;;;;;;;;;;;;;;10.5%;
;;;;;;044;26345;Proano Reyes, Victoria;56.3%;6.3%;6.3%;;18.8%;;6.3%;;;;;;;;;;;;;;;;6.3%;
;;;;;;045;26346;Kotanko, Adam;35.0%;25.0%;;;20.0%;5.0%;10.0%;;;;;;;;;;;;;;;;5.0%;
;;;;;;046;26347;Henao Castrillon, Sebastian A.;7.1%;42.9%;7.1%;;;7.1%;14.3%;7.1%;;14.3%;;;;;;;;;;;;;;
;;;;;;047;26348;Papiashvili, Megi;45.0%;15.0%;5.0%;;;5.0%;15.0%;10.0%;;5.0%;;;;;;;;;;;;;;
;;;;;;050;24525;Alvim Ferreira, Carolina;50.0%;20.0%;;;;10.0%;;;;10.0%;5.0%;;;;5.0%;;;;;;;;;
;;;;;;051;24526;Hale, Nicholas R.;52.9%;5.9%;11.8%;;5.9%;5.9%;;;5.9%;;5.9%;5.9%;;;;;;;;;;;;
;;;;;;052;24527;Hale, Nicholas R.;65.0%;15.0%;;;5.0%;;;5.0%;10.0%;;;;;;;;;;;;;;;
;;;;;;053;23002;Corredor Sanchez, Piedad S.;8.3%;;;;33.3%;8.3%;8.3%;;8.3%;;8.3%;;8.3%;;8.3%;;;;;;;;8.3%;
;;;;;;055;23007;Kotanko, Claudia C.;50.0%;25.0%;;;8.3%;8.3%;;;;;;;8.3%;;;;;;;;;;;
;;;;;;056;26747;Guzman Ruiz, Miluska;5.9%;29.4%;;;11.8%;;5.9%;5.9%;11.8%;5.9%;17.6%;;5.9%;;;;;;;;;;;
;;20200;Spanish Level IV;202610;Fall 2025;001;17913;Cabrera De Morales, Blanca L.;56.3%;25.0%;12.5%;;;;;;;6.3%;;;;;;;;;;;;;;
;;;;;;002;17915;Warden, Nolan M.;50.0%;18.2%;;;18.2%;;4.5%;;;;4.5%;;4.5%;;;;;;;;;;;
;;;;;;003;17956;Cabrera De Morales, Blanca L.;50.0%;7.1%;35.7%;;7.1%;;;;;;;;;;;;;;;;;;;
;;;;;;004;18032;White, Melinda D.;22.7%;22.7%;;;22.7%;13.6%;;4.5%;4.5%;4.5%;;;;;4.5%;;;;;;;;;
;;;;;;005;18033;Warden, Nolan M.;33.3%;19.0%;4.8%;;4.8%;4.8%;4.8%;9.5%;;9.5%;4.8%;;;;4.8%;;;;;;;;;
;;;;;;007;18040;Warden, Nolan M.;38.9%;16.7%;;;16.7%;5.6%;;;;;;5.6%;5.6%;;5.6%;;;;;;;;5.6%;
;;;;;;008;32298;Borba, Debora M.;38.1%;9.5%;9.5%;;9.5%;9.5%;14.3%;;4.8%;;;;4.8%;;;;;;;;;;;
;;;;;;009;23008;Rojas, Adriana D.;25.0%;30.0%;;;20.0%;;;10.0%;5.0%;;;;;;5.0%;;;;;;;;5.0%;
;;21200;Intermed Spanish Conversation;202610;Fall 2025;001;63380;Arango Hernandez, Natalia;7.1%;21.4%;57.1%;;7.1%;;;;;;;;;;;;;;;;;;7.1%;
;;22400;Span Lev IV Bus Span;202610;Fall 2025;001;18454;Cabrera De Morales, Blanca L.;85.0%;;;;15.0%;;;;;;;;;;;;;;;;;;;
;;24100;Intro To Hispanic Lit;202610;Fall 2025;018;21711;Kim, Yonsoo;94.4%;;;;;;;;;;;;;;;;;;;;;;5.6%;
;;;;;;020;27027;Sanchez-Llama, Inigo;5.0%;;65.0%;;5.0%;;10.0%;;;;;;;;15.0%;;;;;;;;;
;;;;;;021;27028;Dixon, Paul B.;25.0%;30.0%;;;;5.0%;25.0%;10.0%;;;;;;;;;;;;;;;5.0%;
;;;;;;022;30016;Stinchcomb, Dawn F.;35.7%;;14.3%;;;7.1%;21.4%;;14.3%;;;;;;;;;;;;;;7.1%;
;;;Intro To Hispanic Lit-Honors;202610;Fall 2025;018;21711;Kim, Yonsoo;50.0%;;;;;;;;;;;;;;;;;;;;;;50.0%;
;;30100;Spanish Level V;202610;Fall 2025;003;29020;Dorribo, Elizabeth Z.;23.8%;23.8%;;;23.8%;4.8%;19.0%;;;;;;;;;;;;;;;;4.8%;
;;;;;;004;29021;Carmona, Anderson C.;50.0%;21.4%;;;14.3%;7.1%;;;;;;;;;;;;;;;;;7.1%;
;;;;;;008;29025;Papiashvili, Megi;78.9%;15.8%;5.3%;;;;;;;;;;;;;;;;;;;;;
;;;;;;010;29027;Paez Urbano, Kely Y.;40.0%;15.0%;10.0%;;15.0%;;5.0%;5.0%;5.0%;;;;;;;;;;;;;;5.0%;
;;;;;;011;29028;Obando Taborda, Andres M.;38.9%;33.3%;5.6%;;5.6%;5.6%;;;;;;;;;;;;;;;;;11.1%;
;;;;;;012;29029;Papiashvili, Megi;45.0%;20.0%;10.0%;;;10.0%;10.0%;5.0%;;;;;;;;;;;;;;;;
;;;;;;013;29030;Papiashvili, Megi;50.0%;4.5%;18.2%;;9.1%;4.5%;9.1%;;;;;;;;;;;;;;;;4.5%;
;;;;;;014;13831;Dorribo, Elizabeth Z.;42.1%;15.8%;5.3%;;10.5%;5.3%;5.3%;5.3%;5.3%;;;;;;;;;;;;;;5.3%;
;;30200;Spanish Level VI;202610;Fall 2025;007;29037;Aubeneau, Nelida;33.3%;14.3%;28.6%;;4.8%;;9.5%;;;4.8%;;;;;;;;;;;;;4.8%;
;;;;;;008;62957;Aubeneau, Nelida;50.0%;4.5%;36.4%;;;;9.1%;;;;;;;;;;;;;;;;;
;;;;;;009;29631;Aubeneau, Nelida;50.0%;4.5%;18.2%;;9.1%;4.5%;4.5%;;;;;;;;;;;;;;;;9.1%;
;;;;;;010;29632;Paez Urbano, Kely Y.;38.1%;9.5%;19.0%;;23.8%;;4.8%;;;;;;;;;;;;;;;;4.8%;
;;30500;Span For Heritage Spkr;202610;Fall 2025;001;24191;Castillo Revelo, Santiago;35.0%;10.0%;35.0%;;;;10.0%;;5.0%;5.0%;;;;;;;;;;;;;;
;;;;;;002;23299;Castillo Revelo, Santiago;35.0%;10.0%;45.0%;;;5.0%;5.0%;;;;;;;;;;;;;;;;;
;;;;;;003;22996;Quiroga Varon, Jhon H.;25.0%;37.5%;6.3%;;6.3%;;18.8%;6.3%;;;;;;;;;;;;;;;;
;;31200;Advanced Spanish Conversation;202610;Fall 2025;001;68414;Arango Hernandez, Natalia;;6.7%;86.7%;;;;;;;;;;;;;;;;;;;;6.7%;
;;32100;Intro Spanish For Professions;202610;Fall 2025;001;14346;Dorribo, Elizabeth Z.;42.1%;26.3%;10.5%;;21.1%;;;;;;;;;;;;;;;;;;;
;;;;;;002;14347;Dorribo, Elizabeth Z.;78.9%;10.5%;5.3%;;;;5.3%;;;;;;;;;;;;;;;;;
;;;;;;004;32313;Guzman Ruiz, Miluska;63.2%;15.8%;10.5%;;5.3%;;;;;;;;;;;;;;;;;;5.3%;
;;32200;Spanish For Hlth Professions;202610;Fall 2025;002;14349;Rios-Rojas, Gabriel O.;55.0%;10.0%;25.0%;;;;10.0%;;;;;;;;;;;;;;;;;
;;;;;;005;27213;Tenorio, Cecilia I.;75.0%;10.0%;10.0%;;5.0%;;;;;;;;;;;;;;;;;;;
;;32500;Spanish Engineering Technology;202610;Fall 2025;001;21758;Rios-Rojas, Gabriel O.;57.9%;15.8%;15.8%;;5.3%;;;;;5.3%;;;;;;;;;;;;;;
;;34100;Hispanic Lit I;202610;Fall 2025;003;29639;Dixon, Paul B.;62.5%;25.0%;;;6.3%;;6.3%;;;;;;;;;;;;;;;;;
;;;Hispanic Lit I-Honors;202610;Fall 2025;003;29639;Dixon, Paul B.;100.0%;;;;;;;;;;;;;;;;;;;;;;;
;;36100;Struc Spanish I;202610;Fall 2025;002;51245;Clavijo, Francisco J.;33.3%;28.6%;;;23.8%;;9.5%;;;;;;;;;;;;;;;;4.8%;
;;;;;;003;16616;Clavijo, Francisco J.;31.8%;18.2%;;;9.1%;4.5%;9.1%;4.5%;4.5%;13.6%;;;4.5%;;;;;;;;;;;
;;40100;Spanish Level VII;202610;Fall 2025;001;14583;Canete Jurado, Vanesa M.;46.7%;6.7%;20.0%;;6.7%;;13.3%;;;;;;;;;;;6.7%;;;;;;
;;;;;;003;14585;Carmona, Anderson C.;23.5%;23.5%;;;5.9%;5.9%;23.5%;5.9%;;;;;;;;;;;;;;;11.8%;
;;41500;Spanish Trans & Interpreting;202610;Fall 2025;001;18744;Canete Jurado, Vanesa M.;53.8%;;;;23.1%;7.7%;7.7%;;;;;;;;7.7%;;;;;;;;;
;;42400;Business Spanish;202610;Fall 2025;004;22982;Cabrera De Morales, Blanca L.;94.7%;;;;;;;;;;;;;;;;;;;;;;5.3%;
;;48500;Food And Culture Hispan World;202610;Fall 2025;001;29811;Tenorio, Cecilia I.;53.3%;13.3%;26.7%;;6.7%;;;;;;;;;;;;;;;;;;;
;;;Food&Culture Hispan Wld-Honors;202610;Fall 2025;001;29811;Tenorio, Cecilia I.;100.0%;;;;;;;;;;;;;;;;;;;;;;;
STAT;STAT-Statistics;10100;Freshman Orientation Seminar;202610;Fall 2025;SC1;21954;Song, Qifan;21.2%;1.9%;53.8%;;13.5%;;;5.8%;1.9%;;1.9%;;;;;;;;;;;;;
;;11300;Statistics & Society;202610;Fall 2025;002;29092;Crabill, Cheryl L.;40.8%;1.6%;19.2%;;10.4%;1.6%;6.4%;10.4%;;2.4%;0.8%;;1.6%;;2.4%;;;;;;;;2.4%;
;;;;;;037;67272;Crabill, Cheryl L.;35.9%;3.9%;11.7%;;17.5%;1.9%;4.9%;7.8%;1.9%;4.9%;5.8%;;;;1.9%;;;;;;;;1.9%;
;;;;;;Y01;59172;Crabill, Cheryl L.;14.3%;2.4%;13.1%;;29.8%;3.6%;3.6%;11.9%;2.4%;2.4%;3.6%;1.2%;;;3.6%;;;;;;;;8.3%;
;;17000;Intr Actuarial Science;202610;Fall 2025;SC1;60019;Rubin, Daniel E.;38.7%;16.1%;16.1%;;3.2%;6.5%;3.2%;;;9.7%;;;;;;;;;;;;;6.5%;
;;22500;Intro Probability Mdls;202610;Fall 2025;061;29142;Wu, Chenzhong;8.3%;5.6%;11.1%;;25.0%;;11.1%;5.6%;5.6%;5.6%;5.6%;;;;16.7%;;;;;;;;;
;;;;;;062;15576;Wu, Chenzhong;10.3%;12.8%;2.6%;;20.5%;7.7%;2.6%;17.9%;;5.1%;;;;;5.1%;2.6%;;;;;;;12.8%;
;;30100;Elem Stat Meth;202610;Fall 2025;030;48776;Knight, Mark D.;11.1%;13.0%;3.7%;;11.1%;16.7%;13.0%;9.3%;5.6%;1.9%;;1.9%;1.9%;;7.4%;;;;;;;;3.7%;
;;;;;;040;29212;Kang, Taegyu;7.1%;5.4%;3.6%;;21.4%;14.3%;10.7%;5.4%;3.6%;12.5%;;3.6%;3.6%;;3.6%;;;;;;;;5.4%;
;;;;;;130;29216;Wu, Chenzhong;3.4%;8.5%;1.7%;;15.3%;10.2%;16.9%;6.8%;5.1%;13.6%;3.4%;;6.8%;;3.4%;;;;;;;;5.1%;
;;;;;;140;51069;Wu, Chenzhong;1.8%;14.0%;3.5%;;10.5%;8.8%;17.5%;5.3%;7.0%;19.3%;;1.8%;1.8%;;3.5%;;;;;;;;5.3%;
;;;;;;230;17656;Kang, Taegyu;13.2%;15.1%;1.9%;;13.2%;20.8%;11.3%;1.9%;;13.2%;;1.9%;1.9%;;1.9%;;;;;;;;3.8%;
;;;;;;240;29188;Kang, Taegyu;10.0%;13.3%;1.7%;;15.0%;18.3%;11.7%;3.3%;6.7%;6.7%;3.3%;;1.7%;;3.3%;;;;;;;;5.0%;
;;;;;;330;15993;Chen, Yu Wei;20.0%;10.0%;1.7%;;8.3%;10.0%;18.3%;3.3%;5.0%;6.7%;1.7%;5.0%;3.3%;;3.3%;;;;;;;;3.3%;
;;;;;;340;29191;Chen, Yu Wei;5.3%;7.0%;3.5%;;15.8%;19.3%;8.8%;8.8%;7.0%;8.8%;;1.8%;10.5%;;;;;;;;;;3.5%;
;;;;;;430;51070;Rendall, Joshua D.;3.5%;22.8%;3.5%;;15.8%;12.3%;19.3%;;7.0%;5.3%;1.8%;1.8%;3.5%;;1.8%;;;;;;;;1.8%;
;;;;;;440;29185;Rendall, Joshua D.;19.0%;12.1%;1.7%;;13.8%;8.6%;3.4%;10.3%;10.3%;8.6%;1.7%;1.7%;1.7%;;5.2%;;;;;;;;1.7%;
;;;;;;530;22250;Rendall, Joshua D.;7.0%;3.5%;3.5%;;17.5%;12.3%;8.8%;14.0%;3.5%;10.5%;5.3%;1.8%;5.3%;;3.5%;;;;;;;;3.5%;
;;;;;;650;68707;Mercier, William C.;10.3%;20.7%;8.6%;;8.6%;17.2%;15.5%;3.4%;6.9%;1.7%;;;;;3.4%;;;;;;;;3.4%;
;;;;;;750;29194;Mercier, William C.;8.5%;22.0%;3.4%;;13.6%;22.0%;6.8%;5.1%;1.7%;8.5%;1.7%;1.7%;1.7%;;;;;;;;;;3.4%;
;;;;;;830;29211;Solomon, Bruce P.;8.5%;15.3%;11.9%;;6.8%;10.2%;18.6%;5.1%;;11.9%;5.1%;;;;1.7%;;;;;;;;5.1%;
;;;;;;840;68709;Solomon, Bruce P.;8.3%;21.7%;11.7%;;10.0%;20.0%;10.0%;5.0%;1.7%;3.3%;;;3.3%;;5.0%;;;;;;;;;
;;;;;;930;29214;Solomon, Bruce P.;7.0%;14.0%;15.8%;;10.5%;14.0%;10.5%;7.0%;;10.5%;1.8%;;3.5%;;;;;;;;;;5.3%;
;;;;;;940;29187;Solomon, Bruce P.;3.6%;9.1%;18.2%;;3.6%;14.5%;14.5%;10.9%;3.6%;9.1%;1.8%;;5.5%;;1.8%;;;;;;;;3.6%;
;;;;;;IMA;19147;Munson, Christina E.;5.3%;15.8%;;;5.3%;10.5%;21.1%;2.6%;2.6%;18.4%;;;5.3%;;7.9%;;;;;;;;5.3%;
;;;;;;IMB;17648;Munson, Christina E.;8.1%;18.9%;2.7%;;24.3%;13.5%;2.7%;8.1%;2.7%;5.4%;;;2.7%;;8.1%;;;;;;;;2.7%;
;;;;;;Y01;15193;Munson, Christina E.;18.5%;20.8%;15.1%;;6.4%;9.8%;10.6%;3.8%;2.6%;3.8%;;0.8%;1.1%;;2.6%;;;;;;;;4.2%;
;;;Elem Stat Meth-Honors;202610;Fall 2025;530;22250;Rendall, Joshua D.;;100.0%;;;;;;;;;;;;;;;;;;;;;;
;;30301;Prob & Stat For Business;202610;Fall 2025;100;16058;Porterfield, Pamela F.;15.0%;1.2%;1.6%;;19.7%;1.2%;2.8%;23.2%;1.6%;8.3%;11.4%;0.4%;;;4.3%;;;;;;;;9.4%;
;;;;;;200;16059;Porterfield, Pamela F.;12.0%;1.1%;1.1%;;27.0%;2.2%;2.2%;27.7%;1.1%;6.7%;10.9%;;;;2.6%;;;;;;;;5.2%;
;;;;;;208;18269;Porterfield, Pamela F.;8.9%;;0.9%;;21.4%;2.7%;;25.9%;;3.6%;17.9%;;;;4.5%;;;;;;;;14.3%;
;;35000;Intro To Statistics;202610;Fall 2025;018;12022;Reese, Timothy G.;16.6%;4.0%;6.3%;;18.9%;2.3%;12.0%;9.7%;2.3%;4.6%;1.7%;;1.1%;;9.1%;0.6%;;;;;;;10.9%;
;;;;;;103;29220;Matangi, Evidence S.;23.3%;1.7%;10.0%;;16.7%;3.3%;6.7%;10.0%;1.7%;5.0%;3.3%;;1.7%;;5.0%;;;;;;;;11.7%;
;;;;;;113;39409;Shin, Halin;25.9%;5.2%;6.9%;;20.7%;;3.4%;12.1%;3.4%;8.6%;1.7%;;1.7%;;6.9%;;;;;;;;3.4%;
;;;;;;123;37879;Matangi, Evidence S.;17.2%;3.4%;1.7%;;17.2%;3.4%;19.0%;5.2%;1.7%;10.3%;;1.7%;1.7%;;6.9%;;;;;;;;10.3%;
;;;;;;130;15194;Ahn, Heekyung;29.3%;6.9%;1.7%;;17.2%;3.4%;5.2%;6.9%;3.4%;1.7%;5.2%;1.7%;1.7%;;8.6%;;;;;;;;6.9%;
;;;;;;230;20352;Reese, Timothy G.;28.8%;;5.1%;;10.2%;;5.1%;23.7%;1.7%;11.9%;1.7%;1.7%;;;5.1%;;;;;;;;5.1%;
;;;;;;231;14106;Matangi, Evidence S.;25.4%;5.1%;11.9%;;10.2%;;8.5%;10.2%;1.7%;5.1%;3.4%;1.7%;1.7%;;1.7%;;;;;;;;13.6%;
;;;Intro To Statistics-Honors;202610;Fall 2025;231;14106;Matangi, Evidence S.;;;100.0%;;;;;;;;;;;;;;;;;;;;;
;;35500;Statistics For Data Science;202610;Fall 2025;001;15748;Keaton, Timothy J.;38.3%;10.0%;13.3%;;21.7%;;6.7%;5.0%;;;1.7%;;;;;;;;;;;;3.3%;
;;;;;;002;14108;Keaton, Timothy J.;16.0%;9.3%;13.3%;;25.3%;10.7%;8.0%;8.0%;1.3%;1.3%;1.3%;;2.7%;;1.3%;;;;;;;;1.3%;
;;41600;Probability;202610;Fall 2025;003;29226;Noack, Christian J.;7.7%;12.8%;15.4%;;7.7%;5.1%;12.8%;17.9%;;7.7%;;;;;5.1%;2.6%;;;;;;;5.1%;
;;;;;;004;61526;Bong, Heejong;12.5%;15.0%;15.0%;;7.5%;10.0%;22.5%;7.5%;;2.5%;;2.5%;2.5%;;2.5%;;;;;;;;;
;;;;;;005;68717;Su, Jianxi;4.9%;9.8%;46.3%;;7.3%;7.3%;9.8%;2.4%;;7.3%;;;2.4%;;;;;;;;;;2.4%;
;;;;;;007;40115;Glubokov, Andrey;18.4%;16.3%;4.1%;;4.1%;12.2%;8.2%;12.2%;4.1%;20.4%;;;;;;;;;;;;;;
;;;;;;008;19765;Glubokov, Andrey;10.3%;25.6%;10.3%;;10.3%;10.3%;;7.7%;7.7%;15.4%;;;;;;;;;;;;;2.6%;
;;;;;;009;15941;Datchev, Kiril;8.0%;8.0%;12.0%;;16.0%;4.0%;16.0%;8.0%;12.0%;8.0%;;;;;8.0%;;;;;;;;;
;;;;;;010;17701;Janjigian, Christopher;36.1%;;2.8%;;30.6%;11.1%;5.6%;5.6%;2.8%;5.6%;;;;;;;;;;;;;;
;;41700;Statistical Theory;202610;Fall 2025;001;68718;Bhadra, Anindya;4.8%;9.5%;9.5%;;23.8%;9.5%;14.3%;;9.5%;9.5%;;;;;4.8%;;;4.8%;;;;;;
;;;;;;002;37882;Levine, Michael;25.0%;;;;29.2%;;;25.0%;;;12.5%;;;;4.2%;;;;;;;;4.2%;
;;;;;;003;29228;Xue, Fei;14.0%;22.0%;22.0%;;8.0%;4.0%;14.0%;;4.0%;10.0%;;;;;;;;;;;;;2.0%;
;;;;;;004;20428;Xue, Fei;6.1%;6.1%;4.1%;;8.2%;14.3%;24.5%;4.1%;6.1%;10.2%;8.2%;;;;6.1%;;;;;;;;2.0%;
;;;;;;005;15517;Yarger, Andrew N.;16.3%;14.3%;2.0%;;18.4%;8.2%;18.4%;8.2%;2.0%;6.1%;2.0%;;2.0%;;;;;2.0%;;;;;;
;;42000;Intro Time Series;202610;Fall 2025;001;58423;Pasupathy, Raghu;1.9%;7.7%;;;17.3%;;1.9%;34.6%;5.8%;9.6%;3.8%;;9.6%;;;;;;;;;;7.7%;
;;;;;;002;18540;Pasupathy, Raghu;13.3%;15.0%;;;18.3%;6.7%;10.0%;11.7%;8.3%;11.7%;1.7%;;;;;;;;;;;;3.3%;
;;47201;Fund Long Term Actuarial Math;202610;Fall 2025;003;14111;Ray, Sally A.;14.5%;10.9%;12.7%;;1.8%;7.3%;14.5%;3.6%;5.5%;5.5%;;3.6%;7.3%;;9.1%;;;;;;;;3.6%;
;;47301;Intro To Derivatives Pricing;202610;Fall 2025;002;10108;Rubin, Daniel E.;27.3%;22.7%;4.5%;;4.5%;4.5%;18.2%;;;13.6%;;;;;4.5%;;;;;;;;;
;;47401;Statistics For Risk Modeling I;202610;Fall 2025;009;16475;Liu, Haibo;26.5%;5.9%;26.5%;;2.9%;2.9%;14.7%;5.9%;;5.9%;;;5.9%;;2.9%;;;;;;;;;
;;47501;Adv Long Term Actuarial Math;202610;Fall 2025;001;24976;Xu, Mengyi;18.4%;10.5%;10.5%;;21.1%;7.9%;10.5%;2.6%;;2.6%;5.3%;2.6%;;;2.6%;;;;;;;;5.3%;
;;47902;Fund Short Term Actuarial Math;202610;Fall 2025;001;25706;Noack, Christian J.;15.2%;;45.5%;;;6.1%;6.1%;;3.0%;6.1%;6.1%;;3.0%;;6.1%;3.0%;;;;;;;;
;;50100;Experimental Stat I;202610;Fall 2025;002;26012;Findsen, Leonore A.;42.9%;14.3%;14.3%;;14.3%;;9.5%;;;;;;;;;4.8%;;;;;;;;
;;;;;;003;15552;Findsen, Leonore A.;35.7%;21.4%;14.3%;;10.7%;;10.7%;;;;;;3.6%;;;;;;;;;;3.6%;
;;50300;Stat Methods Biology;202610;Fall 2025;002;29241;Xing, Yan;16.7%;10.0%;3.3%;;10.0%;6.7%;18.3%;8.3%;3.3%;8.3%;3.3%;;1.7%;;5.0%;;;;;;;;5.0%;
;;;;;;005;29239;Xing, Yan;18.3%;8.3%;6.7%;;13.3%;11.7%;8.3%;6.7%;1.7%;13.3%;3.3%;;3.3%;;1.7%;;;;;;;;3.3%;
;;;;;;008;65120;Xing, Yan;9.5%;10.8%;6.8%;;13.5%;10.8%;12.2%;8.1%;1.4%;6.8%;2.7%;;2.7%;;4.1%;;;;;;;;10.8%;
;;50600;Stat Programming;202610;Fall 2025;002;53757;Colver, Tadd N.;47.1%;;;;41.2%;;;5.9%;;;5.9%;;;;;;;;;;;;;
;;;;;;003;19172;Colver, Tadd N.;40.4%;;;;34.0%;;;17.0%;;;2.1%;;;;4.3%;;;;;;;;2.1%;
;;51100;Statistical Methods;202610;Fall 2025;001;16830;Chakraborty, Antik;20.7%;;22.4%;;20.7%;;13.8%;8.6%;;10.3%;;;1.7%;;;;;;;;;;1.7%;
;;;;;;002;29251;Qu, Yuan;44.1%;1.7%;1.7%;;35.6%;;;8.5%;5.1%;;1.7%;;;;;;;;;;;;1.7%;
;;;;;;003;34237;Qu, Yuan;40.0%;1.7%;;;40.0%;1.7%;5.0%;5.0%;;1.7%;3.3%;;;;;;;;;;;;1.7%;
;;;;;;004;29250;Qu, Yuan;53.4%;;1.7%;;37.9%;1.7%;;3.4%;;;1.7%;;;;;;;;;;;;;
;;;;;;005;11322;Zhang, Tonglin;30.0%;8.3%;8.3%;;21.7%;6.7%;10.0%;8.3%;;3.3%;;;;;;;;;;;;;3.3%;
;;;;;;006;14109;Zhang, Tonglin;15.0%;15.0%;3.3%;;18.3%;8.3%;13.3%;13.3%;;11.7%;;;;;;;;;;;;;1.7%;
;;;;;;007;25669;Sharabati, Walid K.;45.5%;;12.7%;;10.9%;;14.5%;9.1%;;1.8%;;;3.6%;;;;;;;;;;1.8%;
;;51200;Appl Regr Analysis;202610;Fall 2025;008;13433;Qin, Tiantian;21.3%;10.6%;;2.1%;31.9%;8.5%;6.4%;2.1%;2.1%;8.5%;;;2.1%;;2.1%;;;;;;;;2.1%;
;;;;;;010;15584;Qin, Tiantian;25.0%;15.6%;;;34.4%;;6.3%;3.1%;;9.4%;;;;;3.1%;;;;;;;;3.1%;
;;;;;;014;17275;Qin, Tiantian;10.0%;6.3%;;;40.0%;1.3%;13.8%;6.3%;;7.5%;1.3%;;1.3%;;2.5%;;;;;;;;10.0%;
;;51300;Stat Quality Control;202610;Fall 2025;003;16241;Prabhu, Nagabhushana;5.9%;;35.3%;;17.6%;17.6%;11.8%;;5.9%;;;;;;;;;;;;;;5.9%;
;;;;;;007;14695;Cho, Lucky;25.8%;;64.5%;;;;3.2%;3.2%;;;;;;;;;;;;;;;3.2%;
;;51400;Design Of Experiment;202610;Fall 2025;007;13439;Wang, Lin;23.1%;3.8%;3.8%;;26.9%;7.7%;23.1%;;7.7%;3.8%;;;;;;;;;;;;;;
;;;;;;008;13137;Zhu, Yu Michael;22.5%;25.0%;15.0%;;7.5%;7.5%;12.5%;;;;;;;;;2.5%;;;;;;;7.5%;
;;51600;Basic Probability Appl;202610;Fall 2025;001;27480;Levine, Michael;50.0%;;;;27.5%;;;5.0%;;;7.5%;;;;;;;;;;;;10.0%;
;;51900;Intro To Probability;202610;Fall 2025;003;60149;Dasgupta, Anirban;14.3%;14.3%;14.3%;;7.1%;28.6%;;7.1%;7.1%;;;;;;;;;;;;;;7.1%;
;;;;;;005;15236;Buzzard, Gregery T.;19.0%;14.3%;38.1%;4.8%;;9.5%;9.5%;;;4.8%;;;;;;;;;;;;;;
;;52400;Appl Multiv Analysis;202610;Fall 2025;001;29264;Zhang, Lingsong;22.7%;9.1%;31.8%;13.6%;4.5%;;4.5%;;;;;;;;;;;;;;;;13.6%;
;;52500;Intermed Stat Method;202610;Fall 2025;002;10109;Song, Qifan;60.8%;7.8%;;;23.5%;;3.9%;;;;;;;;2.0%;;;;;;;;2.0%;
;;52700;Intro To Comp Stat;202610;Fall 2025;001;23381;Rao, Vinayak A.;22.9%;20.0%;2.9%;2.9%;22.9%;8.6%;11.4%;;;5.7%;;;;;;;;;;;;;2.9%;
;;52800;Intro Math Stat;202610;Fall 2025;003;68748;Xie, Jun;31.6%;;15.8%;5.3%;10.5%;5.3%;15.8%;10.5%;;5.3%;;;;;;;;;;;;;;
;;53200;Elem Stochastic Proc;202610;Fall 2025;002;53970;Owada, Takashi;15.4%;23.1%;;;23.1%;7.7%;23.1%;7.7%;;;;;;;;;;;;;;;;
;;54100;Computational Finance II;202610;Fall 2025;001;32160;Lee, Kiseop;38.5%;;;;30.8%;;;30.8%;;;;;;;;;;;;;;;;
;;54600;Computational Statistics;202610;Fall 2025;001;15578;Liang, Faming;79.2%;;;4.2%;;;4.2%;;;;;;;;;;;;;;;;12.5%;
;;57900;Found Of Stat Machine Learning;202610;Fall 2025;002;30877;Lee, Kiseop;17.6%;5.9%;47.1%;;5.9%;5.9%;11.8%;;;;;;;;;;;;;;;;5.9%;
;;59700;Stat Consulting Seminar;202610;Fall 2025;002;18065;Craig, Bruce A.;72.7%;18.2%;9.1%;;;;;;;;;;;;;;;;;;;;;
;;59800;3D CV And Virtual Human Models;202610;Fall 2025;020;22300;Zhu, Yu Michael;83.3%;;;;;;;;;;;;;;;;;;;;;;16.7%;
;;;Explore Stat Sci Research;202610;Fall 2025;019;63551;Wang, Xiao;94.9%;;;;;;;;;;;;;;;;;5.1%;;;;;;
;;65600;Bayesian Data Analysis;202610;Fall 2025;001;21646;Rao, Vinayak A.;93.1%;3.4%;;;3.4%;;;;;;;;;;;;;;;;;;;
;;69100;Probability Seminar;202610;Fall 2025;001;40030;Janjigian, Christopher;;;;;;;;;;;;;;;;;;100.0%;;;;;;
;;69200;Research Colloquium;202610;Fall 2025;001;29296;Xue, Fei;;;;;;;;;;;;;;;;;;98.1%;;;;;1.9%;
;;69500;Ntwrk Data, Graphs, Rndm Mtrx;202610;Fall 2025;006;22188;Dasgupta, Anirban;13.0%;8.7%;26.1%;;13.0%;17.4%;8.7%;;;;;;;;;;;4.3%;;;;;8.7%;
SYS;SYS-Purdue Sys Collaboratory;30000;Addressing Global Challenges;202610;Fall 2025;001;25514;Phillips, Ibukun O.;45.8%;3.4%;40.7%;;3.4%;;3.4%;;;;;;3.4%;;;;;;;;;;;
;;35000;Systems Methods;202610;Fall 2025;001;16418;Phillips, Ibukun O.;26.7%;3.3%;60.0%;;3.3%;;6.7%;;;;;;;;;;;;;;;;;
;;40000;Systems Praxis;202610;Fall 2025;001;19781;Kenley, Charles R.;45.7%;11.4%;34.3%;;2.9%;;5.7%;;;;;;;;;;;;;;;;;
;;;Systems Praxis-Honors;202610;Fall 2025;001;19781;Kenley, Charles R.;;;100.0%;;;;;;;;;;;;;;;;;;;;;
;;50000;Perspectives On Systems;202610;Fall 2025;001;28759;Phillips, Ibukun O.;;;87.5%;;;6.3%;6.3%;;;;;;;;;;;;;;;;;
;;;;;;WNG;16419;Phillips, Ibukun O.;13.3%;11.1%;75.6%;;;;;;;;;;;;;;;;;;;;;
;;51000;Tools & Methods Design Syst;202610;Fall 2025;WNG;16420;Kenley, Charles R.;84.6%;;3.8%;;3.8%;;;3.8%;;;3.8%;;;;;;;;;;;;;
TDM;TDM-The Data Mine;10100;The Data Mine Seminar I;202610;Fall 2025;011;24448;Ward, Mark D.;24.5%;2.0%;55.3%;0.3%;4.0%;;2.3%;3.3%;;0.3%;;;;;1.0%;0.3%;0.3%;0.7%;;;;;5.6%;
;;;;;;SC1;12067;Ward, Mark D.;34.3%;0.9%;44.4%;;5.6%;0.9%;1.9%;2.8%;;;;;;;2.8%;;;;;;;;6.5%;
;;;;;;SC2;12072;Ward, Mark D.;21.1%;0.7%;62.0%;;6.3%;;;1.4%;;;0.7%;;;;1.4%;;;;;;;;6.3%;
;;;;;;SC3;12073;Ward, Mark D.;22.1%;2.1%;58.6%;;5.7%;1.4%;2.1%;2.1%;;;0.7%;;;;1.4%;;;;;;;;3.6%;
;;;;;;SC4;12071;Ward, Mark D.;30.0%;1.8%;50.4%;;6.8%;;1.0%;1.3%;0.3%;;0.3%;;0.5%;;1.3%;;;;;;;;6.5%;
;;20100;The Data Mine Seminar III;202610;Fall 2025;011;24450;Ward, Mark D.;24.5%;1.1%;59.0%;0.4%;7.6%;0.4%;1.8%;0.7%;;;0.7%;;;;1.4%;0.4%;;;;;;;2.2%;
;;;;;;SC1;12117;Ward, Mark D.;30.5%;;52.5%;;6.8%;;1.7%;1.7%;;;;;;;;;;;;;;;6.8%;
;;;;;;SC2;12106;Ward, Mark D.;20.0%;;66.0%;;6.0%;;;2.0%;;;2.0%;;;;4.0%;;;;;;;;;
;;;;;;SC3;12113;Ward, Mark D.;17.7%;3.2%;64.5%;;6.5%;;;3.2%;;;1.6%;;;;;;;;;;;;3.2%;
;;;;;;SC4;12118;Ward, Mark D.;27.3%;;51.5%;;3.0%;;;9.1%;;;;;;;6.1%;;;;;;;;3.0%;
;;30100;The Data Mine Seminar V;202610;Fall 2025;011;24451;Ward, Mark D.;32.0%;;60.0%;;2.0%;;2.0%;4.0%;;;;;;;;;;;;;;;;
;;;;;;SC1;12104;Ward, Mark D.;15.8%;5.3%;68.4%;;10.5%;;;;;;;;;;;;;;;;;;;
;;;;;;SC2;12112;Ward, Mark D.;15.4%;;69.2%;;15.4%;;;;;;;;;;;;;;;;;;;
;;;;;;SC3;12115;Ward, Mark D.;33.3%;5.6%;44.4%;;11.1%;;;;;;;;;;;;;;;;;;5.6%;
;;50100;The Data Mine Seminar;202610;Fall 2025;001;15644;Ward, Mark D.;22.2%;;50.0%;5.6%;;;;;;;;;;;;;;;;;;;22.2%;
TECH;TECH-Technology;10100;Women Tech:Expl Possib;202610;Fall 2025;LC1;29317;Vian, Wei;89.1%;;;;3.6%;;;1.8%;1.8%;;;;;;;;;;;;;;3.6%;
;;12000;Design Thinkin In Tech-Honors;202610;Fall 2025;046;15935;Qureshi, Shanzay W.;100.0%;;;;;;;;;;;;;;;;;;;;;;;
;;;Design Thinking In Tech-Honors;202610;Fall 2025;046;15935;Qureshi, Shanzay W.;;;;;100.0%;;;;;;;;;;;;;;;;;;;
;;;;;;052;25616;Alrqibat, Sondos M.;100.0%;;;;;;;;;;;;;;;;;;;;;;;
;;;Design Thinking In Technology;202610;Fall 2025;029;12794;Hamilton, Marshall L.;80.0%;11.4%;;;;;;5.7%;;;;;;;;;;2.9%;;;;;;
;;;;;;031;12797;Khadke, Aditya A.;58.8%;17.6%;;;;;11.8%;;;5.9%;2.9%;;2.9%;;;;;;;;;;;
;;;;;;032;12798;Farrington, Shawn W.;61.5%;10.3%;;;5.1%;2.6%;15.4%;;2.6%;2.6%;;;;;;;;;;;;;;
;;;;;;033;18031;Ayokanmi, Damilola B.;73.0%;5.4%;;;;8.1%;5.4%;2.7%;;5.4%;;;;;;;;;;;;;;
;;;;;;034;18035;Alrqibat, Sondos M.;81.1%;8.1%;;;2.7%;;5.4%;2.7%;;;;;;;;;;;;;;;;
;;;;;;036;20552;Owen, Silas M.;51.3%;12.8%;;;12.8%;;17.9%;;;2.6%;2.6%;;;;;;;;;;;;;
;;;;;;037;20562;Qureshi, Shanzay W.;67.6%;8.1%;;;8.1%;5.4%;5.4%;;2.7%;2.7%;;;;;;;;;;;;;;
;;;;;;039;20564;Ayokanmi, Damilola B.;66.7%;12.8%;;;2.6%;;5.1%;2.6%;2.6%;5.1%;;;;;;;;;;;;;2.6%;
;;;;;;040;22768;Mashhood, Hassan;63.2%;15.8%;;;2.6%;2.6%;2.6%;5.3%;2.6%;2.6%;;;;;;;;;;;;;2.6%;
;;;;;;041;22769;Hasan, Kamrul;56.3%;9.4%;;;12.5%;;18.8%;;;3.1%;;;;;;;;;;;;;;
;;;;;;042;23063;Owen, Silas M.;40.5%;10.8%;;;5.4%;13.5%;10.8%;;2.7%;8.1%;5.4%;;2.7%;;;;;;;;;;;
;;;;;;043;23064;Mashhood, Hassan;59.5%;10.8%;;;5.4%;2.7%;10.8%;8.1%;;;;;;;;;;;;;;;2.7%;
;;;;;;044;15933;Hasan, Kamrul;54.5%;15.2%;;;9.1%;3.0%;9.1%;3.0%;3.0%;;;;;;3.0%;;;;;;;;;
;;;;;;046;15935;Qureshi, Shanzay W.;70.3%;16.2%;;;5.4%;;5.4%;;;2.7%;;;;;;;;;;;;;;
;;;;;;052;25616;Alrqibat, Sondos M.;48.6%;24.3%;;;10.8%;;10.8%;;;5.4%;;;;;;;;;;;;;;
;;;;;;079;31587;Khadke, Aditya A.;53.8%;15.4%;;;2.6%;7.7%;7.7%;2.6%;5.1%;2.6%;;;;;;;;;;;;;2.6%;
;;;;;;080;27624;Hamilton, Marshall L.;77.8%;5.6%;;;;2.8%;8.3%;;2.8%;2.8%;;;;;;;;;;;;;;
;;;Dsgn Thnkng In Tech - Honors;202610;Fall 2025;031;12797;Khadke, Aditya A.;100.0%;;;;;;;;;;;;;;;;;;;;;;;
;;;;;;041;22769;Hasan, Kamrul;100.0%;;;;;;;;;;;;;;;;;;;;;;;
;;;Dsgn Thnkng In Tech – Honors;202610;Fall 2025;029;12794;Hamilton, Marshall L.;100.0%;;;;;;;;;;;;;;;;;;;;;;;
;;;;;;031;12797;Khadke, Aditya A.;100.0%;;;;;;;;;;;;;;;;;;;;;;;
;;;;;;033;18031;Ayokanmi, Damilola B.;;;;;;;;;;;;;;;;;;100.0%;;;;;;
;;;;;;034;18035;Alrqibat, Sondos M.;100.0%;;;;;;;;;;;;;;;;;;;;;;;
;;;;;;037;20562;Qureshi, Shanzay W.;100.0%;;;;;;;;;;;;;;;;;;;;;;;
;;;;;;040;22768;Mashhood, Hassan;100.0%;;;;;;;;;;;;;;;;;;;;;;;
;;;;;;041;22769;Hasan, Kamrul;100.0%;;;;;;;;;;;;;;;;;;;;;;;
;;;;;;043;23064;Mashhood, Hassan;100.0%;;;;;;;;;;;;;;;;;;;;;;;
;;;;;;044;15933;Hasan, Kamrul;100.0%;;;;;;;;;;;;;;;;;;;;;;;
;;;;;;046;15935;Qureshi, Shanzay W.;;100.0%;;;;;;;;;;;;;;;;;;;;;;
;;;;;;052;25616;Alrqibat, Sondos M.;100.0%;;;;;;;;;;;;;;;;;;;;;;;
;;;;;;080;27624;Hamilton, Marshall L.;100.0%;;;;;;;;;;;;;;;;;;;;;;;
;;22000;Design Technology For People;202610;Fall 2025;002;19882;Briller, Sherylyn H.;37.5%;17.5%;;;12.5%;;25.0%;2.5%;;;;;;;2.5%;;;;;;;;2.5%;
;;33000;Tech And The Global Society;202610;Fall 2025;001;11579;Hammoud, Abrar;16.4%;9.1%;45.5%;;16.4%;5.5%;3.6%;;;;1.8%;;;;1.8%;;;;;;;;;
;;34000;Prototyping Tech For People;202610;Fall 2025;002;20738;Pruim, Douglas E.;44.4%;27.8%;;;2.8%;11.1%;5.6%;2.8%;2.8%;2.8%;;;;;;;;;;;;;;
;;60300;Graduate Seminar - Planning;202610;Fall 2025;002;20508;Elliott, Stephen J.;11.8%;;82.4%;;;;;;;;;;;;;;;;;;;;5.9%;
;;67600;Analysis Of Research Methods;202610;Fall 2025;001;27900;Hutcheson, John S.;100.0%;;;;;;;;;;;;;;;;;;;;;;;
;;69700;Qual Methods Tech;202610;Fall 2025;001;15103;Parsons, Paul;48.5%;9.1%;;;12.1%;3.0%;24.2%;;;;;;;;;;;;;;;;3.0%;
THTR;THTR-Theatre;13300;Acting I;202610;Fall 2025;040;57352;Hepler, Tyler R.;54.5%;;45.5%;;;;;;;;;;;;;;;;;;;;;
;;;;;;055;63193;Bushkov, Isabelle L.;16.7%;8.3%;66.7%;;;;;;8.3%;;;;;;;;;;;;;;;
;;;;;;091;17440;Matuk Molina, Laila;18.2%;;63.6%;;;;;;;;;;;;9.1%;;;;;;;;;9.1%
;;;;;;092;17442;Resnick, Samantha M.;18.2%;18.2%;45.5%;;;;18.2%;;;;;;;;;;;;;;;;;
;;;;;;101;24442;Damman, Anne M.;81.8%;18.2%;;;;;;;;;;;;;;;;;;;;;;
;;;Acting I-Honors;202610;Fall 2025;101;24442;Damman, Anne M.;100.0%;;;;;;;;;;;;;;;;;;;;;;;
;;15001;Introduction To Drafting;202610;Fall 2025;001;67673;Gillette, Adam J.;72.7%;;18.2%;;;;;9.1%;;;;;;;;;;;;;;;;
;;15003;Intro To Rigging For Theatre;202610;Fall 2025;001;67745;Gillette, Adam J.;36.4%;;63.6%;;;;;;;;;;;;;;;;;;;;;
;;16100;Intro Costume Des/Tech;202610;Fall 2025;004;32821;Rosolowski, Emily L.;12.5%;;87.5%;;;;;;;;;;;;;;;;;;;;;
;;16200;Intro Light Des/Tech;202610;Fall 2025;001;29376;Clark, Sierra K.;7.1%;7.1%;78.6%;;;;;;7.1%;;;;;;;;;;;;;;;
;;16300;Intro Sound Des/Tech;202610;Fall 2025;001;29378;Clouse, Jacob E.;7.1%;7.1%;78.6%;;;;;;;;;;;;7.1%;;;;;;;;;
;;16400;Intro Theatre Managemt;202610;Fall 2025;001;29380;Yahr, Lucy E.;14.3%;;71.4%;;;;7.1%;;7.1%;;;;;;;;;;;;;;;
;;20100;Theatre Appreciation;202610;Fall 2025;008;14497;Mcnamara, Michael J.;89.8%;;;;4.1%;;;4.1%;;;;;;;;;;;;;;;2.0%;
;;25600;Stage Make-Up;202610;Fall 2025;001;36291;Davey, Caitlin E.;15.4%;7.7%;46.2%;;;;15.4%;;;7.7%;7.7%;;;;;;;;;;;;;
;;26300;Intro To Sound Studios;202610;Fall 2025;003;17020;Kim, SuJin;81.8%;;18.2%;;;;;;;;;;;;;;;;;;;;;
;;33300;Acting III;202610;Fall 2025;001;18904;Carpenter, Laquetta L.;92.9%;;;;;;;;;;;;;;;;;;;;;;7.1%;
;;39000;Snow Rehearsal And Perf;202610;Fall 2025;005;27927;Mason, Claire E.;15.4%;7.7%;69.2%;;;;7.7%;;;;;;;;;;;;;;;;;
;;48400;Performance And Media Tech;202610;Fall 2025;001;20935;Lewis, William W.;53.8%;;;;15.4%;7.7%;7.7%;7.7%;7.7%;;;;;;;;;;;;;;;
;;55000;Control Systems;202610;Fall 2025;001;24013;Dionne, Richard M.;30.8%;15.4%;;7.7%;23.1%;;15.4%;;;;;;;;;;;;;;;;7.7%;
TLI;TLI-Technology Ldrshp Innovatn;10000;Org Ldrshp Orientation;202610;Fall 2025;002;32690;Pendleton, Cassandra E.;16.0%;8.0%;20.0%;;;20.0%;4.0%;8.0%;;12.0%;;;;;8.0%;;;;;;;;4.0%;
;;11200;Fndtns Of Org Ldrshp-Honors;202610;Fall 2025;022;24784;Plaskoff, Joshua A.;100.0%;;;;;;;;;;;;;;;;;;;;;;;
;;;;;;023;24785;Plaskoff, Joshua A.;;;;;;;100.0%;;;;;;;;;;;;;;;;;
;;;Fndtons Of Org Ldrshp-Honors;202610;Fall 2025;023;24785;Plaskoff, Joshua A.;100.0%;;;;;;;;;;;;;;;;;;;;;;;
;;;Foundations Of Org Leadership;202610;Fall 2025;022;24784;Plaskoff, Joshua A.;46.1%;14.1%;;;6.8%;6.3%;8.9%;2.1%;1.6%;4.7%;;0.5%;1.6%;;5.8%;;;;;;;;1.6%;
;;;;;;023;24785;Plaskoff, Joshua A.;61.4%;10.3%;;;3.3%;2.7%;10.9%;1.1%;;3.3%;;0.5%;0.5%;;3.3%;;;;;;;;2.7%;
;;15200;Bus Prin Org Leadership-Honors;202610;Fall 2025;001;16711;Jones, Matthew D.;100.0%;;;;;;;;;;;;;;;;;;;;;;;
;;;Bus Princ Org Ldrshp-Honors;202610;Fall 2025;001;16711;Jones, Matthew D.;100.0%;;;;;;;;;;;;;;;;;;;;;;;
;;;Business Prin Org Leadership;202610;Fall 2025;001;16711;Jones, Matthew D.;83.1%;5.1%;;;4.2%;;3.4%;1.7%;;;;;;;0.8%;;;;;;;;1.7%;
;;;;;;003;24982;Jones, Matthew D.;85.3%;2.8%;0.9%;;3.7%;;4.6%;0.9%;;;1.8%;;;;;;;;;;;;;
;;15500;Foundations Of Learning In HRD;202610;Fall 2025;001;24335;Grant, Brandon C.;11.1%;3.7%;81.5%;;;;;;;;;;;;;;;;;;;;3.7%;
;;21300;Project Management;202610;Fall 2025;007;25059;Bittinger, Christopher N.;33.9%;21.4%;32.1%;;1.8%;3.6%;1.8%;1.8%;1.8%;;;;;;1.8%;;;;;;;;;
;;;;;;008;25061;Bittinger, Christopher N.;8.8%;8.8%;71.9%;;;1.8%;7.0%;;;;;;1.8%;;;;;;;;;;;
;;25500;Human Resource Development;202610;Fall 2025;001;18855;Akdere, Mesut;55.6%;7.4%;;;14.8%;3.7%;14.8%;;;;;;;;;;;;;;;;3.7%;
;;30000;Org Ldrshp Career Transition;202610;Fall 2025;002;32688;Bittinger, Christopher N.;16.2%;10.8%;67.6%;;;;2.7%;;;2.7%;;;;;;;;;;;;;;
;;31400;Leading Innovation In Orgs;202610;Fall 2025;002;24309;Gamez-Djokic, Monica;37.5%;18.8%;15.6%;;;3.1%;6.3%;;6.3%;;;;;;12.5%;;;;;;;;;
;;31500;New Product Development;202610;Fall 2025;003;20874;Little, Stacey E.;36.7%;38.3%;11.7%;;1.7%;3.3%;3.3%;;1.7%;;;;;;1.7%;;;;;;;;1.7%;
;;35510;Trng & Talent Devt;202610;Fall 2025;001;27491;Park, Cho Hyun;11.1%;11.1%;66.7%;;5.6%;;;;;;;5.6%;;;;;;;;;;;;
;;35560;Employment And Labor Law;202610;Fall 2025;001;20764;Grant, Brandon C.;60.0%;13.3%;13.3%;;;;6.7%;;;;;;6.7%;;;;;;;;;;;
;;35570;Job Analysis;202610;Fall 2025;002;30488;Park, Cho Hyun;73.3%;13.3%;13.3%;;;;;;;;;;;;;;;;;;;;;
;;45570;Global Human Resources;202610;Fall 2025;001;19651;Akdere, Mesut;60.9%;21.7%;8.7%;;8.7%;;;;;;;;;;;;;;;;;;;
;;45580;HRIS And Analytics;202610;Fall 2025;001;23197;Grant, Brandon C.;8.7%;;91.3%;;;;;;;;;;;;;;;;;;;;;
;;;HRIS And Analytics-Honors;202610;Fall 2025;001;23197;Grant, Brandon C.;;;100.0%;;;;;;;;;;;;;;;;;;;;;
;;45800;Leadership For Competitive Adv;202610;Fall 2025;001;25995;Plaskoff, Joshua A.;90.9%;;;;;;;;;;;;;;;;;;;;;;9.1%;
VCS;VCS-Veterinary Clinical Sci;21000;Vet Nurs Techs Small Animal;202610;Fall 2025;002;26672;Reed, Jessica N.;34.4%;;;;50.0%;;;6.3%;;;9.4%;;;;;;;;;;;;;
;;21100;Vet Nurs Techniques Lrg Animal;202610;Fall 2025;002;26670;Giroux, Rose P.;65.6%;;;;31.3%;;;3.1%;;;;;;;;;;;;;;;;
;;22200;Dentistry-VN;202610;Fall 2025;002;53402;Hartman, Jennifer N.;50.0%;;;;37.5%;;;12.5%;;;;;;;;;;;;;;;;
;;22300;Surgical Nursing-VN;202610;Fall 2025;001;53403;Simmons, Cassandra K.;;6.3%;;;31.3%;18.8%;12.5%;15.6%;;12.5%;;;3.1%;;;;;;;;;;;
;;22800;Sm And Lrg Animal Nutrition-VN;202610;Fall 2025;001;15963;Lump, Margaret A.;6.9%;;;;65.5%;;;27.6%;;;;;;;;;;;;;;;;
;;25100;Intro To Diagnostic Imaging-VN;202610;Fall 2025;001;53405;Murakami, Masahiro;46.9%;;;;28.1%;;;25.0%;;;;;;;;;;;;;;;;
;;32100;LA Nursing II;202610;Fall 2025;001;58269;Lump, Margaret A.;10.3%;;;;65.5%;;;24.1%;;;;;;;;;;;;;;;;
;;32200;SA Nursing II;202610;Fall 2025;001;58193;Reed, Jessica N.;3.4%;;;;75.9%;;;20.7%;;;;;;;;;;;;;;;;
;;46700;Medical Equip & Maintenance-VN;202610;Fall 2025;002;63776;Cripe Birt, Molly J.;95.7%;;;;4.3%;;;;;;;;;;;;;;;;;;;
;;46800;Adv ECC For Veterinary Nurses;202610;Fall 2025;002;26695;Brashear, Megan L.;41.7%;;58.3%;;;;;;;;;;;;;;;;;;;;;
;;60300;Intro Clin Trials Trans Res;202610;Fall 2025;001;60025;Guptill-Yoran, Carolyn F.;71.4%;;;;28.6%;;;;;;;;;;;;;;;;;;;
;;61000;Clinical Training;202610;Fall 2025;002;30054;Lescun, Timothy B.;52.5%;15.0%;;;10.0%;5.0%;15.0%;2.5%;;;;;;;;;;;;;;;;
;;62000;Sem Clin Med/Surg;202610;Fall 2025;001;30069;Lescun, Timothy B.;64.3%;14.3%;;;;7.1%;7.1%;7.1%;;;;;;;;;;;;;;;;
;;62100;Topics Adv Medicine;202610;Fall 2025;002;20823;Shaevitz, Marejka H.;53.3%;13.3%;33.3%;;;;;;;;;;;;;;;;;;;;;
;;63000;Cur Topic Vet Clin Sci;202610;Fall 2025;021;49265;Lescun, Timothy B.;65.9%;12.2%;;;14.6%;;7.3%;;;;;;;;;;;;;;;;;
;;80110;Veterinary Skills & Comp I;202610;Fall 2025;001;22026;Rabel, Rathnaweera A.;;;;;;;;;;;;;;;;;;100.0%;;;;;;
;;80130;Intro To Pop Med & Vet Ethics;202610;Fall 2025;001;22032;Buchheit Baisden, Teresa M.;85.9%;;;;14.1%;;;;;;;;;;;;;;;;;;;
;;80140;Fund Prin Of Comp Nutrition;202610;Fall 2025;001;32671;Bertin, Francois-Rene M.;65.9%;;;;34.1%;;;;;;;;;;;;;;;;;;;
;;80210;Veterinary Skills & Comp III;202610;Fall 2025;003;16300;Inoue, Stephanie D.;;;;;;;;;;;;;;;;;;97.8%;;;;;2.2%;
;;;;;;004;22746;Inoue, Stephanie D.;;;;;;;;;;;;;;;;;;100.0%;;;;;;
;;80310;Veterinary Skills & Comp V;202610;Fall 2025;005;16708;Buchheit Baisden, Teresa M.;;;;;;;;;;;;;;;;;;100.0%;;;;;;
;;80400;Behav In Domestic Anim;202610;Fall 2025;001;29641;Ogata, Niwako;65.9%;;;;34.1%;;;;;;;;;;;;;;;;;;;
;;80610;Small Animal Medicine I;202610;Fall 2025;001;15445;Guptill-Yoran, Carolyn F.;22.2%;;;;38.3%;;;34.6%;;;3.7%;;;;1.2%;;;;;;;;;
;;80630;Small Animal Surgery;202610;Fall 2025;001;15444;Risselada, Marije;13.6%;;;;56.8%;;;27.2%;;;;;;;2.5%;;;;;;;;;
;;80801;Equine Medicine;202610;Fall 2025;001;15441;Bertin, Francois-Rene M.;25.6%;;;;52.4%;;;22.0%;;;;;;;;;;;;;;;;
;;80910;Food Animal Medicine;202610;Fall 2025;001;16098;Ragland, Darryl;18.5%;;;;46.9%;1.2%;;30.9%;;;2.5%;;;;;;;;;;;;;
;;81101;Sm Ani Surgery Lab I;202610;Fall 2025;011;15538;Hepworth, Lisa M.;73.2%;;;;26.8%;;;;;;;;;;;;;;;;;;;
;;;;;;012;15892;Hepworth, Lisa M.;61.0%;;;;39.0%;;;;;;;;;;;;;;;;;;;
;;81201;Prin Of Veterin Anesthesiology;202610;Fall 2025;002;16691;Weil, Ann B.;49.4%;;;;40.7%;;;9.9%;;;;;;;;;;;;;;;;
;;81410;Comparative Theriogenology;202610;Fall 2025;003;16703;Hayna, Justin T.;18.5%;;;;51.9%;;;24.7%;;;4.9%;;;;;;;;;;;;;
;;89300;Shelter Animal Medicine;202610;Fall 2025;001;19053;Curry, Emily S.;;;;;;;;;;;;;;;;;;98.1%;;;;;1.9%;
VIP;VIP-Vertically Integrated Proj;17911;First Year Part In VIP I;202610;Fall 2025;010;13517;Dunlop, Steven R.;85.7%;14.3%;;;;;;;;;;;;;;;;;;;;;;
;;;;;;029;13567;Marshall, Curtis E.;7.1%;14.3%;71.4%;;;7.1%;;;;;;;;;;;;;;;;;;
;;;;;;031;13569;Marshall, Curtis E.;10.0%;5.0%;80.0%;;;;;;;;;;;;5.0%;;;;;;;;;
;;;;;;048;29132;Gu, Yan;16.7%;16.7%;58.3%;;;;8.3%;;;;;;;;;;;;;;;;;
;;;;;;054;21129;Johnson, Mark C.;39.1%;21.7%;26.1%;;;;4.3%;8.7%;;;;;;;;;;;;;;;;
;;;;;;202;30388;Sundaram, Shreyas;23.1%;7.7%;69.2%;;;;;;;;;;;;;;;;;;;;;
;;;;;;401;23566;Marshall, Curtis E.;20.0%;6.7%;66.7%;;;;6.7%;;;;;;;;;;;;;;;;;
;;27920;Soph Part In VIP;202610;Fall 2025;013;11117;Chen, Zhihong;27.3%;54.5%;18.2%;;;;;;;;;;;;;;;;;;;;;
;;;;;;031;11756;Marshall, Curtis E.;;5.6%;94.4%;;;;;;;;;;;;;;;;;;;;;
;;;;;;034;11851;Ardekani, Arezoo M.;16.7%;16.7%;66.7%;;;;;;;;;;;;;;;;;;;;;
;;;;;;054;33798;Johnson, Mark C.;27.0%;10.8%;13.5%;;21.6%;5.4%;5.4%;2.7%;2.7%;;;;2.7%;;;;;;;;;;8.1%;
;;;;;;055;33967;Johnson, Mark C.;48.4%;19.4%;12.9%;;9.7%;;6.5%;;;;;;;;;;;;;;;;3.2%;
;;37900;Participation In VIP;202610;Fall 2025;055;29078;Johnson, Mark C.;;;;;;;;;;;;;;;;;;;;100.0%;;;;
;;37920;Junior Part In VIP;202610;Fall 2025;007;10761;Dunlop, Steven R.;81.8%;18.2%;;;;;;;;;;;;;;;;;;;;;;
;;;;;;055;33963;Johnson, Mark C.;48.1%;3.8%;13.5%;;3.8%;;13.5%;5.8%;;3.8%;;;;;;;;;;;;;7.7%;
;;47921;Senior Design Part In VIP I;202610;Fall 2025;013;17444;Chen, Zhihong;15.4%;30.8%;23.1%;;7.7%;;23.1%;;;;;;;;;;;;;;;;;
;;;;;;055;17748;Johnson, Mark C.;60.0%;7.3%;3.6%;;10.9%;1.8%;14.5%;;;;;;;;;;;;;;;;1.8%;
;;47922;Senior Design Part In VIP II;202610;Fall 2025;055;18039;Johnson, Mark C.;50.0%;14.3%;;;21.4%;7.1%;7.1%;;;;;;;;;;;;;;;;;
VM;VM-Veterinary Medicine;12000;Intro To Vet Nursing I;202610;Fall 2025;001;27056;Englert, Holly L.;74.2%;3.2%;;;;6.5%;3.2%;3.2%;;6.5%;;;;;;;;;;;;;3.2%;
;;20100;Med Math & Term For Vet Nurs;202610;Fall 2025;001;19617;Mccalip, Holly A.;56.3%;;;;40.6%;;;3.1%;;;;;;;;;;;;;;;;
;;24100;Occup & Public Health I;202610;Fall 2025;001;53241;Mccalip, Holly A.;93.8%;;;;6.3%;;;;;;;;;;;;;;;;;;;
;;;;;;002;29292;Mccalip, Holly A.;55.6%;;;;22.2%;;;18.5%;;;;;;;;;;;;;;;3.7%;
;;24300;Clinic Rotations I;202610;Fall 2025;001;51190;Mccalip, Holly A.;100.0%;;;;;;;;;;;;;;;;;;;;;;;
;;32300;Lab Animals & Exotic Med-VN;202610;Fall 2025;001;58244;Mccalip, Holly A.;89.7%;;;;10.3%;;;;;;;;;;;;;;;;;;;
;;34300;Clinic Rotations IV-VN;202610;Fall 2025;001;58196;Mccalip, Holly A.;100.0%;;;;;;;;;;;;;;;;;;;;;;;
;;44100;Occ & Public Health II-VN;202610;Fall 2025;001;63778;Mccalip, Holly A.;95.7%;;;;4.3%;;;;;;;;;;;;;;;;;;;
;;44200;Vet Management Topics II-VN;202610;Fall 2025;001;63780;Cripe Birt, Molly J.;87.0%;;;;13.0%;;;;;;;;;;;;;;;;;;;
;;44300;Clinic Rotations VI-VN;202610;Fall 2025;001;63850;Mccalip, Holly A.;100.0%;;;;;;;;;;;;;;;;;;;;;;;
;;82000;Applica & Integra I;202610;Fall 2025;001;14911;Henry, Jeannine E.;;;;;;;;;;;;;;;;;2.4%;97.6%;;;;;;
;;82500;Current Issues In Vet Med;202610;Fall 2025;001;29570;Townsend, Wendy M.;;;;;;;;;;;;;;;;;;;;99.6%;;;0.4%;
;;84000;Applica & Integra III;202610;Fall 2025;001;15429;Messick, Joanne B.;;;;;;;;;;;;;;;;;;98.8%;;;;;1.3%;
WGSS;WGSS-Women Gend&Sexuality Std;28000;Women's Studies: An Introductn;202610;Fall 2025;019;27720;Smythe, Stacey A.;32.0%;16.0%;16.0%;;;12.0%;8.0%;;;8.0%;;;;;8.0%;;;;;;;;;
;;;;;;020;30187;Anderson-Douoning, Jolivette J.;66.7%;3.3%;6.7%;;6.7%;6.7%;;;;;;;;;;;;;;;;;10.0%;
;;;;;;021;30338;Smythe, Stacey A.;48.0%;16.0%;12.0%;;4.0%;8.0%;4.0%;;;;;;;;;;;;;;;;8.0%;
;;;;;;023;24633;Anderson-Douoning, Jolivette J.;50.0%;13.3%;;;13.3%;3.3%;6.7%;3.3%;;;;3.3%;3.3%;;;;;;;;;;3.3%;
;;;;;;024;27237;Basmaz, Ozgun;9.1%;4.5%;77.3%;;;;;;;;;;;;;;;;;;;;9.1%;
;;;;;;025;29396;Basmaz, Ozgun;30.4%;8.7%;60.9%;;;;;;;;;;;;;;;;;;;;;
;;;Women's Studies - Honors;202610;Fall 2025;024;27237;Basmaz, Ozgun;;;100.0%;;;;;;;;;;;;;;;;;;;;;
;;;Womns Studies: An Intro-Honors;202610;Fall 2025;024;27237;Basmaz, Ozgun;;;100.0%;;;;;;;;;;;;;;;;;;;;;
;;28100;Wom Pol And Publ Pol;202610;Fall 2025;002;23975;Clawson, Rosalee A.;50.0%;11.1%;16.7%;;11.1%;;;5.6%;;;;;5.6%;;;;;;;;;;;
;;28200;Intro To LGBTQ Studies;202610;Fall 2025;001;23819;De Both, Devin A.;28.6%;;9.5%;;4.8%;4.8%;14.3%;4.8%;4.8%;9.5%;;;;;9.5%;;;;;;;;9.5%;
;;;;;;002;26082;Basmaz, Ozgun;14.3%;9.5%;61.9%;;4.8%;;9.5%;;;;;;;;;;;;;;;;;
;;;Intro To LGBTQ Studies-Honors;202610;Fall 2025;002;26082;Basmaz, Ozgun;;;100.0%;;;;;;;;;;;;;;;;;;;;;
;;38000;Comp Studies Gender & Culture;202610;Fall 2025;001;12982;Crider, Juanita M.;20.0%;10.0%;50.0%;;6.7%;3.3%;6.7%;;;3.3%;;;;;;;;;;;;;;
;;48000;Feminist Theory;202610;Fall 2025;001;24655;David, Marlo D.;14.3%;7.1%;64.3%;;;;7.1%;;;;;;;;7.1%;;;;;;;;;
