Subject;Subject Desc;Course Number;Title;Academic Period;Academic Period Desc;Section;CRN;Instructor;A;A-;A+;AU;B;B-;B+;C;C-;C+;D;D-;D+;E;F;I;N;P;PI;S;SI;U;W;w_f
AAE;AAE-Aero & Astro Engineering;20000;Ugrad Sophomore Seminar;202520;Spring 2025;001;26216;Marais, Karen;;;;;;;;;;;;;;;;;;;;93.3%;;3.3%;3.3%;
;;20300;Aeromechanics I;202520;Spring 2025;001;10001;Lu, Zehui;21.9%;15.6%;21.9%;;9.4%;10.4%;9.4%;;2.1%;2.1%;;;;;;;;;;;;;7.3%;
;;20400;Aeromechanics II;202520;Spring 2025;002;42578;Paulson, Shane C.;12.0%;14.1%;6.5%;;6.5%;17.4%;17.4%;8.7%;1.1%;7.6%;;;3.3%;;1.1%;;;;;;;;4.3%;
;;;;;;003;13056;Joshi, Pankaj;5.9%;8.8%;2.9%;;19.1%;16.2%;5.9%;17.6%;2.9%;7.4%;2.9%;2.9%;2.9%;;1.5%;;;;;;;;2.9%;
;;;;;;004;23944;Agyei, Ronald F.;4.2%;11.6%;9.5%;;13.7%;20.0%;11.6%;7.4%;1.1%;13.7%;;2.1%;;;;1.1%;;;;;;;4.2%;
;;;;;;005;15208;Alstrom, Robert B.;8.3%;;;;20.8%;10.4%;14.6%;10.4%;2.1%;10.4%;2.1%;2.1%;2.1%;;4.2%;2.1%;;;;;;;10.4%;
;;;Aeromechanics II-Honors;202520;Spring 2025;002;42578;Paulson, Shane C.;33.3%;33.3%;;;;;33.3%;;;;;;;;;;;;;;;;;
;;;;;;003;13056;Joshi, Pankaj;50.0%;;;;50.0%;;;;;;;;;;;;;;;;;;;
;;;;;;004;23944;Agyei, Ronald F.;;33.3%;;;;;;33.3%;;33.3%;;;;;;;;;;;;;;
;;;;;;005;15208;Alstrom, Robert B.;;;;;;;;;100.0%;;;;;;;;;;;;;;;
;;20401;Aeromechanics II Lab;202520;Spring 2025;001;10003;Yoon, Seongmin;63.6%;;;;9.1%;;27.3%;;;;;;;;;;;;;;;;;
;;;;;;002;10004;Simpson Crusafon, Pau;75.0%;;16.7%;;8.3%;;;;;;;;;;;;;;;;;;;
;;;;;;006;10008;Stewart, Zachary T.;70.0%;15.0%;;;5.0%;;10.0%;;;;;;;;;;;;;;;;;
;;;;;;009;10011;Stewart, Zachary T.;52.9%;;;;17.6%;;23.5%;;;;;;;;5.9%;;;;;;;;;
;;;;;;011;37250;Sarang, Amogha;78.9%;;10.5%;;10.5%;;;;;;;;;;;;;;;;;;;
;;;;;;013;43648;Stewart, Zachary T.;40.0%;10.0%;25.0%;;;;20.0%;5.0%;;;;;;;;;;;;;;;;
;;;;;;014;43649;Glimcher, Matthew S.;58.8%;;23.5%;;11.8%;;5.9%;;;;;;;;;;;;;;;;;
;;;;;;015;47686;Simpson Crusafon, Pau;80.0%;5.0%;;;;;;5.0%;;5.0%;;;5.0%;;;;;;;;;;;
;;;;;;017;18954;Sun, Yao;45.0%;;5.0%;;25.0%;;;5.0%;;15.0%;;;;;;;;;;;;;5.0%;
;;;;;;018;18957;Sarang, Amogha;89.5%;;;;;;;;;;;;;;;;;;;;;;10.5%;
;;;;;;019;23081;Aden, Austin M.;45.0%;40.0%;5.0%;;10.0%;;;;;;;;;;;;;;;;;;;
;;;;;;021;26753;Simpson Crusafon, Pau;75.0%;;;;6.3%;;12.5%;;;6.3%;;;;;;;;;;;;;;
;;;;;;022;26755;Aden, Austin M.;80.0%;;5.0%;;5.0%;;10.0%;;;;;;;;;;;;;;;;;
;;;;;;024;16227;Sarang, Amogha;100.0%;;;;;;;;;;;;;;;;;;;;;;;
;;;;;;026;16230;Yen, Tyler Z.;87.5%;;;;;;6.3%;;;;;;;;6.3%;;;;;;;;;
;;;;;;027;29981;Aden, Austin M.;63.6%;;;;18.2%;;9.1%;;;;;;;;;;;;;;;;9.1%;
;;25100;Intro Aerospace Design;202520;Spring 2025;001;10013;Paulson, Shane C.;22.0%;52.5%;5.1%;;;5.1%;11.9%;3.4%;;;;;;;;;;;;;;;;
;;;;;;002;10021;Chakraborty, Suman;28.3%;33.3%;3.3%;;8.3%;5.0%;18.3%;1.7%;;;;;;;1.7%;;;;;;;;;
;;;;;;003;10586;Burton, Alexander B.;25.0%;56.8%;4.5%;;4.5%;4.5%;2.3%;;;2.3%;;;;;;;;;;;;;;
;;29199;Cooperative Experience I;202520;Spring 2025;001;59497;Hall, Kennedy A.;;;;;;;;;;;;;;;;;;;;91.7%;8.3%;;;
;;30000;Ugrad Junior Seminar;202520;Spring 2025;001;26217;Marais, Karen;;;;;;;;;;;;;;;;;;;;95.2%;;3.8%;1.0%;
;;30100;Sig Anly For Aero Engr;202520;Spring 2025;001;10014;Frazho, Arthur E.;11.3%;6.5%;9.7%;;17.7%;11.3%;14.5%;9.7%;4.8%;4.8%;;;;;4.8%;1.6%;;;;;;;3.2%;
;;;;;;002;16255;Li, Husheng;12.2%;8.1%;9.5%;;18.9%;8.1%;20.3%;6.8%;4.1%;8.1%;;;;;1.4%;;;;;;;;2.7%;
;;33300;Fluid Mechanics;202520;Spring 2025;001;10015;Chynoweth, Brandon C.;14.9%;13.2%;3.3%;;21.5%;13.2%;9.9%;7.4%;4.1%;7.4%;0.8%;0.8%;;;1.7%;;;;;;;;1.7%;
;;33301;Fluid Mechanics Lab;202520;Spring 2025;011;18918;Gardinier, Gage G.;85.7%;;7.1%;;7.1%;;;;;;;;;;;;;;;;;;;
;;;;;;012;19806;Chamberlain, Jarrett G.;16.7%;;83.3%;;;;;;;;;;;;;;;;;;;;;
;;;;;;014;23310;Padmanabhan, Pratyush;57.1%;7.1%;35.7%;;;;;;;;;;;;;;;;;;;;;
;;;;;;015;11634;Myers, Andrew P.;42.9%;7.1%;42.9%;;;;;;;7.1%;;;;;;;;;;;;;;
;;;;;;016;11635;Zabalegui Lopez, Erik;69.2%;;23.1%;;;;;;;;;;;;;;;;;;;;7.7%;
;;;;;;017;11641;Chamberlain, Jarrett G.;35.7%;;64.3%;;;;;;;;;;;;;;;;;;;;;
;;;;;;018;13059;Padmanabhan, Pratyush;28.6%;7.1%;57.1%;;;;;;;7.1%;;;;;;;;;;;;;;
;;;;;;019;13062;Myers, Andrew P.;35.7%;7.1%;57.1%;;;;;;;;;;;;;;;;;;;;;
;;33400;Aerodynamics;202520;Spring 2025;001;10025;Canino, James V.;11.3%;12.5%;7.5%;;1.3%;13.8%;20.0%;10.0%;2.5%;7.5%;2.5%;1.3%;2.5%;;6.3%;;;;;;;;1.3%;
;;;;;;002;10028;Canino, James V.;10.5%;17.1%;5.9%;;10.5%;8.6%;17.1%;7.2%;4.6%;9.2%;1.3%;1.3%;;;5.3%;;;;;;;;1.3%;
;;33401;Aerodynamics Lab;202520;Spring 2025;002;10027;Rajashekar Adiga, Arjun;63.6%;;18.2%;;;;18.2%;;;;;;;;;;;;;;;;;
;;;;;;004;10029;Pati, Biswaranjan;61.5%;;30.8%;;;;;;;;;;;;;;;;;;;;7.7%;
;;;;;;005;10030;Pugia, Steven M.;42.9%;28.6%;28.6%;;;;;;;;;;;;;;;;;;;;;
;;;;;;010;55590;Hsieh, Tsung Ming;41.7%;;50.0%;;;8.3%;;;;;;;;;;;;;;;;;;
;;;;;;013;18919;Rajashekar Adiga, Arjun;41.7%;16.7%;41.7%;;;;;;;;;;;;;;;;;;;;;
;;;;;;014;18023;Velte, Robert P.;71.4%;7.1%;7.1%;;7.1%;;;7.1%;;;;;;;;;;;;;;;;
;;;;;;015;18030;Nazir, Sana;28.6%;7.1%;57.1%;;7.1%;;;;;;;;;;;;;;;;;;;
;;;;;;021;23034;Organski, Lee E.;53.8%;7.7%;30.8%;;;;;;;7.7%;;;;;;;;;;;;;;
;;;;;;022;17952;Hsieh, Tsung Ming;28.6%;;64.3%;;;;7.1%;;;;;;;;;;;;;;;;;
;;;;;;024;10032;Anilkumar, Aditya;71.4%;;21.4%;;;;7.1%;;;;;;;;;;;;;;;;;
;;;;;;026;16124;Wang, Yu-Kai;63.6%;;9.1%;;18.2%;;9.1%;;;;;;;;;;;;;;;;;
;;;;;;030;16146;Nazir, Sana;71.4%;14.3%;14.3%;;;;;;;;;;;;;;;;;;;;;
;;;;;;031;16148;Inanc, Ece;57.1%;14.3%;14.3%;;7.1%;;;7.1%;;;;;;;;;;;;;;;;
;;33800;Thermal Sciences;202520;Spring 2025;001;12475;Wang, Haifeng;15.5%;18.3%;;;25.4%;;7.0%;15.5%;2.8%;14.1%;1.4%;;;;;;;;;;;;;
;;33900;Aerospace Propulsion;202520;Spring 2025;001;15895;Anderson, William E.;15.4%;3.1%;3.1%;;35.4%;1.5%;9.2%;18.5%;3.1%;1.5%;4.6%;1.5%;;;;;;;;;;;3.1%;
;;;;;;002;14589;Anderson, William E.;4.8%;3.2%;;;36.5%;3.2%;6.3%;19.0%;6.3%;6.3%;1.6%;1.6%;1.6%;;6.3%;;;;;;;;3.2%;
;;;;;;003;10587;Wang, Haifeng;4.8%;2.4%;;;28.6%;;;28.6%;7.1%;7.1%;7.1%;2.4%;2.4%;;;2.4%;;;;;;;7.1%;
;;34000;Dynamics & Vibrations;202520;Spring 2025;001;10035;Cunningham, Thomas F.;8.1%;15.2%;2.0%;;19.2%;11.1%;16.2%;4.0%;4.0%;11.1%;;1.0%;5.1%;;3.0%;;;;;;;;;
;;;;;;002;10040;Burton, Alexander B.;7.0%;15.5%;1.4%;;9.9%;15.5%;12.7%;2.8%;8.5%;14.1%;2.8%;1.4%;5.6%;;2.8%;;;;;;;;;
;;;;;;003;10591;Cunningham, Thomas F.;8.9%;17.9%;;;21.4%;10.7%;7.1%;7.1%;3.6%;10.7%;3.6%;1.8%;1.8%;;5.4%;;;;;;;;;
;;35200;Structural Analysis I;202520;Spring 2025;001;10038;Kwok, Kawai;14.0%;11.6%;2.3%;;11.6%;11.6%;16.3%;7.0%;4.7%;11.6%;2.3%;2.3%;;;2.3%;;;;;;;;2.3%;
;;;;;;002;10595;Agyei, Ronald F.;12.5%;12.5%;3.1%;;9.4%;12.5%;12.5%;3.1%;6.3%;12.5%;;;9.4%;;3.1%;;;;;;;;3.1%;
;;36400;Control System Anly;202520;Spring 2025;001;10043;Goppert, James M.;20.8%;10.9%;13.9%;;22.8%;6.9%;11.9%;1.0%;2.0%;3.0%;2.0%;;3.0%;;1.0%;;;;;;;;1.0%;
;;;;;;002;16183;Byeon, Sooyung;18.9%;12.2%;5.4%;1.4%;17.6%;6.8%;10.8%;6.8%;1.4%;6.8%;2.7%;4.1%;5.4%;;;;;;;;;;;
;;;;;;003;16185;Lu, Zehui;22.6%;9.7%;4.8%;;9.7%;14.5%;19.4%;;4.8%;11.3%;1.6%;1.6%;;;;;;;;;;;;
;;36401;Control Systems Lab;202520;Spring 2025;003;10046;Shi, Kevin;77.8%;;;;16.7%;;;5.6%;;;;;;;;;;;;;;;;
;;;;;;005;10048;Abdrabou, Abdulrahman;75.0%;;;;25.0%;;;;;;;;;;;;;;;;;;;
;;;;;;006;10049;Gutierrez Valdes, Andres;78.6%;;;;21.4%;;;;;;;;;;;;;;;;;;;
;;;;;;007;10050;Vijay, Vishnu;77.8%;;;;16.7%;;;5.6%;;;;;;;;;;;;;;;;
;;;;;;008;10051;Lin, Darin D.;77.8%;;;;5.6%;;;11.1%;;;;;;;5.6%;;;;;;;;;
;;;;;;010;12464;Ikoh, Anamano E.;66.7%;;;;33.3%;;;;;;;;;;;;;;;;;;;
;;;;;;011;12466;Anibha, Aditya Arjun;76.5%;;;;17.6%;;;5.9%;;;;;;;;;;;;;;;;
;;;;;;012;12471;Gutierrez Valdes, Andres;75.0%;;;;25.0%;;;;;;;;;;;;;;;;;;;
;;39699;Prof Practice Internship;202520;Spring 2025;001;13064;Hall, Kennedy A.;;;;;;;;;;;;;;;;;;;;94.7%;;5.3%;;
;;40000;Ugrad Senior Seminar;202520;Spring 2025;001;67991;Crossley, William A.;40.5%;;35.8%;;18.1%;;;5.2%;;;;;;;0.4%;;;;;;;;;
;;;;;;002;32553;Crossley, William A.;46.2%;;28.2%;;23.1%;;;2.6%;;;;;;;;;;;;;;;;
;;41800;Zero-Gravity Flt Exper;202520;Spring 2025;008;23070;Collicott, Steven H.;57.4%;27.8%;1.9%;;;;11.1%;;;;;;;;;;;;;;;;1.9%;
;;;;;;009;23071;Collicott, Steven H.;45.6%;31.6%;;;;;22.8%;;;;;;;;;;;;;;;;;
;;42100;Flight Dynam & Control;202520;Spring 2025;001;12557;Corless, Martin;27.3%;;6.1%;;37.9%;;;22.7%;;;;;;;3.0%;;;;;;;;3.0%;
;;;;;;002;10597;Dai, Ran;;7.3%;36.6%;;22.0%;2.4%;22.0%;2.4%;;2.4%;;;4.9%;;;;;;;;;;;
;;43800;Air-Breathing Propulsion;202520;Spring 2025;001;12476;Chakraborty, Suman;11.6%;15.8%;11.6%;;12.6%;12.6%;11.6%;4.2%;3.2%;12.6%;1.1%;;;;1.1%;1.1%;;;;;;;1.1%;
;;;;;;002;32576;Chakraborty, Suman;11.1%;11.1%;2.8%;;25.0%;;13.9%;;;30.6%;5.6%;;;;;;;;;;;;;
;;44000;Spacecraft Att Dynam;202520;Spring 2025;001;10608;Howell, Kathleen;11.3%;1.6%;3.2%;;14.5%;4.8%;4.8%;32.3%;4.8%;3.2%;6.5%;3.2%;;;6.5%;;;;;;;;3.2%;
;;45000;Spacecraft Design;202520;Spring 2025;025;23126;Cunningham, Thomas F.;89.3%;;;;10.7%;;;;;;;;;;;;;;;;;;;
;;;;;;026;23127;Garrison, James L.;84.2%;2.6%;6.6%;;5.3%;;1.3%;;;;;;;;;;;;;;;;;
;;45100;Aircraft Design;202520;Spring 2025;003;10067;Machado Guimaraes, Thiago Augusto;33.3%;19.0%;4.8%;;9.5%;4.8%;23.8%;2.4%;2.4%;;;;;;;;;;;;;;;
;;;;;;004;10614;Machado Guimaraes, Thiago Augusto;38.6%;12.5%;6.8%;;6.8%;6.8%;20.5%;4.5%;;3.4%;;;;;;;;;;;;;;
;;49000;NSBE Boeing Flight Competition;202520;Spring 2025;066;32092;Crossley, William A.;100.0%;;;;;;;;;;;;;;;;;;;;;;;
;;;Orbital Analysis;202520;Spring 2025;065;28392;Capannolo, Andrea;35.3%;;;2.0%;33.3%;;;11.8%;;;11.8%;;;;2.0%;;;;;;;;3.9%;
;;;TracSat DBT;202520;Spring 2025;068;32883;Shashurin, Alexey;23.1%;23.1%;46.2%;;;7.7%;;;;;;;;;;;;;;;;;;
;;;Aeromechanics II Honors;202520;Spring 2025;H69;34347;Agyei, Ronald F.;;;;;;;;;;;;;;;;;;;;81.8%;;;18.2%;
;;51200;Computational Aerodyn;202520;Spring 2025;WNG;10082;Shih, Tom I.;52.1%;16.7%;2.1%;2.1%;4.2%;;16.7%;;;;;;;;;;;;;;;;6.3%;
;;51400;Intermediate Aerodyn;202520;Spring 2025;001;33297;Bane, Sally P.;33.3%;16.7%;16.7%;5.6%;11.1%;;11.1%;5.6%;;;;;;;;;;;;;;;;
;;;;;;WNG;23904;Bane, Sally P.;42.3%;15.5%;8.5%;;5.6%;1.4%;12.7%;1.4%;;2.8%;;1.4%;2.8%;;1.4%;1.4%;;;;;;;2.8%;
;;52000;Exper Aerodynamics;202520;Spring 2025;011;10096;Jewell, Joseph S.;19.0%;38.1%;9.5%;;19.0%;;9.5%;;;;;;;;;;;;;;;;4.8%;
;;52100;Plasma Laboratory;202520;Spring 2025;002;19081;Shashurin, Alexey;42.9%;14.3%;42.9%;;;;;;;;;;;;;;;;;;;;;
;;53500;Propulsion DBT;202520;Spring 2025;011;30601;Pourpoint, Timothee L.;69.0%;10.3%;13.8%;;;;;;;;6.9%;;;;;;;;;;;;;
;;53900;Adv Rocket Propulsion;202520;Spring 2025;WNG;10110;Maeda, Kazuki;11.9%;19.0%;7.1%;9.5%;4.8%;7.1%;14.3%;7.1%;4.8%;9.5%;;;;;;;;;;;;;4.8%;
;;54600;Aero Struct Dyn Stab;202520;Spring 2025;001;30795;Joshi, Pankaj;17.4%;8.7%;4.3%;;;26.1%;13.0%;4.3%;;4.3%;8.7%;;8.7%;;;;;;;;;;4.3%;
;;55200;Nondes Eval Struct Mat;202520;Spring 2025;WNG;11566;Tallman, Tyler N.;16.4%;27.4%;4.1%;;9.6%;11.0%;23.3%;4.1%;1.4%;2.7%;;;;;;;;;;;;;;
;;55500;Mechan Composite Matls;202520;Spring 2025;WNG;10112;Yu, Wenbin;3.3%;13.3%;33.3%;;16.7%;3.3%;6.7%;;;6.7%;3.3%;3.3%;;;3.3%;;;;;;;;6.7%;
;;56000;System-Of-Sys Modeling & Anlys;202520;Spring 2025;OL1;28989;Guariniello, Cesare;23.5%;;29.4%;;41.2%;;;5.9%;;;;;;;;;;;;;;;;
;;;;;;WNG;58862;Guariniello, Cesare;58.1%;;16.3%;;18.6%;;;4.7%;;;;2.3%;;;;;;;;;;;;
;;56700;Intro App Stoch Proc;202520;Spring 2025;001;19288;Frazho, Arthur E.;56.3%;;;2.1%;33.3%;;;4.2%;;;4.2%;;;;;;;;;;;;;
;;56800;Appl Optimal Control & Estimat;202520;Spring 2025;WNG;10116;Hwang, Inseok;49.2%;10.2%;;1.7%;28.8%;1.7%;5.1%;1.7%;;;;;;;;;;;;;;;1.7%;
;;59000;Aerospace Human Factors;202520;Spring 2025;092;26154;Caldwell, Barrett S.;13.4%;11.9%;6.0%;;52.2%;4.5%;10.4%;;;;;;;;;;;;;;;;1.5%;
;;;Aerospace Propulsion;202520;Spring 2025;098;31560;Qiao, Li;45.5%;9.1%;27.3%;;9.1%;9.1%;;;;;;;;;;;;;;;;;;
;;;Appl Control In Astronautics;202520;Spring 2025;088;19682;Oguri, Kenshiro;43.9%;;43.9%;;4.9%;;;;;;;;;;;;;;;;;;7.3%;
;;;;;;101;32884;Oguri, Kenshiro;30.6%;;36.1%;;16.7%;;;2.8%;;;;;;;;;;;;;;;13.9%;
;;;Comput Combust & Propuls;202520;Spring 2025;097;31519;Wang, Haifeng;22.6%;6.5%;9.7%;3.2%;6.5%;;19.4%;3.2%;;6.5%;6.5%;;;;3.2%;;;;;;;;12.9%;
;;;Data Sci In Mech Of Materials;202520;Spring 2025;093;28593;Tomar, Vikas;31.3%;6.3%;12.5%;;12.5%;6.3%;18.8%;;;6.3%;;;;;;;;;;;;;6.3%;
;;;Modern Vehicle Avionics;202520;Spring 2025;085;23180;Li, Husheng;57.7%;11.5%;11.5%;;19.2%;;;;;;;;;;;;;;;;;;;
;;;Multi-Agent Autonomy & Control;202520;Spring 2025;096;30797;Mou, Shaoshuai;36.6%;;56.1%;;;;;4.9%;;;2.4%;;;;;;;;;;;;;
;;;NonEquilibrium Hypersonic Flow;202520;Spring 2025;095;28596;Poggie, Jonathan;20.0%;11.1%;55.6%;4.4%;;2.2%;6.7%;;;;;;;;;;;;;;;;;
;;;;;;102;32885;Poggie, Jonathan;18.8%;;31.3%;31.3%;;6.3%;6.3%;6.3%;;;;;;;;;;;;;;;;
;;;Satellite Constellations;202520;Spring 2025;087;23555;Arnas Martinez, David;42.9%;;;8.6%;34.3%;;;8.6%;;;;;;;;;;;;;;;5.7%;
;;;Surrogate Methods;202520;Spring 2025;084;23178;Leifsson, Leifur T.;42.5%;15.0%;12.5%;5.0%;10.0%;5.0%;5.0%;2.5%;;;;;;;;;;;;;;;2.5%;
;;62400;Lam-Turb Transition;202520;Spring 2025;001;30794;Schneider, Steven P.;;23.1%;;46.2%;15.4%;15.4%;;;;;;;;;;;;;;;;;;
;;62600;Turbulence & T Model;202520;Spring 2025;001;28598;Blaisdell, Gregory A.;36.7%;23.3%;20.0%;3.3%;3.3%;;13.3%;;;;;;;;;;;;;;;;;
;;66600;Nonlin Dyn Syst Contrl;202520;Spring 2025;003;30785;Corless, Martin;82.1%;;17.9%;;;;;;;;;;;;;;;;;;;;;
;;69900;Research PhD Thesis;202520;Spring 2025;016;10176;Howell, Kathleen;;;;;;;;;;;;;;;;;;;;100.0%;;;;
;;;;;;048;19280;Mou, Shaoshuai;;;;;;;;;;;;;;;;;;;;100.0%;;;;
;;;;;;050;19282;Slabaugh, Carson D.;;;;;;;;;;;;;;;;;;;;100.0%;;;;
AAS;AAS-African American Studies;27100;Intro African American Studies;202520;Spring 2025;002;10137;Tan, Mindy H.;39.3%;14.3%;32.1%;;3.6%;3.6%;3.6%;;;;;;;;;;;;;;;;3.6%;
;;;;;;003;28560;Tan, Mindy H.;14.8%;7.4%;63.0%;;3.7%;;;7.4%;;;3.7%;;;;;;;;;;;;;
;;37000;Black Women Rising;202520;Spring 2025;001;28482;Tan, Mindy H.;20.0%;6.7%;43.3%;;;3.3%;13.3%;;;6.7%;3.3%;3.3%;;;;;;;;;;;;
;;37300;Black Radical Thought;202520;Spring 2025;002;29280;Tan, Mindy H.;23.8%;;52.4%;;14.3%;4.8%;;;;;;;;;4.8%;;;;;;;;;
;;49100;Contemporary Issues In Film;202520;Spring 2025;001;33069;Tan, Mindy H.;40.9%;13.6%;31.8%;;;;9.1%;;;;;;;;;;;;;;;;4.5%;
ABE;ABE-Agri & Biol Engineering;20200;Thermodynamics In Biol Engr;202520;Spring 2025;001;18743;Liu, Junli;10.4%;27.1%;8.3%;;8.3%;8.3%;18.8%;4.2%;;8.3%;;;4.2%;;;;;;;;;;2.1%;
;;21000;Thermo Prin Of Engr & Bio Sys;202520;Spring 2025;001;10446;Shang, Lizhi;3.1%;;15.6%;;18.8%;;6.3%;18.8%;3.1%;9.4%;3.1%;6.3%;9.4%;;3.1%;;;;;;;;3.1%;
;;30400;Biological Engineering Lab;202520;Spring 2025;007;11756;Brown, Abigail S.;31.4%;32.9%;10.0%;;8.6%;5.7%;4.3%;1.4%;1.4%;2.9%;;;;;1.4%;;;;;;;;;
;;30800;Heat & Mass Trans In Biol Engr;202520;Spring 2025;005;12953;Narsimhan, Ganesan;4.3%;11.6%;2.9%;;13.0%;18.8%;8.7%;8.7%;7.2%;13.0%;7.2%;4.3%;;;;;;;;;;;;
;;31400;Design Of Electronic Systems;202520;Spring 2025;001;11692;Jin, Jian;33.3%;40.5%;7.1%;;9.5%;4.8%;4.8%;;;;;;;;;;;;;;;;;
;;;Des Of Electrnc Systems-Honors;202520;Spring 2025;001;11692;Jin, Jian;;;;;;;;;;;;;;;;;;100.0%;;;;;;
;;32000;Sld Mod Dyn Sim Anly;202520;Spring 2025;001;65886;Harlow, Stanley D.;14.3%;4.8%;14.3%;;14.3%;14.3%;9.5%;19.0%;;4.8%;;;4.8%;;;;;;;;;;;
;;32700;Biotechnology Laboratory II;202520;Spring 2025;002;29594;Clase, Kari L.;88.0%;4.0%;;;;;4.0%;;;4.0%;;;;;;;;;;;;;;
;;;;;;003;29596;Clase, Kari L.;64.3%;7.1%;;;;;7.1%;;;14.3%;;;;;;;;;;;;;7.1%;
;;33000;Des Machine Components;202520;Spring 2025;001;10452;Stwalley, Robert M.;42.9%;;9.5%;;38.1%;;;;;9.5%;;;;;;;;;;;;;;
;;37000;Reaction Kinetics In Biol Engr;202520;Spring 2025;001;22171;Sankaranarayanan, Karthik;8.6%;12.9%;7.1%;;11.4%;12.9%;15.7%;12.9%;2.9%;14.3%;1.4%;;;;;;;;;;;;;
;;40600;ABE Ambassador Leadership Sem;202520;Spring 2025;001;28240;Raturi, Ankita;100.0%;;;;;;;;;;;;;;;;;;;;;;;
;;42500;Water Quality Engineering;202520;Spring 2025;001;22287;Lay, Danielle W.;30.0%;30.0%;20.0%;;;;20.0%;;;;;;;;;;;;;;;;;
;;44000;Cell & Mol Model In Biol Engr;202520;Spring 2025;001;16902;Proctor, Caitlin R.;18.5%;22.2%;;;24.1%;14.8%;9.3%;1.9%;3.7%;5.6%;;;;;;;;;;;;;;
;;45700;Unit Operations In Biol Engr;202520;Spring 2025;001;11759;Narsimhan, Ganesan;6.7%;9.3%;2.7%;;13.3%;6.7%;18.7%;9.3%;10.7%;9.3%;12.0%;;;;1.3%;;;;;;;;;
;;48600;Agricultural Engr Design;202520;Spring 2025;002;11761;Lumkes, John H.;28.6%;28.6%;28.6%;;;4.8%;4.8%;;;4.8%;;;;;;;;;;;;;;
;;55800;Biological Engr Design II;202520;Spring 2025;001;16001;Okos, Martin R.;31.9%;34.7%;;;20.8%;;;11.1%;1.4%;;;;;;;;;;;;;;;
;;58000;Adv Processes In Biol Engr;202520;Spring 2025;001;13091;Mosier, Nathan S.;30.0%;;;;52.5%;;;15.0%;;;2.5%;;;;;;;;;;;;;
;;65100;Environmental Informatics;202520;Spring 2025;001;15495;Cherkauer, Keith A.;38.9%;22.2%;16.7%;;5.6%;5.6%;5.6%;;;;;;;;;5.6%;;;;;;;;
;;69600;Graduate Seminar;202520;Spring 2025;001;11431;Porterfield, D. M.;;;;;;;;;;;;;;;;;;100.0%;;;;;;
AD;AD-Art & Design;10500;Design I;202520;Spring 2025;001;68776;Hitselberger, Brian J.;15.4%;23.1%;;;;;;23.1%;7.7%;;;;7.7%;;15.4%;;;;;;;;7.7%;
;;;;;;002;64613;Safari, Golnaz;21.4%;14.3%;;;21.4%;;;7.1%;7.1%;;;;;;14.3%;;;;;;;;14.3%;
;;;;;;003;68777;Safari, Golnaz;26.7%;46.7%;;;6.7%;6.7%;;;;;;;;;13.3%;;;;;;;;;
;;;;;;004;10220;Olubodun, Emmanuel T.;18.8%;43.8%;;;12.5%;6.3%;18.8%;;;;;;;;;;;;;;;;;
;;;;;;005;30551;Olubodun, Emmanuel T.;31.3%;25.0%;;;6.3%;;12.5%;;;;;;;;18.8%;;;;;;;;6.3%;
;;10600;Design II;202520;Spring 2025;001;20544;McLaughlin, Madeline S.;12.5%;62.5%;18.8%;;;;6.3%;;;;;;;;;;;;;;;;;
;;;;;;002;20545;McLaughlin, Madeline S.;37.5%;37.5%;12.5%;;6.3%;;6.3%;;;;;;;;;;;;;;;;;
;;;;;;003;20546;Hitselberger, Brian J.;43.8%;6.3%;6.3%;;6.3%;6.3%;12.5%;;;;;;;;6.3%;;;;;;;;12.5%;
;;;;;;005;20548;Sha, Kexin;18.8%;6.3%;50.0%;;6.3%;;;6.3%;6.3%;;;;;;;;;;;;;;6.3%;
;;;;;;006;20549;Sha, Kexin;25.0%;;50.0%;;6.3%;6.3%;;6.3%;;;;;;;;;;;;;;;6.3%;
;;;;;;007;20550;Qaiser, Sundas;;35.7%;42.9%;;7.1%;;7.1%;;;;;;;;;;;;;;;;7.1%;
;;;;;;008;25660;Nielsen, Zoe N.;20.0%;40.0%;;;6.7%;6.7%;6.7%;6.7%;;;;;;;13.3%;;;;;;;;;
;;;;;;010;18564;Peterson, Jessica M.;6.7%;46.7%;;;;20.0%;20.0%;;;6.7%;;;;;;;;;;;;;;
;;11300;Basic Drawing;202520;Spring 2025;001;10210;Jung, Hoijin;18.8%;18.8%;12.5%;;6.3%;18.8%;6.3%;;;6.3%;;;;;;;;;;;;;12.5%;
;;;;;;002;10206;Strombeck, Michael S.;40.0%;13.3%;33.3%;;6.7%;;6.7%;;;;;;;;;;;;;;;;;
;;;;;;003;10204;Guerin, Carolyn M.;46.7%;20.0%;26.7%;;;;;;;;;;;;6.7%;;;;;;;;;
;;;;;;004;10202;Guerin, Carolyn M.;50.0%;18.8%;25.0%;;;;;;;6.3%;;;;;;;;;;;;;;
;;;;;;005;10200;Jung, Hoijin;21.4%;35.7%;;;7.1%;7.1%;14.3%;;;;;;;;7.1%;;;;;;;;7.1%;
;;;;;;006;15693;Strombeck, Michael S.;23.1%;7.7%;38.5%;;7.7%;;15.4%;;;;;;;;;;7.7%;;;;;;;
;;;;;;007;10205;Choi, Jong-un;28.6%;21.4%;21.4%;;7.1%;7.1%;14.3%;;;;;;;;;;;;;;;;;
;;;;;;008;10208;Sanz Giraldo, Laura Lucia;20.0%;13.3%;53.3%;;;;;;;;;;;;6.7%;;;;;;;;6.7%;
;;;;;;009;15692;Choi, Jong-un;20.0%;20.0%;40.0%;;13.3%;6.7%;;;;;;;;;;;;;;;;;;
;;;Basic Drawing-Honors;202520;Spring 2025;006;15693;Strombeck, Michael S.;;;100.0%;;;;;;;;;;;;;;;;;;;;;
;;;;;;009;15692;Choi, Jong-un;;;;;;;;;;;;;;;;100.0%;;;;;;;;
;;11400;Drawing II;202520;Spring 2025;001;10211;Choi, Jong-un;27.8%;;44.4%;;5.6%;;5.6%;;;;;;;;;;;;;;;;16.7%;
;;11700;Black And White Photography;202520;Spring 2025;001;46021;Bell, Greta M.;86.7%;13.3%;;;;;;;;;;;;;;;;;;;;;;
;;;;;;002;12958;Bell, Greta M.;86.7%;;;;6.7%;;;;;;;;;;;;;;;;;;6.7%;
;;11900;Color Photography;202520;Spring 2025;001;55617;Ridgway, Victoria J.;20.0%;;80.0%;;;;;;;;;;;;;;;;;;;;;
;;13000;Interior Design Communication;202520;Spring 2025;001;41210;Bolisetty, Lochana;46.7%;6.7%;;;13.3%;6.7%;;;;;;;;;6.7%;;;;;;;;20.0%;
;;;;;;002;15698;Bittner, Laura E.;35.3%;29.4%;;;23.5%;5.9%;;;5.9%;;;;;;;;;;;;;;;
;;;;;;003;27222;Bittner, Laura E.;23.5%;41.2%;;;5.9%;5.9%;23.5%;;;;;;;;;;;;;;;;;
;;14600;Design Drawing I;202520;Spring 2025;001;10227;Wang, Yulu;29.4%;17.6%;35.3%;;11.8%;;5.9%;;;;;;;;;;;;;;;;;
;;;;;;002;10228;Wang, Yulu;11.8%;17.6%;23.5%;;17.6%;5.9%;17.6%;;;5.9%;;;;;;;;;;;;;;
;;;;;;003;11488;Zhou, Shankun;41.2%;;41.2%;;;;;;5.9%;;5.9%;;;;;;;;;;;;5.9%;
;;;;;;005;33243;Zhou, Shankun;25.0%;6.3%;43.8%;;;;6.3%;;;;;;;;;;;;;;;;18.8%;
;;20000;Beginning Painting;202520;Spring 2025;001;41718;Gick, Charles A.;50.0%;25.0%;;;;;25.0%;;;;;;;;;;;;;;;;;
;;20100;Art For Elem Schl Tchr;202520;Spring 2025;007;14374;Vickers, Heather G.;77.8%;;;;11.1%;;;;;;;;;;;;;;;;;;11.1%;
;;;;;;014;30462;Vickers, Heather G.;83.3%;;;;11.1%;;;;;;;;;;5.6%;;;;;;;;;
;;20600;Studio In VCD;202520;Spring 2025;003;14433;Kim, Do Gyun;7.1%;21.4%;;;14.3%;21.4%;21.4%;;;7.1%;;;;;7.1%;;;;;;;;;
;;;;;;004;19067;Kim-Narita, Claire A.;18.2%;9.1%;;;9.1%;9.1%;18.2%;18.2%;;18.2%;;;;;;;;;;;;;;
;;21300;Life Drawing I;202520;Spring 2025;001;41850;Penington, Eric A.;41.7%;50.0%;;;8.3%;;;;;;;;;;;;;;;;;;;
;;;;;;002;14386;Wuenschel, Christine L.;50.0%;28.6%;;;;;7.1%;7.1%;;;;;;;7.1%;;;;;;;;;
;;22700;Hist Of Art Since 1400;202520;Spring 2025;001;10255;Woodward, Elizabeth J.;22.7%;16.4%;10.0%;;16.4%;3.6%;15.5%;3.6%;3.6%;1.8%;0.9%;;;;2.7%;;;;;;;;2.7%;
;;;;;;002;10254;Brandt, Allie K.;16.1%;12.7%;69.5%;;;;1.7%;;;;;;;;;;;;;;;;;
;;22900;VCD Computing II;202520;Spring 2025;001;10259;Barrett, Felicia J.;33.3%;25.0%;8.3%;;16.7%;8.3%;;;;;;;;;8.3%;;;;;;;;;
;;;;;;002;10260;Barrett, Felicia J.;21.4%;28.6%;14.3%;;;7.1%;7.1%;;7.1%;7.1%;;;;;7.1%;;;;;;;;;
;;22901;Vis Commun Design Soph Review;202520;Spring 2025;003;19394;Kim, Hyungjoo A.;;;;;;;;;;;;;;;;;;;;76.9%;;19.2%;3.8%;
;;23400;Art & Design Intern Prep;202520;Spring 2025;001;62901;Deal, James David;5.4%;44.6%;35.9%;;5.4%;3.3%;4.3%;;;;;1.1%;;;;;;;;;;;;
;;23500;Materials&Processes II;202520;Spring 2025;001;16799;Marchese, David A.;41.7%;8.3%;;;25.0%;;16.7%;;;;;;;;;;;;;;;;8.3%;
;;;;;;002;10235;Marchese, David A.;13.3%;13.3%;;;33.3%;13.3%;20.0%;;;;;;;;6.7%;;;;;;;;;
;;;;;;003;25999;Marchese, David A.;46.2%;23.1%;;;15.4%;15.4%;;;;;;;;;;;;;;;;;;
;;23600;Lighting Fund For Photography;202520;Spring 2025;001;15702;Ridgway, Victoria J.;20.0%;;66.7%;;6.7%;;;6.7%;;;;;;;;;;;;;;;;
;;24200;Ceramics I;202520;Spring 2025;001;10265;Peterson, Jessica M.;23.1%;30.8%;7.7%;;15.4%;;7.7%;;7.7%;;;;;;;;;;;;;;7.7%;
;;;;;;002;41854;Munafo, Isabelle M.;21.4%;35.7%;7.1%;;;21.4%;7.1%;;;;;7.1%;;;;;;;;;;;;
;;;;;;003;24155;Zahner, Sigrid K.;46.7%;6.7%;13.3%;;6.7%;6.7%;6.7%;;;;;;;;;;;6.7%;;;;;6.7%;
;;25000;Interior Design II;202520;Spring 2025;003;17861;Bulow, Hannah K.;16.7%;27.8%;;;27.8%;11.1%;5.6%;5.6%;;;;5.6%;;;;;;;;;;;;
;;;;;;004;13393;Bulow, Hannah K.;16.7%;27.8%;;;44.4%;;5.6%;;;5.6%;;;;;;;;;;;;;;
;;25001;Inter Design Sophomore Review;202520;Spring 2025;001;19385;Bittner, Laura E.;;;;;;;;;;;;;;;;;;;;94.3%;;5.7%;;
;;25500;Art Appreciation;202520;Spring 2025;001;10271;Dossin, Catherine;13.6%;20.5%;9.1%;2.3%;9.1%;22.7%;6.8%;2.3%;;4.5%;2.3%;;;;;;;;;;;;6.8%;
;;;;;;003;20309;Uhlig, Susan D.;62.5%;12.5%;;;7.5%;;10.0%;;2.5%;2.5%;;;2.5%;;;;;;;;;;;
;;;;;;004;10236;Vickers, Heather G.;82.5%;;;;12.5%;;;2.5%;;;;;;;;;;2.5%;;;;;;
;;;;;;005;10425;Hitselberger, Brian J.;13.3%;24.4%;17.8%;;17.8%;;15.6%;;2.2%;;;;2.2%;;4.4%;;;;;;;;2.2%;
;;;;;;006;33510;Vickers, Heather G.;73.2%;;;;19.5%;;;;;;;;;;2.4%;;;;;;;;4.9%;
;;25600;Presentation Technique;202520;Spring 2025;002;10275;Ghaderi, Seyed Abolfazl;18.2%;9.1%;9.1%;;27.3%;9.1%;;;9.1%;;9.1%;;;;9.1%;;;;;;;;;
;;;;;;003;16752;Ghaderi, Seyed Abolfazl;25.0%;25.0%;;;;18.8%;18.8%;;;6.3%;;;;;;;;;;;;;6.3%;
;;;;;;004;32424;Visser, Steve C.;33.3%;8.3%;;;8.3%;8.3%;25.0%;16.7%;;;;;;;;;;;;;;;;
;;25601;Industr Design Soph Review;202520;Spring 2025;001;19374;Visser, Steve C.;;;;;;;;;;;;;;;;;;;;63.2%;;34.2%;2.6%;
;;26200;Jewelry & Metalwork I;202520;Spring 2025;002;10279;Mohl, Jessica S.;50.0%;21.4%;;;;;14.3%;;;7.1%;;;;;;;;;;;;;7.1%;
;;;;;;003;18577;Mohl, Jessica S.;7.1%;42.9%;;;7.1%;;42.9%;;;;;;;;;;;;;;;;;
;;26500;Relief Printmaking;202520;Spring 2025;001;10282;Jung, Hoijin;9.1%;63.6%;;;;;18.2%;9.1%;;;;;;;;;;;;;;;;
;;26700;Digital Imaging;202520;Spring 2025;001;19435;Ridgway, Victoria J.;28.6%;7.1%;50.0%;;;;;;;;;;;;7.1%;;;;;;;;7.1%;
;;;;;;002;21166;Ridgway, Victoria J.;20.0%;6.7%;66.7%;;;;;;;;;;;;;;;;;;;;6.7%;
;;;Digital Imaging-Honors;202520;Spring 2025;001;19435;Ridgway, Victoria J.;;;100.0%;;;;;;;;;;;;;;;;;;;;;
;;27000;Constructed Textiles;202520;Spring 2025;003;21761;Peterson, Jessica M.;33.3%;8.3%;50.0%;;;;;;;;;;;;;;;8.3%;;;;;;
;;27500;Beginning Sculpture;202520;Spring 2025;001;15726;Dean, Katherine E.;26.7%;;46.7%;;;;6.7%;;;;;;;;13.3%;;;;;;;;6.7%;
;;28000;Human Behavior And Design Envr;202520;Spring 2025;001;10198;In, Yong Kyung;2.7%;37.8%;;;37.8%;5.4%;16.2%;;;;;;;;;;;;;;;;;
;;28500;Inter Comp & Materials;202520;Spring 2025;001;10286;Bittner, Laura E.;14.7%;23.5%;;;20.6%;;35.3%;;;5.9%;;;;;;;;;;;;;;
;;30300;Art MID Jr High Schls;202520;Spring 2025;010;26167;Sabol, Frank R.;92.3%;;;;;;;;;;;;;;;7.7%;;;;;;;;
;;;Art MID Jr High Schls-Honors;202520;Spring 2025;010;26167;Sabol, Frank R.;100.0%;;;;;;;;;;;;;;;;;;;;;;;
;;30400;Video Art;202520;Spring 2025;001;58259;Winkler, Fabian;18.8%;31.3%;12.5%;;12.5%;;12.5%;12.5%;;;;;;;;;;;;;;;;
;;;;;;002;11167;Song, So Young;26.7%;13.3%;13.3%;;6.7%;13.3%;20.0%;;;;;;;;;;;;;;;;6.7%;
;;;;;;003;26176;Song, So Young;17.6%;35.3%;5.9%;;17.6%;5.9%;5.9%;;5.9%;;;;;;;;;;;;;;5.9%;
;;30600;Industrial Design II;202520;Spring 2025;001;10294;Sohn, Jung J.;30.8%;23.1%;23.1%;;;;15.4%;;;7.7%;;;;;;;;;;;;;;
;;;;;;002;14553;Sohn, Jung J.;58.3%;25.0%;16.7%;;;;;;;;;;;;;;;;;;;;;
;;30701;Contemporary Photography;202520;Spring 2025;001;18580;Craven, Eli J.;25.0%;15.0%;35.0%;;5.0%;;10.0%;;;10.0%;;;;;;;;;;;;;;
;;31400;Experimental Drawing;202520;Spring 2025;001;34191;Penington, Eric A.;50.0%;21.4%;;;;;7.1%;;;;7.1%;;7.1%;;7.1%;;;;;;;;;
;;31600;Semnr Indust Des I;202520;Spring 2025;001;13594;Qian, Zhen Yu;29.2%;33.3%;12.5%;;12.5%;4.2%;8.3%;;;;;;;;;;;;;;;;;
;;31900;Web Dsgn Visual Comm;202520;Spring 2025;001;10297;Barrett, Felicia J.;50.0%;31.3%;6.3%;;;;12.5%;;;;;;;;;;;;;;;;;
;;;;;;002;10298;Bendito, Petronio A.;20.0%;13.3%;40.0%;;6.7%;;;;;6.7%;;;;;6.7%;;;;;;;;6.7%;
;;33400;New Media Culture;202520;Spring 2025;001;25260;Mcmullen, Shannon C.;64.0%;12.0%;;;4.0%;;16.0%;;;;;;;;;;;;;;;;4.0%;
;;34000;Furniture Development;202520;Spring 2025;001;28840;Lemery, Coco R.;46.7%;20.0%;6.7%;;20.0%;;6.7%;;;;;;;;;;;;;;;;;
;;34200;Ceramics II-Honors;202520;Spring 2025;001;19070;Zahner, Sigrid K.;100.0%;;;;;;;;;;;;;;;;;;;;;;;
;;;Ceramics II;202520;Spring 2025;001;19070;Zahner, Sigrid K.;;20.0%;50.0%;;20.0%;;;;;;;;;;;;;10.0%;;;;;;
;;34600;Italian Renaissance Art;202520;Spring 2025;001;26182;Woodward, Elizabeth J.;16.7%;20.8%;;;16.7%;16.7%;16.7%;;;4.2%;;;;;8.3%;;;;;;;;;
;;35000;Interior Design IV;202520;Spring 2025;001;10301;In, Yong Kyung;30.8%;15.4%;;;30.8%;;23.1%;;;;;;;;;;;;;;;;;
;;;;;;002;13855;In, Yong Kyung;8.3%;41.7%;;;25.0%;;16.7%;;;8.3%;;;;;;;;;;;;;;
;;36300;Documentary Photography;202520;Spring 2025;001;13666;Dean, Katherine E.;60.0%;;6.7%;6.7%;13.3%;;;;;;;;;;;;;;;;;;13.3%;
;;36600;Visual Commu Design II;202520;Spring 2025;001;10305;Deal, James David;68.8%;12.5%;18.8%;;;;;;;;;;;;;;;;;;;;;
;;;;;;002;10304;Kim, Hyungjoo A.;33.3%;20.0%;;;13.3%;6.7%;20.0%;;;;;;;;;;;;;;;;6.7%;
;;38400;Contemporary Art;202520;Spring 2025;001;10310;Dossin, Catherine;8.9%;21.4%;1.8%;;8.9%;21.4%;10.7%;7.1%;7.1%;3.6%;1.8%;1.8%;1.8%;;;;;;;;;;3.6%;
;;38500;History Of Int Design;202520;Spring 2025;001;28445;Kaufmann-Buhler, Jennifer B.;24.6%;20.0%;6.2%;;16.9%;3.1%;18.5%;3.1%;1.5%;1.5%;3.1%;;;;1.5%;;;;;;;;;
;;39600;Art Museum Practices;202520;Spring 2025;001;30397;Kvam, Erika I.;10.0%;30.0%;36.7%;;13.3%;3.3%;3.3%;;;3.3%;;;;;;;;;;;;;;
;;40200;Art In Secondary Schl;202520;Spring 2025;001;17509;Sabol, Frank R.;100.0%;;;;;;;;;;;;;;;;;;;;;;;
;;40600;Industrial Design IV;202520;Spring 2025;001;10316;Kim, Tong J.;57.1%;14.3%;28.6%;;;;;;;;;;;;;;;;;;;;;
;;;;;;002;28843;Kim, Tong J.;66.7%;8.3%;25.0%;;;;;;;;;;;;;;;;;;;;;
;;41600;Sem Ideas Industrial Design II;202520;Spring 2025;001;63673;Williams, Keith A.;24.0%;20.0%;24.0%;;8.0%;;16.0%;;;4.0%;;;4.0%;;;;;;;;;;;
;;43200;Visual Comm Design IV;202520;Spring 2025;001;10302;Zhang, Li;40.0%;46.7%;;;;;13.3%;;;;;;;;;;;;;;;;;
;;;;;;002;26673;Zhang, Li;33.3%;40.0%;;;6.7%;;20.0%;;;;;;;;;;;;;;;;;
;;44000;Inter Detail & Const;202520;Spring 2025;001;62998;Young, Barbara L.;14.8%;14.8%;;;33.3%;14.8%;14.8%;7.4%;;;;;;;;;;;;;;;;
;;46500;Professional Practice;202520;Spring 2025;X01;10361;Pinto Alexander, Ana I.;81.5%;;18.5%;;;;;;;;;;;;;;;;;;;;;
;;47800;Intern Art And Design;202520;Spring 2025;001;10363;Instructor, Off Campus;66.7%;30.3%;;;;;;;;;;;;;;3.0%;;;;;;;;
;;49900;Studio Arts Prof Prac/Sr Exh;202520;Spring 2025;001;63053;Craven, Eli J.;16.1%;9.7%;67.7%;;3.2%;;3.2%;;;;;;;;;;;;;;;;;
;;52000;Visual Design Service;202520;Spring 2025;002;12687;Deal, James David;64.3%;;35.7%;;;;;;;;;;;;;;;;;;;;;
;;;;;;003;26690;Deal, James David;81.3%;;18.8%;;;;;;;;;;;;;;;;;;;;;
;;59200;Hist Of Dsg,Disability& Access;202520;Spring 2025;001;29028;Kaufmann-Buhler, Jennifer B.;31.3%;25.0%;25.0%;;6.3%;;12.5%;;;;;;;;;;;;;;;;;
AFT;AFT-Aerospace Studies;12000;Heritage And Values II;202520;Spring 2025;001;10534;Franklin, Jessica R.;82.4%;;;;;;;;5.9%;;;;;;;;;;;;;;11.8%;
;;;;;;003;10536;Franklin, Jessica R.;66.7%;26.7%;;;;;;;;;;;;;;;;;;;;;6.7%;
;;;Heritage And Values II-Honors;202520;Spring 2025;003;10536;Franklin, Jessica R.;;100.0%;;;;;;;;;;;;;;;;;;;;;;
;;20220;Air Force ROTC Lead Lab;202520;Spring 2025;001;20041;Rose, Derek M.;;;;;;;;;;;;;;;;;;93.7%;;;;;6.3%;
;;24000;Team & Ldrshp Fund II;202520;Spring 2025;001;10538;Rose, Derek M.;94.7%;;;;;;;;;;;;;;;;;;;;;;5.3%;
;;;;;;002;10539;Rose, Derek M.;94.7%;;;;;;;;;;;;;;;;;;;;;;5.3%;
;;;Team & Ldrshp Fund II-Honors;202520;Spring 2025;001;10538;Rose, Derek M.;100.0%;;;;;;;;;;;;;;;;;;;;;;;
;;;;;;002;10539;Rose, Derek M.;100.0%;;;;;;;;;;;;;;;;;;;;;;;
;;36100;Leading Ppl & Effect Comm II;202520;Spring 2025;001;10541;Goodner, Allison N.;94.4%;5.6%;;;;;;;;;;;;;;;;;;;;;;
;;;;;;002;15709;Goodner, Allison N.;80.0%;6.7%;;;6.7%;;6.7%;;;;;;;;;;;;;;;;;
;;40220;Air Force ROTC Lead Lab;202520;Spring 2025;001;20038;Rose, Derek M.;;;;;;;;;;;;;;;;;;98.3%;;;;;1.7%;
;;48100;Natl Sec Commission Prep II;202520;Spring 2025;001;10544;Mckenna, Joseph W.;100.0%;;;;;;;;;;;;;;;;;;;;;;;
;;;;;;002;19331;Mckenna, Joseph W.;100.0%;;;;;;;;;;;;;;;;;;;;;;;
AGEC;AGEC-Agricultural Economics;20201;Intro To Data Analytics AGBS;202520;Spring 2025;001;10599;Tchuente Nguembu, Guy;20.8%;9.9%;37.6%;;5.9%;6.9%;6.9%;1.0%;1.0%;;;;;;5.0%;;;;;;;;5.0%;
;;20300;Microecon Food & Agbus;202520;Spring 2025;001;10549;Byrd, Elizabeth S.;37.3%;12.7%;15.1%;;9.5%;3.2%;5.6%;;0.8%;3.2%;0.8%;3.2%;0.8%;;6.3%;;;;;;;;1.6%;
;;;Microecon Food & Agbus-Honors;202520;Spring 2025;001;10549;Byrd, Elizabeth S.;;;100.0%;;;;;;;;;;;;;;;;;;;;;
;;21700;Economics;202520;Spring 2025;001;10551;Moss, Leeann E.;41.8%;14.8%;19.4%;;7.1%;1.8%;6.2%;2.8%;2.2%;1.5%;;0.3%;0.6%;;0.9%;;;;;;;;0.6%;
;;;;;;Y01;57258;Moss, Leeann E.;41.9%;14.3%;21.7%;;9.2%;0.7%;5.9%;1.1%;0.7%;1.3%;;;0.2%;;1.5%;;;;;;;;1.5%;
;;;Economics-Honors;202520;Spring 2025;001;10551;Moss, Leeann E.;;;100.0%;;;;;;;;;;;;;;;;;;;;;
;;22000;Econ Of Agricultural Markets;202520;Spring 2025;001;10554;Mallory, Mindy L.;11.5%;12.5%;35.6%;;8.7%;4.8%;5.8%;4.8%;2.9%;1.0%;1.0%;1.0%;1.0%;;2.9%;;;1.0%;;;;;5.8%;
;;25000;Econ Geog World Food;202520;Spring 2025;001;10555;Balagtas, Joseph V.;15.0%;40.0%;7.5%;;5.0%;12.5%;15.0%;;;;;;;;;;;2.5%;;;;;2.5%;
;;31000;Farm Organization;202520;Spring 2025;001;10339;Byrd, Elizabeth S.;23.8%;6.3%;50.3%;;4.9%;2.8%;7.0%;0.7%;;2.8%;;;0.7%;;0.7%;;;;;;;;;
;;32700;Prin Of Food & Agribus Mrkt;202520;Spring 2025;001;10619;Kilders, Valerie;34.7%;11.6%;34.7%;;7.4%;1.1%;3.2%;1.1%;1.1%;2.1%;;1.1%;;;2.1%;;;;;;;;;
;;33000;Mgmt Methods Agr Bus;202520;Spring 2025;001;10561;Moss, Leeann E.;32.4%;25.0%;7.4%;;9.5%;4.1%;8.8%;2.0%;2.7%;6.1%;;;;;0.7%;;;;;;;;1.4%;
;;;Mgmt Methods Agr Bus-Honors;202520;Spring 2025;001;10561;Moss, Leeann E.;50.0%;;50.0%;;;;;;;;;;;;;;;;;;;;;
;;33100;Prin Of Industrial Selling;202520;Spring 2025;001;10562;Cochran, Amy L.;7.5%;12.9%;0.7%;;19.7%;12.9%;10.9%;6.8%;0.7%;6.8%;;;2.0%;;2.7%;;;0.7%;;;;;15.6%;
;;33300;Food Dist Retail Persp;202520;Spring 2025;001;64067;Wu, Steven Y.;26.7%;6.7%;4.4%;;6.7%;17.8%;2.2%;6.7%;8.9%;8.9%;4.4%;;4.4%;;;;;;;;;;2.2%;
;;;Food Dist Retail Persp-Honors;202520;Spring 2025;001;64067;Wu, Steven Y.;;;;;;;100.0%;;;;;;;;;;;;;;;;;
;;37500;Process Econ Research;202520;Spring 2025;001;11585;Kuethe, Todd H.;96.0%;;;;;;;;;;;;;;;;;;;;;;;4.0%
;;41000;Agricultural Policy;202520;Spring 2025;001;10567;Keeney, Roman M.;95.2%;;;;3.2%;;1.6%;;;;;;;;;;;;;;;;;
;;42100;Adv Commodity Marketing;202520;Spring 2025;001;10346;Mallory, Mindy L.;20.8%;16.7%;50.0%;;;4.2%;8.3%;;;;;;;;;;;;;;;;;
;;42400;Finan Mgt Agr Bus;202520;Spring 2025;001;43331;Musselman, Ryan D.;13.2%;11.8%;17.6%;;10.3%;7.4%;11.8%;5.9%;1.5%;4.4%;;1.5%;1.5%;;;;;;;;;;13.2%;
;;42500;Est Plan Prop Transfer;202520;Spring 2025;001;21624;Armstrong, Candace D.;37.7%;16.9%;28.6%;;6.5%;1.3%;9.1%;;;;;;;;;;;;;;;;;
;;42900;Agri-Marketing Analytics;202520;Spring 2025;002;10007;Wu, Steven Y.;29.4%;17.6%;11.8%;;5.9%;;;23.5%;;11.8%;;;;;;;;;;;;;;
;;43000;Agr&Food Bus Strategy;202520;Spring 2025;001;10577;Ellison, Brenna D.;40.0%;24.6%;3.1%;;12.3%;6.2%;10.8%;1.5%;1.5%;;;;;;;;;;;;;;;
;;45000;Internatl Agric Trade;202520;Spring 2025;001;10114;Dalheimer, Hans Bernhard S.;10.2%;14.3%;;;28.6%;14.3%;12.2%;12.2%;;4.1%;;;;;;;;2.0%;;;;;2.0%;
;;45100;Applied Econometrics;202520;Spring 2025;005;31540;Delgado, Michael S.;13.3%;6.7%;16.7%;;10.0%;10.0%;13.3%;6.7%;3.3%;10.0%;3.3%;;;;3.3%;;;;;;;;3.3%;
;;49800;Agribusiness Entrepreneurship;202520;Spring 2025;014;23384;Malone, Donald J.;100.0%;;;;;;;;;;;;;;;;;;;;;;;
;;;NAMA;202520;Spring 2025;013;22176;Musselman, Ryan D.;44.4%;;55.6%;;;;;;;;;;;;;;;;;;;;;
;;52400;Agricultural Finance;202520;Spring 2025;001;10588;Langemeier, Michael R.;36.0%;16.0%;16.0%;;;8.0%;16.0%;4.0%;;;;;;;;;;4.0%;;;;;;
;;52800;Feeding The World Sustainably;202520;Spring 2025;001;10441;Hertel, Thomas W.;65.2%;13.0%;8.7%;;4.3%;;4.3%;;;;;;;;;;;;;;;;;4.3%
;;59600;Applied Economic Policy Anlys;202520;Spring 2025;007;25997;Montenovo, Laura;35.7%;;7.1%;;28.6%;7.1%;14.3%;7.1%;;;;;;;;;;;;;;;;
;;60200;Prep Proced Pol Anly;202520;Spring 2025;001;10593;Kuethe, Todd H.;100.0%;;;;;;;;;;;;;;;;;;;;;;;
;;60500;Ag Markets And Prices;202520;Spring 2025;001;22121;Ma, Meilin;71.4%;7.1%;14.3%;;;;7.1%;;;;;;;;;;;;;;;;;
;;65000;Econometrics I;202520;Spring 2025;001;10356;Katare, Bhagyashree;35.3%;29.4%;;;;;29.4%;;;;;;;;;;;;;;;;5.9%;
;;65100;Econometrics II;202520;Spring 2025;001;11205;Delgado, Michael S.;15.4%;23.1%;7.7%;7.7%;23.1%;;15.4%;;;;;;;;;;;;;;;;;7.7%
AGR;AGR-Agriculture;20100;Com Across Culture;202520;Spring 2025;001;10646;Morris, Pamala V.;40.6%;12.1%;31.5%;;2.4%;1.8%;3.0%;2.4%;1.2%;;;;;;1.2%;0.6%;;1.2%;;;;;1.8%;
;;;;;;Y01;60720;Morris, Pamala V.;26.7%;10.0%;40.0%;;5.0%;1.7%;6.7%;;;1.7%;;;;;;;;5.0%;;;;;3.3%;
;;;Com Across Culture-Honors;202520;Spring 2025;Y01;60720;Morris, Pamala V.;;;100.0%;;;;;;;;;;;;;;;;;;;;;
;;29000;Spring Into Purdue Agriculture;202520;Spring 2025;002;30190;Kerr, Timothy P.;51.4%;;;;24.3%;;;18.9%;;;;;;;5.4%;;;;;;;;;
;;33300;Data Science For Agriculture;202520;Spring 2025;001;27580;Erickson, Bruce J.;81.0%;;;;14.3%;;;;;;;;;;;;;;;;;;4.8%;
AGRY;AGRY-Agronomy;10500;Crop Production;202520;Spring 2025;008;10408;Gerber, Corey K.;40.7%;;;;37.0%;;;11.1%;;;3.7%;;;;;;;7.4%;;;;;;
;;12500;Environmental Scienc & Conserv;202520;Spring 2025;001;10299;Ruhl, Patrick J.;8.1%;32.4%;8.1%;;2.7%;2.7%;8.1%;10.8%;5.4%;13.5%;2.7%;;;;2.7%;;;;;;;;2.7%;
;;25500;Soil Science;202520;Spring 2025;009;10701;Rahmani, Shams Rahman R.;36.4%;;;;21.5%;;3.7%;17.8%;;2.8%;8.4%;;1.9%;;1.9%;0.9%;;1.9%;;;;;2.8%;
;;;Soil Science-Honors;202520;Spring 2025;009;10701;Rahmani, Shams Rahman R.;100.0%;;;;;;;;;;;;;;;;;;;;;;;
;;27000;Forest Soils;202520;Spring 2025;004;10727;Rahmani, Shams Rahman R.;27.3%;;;;33.3%;;10.6%;15.2%;;1.5%;6.1%;;;;6.1%;;;;;;;;;
;;;Forest Soils-Honors;202520;Spring 2025;004;10727;Rahmani, Shams Rahman R.;;;;;100.0%;;;;;;;;;;;;;;;;;;;
;;28500;Wrld Crp Adpt & Dstrbt;202520;Spring 2025;001;24336;Tuinstra, Mitchell R.;18.0%;6.6%;;;14.8%;4.9%;11.5%;11.5%;6.6%;6.6%;3.3%;4.9%;4.9%;;1.6%;;;1.6%;;;;;3.3%;
;;;Wrld Crp Adpt & Dstrbt-Honors;202520;Spring 2025;001;24336;Tuinstra, Mitchell R.;66.7%;;;;;;33.3%;;;;;;;;;;;;;;;;;
;;32000;Genetics;202520;Spring 2025;001;10747;Mohammadi, Mohsen;13.8%;17.6%;18.1%;0.5%;7.4%;7.4%;10.1%;7.4%;5.9%;4.8%;0.5%;1.1%;2.1%;;2.1%;;;;;;;;1.1%;
;;32100;Genetics Laboratory;202520;Spring 2025;002;10749;Allen, Sara L.;21.4%;28.6%;42.9%;;7.1%;;;;;;;;;;;;;;;;;;;
;;;;;;004;10751;Allen, Sara L.;38.5%;;61.5%;;;;;;;;;;;;;;;;;;;;;
;;;;;;009;46773;Lightfoot, Kathryn D.;23.1%;30.8%;38.5%;;7.7%;;;;;;;;;;;;;;;;;;;
;;;;;;010;55409;Barker, Samantha A.;41.7%;;8.3%;;25.0%;;8.3%;;;;;;;;;;;;;;;;16.7%;
;;33500;Weather And Climate;202520;Spring 2025;002;23027;Hall, Beth L.;37.2%;9.3%;;;11.6%;7.0%;9.3%;9.3%;;2.3%;4.7%;;9.3%;;;;;;;;;;;
;;;Weather And Climate-Honors;202520;Spring 2025;002;23027;Hall, Beth L.;;100.0%;;;;;;;;;;;;;;;;;;;;;;
;;33700;Environmntal Hydrology;202520;Spring 2025;001;53096;Bowling, Laura C.;35.1%;11.7%;16.0%;2.1%;9.6%;3.2%;8.5%;3.2%;2.1%;1.1%;1.1%;;;;3.2%;1.1%;;;;;;;2.1%;
;;;Environmntal Hydrology-Honors;202520;Spring 2025;001;53096;Bowling, Laura C.;;;100.0%;;;;;;;;;;;;;;;;;;;;;
;;36500;Soil Fertility;202520;Spring 2025;006;10764;Bradford, Jeffrey T.;72.3%;;;;21.5%;;;1.5%;;;3.1%;;;;;;;1.5%;;;;;;
;;37500;Crop Production Systms;202520;Spring 2025;001;10769;Schweitzer, Lee E.;86.7%;;;;13.3%;;;;;;;;;;;;;;;;;;;
;;39900;Crop Prdctn Sys Of West Texas;202520;Spring 2025;022;15760;Bradford, Jeffrey T.;100.0%;;;;;;;;;;;;;;;;;;;;;;;
;;50500;Forage Management;202520;Spring 2025;001;10780;Bradford, Jeffrey T.;36.8%;2.6%;;;47.4%;;;2.6%;;;;;;;;;2.6%;2.6%;;;;;5.3%;
;;51500;Plant Mineral Nutritn;202520;Spring 2025;001;29996;Zhang, Cankui;66.7%;;;;26.7%;;;;;;;;;;;;;;;;;;;6.7%
;;52500;Crop Physiol And Ecol;202520;Spring 2025;001;65527;Volenec, Jeffrey J.;20.5%;7.7%;;;28.2%;12.8%;15.4%;;;2.6%;2.6%;;;;2.6%;;2.6%;;;;;;5.1%;
;;58500;Soils And Land Use;202520;Spring 2025;001;10793;Steinhardt, Gary C.;73.3%;;;;10.0%;3.3%;;6.7%;;;;;;;3.3%;;;;;;;;3.3%;
;;59700;Communicat With Public;202520;Spring 2025;001;29997;Casteel, Shaun N.;100.0%;;;;;;;;;;;;;;;;;;;;;;;
;;59800;Advanced Agroecology;202520;Spring 2025;086;15426;Rui, Yichao;46.2%;38.5%;7.7%;;;;7.7%;;;;;;;;;;;;;;;;;
;;;Crop Mgt Drone Flt And Imaging;202520;Spring 2025;069;10481;Schweitzer, Lee E.;100.0%;;;;;;;;;;;;;;;;;;;;;;;
;;;Fundamental Of Crop Modeling;202520;Spring 2025;098;30396;Poudel, Pratishtha;66.7%;;16.7%;16.7%;;;;;;;;;;;;;;;;;;;;
;;;Geospatial Informatics;202520;Spring 2025;096;29998;Paul, Siddhartho S.;18.8%;12.5%;37.5%;12.5%;;;12.5%;;;;;;;;;;;;;;;;6.3%;
;;;R For Beginners In Agriculture;202520;Spring 2025;100;32075;Mohammadi, Mohsen;18.2%;9.1%;54.5%;;;9.1%;;;;;;;;;;;;;;;;;9.1%;
;;61100;Quantitative Genetics;202520;Spring 2025;001;32074;Mohammadi, Mohsen;;;86.7%;6.7%;;;;;;;;;;;;;;;;;;;6.7%;
AMST;AMST-American Studies;10100;America And The World;202520;Spring 2025;001;10832;Newell, Hanna M.;16.7%;;70.0%;;;;;3.3%;;;;;;;;;;10.0%;;;;;;
;;22000;Technology And Play;202520;Spring 2025;001;15594;Johnson, Michael D.;42.9%;7.1%;7.1%;;;;35.7%;;;;;;7.1%;;;;;;;;;;;
;;30100;Sports & Feminism;202520;Spring 2025;027;20102;Cooky, Cheryl A.;27.3%;9.1%;18.2%;;;;;;;;;;;;27.3%;9.1%;;;;;;;9.1%;
ANSC;ANSC-Animal Sciences;10200;Intro To Animal Agr;202520;Spring 2025;001;34428;Bass, Casie S.;11.7%;7.8%;;;14.6%;15.5%;17.5%;4.9%;3.9%;8.7%;1.0%;1.9%;;;6.8%;;;;;;;;5.8%;
;;18100;Prof Devel And Explor Anim Sci;202520;Spring 2025;001;10918;Krotz, James J.;14.0%;10.3%;65.4%;;1.9%;;4.7%;0.9%;;;;;;;1.9%;;;;;;;;0.9%;
;;;;;;002;10919;Krotz, James J.;13.8%;7.3%;61.5%;;4.6%;3.7%;2.8%;;;;;0.9%;;;2.8%;;;;;;;;2.8%;
;;22100;Princ Of Animal Nutr;202520;Spring 2025;001;10920;Forsyth, Dale M.;34.9%;11.6%;20.9%;;7.0%;;7.0%;7.0%;2.3%;2.3%;2.3%;2.3%;;;;;;;;;;;2.3%;
;;;;;;002;10921;Forsyth, Dale M.;17.1%;7.3%;12.2%;;19.5%;4.9%;4.9%;9.8%;4.9%;4.9%;;;4.9%;;2.4%;;;;;;;;7.3%;
;;;;;;Y01;38547;Forsyth, Dale M.;30.0%;2.5%;7.5%;;10.0%;5.0%;2.5%;17.5%;;5.0%;5.0%;5.0%;;;5.0%;;;;;;;;5.0%;
;;23000;Physiolo/Domestic Anim;202520;Spring 2025;001;10385;Cabot, Ryan A.;16.3%;10.9%;7.0%;;15.5%;3.1%;5.4%;6.2%;1.6%;2.3%;2.3%;;;;2.3%;;;;;;;;27.1%;
;;24000;Animal Production;202520;Spring 2025;001;22938;Zuelly, Stacy M.;34.8%;15.9%;8.3%;;14.4%;3.8%;12.1%;0.8%;1.5%;3.0%;0.8%;0.8%;0.8%;;2.3%;;;;;;;;0.8%;
;;;Animal Production-Honors;202520;Spring 2025;001;22938;Zuelly, Stacy M.;100.0%;;;;;;;;;;;;;;;;;;;;;;;
;;25500;Principles Of Animal Products;202520;Spring 2025;001;22942;Zuelly, Stacy M.;30.2%;11.6%;17.8%;;7.0%;7.8%;14.0%;3.1%;0.8%;3.9%;0.8%;0.8%;;;0.8%;;;0.8%;;;;;0.8%;
;;30100;Anim Growth And Dev;202520;Spring 2025;001;24234;Mcgrady, Hattie I.;20.0%;26.7%;6.7%;;16.7%;3.3%;20.0%;;3.3%;3.3%;;;;;;;;;;;;;;
;;;;;;002;24360;Mcgrady, Hattie I.;20.0%;26.7%;3.3%;;20.0%;10.0%;13.3%;6.7%;;;;;;;;;;;;;;;;
;;30300;Animal Behavior;202520;Spring 2025;001;10933;DeHaven, Mattie T.;37.7%;26.4%;3.8%;;11.3%;;11.3%;1.9%;1.9%;3.8%;;;1.9%;;;;;;;;;;;
;;31100;Animal Breeding And Genetics;202520;Spring 2025;001;10935;Ogunbawo, Adebisi R.;19.4%;18.4%;11.2%;;13.3%;11.2%;8.2%;10.2%;3.1%;1.0%;1.0%;;1.0%;;1.0%;;;;;;;;1.0%;
;;32500;Applied Ruminant Nutrition;202520;Spring 2025;001;16369;Schoonmaker, Jon;35.6%;4.4%;;;26.7%;4.4%;4.4%;15.6%;;;6.7%;;;;;;;;;;;;2.2%;
;;32600;Applied Non-ruminant Nutrition;202520;Spring 2025;001;18547;Ju, Tingting;28.6%;;8.6%;;20.0%;;17.1%;8.6%;;11.4%;;;2.9%;;;;;;;;;;2.9%;
;;33200;Environ Phys Dom Anim;202520;Spring 2025;001;10943;Allrich, Rodney D.;20.0%;12.0%;24.0%;;4.0%;8.0%;12.0%;;4.0%;4.0%;;;4.0%;;;;;;;;;;8.0%;
;;33300;Physiol Of Reproductn;202520;Spring 2025;001;10945;Pasternak, Jonathan A.;7.8%;10.4%;7.8%;;15.6%;6.5%;5.2%;13.0%;6.5%;7.8%;7.8%;5.2%;2.6%;;2.6%;;;;;;;;1.3%;
;;;Physiol Of Reproductn-Honors;202520;Spring 2025;001;10945;Pasternak, Jonathan A.;50.0%;;;;;;50.0%;;;;;;;;;;;;;;;;;
;;35100;Meat Science;202520;Spring 2025;001;10947;Abdelhaseib, Maha M.;16.3%;16.3%;12.5%;;20.2%;4.8%;14.4%;2.9%;3.8%;3.8%;1.0%;;1.9%;;1.0%;;;;;;;;1.0%;
;;35101;Meat Science Lab;202520;Spring 2025;001;43504;Ford, Emily A.;6.3%;18.8%;56.3%;;6.3%;6.3%;;6.3%;;;;;;;;;;;;;;;;
;;42500;Ruminant Reprod Farm Mgmt;202520;Spring 2025;002;14648;Bass, Casie S.;9.7%;19.4%;;;16.1%;9.7%;3.2%;19.4%;;12.9%;;3.2%;6.5%;;;;;;;;;;;
;;44200;Sheep Management;202520;Spring 2025;001;10957;Needham, Hannah E.;38.9%;13.9%;;;16.7%;8.3%;19.4%;;2.8%;;;;;;;;;;;;;;;
;;44300;Swine Management;202520;Spring 2025;001;10959;Ju, Tingting;14.3%;11.4%;11.4%;;28.6%;11.4%;20.0%;;;2.9%;;;;;;;;;;;;;;
;;44500;Commercial Poultry Mgt;202520;Spring 2025;001;14888;Fraley, Greg S.;22.2%;;44.4%;;5.6%;;11.1%;;5.6%;11.1%;;;;;;;;;;;;;;
;;;Commercial Poultry Mgt-Honors;202520;Spring 2025;001;14888;Fraley, Greg S.;100.0%;;;;;;;;;;;;;;;;;;;;;;;
;;49300;Orientation To ANSC Tchg Asst;202520;Spring 2025;030;25746;Krotz, James J.;;;;;;;;;;;;;;;;;;100.0%;;;;;;
;;49500;Cracking The Poultry Industry;202520;Spring 2025;001;22558;Erasmus, Marisa A.;52.9%;11.8%;;;5.9%;11.8%;;;;11.8%;5.9%;;;;;;;;;;;;;
;;;Horse Evaluation;202520;Spring 2025;005;17551;Bass, Casie S.;15.4%;19.2%;;;11.5%;15.4%;23.1%;;;3.8%;;;;;;;;;;;;;11.5%;
;;51600;Molecular Microbiome Analysis;202520;Spring 2025;001;26407;Johnson, Timothy A.;28.6%;42.9%;;;4.8%;4.8%;4.8%;;;;;;;;;4.8%;;4.8%;;;;;;4.8%
;;53400;Adv Reprod Physiology;202520;Spring 2025;001;25848;Machaty, Zoltan;24.0%;16.0%;28.0%;;;12.0%;12.0%;4.0%;;;;;4.0%;;;;;;;;;;;
;;59500;Mixed Models For Genetic Eval;202520;Spring 2025;004;32644;Rojas De Oliveira, Hinayah;;;93.3%;;;;6.7%;;;;;;;;;;;;;;;;;
;;68100;Anim Sc Grad Sem;202520;Spring 2025;001;10984;Johnson, Timothy A.;100.0%;;;;;;;;;;;;;;;;;;;;;;;
;;;;;;002;16550;Johnson, Timothy A.;;;;;;;;;;;;;;;;;;97.9%;;;;;2.1%;
;;69900;Research PhD Thesis;202520;Spring 2025;014;66183;Brito, Luiz Fernando;;;;;;;;;;;;;;;;;;;;100.0%;;;;
ANTH;ANTH-Anthropology;10000;Being Human: Intro To Anth;202520;Spring 2025;015;15999;Smith, Bonnie K.;24.6%;8.2%;57.4%;;4.9%;;3.3%;1.6%;;;;;;;;;;;;;;;;
;;;;;;016;25236;Eklund, Elizabeth M.;25.1%;17.8%;26.5%;;5.9%;4.6%;7.3%;1.4%;1.4%;3.7%;;;0.5%;;3.7%;;;0.5%;;;;;1.8%;
;;;Being Hmn: Intro To Anth-Honor;202520;Spring 2025;016;25236;Eklund, Elizabeth M.;;;100.0%;;;;;;;;;;;;;;;;;;;;;
;;20100;Intro Arch Prehist;202520;Spring 2025;001;11304;Lindsay, Ian C.;57.8%;6.0%;;;12.0%;2.4%;9.6%;1.2%;1.2%;3.6%;;;1.2%;;;;;;;;;;4.8%;
;;20400;Human Origins;202520;Spring 2025;001;11033;Veile, Amanda J.;9.9%;7.7%;59.9%;;4.2%;;7.0%;1.4%;0.7%;2.1%;;;1.4%;;2.1%;;;;;;;;3.5%;
;;;Human Origins-Honors;202520;Spring 2025;001;11033;Veile, Amanda J.;;;100.0%;;;;;;;;;;;;;;;;;;;;;
;;20500;Human Cultural Diversity;202520;Spring 2025;001;11041;Wirtz, Elizabeth J.;33.3%;8.5%;31.3%;;4.5%;3.5%;6.0%;2.0%;2.5%;1.5%;1.0%;0.5%;1.5%;;1.5%;0.5%;;;;;;;2.0%;
;;;;;;024;10601;Eklund, Elizabeth M.;16.4%;12.7%;43.6%;;3.6%;9.1%;5.5%;;;;;;1.8%;;;;;1.8%;;;;;5.5%;
;;;;;;025;25573;Christodoulaki, Kalliopi M.;;12.7%;;;16.4%;12.7%;18.2%;7.3%;1.8%;14.5%;;3.6%;3.6%;;3.6%;;;;;;;;5.5%;
;;;;;;026;29231;Eklund, Elizabeth M.;28.2%;17.9%;28.2%;;;12.8%;7.7%;2.6%;2.6%;;;;;;;;;;;;;;;
;;;;;;Y01;54814;Christodoulaki, Kalliopi M.;1.8%;10.9%;;;23.6%;25.5%;7.3%;7.3%;7.3%;9.1%;;;1.8%;;1.8%;;;;;;;;3.6%;
;;21000;Technology And Culture;202520;Spring 2025;001;10606;Nyssa, Zoe;25.0%;18.8%;21.9%;;7.8%;9.4%;4.7%;1.6%;;;;4.7%;;;1.6%;;;;;;;;4.7%;
;;;;;;004;22109;Torquato, Melissa G.;28.0%;8.0%;56.0%;;4.0%;;;;;;;;;;4.0%;;;;;;;;;
;;;;;;006;31689;Nyssa, Zoe;25.0%;20.0%;17.5%;;7.5%;7.5%;17.5%;;;;;;;;;;;;;;;;5.0%;
;;21200;Culture, Food & Health;202520;Spring 2025;001;13994;Veile, Amanda J.;10.9%;6.5%;56.5%;;4.3%;2.2%;2.2%;;4.3%;;;;;;6.5%;;;;;;;;6.5%;
;;;;;;004;31699;Lindshield, Stacy;19.0%;16.7%;7.1%;;19.0%;2.4%;16.7%;2.4%;;4.8%;4.8%;;;;2.4%;;;;;;;;4.8%;
;;;Culture, Food & Health-Honors;202520;Spring 2025;001;13994;Veile, Amanda J.;;;100.0%;;;;;;;;;;;;;;;;;;;;;
;;21500;Intro To Forensic Anth;202520;Spring 2025;001;17195;Beasley, Melanie M.;51.3%;7.7%;;;;5.1%;;2.6%;12.8%;5.1%;;2.6%;2.6%;;;;;;;;;;10.3%;
;;23000;Gender Across Cultures;202520;Spring 2025;001;10616;Wirtz, Elizabeth J.;22.7%;16.8%;26.1%;;7.6%;2.5%;10.1%;1.7%;1.7%;1.7%;1.7%;0.8%;;;1.7%;;;;;;;;5.0%;
;;25400;Arch Hoaxes, Myths And Frauds;202520;Spring 2025;001;18394;Lindsay, Ian C.;51.3%;5.1%;;;17.9%;;10.3%;5.1%;;2.6%;;;;;2.6%;;;;;;;;5.1%;
;;25600;Archaeology Of Beer;202520;Spring 2025;002;14000;Cooper, Harold K.;63.3%;;;;18.3%;;;13.3%;;;;;;;1.7%;;;;;;;;3.3%;
;;32700;Environment And Culture;202520;Spring 2025;001;15816;Eklund, Elizabeth M.;22.5%;10.0%;32.5%;;;10.0%;10.0%;2.5%;7.5%;;2.5%;;;;;;;;;;;;2.5%;
;;33500;Primate Behavior;202520;Spring 2025;001;31698;Lindshield, Stacy;33.3%;22.2%;2.2%;;17.8%;6.7%;4.4%;2.2%;;;;;;;4.4%;;;;;;;;6.7%;
;;33600;Human Variation;202520;Spring 2025;001;28892;Schrader, Sarah A.;43.2%;2.3%;18.2%;;20.5%;6.8%;4.5%;;;2.3%;;;;;;;;;;;;;2.3%;
;;;Human Variation-Honors;202520;Spring 2025;001;28892;Schrader, Sarah A.;;;100.0%;;;;;;;;;;;;;;;;;;;;;
;;34000;Global Health;202520;Spring 2025;003;24762;Wirtz, Elizabeth J.;26.1%;8.7%;31.9%;;5.8%;;11.6%;5.8%;1.4%;5.8%;;;;;;;;1.4%;;;;;1.4%;
;;;;;;011;16274;Rubaii, Kali;51.0%;10.2%;6.1%;;8.2%;2.0%;6.1%;2.0%;2.0%;2.0%;;;;;4.1%;;;;;;;;6.1%;
;;37900;Native American Cultures;202520;Spring 2025;002;13873;Cooper, Harold K.;82.0%;;;1.0%;10.0%;;;1.0%;;;1.0%;;;;1.0%;;;;;;;;4.0%;
;;38400;Designing For People;202520;Spring 2025;001;19820;Farrington, Shawn W.;65.6%;6.3%;15.6%;;3.1%;3.1%;6.3%;;;;;;;;;;;;;;;;;
;;38500;Community Engagement Anthro;202520;Spring 2025;001;29590;Renkert, Sarah R.;20.0%;10.0%;55.0%;;;;;;;;;;;;;;;;;;;;15.0%;
;;39200;Visual Anthropology;202520;Spring 2025;003;28834;Docot, Dada;33.3%;16.7%;33.3%;;;;8.3%;;;;;;;;;;;;;;;;8.3%;
;;41400;Intro Langua Culture;202520;Spring 2025;001;17468;Anderson, Myrdene;50.0%;;;;33.3%;;;4.2%;;;;;;;4.2%;;;;;;;;8.3%;
;;43600;Human Evolution;202520;Spring 2025;001;29588;Beasley, Melanie M.;57.9%;;;;15.8%;;15.8%;;;;;;;;;;;;;;;;10.5%;
;;;Human Evolution-Honors;202520;Spring 2025;001;29588;Beasley, Melanie M.;100.0%;;;;;;;;;;;;;;;;;;;;;;;
;;50500;Culture And Society;202520;Spring 2025;001;13888;Rubaii, Kali;45.5%;9.1%;36.4%;;;;;;;;;;;;;;;;;;;;9.1%;
ARAB;ARAB-Arabic;10200;Std Arabic Level II;202520;Spring 2025;005;63522;Guerwane, Lhousseine N.;18.2%;9.1%;27.3%;;;;36.4%;;;;;;;;9.1%;;;;;;;;;
;;;;;;007;66949;Guerwane, Lhousseine N.;18.2%;27.3%;9.1%;;9.1%;9.1%;;;18.2%;9.1%;;;;;;;;;;;;;;
;;20200;Std Arabic Level IV;202520;Spring 2025;002;13362;Guerwane, Lhousseine N.;30.8%;23.1%;7.7%;;15.4%;7.7%;7.7%;;;;;;;;;;;;;;;;7.7%;
ASAM;ASAM-Asian American Studies;24000;Intro Asian American Studies;202520;Spring 2025;001;30378;Trieu, Monica M.;33.3%;38.1%;4.8%;;9.5%;9.5%;4.8%;;;;;;;;;;;;;;;;;
ASEC;ASEC-Agric Sciences Educ &Comm;24000;Sem Agricultural Educ;202520;Spring 2025;SC1;28608;Conrad, Amy K.;53.3%;;46.7%;;;;;;;;;;;;;;;;;;;;;
;;28500;Intro To Publication Design;202520;Spring 2025;001;12478;Tucker, Mark A.;25.0%;25.0%;;;25.0%;;12.5%;;6.3%;;;;;;6.3%;;;;;;;;;
;;30100;Building Intercultural Partner;202520;Spring 2025;001;17535;Bello Bravo, Maria J.;89.3%;;;;3.6%;;;;;;;;;;;;;;;;;;7.1%;
;;31800;Coord Spvd Agr Exp Pro;202520;Spring 2025;001;13149;Talbert, Brian A.;20.0%;13.3%;40.0%;;;;6.7%;;;6.7%;;;6.7%;;;6.7%;;;;;;;;
;;31900;Plan Agr Sci & Bus Pro;202520;Spring 2025;001;33547;Talbert, Brian A.;18.8%;37.5%;12.5%;;;;12.5%;6.3%;;6.3%;;;;;;;;;;;;;6.3%;
;;34100;Curric Devel Ag Ed;202520;Spring 2025;001;13134;LaRose, Sarah E.;12.5%;29.2%;8.3%;;8.3%;8.3%;8.3%;4.2%;20.8%;;;;;;;;;;;;;;;
;;38000;Feature Writing And Production;202520;Spring 2025;001;17753;Smith, Kevin L.;78.6%;;;;21.4%;;;;;;;;;;;;;;;;;;;
;;38500;Comm Strategies In ANR;202520;Spring 2025;001;20690;Forbes, Beth A.;40.0%;24.0%;4.0%;;20.0%;4.0%;8.0%;;;;;;;;;;;;;;;;;
;;55100;Intrnl Engagement & Dev Strat;202520;Spring 2025;002;23556;Burniske, Gary R.;62.5%;;;;12.5%;;6.3%;;;;;;;;6.3%;;;;;;;;12.5%;
;;58500;Science Communication;202520;Spring 2025;001;13797;Pfeiffer, Linda J.;73.3%;6.7%;6.7%;;;;13.3%;;;;;;;;;;;;;;;;;
ASL;ASL-American Sign Language;10100;American Sign Lang I;202520;Spring 2025;002;28319;Borkowski, John A.;22.2%;38.9%;5.6%;;;16.7%;11.1%;;5.6%;;;;;;;;;;;;;;;
;;;;;;003;28320;Borkowski, John A.;33.3%;33.3%;5.6%;;22.2%;;5.6%;;;;;;;;;;;;;;;;;
;;;;;;004;32032;Steggs, Stacy A.;12.5%;31.3%;;;12.5%;12.5%;25.0%;;;;6.3%;;;;;;;;;;;;;
;;;;;;005;32281;Steggs, Stacy A.;12.5%;31.3%;;;31.3%;6.3%;18.8%;;;;;;;;;;;;;;;;;
;;;;;;Y01;25649;Mowl, Rita M.;25.0%;25.0%;;;12.5%;12.5%;18.8%;;;;;;;;;;;6.3%;;;;;;
;;;;;;Y02;25650;Mowl, Rita M.;25.0%;12.5%;6.3%;;12.5%;;12.5%;;6.3%;;;;;;6.3%;;;;;;;;18.8%;
;;10200;American Sign Lang II;202520;Spring 2025;005;20096;Ovesen, Dawn R.;25.0%;37.5%;6.3%;;12.5%;12.5%;;6.3%;;;;;;;;;;;;;;;;
;;;;;;006;20097;Ovesen, Dawn R.;6.7%;;;;20.0%;13.3%;20.0%;;;;13.3%;6.7%;;;6.7%;;;6.7%;;;;;6.7%;
;;;;;;007;28321;Shay, Robin A.;11.8%;35.3%;5.9%;;5.9%;5.9%;5.9%;5.9%;;11.8%;;;5.9%;;;;;;;;;;5.9%;
;;;;;;008;28322;Shay, Robin A.;22.2%;38.9%;5.6%;;11.1%;5.6%;5.6%;;;;;;;;;;;;;;;;11.1%;
;;20100;American Sign Lang III;202520;Spring 2025;002;28323;Borkowski, Sharon L.;27.3%;36.4%;18.2%;;9.1%;;9.1%;;;;;;;;;;;;;;;;;
;;;;;;003;28324;Borkowski, Sharon L.;31.3%;43.8%;;;;;18.8%;6.3%;;;;;;;;;;;;;;;;
;;;American Sign Lang III-Honors;202520;Spring 2025;002;28323;Borkowski, Sharon L.;;;100.0%;;;;;;;;;;;;;;;;;;;;;
;;20200;American Sign Lang IV;202520;Spring 2025;003;11106;Shay, Robin A.;17.6%;29.4%;5.9%;;11.8%;11.8%;5.9%;;;5.9%;;;;;;;;;;;;;11.8%;
;;28000;Amer Deaf:Lng, Cul,Soc;202520;Spring 2025;001;10738;Borkowski, Sharon L.;23.6%;32.7%;5.5%;;;14.5%;12.7%;5.5%;1.8%;;;;;1.8%;1.8%;;;;;;;;;
;;30200;ASL Advanced-Level VI;202520;Spring 2025;001;31404;Borkowski, John A.;46.2%;30.8%;15.4%;;;;7.7%;;;;;;;;;;;;;;;;;
;;36200;Structure Of ASL II;202520;Spring 2025;001;24841;Shay, Robin A.;53.8%;7.7%;23.1%;;;7.7%;;;;;;;;;;7.7%;;;;;;;;
;;;Structure Of ASL II-Honors;202520;Spring 2025;001;24841;Shay, Robin A.;100.0%;;;;;;;;;;;;;;;;;;;;;;;
ASM;ASM-Agricultural Systems Mgmt;10400;Intro To Agri Systems;202520;Spring 2025;003;20120;Ehlers, Shawn G.;63.6%;;;;4.5%;;;;;13.6%;9.1%;;4.5%;;;;;4.5%;;;;;;
;;10500;Computing Tech Applications;202520;Spring 2025;003;43745;Buckmaster, Dennis R.;15.6%;18.8%;9.4%;;9.4%;9.4%;18.8%;6.3%;3.1%;;6.3%;;3.1%;;;;;;;;;;;
;;21600;Introduction To Surveying;202520;Spring 2025;002;19583;Lentz, Grace N.;12.0%;8.0%;68.0%;;4.0%;;4.0%;;;;;;;;4.0%;;;;;;;;;
;;24500;Materials Hand & Proc;202520;Spring 2025;001;11119;Ehlers, Shawn G.;59.1%;18.2%;;;18.2%;;4.5%;;;;;;;;;;;;;;;;;
;;33300;Facilities Plan & Mgmt;202520;Spring 2025;001;11126;Harlow, Stanley D.;20.0%;13.3%;3.3%;;10.0%;6.7%;13.3%;6.7%;6.7%;3.3%;3.3%;;10.0%;;;;;;;;;;3.3%;
;;34500;Power Unit Power Train;202520;Spring 2025;001;27709;Stwalley, Robert M.;28.6%;;9.5%;;47.6%;;9.5%;4.8%;;;;;;;;;;;;;;;;
;;35000;Safety In Agriculture;202520;Spring 2025;001;11128;Field, William E.;51.6%;22.6%;6.5%;;9.7%;;6.5%;;;;;;;;3.2%;;;;;;;;;
;;42000;Elect Power & Controls;202520;Spring 2025;001;16342;Ileleji, Klein;3.3%;23.3%;30.0%;;16.7%;6.7%;16.7%;;;3.3%;;;;;;;;;;;;;;
;;42200;Adv Machine Technology For Ag;202520;Spring 2025;001;32039;Evans, John T.;;16.7%;8.3%;;16.7%;16.7%;16.7%;;8.3%;8.3%;;;;;8.3%;;;;;;;;;
;;49100;Mthds Of Tching Ag Technology;202520;Spring 2025;001;25127;Ehlers, Shawn G.;88.9%;5.6%;;;5.6%;;;;;;;;;;;;;;;;;;;
;;49500;Capstone Project;202520;Spring 2025;002;21047;Lumkes, John H.;18.2%;40.9%;;;4.5%;13.6%;9.1%;;4.5%;9.1%;;;;;;;;;;;;;;
ASTR;ASTR-Astronomy;26400;Dscr Astr-Star & Galxs;202520;Spring 2025;001;11146;Austin, Robert A.;14.6%;6.3%;63.9%;;1.4%;2.1%;2.8%;1.4%;0.7%;1.4%;0.7%;;;;4.2%;;;;;;;;0.7%;
;;36400;Stars And Galaxies;202520;Spring 2025;001;11159;Van 'T Hoff, Merel L.;3.8%;15.0%;5.0%;;15.0%;10.0%;16.3%;10.0%;;10.0%;;3.8%;2.5%;;;;;;;;;;8.8%;
;;56000;Stellar Evolution;202520;Spring 2025;001;59280;Polin, Abigail E.;31.6%;5.3%;15.8%;;5.3%;;5.3%;10.5%;5.3%;15.8%;;;;;;;;5.3%;;;;;;
AT;AT-Aviation Technology;10000;Intro Aviation Tech;202520;Spring 2025;001;11468;Dillman, Brian G.;27.8%;5.6%;36.1%;;8.3%;;5.6%;2.8%;;2.8%;;;;;5.6%;;;;;;;;5.6%;
;;10200;Aviation Business;202520;Spring 2025;001;57134;Liu, Jiayu;88.9%;;;;6.9%;;;1.4%;;;;;;;;;;1.4%;;;;;1.4%;
;;10300;Aero Veh Prop & Track Sys;202520;Spring 2025;001;57135;Brewer, Todd A.;51.0%;;;;23.8%;;;8.2%;;;4.8%;;;;5.4%;;;;;;;;6.8%;
;;;Aero Veh Prop&Track Sys-Honors;202520;Spring 2025;001;57135;Brewer, Todd A.;100.0%;;;;;;;;;;;;;;;;;;;;;;;
;;10600;Basic Aircraft Science;202520;Spring 2025;001;13707;Mitchell, George G.;32.1%;;;;35.7%;;;17.9%;;;4.8%;;;;4.8%;;;;;;;;4.8%;
;;11200;Intro Operational Aviat Safety;202520;Spring 2025;001;28467;Brown, Stephanie N.;54.3%;8.6%;11.4%;;7.1%;;12.9%;1.4%;;1.4%;;;;;;;;;;;;;2.9%;
;;11600;Aircraft Science For Eng Tech;202520;Spring 2025;001;16328;Mitchell, George G.;11.1%;;;;59.3%;;;25.9%;;;;;;;;;;;;;;;3.7%;
;;11901;UAS Safety And Risk Management;202520;Spring 2025;003;20431;Lercel, Damon J.;28.1%;;;;40.6%;;;15.6%;;;9.4%;;;;;;;;;;;;6.3%;
;;12700;Publications Records And Regs;202520;Spring 2025;002;29263;Gouwens, David W.;50.0%;;;;42.9%;;;;;;;;;;3.6%;;;;;;;;3.6%;
;;14400;Private Pilot Lectures;202520;Spring 2025;001;13568;Flores, Abner D.;22.2%;22.2%;50.0%;;;;5.6%;;;;;;;;;;;;;;;;;
;;20200;Aero Veh Sys Dsgn Analy & Ops;202520;Spring 2025;001;63277;Brewer, Todd A.;60.9%;;;;18.8%;;;11.7%;;;3.9%;;;;3.1%;;;;;;;;1.6%;
;;20501;Statics For Aerostructures;202520;Spring 2025;003;69280;Ziulkowski, Jonathon D.;50.0%;;;;25.0%;;;11.1%;;;5.6%;;;;2.8%;;;;;;;;5.6%;
;;20700;Intro Aircraft Systems;202520;Spring 2025;003;13854;Mitchell, George G.;59.0%;;;;29.5%;;;8.2%;;;;;;;1.6%;;;;;;;;1.6%;
;;20802;Aircraft Materials;202520;Spring 2025;001;12091;Habig, Ashley E.;59.7%;;;;31.2%;;;5.2%;;;;;;;3.9%;;;;;;;;;
;;21200;Operational Risk Assessment;202520;Spring 2025;001;28471;Brown, Stephanie N.;15.8%;2.6%;76.3%;;;;5.3%;;;;;;;;;;;;;;;;;
;;21900;Auton Aircraft Tech & Maint II;202520;Spring 2025;003;14343;Rose, Nathan T.;10.5%;10.5%;10.5%;;15.8%;15.8%;26.3%;;5.3%;5.3%;;;;;;;;;;;;;;
;;22300;Human Factors Flight Crew;202520;Spring 2025;001;63340;Ziulkowski, Jonathon D.;82.9%;;;;14.3%;;;2.9%;;;;;;;;;;;;;;;;
;;24900;Instrumt Flt Lectures;202520;Spring 2025;001;11486;Henneberry, Debra;41.4%;8.6%;24.1%;;5.2%;3.4%;8.6%;;;;1.7%;1.7%;;;1.7%;;;;;;;;3.4%;
;;25400;Commercial Flt Lecture;202520;Spring 2025;002;26750;Henneberry, Debra;38.8%;8.2%;49.0%;;2.0%;;2.0%;;;;;;;;;;;;;;;;;
;;;Commercial Flt Lecture-Honors;202520;Spring 2025;002;26750;Henneberry, Debra;;;100.0%;;;;;;;;;;;;;;;;;;;;;
;;26200;Bsc Aircrft Pwrplt Tch;202520;Spring 2025;002;16199;Meyer, Corben D.;60.4%;;;;31.3%;;;4.2%;;;;;;;4.2%;;;;;;;;;
;;26502;Aircraft Electrical Systems;202520;Spring 2025;002;12134;Barnes, Donald K.;79.7%;;;;13.6%;;;;;;5.1%;;;;1.7%;;;;;;;;;
;;26700;Fixed & Rotry Wng Assy;202520;Spring 2025;001;21317;Thom, James M.;40.6%;;;;37.5%;;;9.4%;;;;;;;6.3%;;;;;;;;6.3%;
;;27200;Intro To Compst Tech;202520;Spring 2025;001;13541;Sterkenburg, Ronald;66.7%;;;;30.3%;;;;;;;;;;;;;3.0%;;;;;;
;;27800;Nondestruc Test Aircft;202520;Spring 2025;001;11590;Brewer, Todd A.;73.5%;;;;11.8%;;;8.8%;;;;;;;2.9%;;;;;;;;2.9%;
;;29000;Aircraft Systems Lab;202520;Spring 2025;006;23491;Mitchell, George G.;90.9%;;;;;;;;;;;;;;;;;;;;;;9.1%;
;;;Design Thinking In Technology;202520;Spring 2025;004;19635;Kim, Garam;42.4%;;;;33.3%;;;15.2%;;;6.1%;;;;3.0%;;;;;;;;;
;;30702;Advanced Aircraft Systems;202520;Spring 2025;003;13962;Meyer, Corben D.;84.2%;;;;5.3%;;;5.3%;;;;;;;2.6%;;;;;;;;2.6%;
;;30802;Aircraft Materials Processes;202520;Spring 2025;002;69627;Meyer, Corben D.;49.1%;;;;36.4%;;;9.1%;;;3.6%;;;;1.8%;;;;;;;;;
;;;Aircraft Matrls Process-Honors;202520;Spring 2025;002;69627;Meyer, Corben D.;100.0%;;;;;;;;;;;;;;;;;;;;;;;
;;31900;UAS Apps, Data And Doc;202520;Spring 2025;003;14867;Hupy, Joseph P.;33.3%;33.3%;;;5.6%;5.6%;22.2%;;;;;;;;;;;;;;;;;
;;32001;Advanced Aviation Operations;202520;Spring 2025;001;32230;Kelly, Shaun J.;10.9%;;34.8%;;21.7%;6.5%;8.7%;6.5%;;2.2%;;2.2%;4.3%;;;;;;;;;;2.2%;
;;32501;Advanced Aviation Meteorology;202520;Spring 2025;001;69927;Flores, Abner D.;22.0%;;70.7%;;7.3%;;;;;;;;;;;;;;;;;;;
;;32700;Adv Transprt Flight Op;202520;Spring 2025;001;11624;Keller, Julius C.;51.1%;;;;33.3%;;;6.7%;;;4.4%;;;;2.2%;;;;;;;;2.2%;
;;;Adv Transprt Flight Op-Honors;202520;Spring 2025;001;11624;Keller, Julius C.;;;;;;;;;;;100.0%;;;;;;;;;;;;;
;;33502;Avionics Systems;202520;Spring 2025;001;69861;Barnes, Donald K.;95.0%;;;;5.0%;;;;;;;;;;;;;;;;;;;
;;;;;;007;32055;Barnes, Donald K.;87.5%;;;;;;;6.3%;;;;;;;;;;;;;;;6.3%;
;;;;;;008;32056;Barnes, Donald K.;71.4%;4.8%;;;19.0%;;;4.8%;;;;;;;;;;;;;;;;
;;33800;Airline Management;202520;Spring 2025;001;20125;Gao, Yi;72.5%;;;;25.0%;;;2.5%;;;;;;;;;;;;;;;;
;;35200;Flight Instr Lectures;202520;Spring 2025;001;11628;Dillman, Brian G.;95.0%;;;;;;;5.0%;;;;;;;;;;;;;;;;
;;35400;Turbine Flight Ops Lect;202520;Spring 2025;001;28210;Gephart, Raymond F.;55.8%;;36.5%;;3.8%;;;1.9%;;1.9%;;;;;;;;;;;;;;
;;35900;Airport Management;202520;Spring 2025;001;11178;Hubbard, Sarah M.;44.4%;8.9%;;;33.3%;;6.7%;2.2%;;2.2%;2.2%;;;;;;;;;;;;;
;;36201;Aviation Operations;202520;Spring 2025;002;20505;Kelly, Shaun J.;4.5%;12.5%;59.1%;;8.0%;5.7%;2.3%;1.1%;2.3%;1.1%;1.1%;;2.3%;;;;;;;;;;;
;;;Aviation Operations-Honors;202520;Spring 2025;002;20505;Kelly, Shaun J.;100.0%;;;;;;;;;;;;;;;;;;;;;;;
;;36302;Fundamentals Of Powerplant Sys;202520;Spring 2025;002;17285;Yother, Tracy L.;71.2%;;;;21.2%;;;5.8%;;;1.9%;;;;;;;;;;;;;
;;37200;Aircraft Maint Pract;202520;Spring 2025;001;11703;Gouwens, David W.;85.0%;;;;10.0%;;;;;;;;;;;;;5.0%;;;;;;
;;37600;Arcr Gas Trb Eng Tch I;202520;Spring 2025;002;23011;Davis, John M.;81.1%;;;;16.2%;;;2.7%;;;;;;;;;;;;;;;;
;;38100;Aviation Security;202520;Spring 2025;001;11709;Kelly, Shaun J.;41.5%;20.8%;18.9%;;11.3%;1.9%;1.9%;1.9%;;;;;;;;;;;;;;;1.9%;
;;38500;Design Support Anlysis;202520;Spring 2025;001;14595;Thom, James M.;85.5%;;;;7.3%;;;5.5%;;;;;;;;;;;;;;;1.8%;
;;38800;Large Aircraft Systems;202520;Spring 2025;001;57139;Ziakkas, Dimitrios;47.7%;15.9%;22.7%;;6.8%;;4.5%;;;2.3%;;;;;;;;;;;;;;
;;;Large Aircraft Systems-Honors;202520;Spring 2025;001;57139;Ziakkas, Dimitrios;50.0%;;;;;;50.0%;;;;;;;;;;;;;;;;;
;;40300;Airman Certif Proced;202520;Spring 2025;001;32264;Davis, John M.;96.4%;;;;;;;;;;;;;;;;;;;;;;3.6%;
;;41200;Aviation Finance;202520;Spring 2025;001;26648;Sanchez Cortes, Gustavo A.;43.5%;13.0%;21.7%;;;4.3%;13.0%;;;;;;;;;;;;;;;;4.3%;
;;41600;Airline Indoctrination;202520;Spring 2025;001;58146;Strickland, Paul B.;42.9%;2.0%;53.1%;;;2.0%;;;;;;;;;;;;;;;;;;
;;41901;Advanced Air Mobility Capstone;202520;Spring 2025;002;15436;Chen, Wenxin;69.2%;;15.4%;;15.4%;;;;;;;;;;;;;;;;;;;
;;42101;Managerial Econ In Aviation;202520;Spring 2025;001;13922;Wei, Mengyi;10.5%;19.3%;10.5%;;12.3%;12.3%;17.5%;3.5%;3.5%;5.3%;;;1.8%;;;;;;;;;;3.5%;
;;44502;Aircraft Electronics;202520;Spring 2025;001;13989;Barnes, Donald K.;93.8%;;;;;;;;;;;;;;;;;;;;;;6.3%;
;;;;;;006;32059;Barnes, Donald K.;90.5%;;;;9.5%;;;;;;;;;;;;;;;;;;;
;;45900;Airport Manager Certif;202520;Spring 2025;001;11741;Baxmeyer, Adam W.;67.6%;;;;26.5%;;;2.9%;;;;;;;;;;;;;;;2.9%;
;;47200;Adv Composite Tech;202520;Spring 2025;001;13917;Kim, Garam;63.6%;;;;36.4%;;;;;;;;;;;;;;;;;;;
;;;Adv Composite Tech-Honors;202520;Spring 2025;001;13917;Kim, Garam;;;;;100.0%;;;;;;;;;;;;;;;;;;;
;;47500;Aviation Law;202520;Spring 2025;001;11765;Suckow, Michael W.;88.5%;;;;6.3%;;4.2%;;;1.0%;;;;;;;;;;;;;;
;;47600;Arcr Gas Trb En Tch II;202520;Spring 2025;001;11766;Davis, John M.;63.3%;;;;33.3%;;;;;;;;;;;;;3.3%;;;;;;
;;48000;Adv Aviation Manufacturing;202520;Spring 2025;001;24478;Davis, John M.;100.0%;;;;;;;;;;;;;;;;;;;;;;;
;;48700;Boeing Transport A/C Sim Lab;202520;Spring 2025;025;30865;Strickland, Paul B.;;;;;;;;;;;;;;;;;;100.0%;;;;;;
;;49200;Aircrft Airworth Assur;202520;Spring 2025;001;24929;Ropp, Timothy D.;81.4%;;;;16.3%;;;;;;;;;;;;;;;;;;2.3%;
;;49401;Capstone Project Proposal;202520;Spring 2025;002;24915;Suckow, Michael W.;97.3%;;;;1.4%;;1.4%;;;;;;;;;;;;;;;;;
;;49501;Applied Capstone Res Proj;202520;Spring 2025;001;26913;Suckow, Michael W.;89.0%;;;;8.2%;;;2.7%;;;;;;;;;;;;;;;;
;;49600;Applied Research Proposal;202520;Spring 2025;001;28386;Ropp, Timothy D.;95.7%;;;;4.3%;;;;;;;;;;;;;;;;;;;
;;49700;Applied Resrch Project;202520;Spring 2025;001;11782;Ropp, Timothy D.;98.0%;;;;2.0%;;;;;;;;;;;;;;;;;;;
;;49800;Aviation Technology Capstone;202520;Spring 2025;002;64283;Flores, Abner D.;13.9%;22.2%;61.1%;;2.8%;;;;;;;;;;;;;;;;;;;
;;52500;Process Impr & Simulation;202520;Spring 2025;001;23727;Mott, John H.;27.3%;63.6%;;;;;9.1%;;;;;;;;;;;;;;;;;
;;53200;Transportation Security;202520;Spring 2025;001;16560;Rose, Nathan T.;100.0%;;;;;;;;;;;;;;;;;;;;;;;
;;54700;Airline Rev Mgt;202520;Spring 2025;001;22530;Gao, Yi;91.7%;;;;8.3%;;;;;;;;;;;;;;;;;;;
;;54900;Aircraft Leasing;202520;Spring 2025;001;28376;Bilotkach, Volodymyr;71.4%;28.6%;;;;;;;;;;;;;;;;;;;;;;
;;57300;Manag Risk Of Org Acci;202520;Spring 2025;001;15953;Dubikovsky, Sergey I.;93.8%;;;;6.3%;;;;;;;;;;;;;;;;;;;
;;64000;Aviation & Aero Sustainability;202520;Spring 2025;001;16184;Johnson, Mary E.;66.7%;16.7%;8.3%;;;;8.3%;;;;;;;;;;;;;;;;;
BAND;BAND-Bands;11000;Marching Band;202520;Spring 2025;001;22325;Conaway, Matthew R.;100.0%;;;;;;;;;;;;;;;;;;;;;;;
;;;;;;F01;11794;Conaway, Matthew R.;100.0%;;;;;;;;;;;;;;;;;;;;;;;
;;;;;;G01;15908;Conaway, Matthew R.;100.0%;;;;;;;;;;;;;;;;;;;;;;;
;;;;;;T01;15907;Conaway, Matthew R.;100.0%;;;;;;;;;;;;;;;;;;;;;;;
;;11100;Symphony Orchestra;202520;Spring 2025;002;11165;Bodony, Adam M.;92.7%;4.9%;;;;;1.2%;;;;;;;;;;;;;;;;1.2%;
;;;;;;003;26915;Bodony, Adam M.;94.2%;;1.4%;;;;2.9%;;;;;;;;;;;;;;;;1.4%;
;;;;;;004;30769;Bodony, Adam M.;90.8%;3.9%;;;;;;;1.3%;;;;;;;;;;;;;;3.9%;
;;;Symphony Orchestra-Honors;202520;Spring 2025;002;11165;Bodony, Adam M.;100.0%;;;;;;;;;;;;;;;;;;;;;;;
;;;;;;003;26915;Bodony, Adam M.;100.0%;;;;;;;;;;;;;;;;;;;;;;;
;;;;;;004;30769;Bodony, Adam M.;100.0%;;;;;;;;;;;;;;;;;;;;;;;
;;11200;American Music Review;202520;Spring 2025;001;11798;Robinson, Bethany E.;100.0%;;;;;;;;;;;;;;;;;;;;;;;
;;11300;Jazz Ensemble;202520;Spring 2025;001;11799;Robinson, Bethany E.;100.0%;;;;;;;;;;;;;;;;;;;;;;;
;;;;;;002;17983;Harris, Jarrard L.;83.9%;;16.1%;;;;;;;;;;;;;;;;;;;;;
;;11400;Basic Jazz;202520;Spring 2025;005;17142;Robinson, Bethany E.;100.0%;;;;;;;;;;;;;;;;;;;;;;;
;;;;;;009;27172;Harris, Jarrard L.;73.1%;;19.2%;7.7%;;;;;;;;;;;;;;;;;;;;
;;;;;;011;27174;Harris, Jarrard L.;78.8%;;21.2%;;;;;;;;;;;;;;;;;;;;;
;;;;;;013;27176;Robinson, Bethany E.;100.0%;;;;;;;;;;;;;;;;;;;;;;;
;;11500;String Orchestra;202520;Spring 2025;002;17328;Wild, Christopher D.;96.0%;4.0%;;;;;;;;;;;;;;;;;;;;;;
;;11600;Symphonic Band;202520;Spring 2025;001;11805;Conaway, Matthew R.;96.8%;3.2%;;;;;;;;;;;;;;;;;;;;;;
;;;Symphonic Band-Honors;202520;Spring 2025;001;11805;Conaway, Matthew R.;100.0%;;;;;;;;;;;;;;;;;;;;;;;
;;11700;Concert Band;202520;Spring 2025;001;11806;Blon, David M.;98.4%;;;;;;;;;;;;;;;;;;;;;;1.6%;
;;;Concert Band-Honors;202520;Spring 2025;001;11806;Blon, David M.;100.0%;;;;;;;;;;;;;;;;;;;;;;;
;;11800;Collegiate Band;202520;Spring 2025;002;46428;Petersen, Lucas H.;100.0%;;;;;;;;;;;;;;;;;;;;;;;
;;;;;;003;30796;Blon, David M.;98.4%;;;;;;;;;;;;;;;;;;;;;;1.6%;
;;;Collegiate Band-Honors;202520;Spring 2025;003;30796;Blon, David M.;100.0%;;;;;;;;;;;;;;;;;;;;;;;
;;11900;Varsity Band;202520;Spring 2025;003;11174;Fletcher, Douglas R.;96.5%;;;;;;;;;;;;;;;;;;;;;;3.5%;
;;;;;;004;27178;Fletcher, Douglas R.;100.0%;;;;;;;;;;;;;;;;;;;;;;;
;;;;;;005;27179;Petersen, Lucas H.;96.4%;;;;;;;;;;;;;;1.2%;;;;;;;;2.4%;
;;;Varsity Band-Honors;202520;Spring 2025;005;27179;Petersen, Lucas H.;100.0%;;;;;;;;;;;;;;;;;;;;;;;
;;35000;Wind Ensemble I;202520;Spring 2025;001;45083;Gephart, Jay S.;100.0%;;;;;;;;;;;;;;;;;;;;;;;
;;;Wind Ensemble I-Honors;202520;Spring 2025;001;45083;Gephart, Jay S.;100.0%;;;;;;;;;;;;;;;;;;;;;;;
BCHM;BCHM-Biochemistry;22100;Anly Biochemistry;202520;Spring 2025;001;11811;Carter, Benjamin C.;73.5%;;;;20.6%;;;;;;;;;;;;;;;;;;5.9%;
;;;Anly Biochemistry-Honors;202520;Spring 2025;001;11811;Carter, Benjamin C.;100.0%;;;;;;;;;;;;;;;;;;;;;;;
;;29000;Experimental Design Seminar;202520;Spring 2025;001;54185;Carter, Benjamin C.;71.7%;;;;21.7%;;;2.2%;;;;;;;;;;;;;;;4.3%;
;;30700;Biochemistry;202520;Spring 2025;003;14588;Hart, Orla M.;56.4%;;;;35.6%;;;5.4%;;;1.9%;;;;0.3%;;;;;;;;0.3%;
;;;Biochemistry-Honors;202520;Spring 2025;003;14588;Hart, Orla M.;83.3%;;;;16.7%;;;;;;;;;;;;;;;;;;;
;;30900;Biochemistry Lab;202520;Spring 2025;005;11819;Hart, Orla M.;10.0%;;;;45.0%;;;35.0%;;;10.0%;;;;;;;;;;;;;
;;;;;;006;11820;Hart, Orla M.;17.6%;;;;35.3%;;;47.1%;;;;;;;;;;;;;;;;
;;;;;;007;43400;Hart, Orla M.;15.8%;;;;57.9%;;;26.3%;;;;;;;;;;;;;;;;
;;;;;;009;22098;Hart, Orla M.;5.9%;;;;29.4%;;;41.2%;;;23.5%;;;;;;;;;;;;;
;;;;;;010;32478;Hart, Orla M.;11.8%;;;;29.4%;;;47.1%;;;5.9%;;;;5.9%;;;;;;;;;
;;32200;Analytical Biochemistry II;202520;Spring 2025;004;11181;Carter, Benjamin C.;40.0%;;;;50.0%;;;5.0%;;;5.0%;;;;;;;;;;;;;
;;36100;Molecules;202520;Spring 2025;001;11183;Weake, Vikki M.;59.2%;;;;20.4%;;;10.2%;;;4.1%;;;;;;;;;;;;6.1%;
;;42100;R For Molecular Biosci-Honors;202520;Spring 2025;001;16278;Pascuzzi, Pete E.;100.0%;;;;;;;;;;;;;;;;;;;;;;;
;;;R For Molecular Biosciences;202520;Spring 2025;001;16278;Pascuzzi, Pete E.;44.8%;17.2%;;;20.7%;6.9%;6.9%;;;3.4%;;;;;;;;;;;;;;
;;43400;Medical Topics In Biochem;202520;Spring 2025;001;12998;Briggs, Scott D.;27.9%;4.7%;7.0%;;20.9%;;16.3%;7.0%;;2.3%;9.3%;;2.3%;;;;;;;;;;2.3%;
;;46500;Biochemistry Of Life Processes;202520;Spring 2025;001;62827;Hall, Mark C.;24.1%;14.8%;3.7%;;22.2%;3.7%;13.0%;7.4%;1.9%;5.6%;3.7%;;;;;;;;;;;;;
;;49000;Undergraduate Seminar;202520;Spring 2025;001;11823;Hart, Orla M.;100.0%;;;;;;;;;;;;;;;;;;;;;;;
;;56200;Gen Biochemistry II;202520;Spring 2025;001;11839;Tran, Elizabeth J.;38.9%;;;;38.9%;;;11.1%;;;5.6%;;;;;;;;;;;;5.6%;
;;61000;Eukaryotic Gene Expression;202520;Spring 2025;001;15944;Hall, Hana;71.4%;;;3.6%;17.9%;;;;;;3.6%;;;;;;;;;;;;3.6%;
;;62000;Proteomics/Mass Spectrometry;202520;Spring 2025;001;13124;Tao, Weiguo A.;33.3%;13.3%;;;46.7%;6.7%;;;;;;;;;;;;;;;;;;
;;69000;Sem In Biochemistry;202520;Spring 2025;001;21860;Hart, Orla M.;86.7%;;;;;;;;;;;;;;;;;;;;;;13.3%;
BIOL;BIOL-Biological Sciences;11000;Fundamentals Biol I;202520;Spring 2025;001;11220;Schumacher, Grace A.;35.2%;;5.3%;;12.7%;;30.3%;2.1%;;8.1%;0.7%;;0.7%;;1.1%;;;1.8%;;;;;2.1%;
;;;;;;002;24524;Schumacher, Grace A.;37.6%;;3.3%;;12.8%;;25.9%;4.4%;;8.0%;1.5%;;2.6%;;0.7%;;;0.7%;;;;;2.6%;
;;;Fundamentals Biol I-Honors;202520;Spring 2025;001;11220;Schumacher, Grace A.;50.0%;;;;;;50.0%;;;;;;;;;;;;;;;;;
;;;;;;002;24524;Schumacher, Grace A.;40.0%;;;;20.0%;;40.0%;;;;;;;;;;;;;;;;;
;;11100;Fundamentals Biol II;202520;Spring 2025;001;11378;Humphrey, Sean E.;26.1%;26.6%;1.1%;;16.8%;5.0%;15.7%;1.7%;0.3%;3.4%;0.6%;0.3%;0.3%;;0.8%;;;0.8%;;;;;0.6%;
;;;;;;002;11379;Humphrey, Sean E.;23.0%;24.4%;1.9%;;16.7%;7.1%;17.5%;2.5%;1.4%;3.0%;;;0.5%;;0.5%;;;0.5%;;;;;0.8%;
;;;;;;003;11380;Humphrey, Sean E.;20.3%;24.8%;1.7%;;14.5%;6.7%;21.2%;1.9%;1.9%;3.6%;0.3%;0.3%;;;0.3%;;;0.3%;;;;;2.2%;
;;;Fundamentals Biol II-Honors;202520;Spring 2025;001;11378;Humphrey, Sean E.;51.9%;29.6%;7.4%;;;;7.4%;;;3.7%;;;;;;;;;;;;;;
;;;;;;002;11379;Humphrey, Sean E.;55.6%;22.2%;;;5.6%;;16.7%;;;;;;;;;;;;;;;;;
;;;;;;003;11380;Humphrey, Sean E.;44.0%;20.0%;;;16.0%;4.0%;12.0%;4.0%;;;;;;;;;;;;;;;;
;;13100;Biol II Dev Struc Func;202520;Spring 2025;001;11387;Camarillo, Ignacio G.;24.0%;;;;32.3%;;;26.4%;;;10.1%;;;;6.7%;;;;;;;;0.5%;
;;13500;First Year Biology Lab;202520;Spring 2025;001;49699;Adler, Jacob J.;65.0%;;;;25.8%;;;7.5%;;;0.8%;;;;;;;;;;;;0.8%;
;;14504;First Yr Lab Diet Disease-Honr;202520;Spring 2025;001;25126;Olson, Matthew;100.0%;;;;;;;;;;;;;;;;;;;;;;;
;;20400;Human Antmy & Physiol;202520;Spring 2025;002;11393;Castro Bohorquez, Beatriz;36.6%;;7.9%;;22.1%;;9.7%;13.4%;;5.0%;3.4%;;;;1.1%;;;;;;;;0.8%;
;;;;;;003;24964;Castro Bohorquez, Beatriz;34.9%;;8.9%;;24.2%;;10.5%;11.8%;;4.3%;3.2%;;;;0.5%;;;;;;;;1.6%;
;;;;;;SC1;11392;Castro Bohorquez, Beatriz;38.7%;;13.3%;;19.7%;;8.5%;10.7%;;3.5%;3.5%;;;;0.8%;;;;;;;;1.3%;
;;;Human Antmy & Physiol-Honors;202520;Spring 2025;002;11393;Castro Bohorquez, Beatriz;100.0%;;;;;;;;;;;;;;;;;;;;;;;
;;;;;;003;24964;Castro Bohorquez, Beatriz;63.6%;;27.3%;;;;;;;;9.1%;;;;;;;;;;;;;
;;;;;;SC1;11392;Castro Bohorquez, Beatriz;50.0%;;16.7%;;16.7%;;;;;;;;;;;;;;;;;;16.7%;
;;20600;Biol Elem Sch Teach;202520;Spring 2025;001;12128;White, Stuart K.;12.8%;24.8%;15.2%;;12.0%;5.6%;6.4%;3.2%;6.4%;6.4%;1.6%;1.6%;;;0.8%;;;;;;;;3.2%;
;;22100;Intro To Microbiology;202520;Spring 2025;001;12142;Pappas, Donald L.;27.3%;;;0.3%;38.6%;;;24.8%;;;6.3%;;;;;;;;;;;;2.8%;
;;24100;Biol IV Gntcs Mlclr;202520;Spring 2025;001;11396;Chang, Henry C.;25.5%;;1.8%;;27.3%;;1.8%;23.4%;;;10.3%;0.5%;;;0.5%;0.5%;;;;;;;8.5%;
;;24200;Lab Bio IV Gntcs Mlclr;202520;Spring 2025;001;11397;Karve, Rucha A.;62.3%;;5.2%;;13.9%;;10.4%;3.0%;;1.5%;0.7%;;;;1.2%;;;;;;;;1.7%;
;;;Lab Bio IV Gntcs Mlclr-Honors;202520;Spring 2025;001;11397;Karve, Rucha A.;;;;;;;100.0%;;;;;;;;;;;;;;;;;
;;28600;Intro To Ecol & Evol;202520;Spring 2025;001;11400;Zielinski, Denise L.;7.9%;;1.7%;;26.7%;;13.3%;23.8%;;15.0%;1.9%;;2.4%;;2.1%;;;;;;;;5.2%;
;;29300;Plan Future In Biol;202520;Spring 2025;002;62993;Kuhn, Richard J.;83.7%;;;;10.2%;;;6.1%;;;;;;;;;;;;;;;;
;;32800;Principles Of Physiology;202520;Spring 2025;001;11813;Gardner, Stephanie M.;57.3%;26.0%;7.3%;;1.0%;;7.3%;1.0%;;;;;;;;;;;;;;;;
;;39500;The Gene & Human Society;202520;Spring 2025;002;31646;Adler, Jacob J.;66.7%;;;;20.8%;;;;;;;;;;8.3%;;;;;;;;4.2%;
;;;Cell Diversity & Evolution;202520;Spring 2025;001;29567;Munoz Gomez, Sergio A.;;;7.7%;;15.4%;;15.4%;30.8%;;15.4%;;;;;15.4%;;;;;;;;;
;;39600;Premed Planning Sem;202520;Spring 2025;001;12238;Hines-Pham, Caralynn S.;;;;;;;;;;;;;;;;;;;;97.9%;;2.1%;;
;;;;;;002;69002;Hines-Pham, Caralynn S.;;;;;;;;;;;;;;;;;;;;95.3%;;;4.7%;
;;41500;Intro Molecular Biol;202520;Spring 2025;001;26155;Hanna, Jason A.;18.2%;;18.2%;;21.2%;9.1%;12.1%;6.1%;;6.1%;;6.1%;;;;;;;;;;;3.0%;
;;41600;Viruses & Viral Disease;202520;Spring 2025;001;57239;Kuhn, Richard J.;20.0%;10.7%;;2.7%;13.3%;5.3%;12.0%;13.3%;2.7%;12.0%;2.7%;;;;;;;;;;;;5.3%;
;;;Viruses & Viral Disease-Honors;202520;Spring 2025;001;57239;Kuhn, Richard J.;100.0%;;;;;;;;;;;;;;;;;;;;;;;
;;43900;Lab In Gen Microbiol;202520;Spring 2025;002;25255;Pappas, Donald L.;42.9%;4.8%;4.8%;;14.3%;;14.3%;9.5%;;9.5%;;;;;;;;;;;;;;
;;44400;Human Medical Genetics;202520;Spring 2025;001;11558;Leung, Yuk Fai;22.9%;25.7%;;;17.1%;8.6%;14.3%;;;;2.9%;;;;;;;;;;;;8.6%;
;;48100;Eukaryotic Genetics;202520;Spring 2025;001;11433;Metzger, Brian P.;36.6%;9.8%;4.9%;;14.6%;9.8%;7.3%;4.9%;;2.4%;2.4%;;4.9%;;;;;;;;;;2.4%;
;;49500;Tpcs In Endocrinology & Cancer;202520;Spring 2025;014;29143;Camarillo, Ignacio G.;70.8%;;;;16.7%;;;4.2%;;;4.2%;;;;;;;;;;;;4.2%;
;;49700;Biol Honors Seminar;202520;Spring 2025;H01;10263;Sahley, Christie L.;;;;;;;;;;;;;;;;;;100.0%;;;;;;
;;51101;Intro To X-Ray Crystallography;202520;Spring 2025;001;25136;Noinaj, Nicholas;39.1%;17.4%;8.7%;4.3%;13.0%;4.3%;4.3%;4.3%;;;;;;;;;;4.3%;;;;;;
;;51600;Molecular Biol Cancer;202520;Spring 2025;001;24953;Allen-Petersen, Brittany L.;30.3%;15.2%;11.1%;1.0%;8.1%;3.0%;14.1%;6.1%;1.0%;3.0%;2.0%;1.0%;1.0%;;;;;;;;;;3.0%;
;;52900;Bacterial Physiology;202520;Spring 2025;001;22568;Luo, Zhao-Qing;31.6%;31.6%;5.3%;;10.5%;10.5%;;5.3%;;;5.3%;;;;;;;;;;;;;
;;53800;Mol Cell & Dev Neuro;202520;Spring 2025;001;12306;Ready, Donald F.;60.0%;;;;12.0%;;;16.0%;;;;;;;4.0%;;;;;;;;8.0%;
;;56200;Neural Systems;202520;Spring 2025;001;12316;Dooley, James C.;10.3%;20.7%;24.1%;1.7%;6.9%;8.6%;13.8%;;1.7%;8.6%;;;1.7%;;1.7%;;;;;;;;;
;;56310;Protein Bioinformatics;202520;Spring 2025;001;31407;Kihara, Daisuke;45.8%;4.2%;;4.2%;25.0%;8.3%;;;;12.5%;;;;;;;;;;;;;;
;;58000;Evolution;202520;Spring 2025;001;25671;Christie, Mark R.;10.0%;20.0%;;;22.5%;10.0%;22.5%;2.5%;;7.5%;;5.0%;;;;;;;;;;;;
;;59200;Evolution Of Behavior;202520;Spring 2025;001;23103;Lucas, Jeffrey R.;13.9%;;;;25.0%;2.8%;19.4%;2.8%;11.1%;11.1%;5.6%;;;;2.8%;;;;;;;;2.8%;2.8%
;;59500;Building The Tree Of Life;202520;Spring 2025;092;28835;He, Qixin;13.0%;34.8%;8.7%;4.3%;13.0%;4.3%;13.0%;;;4.3%;;;;;;;;;;;;;4.3%;
;;;CRISPR Mechanism & App;202520;Spring 2025;095;28851;Chang, Leifu;67.6%;;;;23.5%;;;8.8%;;;;;;;;;;;;;;;;
;;;Immun Of Cancer & Infect Dis;202520;Spring 2025;096;21049;Olson, Matthew;87.9%;;;6.1%;6.1%;;;;;;;;;;;;;;;;;;;
;;;Structural Biology Lab;202520;Spring 2025;094;28850;Chang, Leifu;95.8%;;;;4.2%;;;;;;;;;;;;;;;;;;;
;;62000;Adv Top Euk Cell Biol;202520;Spring 2025;001;12334;Aguilar, Ruben C.;36.4%;;27.3%;;27.3%;;;9.1%;;;;;;;;;;;;;;;;
;;66300;Sem Method Prof Dev II;202520;Spring 2025;001;30314;Evans, Janice P.;100.0%;;;;;;;;;;;;;;;;;;;;;;;
;;69100;Biological Res Mthds;202520;Spring 2025;002;17892;Girouard, Linda A.;;;;;;;;;;;;;;;;;;100.0%;;;;;;
;;;;;;003;24127;Girouard, Linda A.;;;;;;;;;;;;;;;;;;75.0%;;;;;25.0%;
;;69500;Microscopy For Life Scientists;202520;Spring 2025;022;14523;Suter, Daniel M.;18.2%;18.2%;;9.1%;9.1%;9.1%;18.2%;;;;;;;;;;;;;;;;9.1%;9.1%
BME;BME-Biomedical Engineering;20200;Thermodynamics In Biomed Engr;202520;Spring 2025;001;22978;Pienaar, Elsje;38.6%;28.9%;;;10.8%;4.8%;12.0%;2.4%;;2.4%;;;;;;;;;;;;;;
;;;;;;002;22979;Cody, Jonathan W.;23.4%;21.3%;;;14.9%;10.6%;17.0%;2.1%;;8.5%;2.1%;;;;;;;;;;;;;
;;22000;Biomol:Strct,Funct,Apl;202520;Spring 2025;001;25205;Solorio, Luis;73.6%;;9.4%;;1.9%;;9.4%;1.9%;;3.8%;;;;;;;;;;;;;;
;;;;;;002;25206;Green, Leopold N.;91.4%;;;;8.6%;;;;;;;;;;;;;;;;;;;
;;23100;Bioinstrument & Circuit Theory;202520;Spring 2025;001;25213;Kish, Brianna R.;16.8%;20.4%;8.8%;;16.1%;5.8%;15.3%;3.6%;6.6%;2.9%;1.5%;0.7%;0.7%;;0.7%;;;;;;;;;
;;23101;Bioinst & Circuit Theory Lab;202520;Spring 2025;001;25215;Marasigan, Vladislav Gavril M.;33.3%;37.5%;8.3%;;;8.3%;12.5%;;;;;;;;;;;;;;;;;
;;;;;;002;25216;Marasigan, Vladislav Gavril M.;33.3%;33.3%;;;16.7%;4.2%;8.3%;;;;4.2%;;;;;;;;;;;;;
;;;;;;003;25217;Marasigan, Vladislav Gavril M.;16.7%;45.8%;;;8.3%;16.7%;4.2%;;8.3%;;;;;;;;;;;;;;;
;;;;;;005;25220;Marasigan, Vladislav Gavril M.;41.7%;25.0%;;;20.8%;4.2%;8.3%;;;;;;;;;;;;;;;;;
;;;;;;006;25223;Marasigan, Vladislav Gavril M.;4.2%;8.3%;8.3%;4.2%;20.8%;8.3%;25.0%;4.2%;;8.3%;;;8.3%;;;;;;;;;;;
;;25600;Physiological Modeling;202520;Spring 2025;001;57811;Babbs, Charles F.;88.0%;;;;10.8%;;;1.2%;;;;;;;;;;;;;;;;
;;;;;;003;21888;Babbs, Charles F.;85.5%;;;;14.5%;;;;;;;;;;;;;;;;;;;
;;31400;Experimental Biomechanics;202520;Spring 2025;001;16138;Chan, Deva D.;22.9%;25.0%;6.3%;;4.2%;12.5%;12.5%;2.1%;2.1%;8.3%;;2.1%;;;;;;;;;;;;2.1%
;;;Exptl Biomechanics-Honors;202520;Spring 2025;001;16138;Chan, Deva D.;100.0%;;;;;;;;;;;;;;;;;;;;;;;
;;35700;Foundations BME Data Science;202520;Spring 2025;001;26368;Kong, Nan K.;35.4%;16.7%;8.3%;;8.3%;2.1%;22.9%;2.1%;;;2.1%;2.1%;;;;;;;;;;;;
;;38900;Jr Exp Design Laboratory;202520;Spring 2025;001;16152;Aboelzahab, Asem F.;41.7%;54.2%;;;4.2%;;;;;;;;;;;;;;;;;;;
;;;;;;002;16155;Aboelzahab, Asem F.;45.8%;37.5%;;;;;16.7%;;;;;;;;;;;;;;;;;
;;;;;;003;16162;Aboelzahab, Asem F.;64.3%;21.4%;;;7.1%;;7.1%;;;;;;;;;;;;;;;;;
;;;;;;004;16166;Aboelzahab, Asem F.;17.4%;65.2%;;;8.7%;;8.7%;;;;;;;;;;;;;;;;;
;;;;;;005;16169;Aboelzahab, Asem F.;45.0%;45.0%;;;;;;;;;;;5.0%;;5.0%;;;;;;;;;
;;;;;;006;16170;Aboelzahab, Asem F.;22.2%;27.8%;;;22.2%;;27.8%;;;;;;;;;;;;;;;;;
;;39000;Prof Develpmnt & Design In BME;202520;Spring 2025;001;21617;Cody, Jonathan W.;49.6%;3.2%;45.6%;;0.8%;;0.8%;;;;;;;;;;;;;;;;;
;;41400;Computational Mechanics In BME;202520;Spring 2025;001;32338;Kim, Tae Yoon;60.0%;6.7%;6.7%;;13.3%;;;;6.7%;;;;;;;;;;;;;;6.7%;
;;43100;Neural Engineering;202520;Spring 2025;001;25942;Makin, Maria C.;22.7%;27.3%;;;18.2%;13.6%;4.5%;;4.5%;;;4.5%;4.5%;;;;;;;;;;;
;;45000;Deep Learning/Med Imaging;202520;Spring 2025;001;16186;Culurciello, Eugenio;50.7%;23.9%;22.4%;;1.5%;;;;;;;;;;1.5%;;;;;;;;;
;;49500;Grnd Challngs In Accessibility;202520;Spring 2025;009;21027;Duerstock, Bradley S.;34.6%;15.4%;19.2%;;7.7%;7.7%;15.4%;;;;;;;;;;;;;;;;;
;;51500;Practical MRI And Applications;202520;Spring 2025;001;25165;Tamer, Gregory G.;92.3%;;;7.7%;;;;;;;;;;;;;;;;;;;;
;;56200;Regulatory Approval;202520;Spring 2025;MJD;24952;Lottes, Aaron E.;44.3%;24.6%;14.8%;;3.3%;3.3%;8.2%;1.6%;;;;;;;;;;;;;;;;
;;;;;;OL1;28947;Lottes, Aaron E.;11.8%;29.4%;29.4%;;5.9%;;23.5%;;;;;;;;;;;;;;;;;
;;56400;Ethical Engr Med Technologies;202520;Spring 2025;MJD;24477;Brightman, Andrew O.;22.0%;7.3%;58.5%;;4.9%;2.4%;;2.4%;;;;;;;;;;;;;;;2.4%;
;;58100;BioMEMS;202520;Spring 2025;MJD;16858;Lee, Chi Hwan;86.7%;6.7%;6.7%;;;;;;;;;;;;;;;;;;;;;
;;59500;Bioelectronics;202520;Spring 2025;009;25587;Jayant, Krishna;30.0%;20.0%;45.0%;;;;5.0%;;;;;;;;;;;;;;;;;
;;;Biophotonics;202520;Spring 2025;019;11596;Huang, Fang;58.3%;;41.7%;;;;;;;;;;;;;;;;;;;;;
;;;Research Fundamentals II;202520;Spring 2025;018;16178;Goergen, Craig J.;100.0%;;;;;;;;;;;;;;;;;;;;;;;
;;;Stem Cell Tissue Engineering;202520;Spring 2025;033;26506;Park, Sunghee;5.0%;;90.0%;;;;5.0%;;;;;;;;;;;;;;;;;
;;;Wearable Sensors In Healthcare;202520;Spring 2025;016;16176;Ward, Matthew P.;18.4%;6.6%;65.8%;1.3%;2.6%;;;;1.3%;;;;;;;;;1.3%;;;;;2.6%;
;;64600;Deep Learning;202520;Spring 2025;001;25622;Bouman, Charles A.;8.3%;8.3%;;;25.0%;16.7%;16.7%;;;;;;;;;;;;;;;;25.0%;
;;69000;BME Seminar;202520;Spring 2025;004;12470;Otto, Kevin J.;;;;;;;;;;;;;;;;;;;;95.1%;2.4%;2.4%;;
;;69500;Hemodynamics;202520;Spring 2025;021;26504;Rayz, Vitaliy L.;50.0%;;25.0%;;;;12.5%;;6.3%;;;;;;;;;;;;;;6.3%;
;;69699;BME Prof Grad Internship;202520;Spring 2025;001;22560;Brightman, Andrew O.;;;;;;;;;;;;;;;;;;;;100.0%;;;;
BMS;BMS-Basic Medical Sciences;20100;Appld Dmestic Animal Anatmy I;202520;Spring 2025;001;17527;Hannon, Kevin M.;66.7%;;;;22.2%;;;;;;5.6%;;;;;;;;;;;;5.6%;
;;23300;Intro To Pharmacology-VN;202520;Spring 2025;002;15884;Anderson, Melinda J.;48.5%;;;;24.2%;;9.1%;6.1%;;12.1%;;;;;;;;;;;;;;
;;69200;Seminar Basic Med Sci;202520;Spring 2025;001;12929;Zhang, Guangjun;;;;;;;;;;;;;;;;;;100.0%;;;;;;
;;80200;Comparative Anatomy;202520;Spring 2025;004;13085;Ekenstedt, Kari J.;19.8%;;;;48.8%;;;22.1%;;;3.5%;;;;4.7%;;;;;;;;1.2%;
;;80800;Veterinary Cell &Tissue Bio II;202520;Spring 2025;003;12697;Figueiredo, Marxa L.;60.5%;;;;30.2%;;;8.1%;;;;;;;;;;;;;;;1.2%;
;;81200;Physiology Of Dom Animals II;202520;Spring 2025;002;41245;Little, Dianne;22.1%;;;;53.5%;;;17.4%;;;3.5%;;;;2.3%;;;;;;;;1.2%;
;;81500;Veterinary Neurosci;202520;Spring 2025;003;13094;Hannon, Kevin M.;87.1%;;;;11.8%;;;;;;;;;;;;;;;;;;1.2%;
;;81600;Applied Pharmacology II;202520;Spring 2025;002;20421;Anderson, Melinda J.;76.8%;;;;23.2%;;;;;;;;;;;;;;;;;;;
BTNY;BTNY-Botany & Plant Pathology;11000;Intro To Plant Science;202520;Spring 2025;010;57713;Fields, Jeneen S.;33.5%;;;;32.9%;;;20.0%;;;1.9%;;;;2.6%;;;6.5%;;;;;2.6%;
;;;Intro To Plant Science-Honors;202520;Spring 2025;010;57713;Fields, Jeneen S.;100.0%;;;;;;;;;;;;;;;;;;;;;;;
;;12100;Principles Of Plant Biology II;202520;Spring 2025;003;20485;Chagas Boavida, Leonor Maria de Fatima;11.5%;18.0%;1.6%;;16.4%;11.5%;9.8%;3.3%;8.2%;8.2%;1.6%;;3.3%;;3.3%;;1.6%;;;;;;1.6%;
;;20700;The Microbial World;202520;Spring 2025;001;43140;Aime, Mary C.;26.3%;5.3%;21.1%;;10.5%;;15.8%;5.3%;;10.5%;;;;;5.3%;;;;;;;;;
;;;The Microbial World-Honors;202520;Spring 2025;001;43140;Aime, Mary C.;100.0%;;;;;;;;;;;;;;;;;;;;;;;
;;20800;Intro To Plant Sci Res;202520;Spring 2025;001;16465;Chagas Boavida, Leonor Maria de Fatima;50.0%;4.2%;33.3%;;4.2%;4.2%;;;;;;;;;4.2%;;;;;;;;;
;;30200;Plant Ecology;202520;Spring 2025;001;15703;Oakley, Christopher G.;12.5%;10.4%;6.3%;;14.6%;20.8%;14.6%;6.3%;2.1%;8.3%;;;4.2%;;;;;;;;;;;
;;35000;Biotechnology In Ag;202520;Spring 2025;001;33102;Mengiste, Tesfaye D;69.8%;;;;22.6%;;;3.8%;;;;;;;;;;;;;;;3.8%;
;;35700;The Intoxicated Botanist;202520;Spring 2025;001;31376;Mcadam, Scott;63.2%;5.3%;;;21.1%;;;5.3%;;;;;;;;;5.3%;;;;;;;
;;42000;Plant Cell & Dev Biol;202520;Spring 2025;001;15203;Iyer-Pascuzzi, Anjali S.;56.5%;;8.7%;;26.1%;;;8.7%;;;;;;;;;;;;;;;;
;;62000;Plant Disease Management;202520;Spring 2025;011;30076;Miller, Gerald L.;20.0%;40.0%;5.0%;;10.0%;10.0%;15.0%;;;;;;;;;;;;;;;;;
;;66000;Scientific Writing;202520;Spring 2025;001;20139;Lisch, Damon R.;100.0%;;;;;;;;;;;;;;;;;;;;;;;
;;69700;Departmental Seminar Series;202520;Spring 2025;001;28855;Iyer-Pascuzzi, Anjali S.;100.0%;;;;;;;;;;;;;;;;;;;;;;;
CDIS;CDIS-Critical Disability Std;23900;Intro To Disability Stud-Honor;202520;Spring 2025;001;15634;Williams, Rua M.;100.0%;;;;;;;;;;;;;;;;;;;;;;;
;;;Intro To Disability Studies;202520;Spring 2025;001;15634;Williams, Rua M.;83.3%;8.3%;;;4.2%;;4.2%;;;;;;;;;;;;;;;;;
CE;CE-Civil Engineering;20300;Princ & Pract Geomtics;202520;Spring 2025;001;12642;Crawford, Melba M.;4.1%;6.5%;;;20.3%;19.5%;13.0%;8.1%;3.3%;17.1%;0.8%;;3.3%;;2.4%;;;;;;;;1.6%;
;;21101;Thermal & Energy Sciences;202520;Spring 2025;001;24270;Qu, Ming;9.4%;25.6%;12.0%;;9.4%;12.0%;8.5%;4.3%;5.1%;9.4%;0.9%;;;;;;;;;;;;3.4%;
;;22200;Life Cycle Engr Construct Fac;202520;Spring 2025;001;63198;Graff, Geoffrey H.;18.8%;17.3%;;;17.3%;12.8%;17.3%;2.3%;4.5%;6.8%;1.5%;;;;0.8%;;;;;;;;0.8%;
;;27000;Intro Strctrl Mchncs;202520;Spring 2025;007;12667;Soleimani Ziabari, Sayed Mohamad;4.0%;2.9%;12.1%;;5.8%;7.5%;6.4%;7.5%;18.5%;13.3%;4.6%;4.6%;2.3%;;7.5%;;;;;;;;2.9%;
;;29202;Contemporary Issues In CE;202520;Spring 2025;001;13450;Tompkins, John C.;98.0%;;;;;;;;;;;;;;2.0%;;;;;;;;;
;;29700;Basic Mech I Statics;202520;Spring 2025;002;13867;Condori Uribe, Johnny W.;8.6%;5.7%;2.9%;;10.0%;2.9%;2.9%;14.3%;14.3%;5.7%;18.6%;;;;2.9%;1.4%;;;;;;;10.0%;
;;29800;Basic Mech II Dynamics;202520;Spring 2025;002;19150;Condori Uribe, Johnny W.;12.4%;3.4%;2.8%;;11.8%;5.1%;7.3%;14.0%;15.7%;6.7%;14.6%;;;;3.9%;;;;;;;;2.2%;
;;31100;Architectural Engr;202520;Spring 2025;001;65464;Jung, Nusrat;39.4%;7.6%;31.8%;;4.5%;1.5%;6.1%;3.0%;3.0%;1.5%;;;1.5%;;;;;;;;;;;
;;33500;Civil Engineering Materials;202520;Spring 2025;001;24266;Zavattieri, Pablo D.;6.8%;5.1%;4.2%;;17.8%;8.5%;10.2%;22.9%;8.5%;3.4%;5.9%;1.7%;0.8%;;3.4%;;;;;;;;0.8%;
;;34000;Hydraulics;202520;Spring 2025;001;21600;Lyn, Dennis A.;8.1%;;2.4%;;13.0%;5.7%;5.7%;16.3%;18.7%;2.4%;4.9%;9.8%;2.4%;;3.3%;;;;;;;;7.3%;
;;34300;Elem Hydraulics Lab;202520;Spring 2025;004;33795;Mohammad Galib, Mohammad Galib;43.8%;;;;25.0%;;;12.5%;;;;;;;6.3%;;;;;;;;12.5%;
;;;;;;006;33796;Mohammad Galib, Mohammad Galib;57.1%;;;;35.7%;;;;;;;;;;7.1%;;;;;;;;;
;;;;;;008;20285;Ramasamy, Sathish;60.0%;;;;33.3%;;;6.7%;;;;;;;;;;;;;;;;
;;;;;;011;18893;Theinat, Audai K.;40.0%;;;;40.0%;;;5.0%;;;;;;;;;;;;;;;15.0%;
;;;;;;012;21688;Ramasamy, Sathish;47.6%;;;;38.1%;;;9.5%;;;;;;;4.8%;;;;;;;;;
;;;;;;013;22559;Kothapalli, Anudeep;40.9%;;;;45.5%;;;4.5%;;;;;;;4.5%;;;;;;;;4.5%;
;;;;;;014;22654;Kothapalli, Anudeep;57.1%;;;;33.3%;;;4.8%;;;;;;;;;;;;;;;4.8%;
;;35000;Intro Env And Ecol Engineering;202520;Spring 2025;001;12774;Blatchley, Ernest R.;16.9%;19.7%;2.8%;;19.7%;11.3%;11.3%;5.6%;2.8%;7.0%;1.4%;;;;1.4%;;;;;;;;;
;;35500;Eng Env Sustainability;202520;Spring 2025;001;14054;Cai, Hua;60.0%;23.3%;;;6.7%;;10.0%;;;;;;;;;;;;;;;;;
;;36100;Transportation Engr;202520;Spring 2025;001;13643;Feng, Yiheng;9.4%;6.3%;15.6%;;14.6%;3.1%;13.5%;5.2%;3.1%;13.5%;2.1%;;2.1%;;7.3%;;;;;;;;4.2%;
;;37100;Structural Analysis I;202520;Spring 2025;001;12702;Condori Uribe, Johnny W.;10.3%;4.6%;1.1%;;16.1%;12.6%;8.0%;14.9%;6.9%;9.2%;5.7%;;;;4.6%;2.3%;;;;;;;3.4%;
;;38300;Geotechnical Engr I;202520;Spring 2025;001;12704;Santagata, Maria Caterina;8.8%;6.3%;2.5%;;18.1%;3.1%;7.5%;10.6%;8.8%;17.5%;6.9%;;1.3%;;6.9%;;;;;;;;1.9%;
;;39201;Technical Communication In CE;202520;Spring 2025;001;17046;Tompkins, John C.;97.2%;;;;0.9%;;;0.9%;;;;;;;0.9%;;;;;;;;;
;;39800;Intro CE Systems Dsgn;202520;Spring 2025;001;12712;Labi, Samuel;32.2%;8.9%;32.2%;;5.6%;2.2%;14.4%;;;3.3%;;;;;;;;;;;;;;1.1%
;;;Intro CE Systems Dsgn-Honors;202520;Spring 2025;001;12712;Labi, Samuel;100.0%;;;;;;;;;;;;;;;;;;;;;;;
;;41400;Bldg Mech & Elect System Dsgn;202520;Spring 2025;001;65466;Horton, William T.;38.1%;;;;38.1%;4.8%;4.8%;4.8%;;9.5%;;;;;;;;;;;;;;
;;44200;Intro To Hydrology;202520;Spring 2025;001;20151;Merwade, Venkatesh M.;23.3%;16.7%;16.7%;;;3.3%;23.3%;3.3%;5.0%;6.7%;;;;;;;;;;;;;1.7%;
;;45700;Air Poll Cntrl & Des;202520;Spring 2025;001;12721;Jacko, Robert B.;52.6%;;39.5%;;;;5.3%;;;;;;;;;;;;;;;;2.6%;
;;47000;Struct Steel Design;202520;Spring 2025;001;12722;Varma, Amit H.;17.9%;14.9%;56.7%;1.5%;3.0%;;4.5%;;;;;;1.5%;;;;;;;;;;;
;;47300;Reinf Concrete Design;202520;Spring 2025;001;12724;Soleimani Ziabari, Sayed Mohamad;17.3%;13.5%;13.5%;;13.5%;7.7%;17.3%;5.8%;1.9%;7.7%;;1.9%;;;;;;;;;;;;
;;47400;Structural Analysis II;202520;Spring 2025;001;12727;Irfanoglu, Ayhan;15.2%;9.8%;3.3%;;16.3%;12.0%;12.0%;7.6%;7.6%;5.4%;3.3%;2.2%;3.3%;;;;;;;;;;2.2%;
;;48300;Geotechnical Engr II;202520;Spring 2025;001;12728;Bobet, Antonio;9.4%;9.4%;5.7%;;18.9%;5.7%;11.3%;20.8%;7.5%;11.3%;;;;;;;;;;;;;;
;;49800;C E Design Project;202520;Spring 2025;001;25616;Jacko, Robert B.;52.4%;;;;47.1%;0.5%;;;;;;;;;;;;;;;;;;
;;50801;Geographic Information Systems;202520;Spring 2025;002;19725;Shan, Jie;;35.7%;7.1%;;7.1%;7.1%;28.6%;7.1%;;;;;;;;;;;;;;;7.1%;
;;52100;Construction Bus Mgmt;202520;Spring 2025;001;27648;Abraham, Dulcy M.;38.1%;38.1%;;;;;23.8%;;;;;;;;;;;;;;;;;
;;52200;Cmptr Applctn In Const;202520;Spring 2025;002;30734;Cai, Hubo;27.3%;21.2%;24.2%;;3.0%;3.0%;18.2%;;;;;;;;;;;;;;;;3.0%;
;;53000;Properties Concrete;202520;Spring 2025;001;15930;Velay Lizancos, Maria Mirian;43.8%;6.3%;18.8%;;18.8%;;6.3%;6.3%;;;;;;;;;;;;;;;;
;;54700;Tsp Proc Surface Water;202520;Spring 2025;001;31393;Troy, Cary D.;24.1%;31.0%;3.4%;;20.7%;3.4%;13.8%;;;3.4%;;;;;;;;;;;;;;
;;56000;Public Mass Transport;202520;Spring 2025;001;25256;Gkritza, Konstantina;30.6%;16.1%;12.9%;;11.3%;;22.6%;;;1.6%;;;;;;;;1.6%;;;;;1.6%;1.6%
;;56201;Vehicular Cyber-Physical Syst;202520;Spring 2025;002;32153;Wang, Ziran;34.8%;4.3%;60.9%;;;;;;;;;;;;;;;;;;;;;
;;57100;Earthquake Engineering;202520;Spring 2025;002;23390;Irfanoglu, Ayhan;30.4%;17.4%;4.3%;;17.4%;;30.4%;;;;;;;;;;;;;;;;;
;;57200;Prestress Concrete Des;202520;Spring 2025;001;12761;Ramirez, Julio A.;16.3%;30.2%;14.0%;2.3%;9.3%;4.7%;23.3%;;;;;;;;;;;;;;;;;
;;59500;Finite Elements Elast;202520;Spring 2025;002;22437;Prakash, Arun;23.1%;15.4%;7.7%;;15.4%;7.7%;23.1%;;;3.8%;;;;;;;;;;;;;3.8%;
;;59700;Bhvr & Dsgn Of Anchrs In Cncrt;202520;Spring 2025;216;31137;Sharma, Akanshu;23.9%;19.6%;34.8%;2.2%;6.5%;4.3%;8.7%;;;;;;;;;;;;;;;;;
;;;Failures & Forensics Built Env;202520;Spring 2025;214;31043;Irfanoglu, Ayhan;83.9%;;12.9%;;;;;;;;;;;;;;;;;;;;3.2%;
;;;Great Prjcts Essential Lessons;202520;Spring 2025;203;16260;Giroux, Raymond P.;54.3%;2.9%;37.1%;1.4%;1.4%;;2.9%;;;;;;;;;;;;;;;;;
;;;Innov Sci & Socio-Tech Change;202520;Spring 2025;204;17624;Sinfield, Joseph V.;56.5%;13.0%;21.7%;;;;8.7%;;;;;;;;;;;;;;;;;
;;;Intro Applied Comp Vision Eng;202520;Spring 2025;215;31050;Jahanshahi, Mohammad Reza;85.0%;;;10.0%;;;;;;;;;;;;;;;;;;;5.0%;
;;69100;CE Sem- Construction;202520;Spring 2025;008;15845;Hastak, Makarand;;;;;;;;;;;;;;;;;;;;100.0%;;;;
;;;CE Sem-Structural;202520;Spring 2025;005;12784;Ramirez, Julio A.;;;;;;;;;;;;;;;;;;;;100.0%;;;;
;;;CE Sem-Transportation;202520;Spring 2025;006;12785;Sinha, Kumares C.;;;;;;;;;;;;;;;;;;;;94.6%;;5.4%;;
;;;CE-Sem Gr Stdnt Orient;202520;Spring 2025;007;37780;Abraham, Dulcy M.;;;;;;;;;;;;;;;;;;;;94.1%;;;5.9%;
CEM;CEM-Construction Engr & Mgmt;18000;Construction Engr Pre-Prof Dev;202520;Spring 2025;001;27687;Fulk, Brandon M.;6.9%;6.9%;63.8%;;5.2%;;6.9%;;1.7%;1.7%;;;;;1.7%;1.7%;;;;;;;3.4%;
;;20100;Life Cycle Engr Construct Fac;202520;Spring 2025;001;57892;Graff, Geoffrey H.;16.7%;14.8%;;;7.4%;18.5%;11.1%;5.6%;5.6%;14.8%;3.7%;;;;1.9%;;;;;;;;;
;;35100;Found Of Archit Design -Honors;202520;Spring 2025;001;18525;Graff, Geoffrey H.;100.0%;;;;;;;;;;;;;;;;;;;;;;;
;;;Found Of Architectural Design;202520;Spring 2025;001;18525;Graff, Geoffrey H.;61.7%;25.5%;;;6.4%;;6.4%;;;;;;;;;;;;;;;;;
;;38000;CEM Prof Development II;202520;Spring 2025;001;18536;Graff, Geoffrey H.;28.3%;13.0%;39.1%;;2.2%;;17.4%;;;;;;;;;;;;;;;;;
;;42502;Construction Capstone II;202520;Spring 2025;001;27827;Fulk, Brandon M.;26.2%;9.5%;64.3%;;;;;;;;;;;;;;;;;;;;;
;;45700;Inland Navigation Engineering;202520;Spring 2025;001;30946;Gervais, Victor P.;100.0%;;;;;;;;;;;;;;;;;;;;;;;
;;48500;Legal Aspects Construction Eng;202520;Spring 2025;001;16895;Harvey, Nathaniel S.;15.4%;12.3%;13.8%;;30.8%;15.4%;9.2%;;;3.1%;;;;;;;;;;;;;;
;;53300;Infrastructure Analytics;202520;Spring 2025;001;27636;Weidner, Theodore J.;85.7%;7.1%;;7.1%;;;;;;;;;;;;;;;;;;;;
;;59700;Asset Mgmt Underground Inf;202520;Spring 2025;021;30567;Iseley, David T.;94.4%;;;;;;;;;;;;;;;;;;;;;;5.6%;
;;;Construction Accounting;202520;Spring 2025;005;24280;Adrian, James J.;42.9%;7.1%;;7.1%;7.1%;;14.3%;7.1%;;7.1%;;;;;;;;;;;;;7.1%;
CGT;CGT-Computer Graphics Tech;10501;Introduction To Games;202520;Spring 2025;001;23089;Howard, Robert T.;67.6%;;;;17.6%;;;5.4%;;;2.7%;;;;4.1%;;;;;;;;2.7%;
;;11200;Sketch Visualiz & Comm;202520;Spring 2025;008;23114;Triplett, Daniel P.;48.6%;;;;24.3%;;;8.1%;;;5.4%;;;;13.5%;;;;;;;;;
;;11505;Scripting & Comput Thinking;202520;Spring 2025;003;21489;Kesselman, Jeffrey P.;27.3%;;36.4%;;4.5%;9.1%;4.5%;4.5%;;4.5%;;;;;9.1%;;;;;;;;;
;;11600;Geom Mdl Visual & Comm;202520;Spring 2025;001;13474;Triplett, Daniel P.;37.5%;;10.8%;;14.2%;;;6.7%;;;3.3%;;;;19.2%;0.8%;;;;;;;7.5%;
;;;Geom Mdl Visual & Comm-Honors;202520;Spring 2025;001;13474;Triplett, Daniel P.;66.7%;;33.3%;;;;;;;;;;;;;;;;;;;;;
;;11800;Fund Of Imaging Tech;202520;Spring 2025;001;11660;Hassan, Raymond P.;75.0%;;;;13.5%;;;;;;;;;;5.8%;;;;;;;;5.8%;
;;14100;Internet Found,Tch&Dev;202520;Spring 2025;001;13479;Morales, Carlos R.;50.0%;;32.8%;;4.7%;;1.6%;4.7%;;;;;;;1.6%;3.1%;;;;;;;1.6%;
;;;Internet Found,Tch&Dev-Honors;202520;Spring 2025;001;13479;Morales, Carlos R.;100.0%;;;;;;;;;;;;;;;;;;;;;;;
;;14700;Visual Effects Introduction;202520;Spring 2025;001;17365;Morales, Carlos R.;39.2%;2.0%;9.8%;;17.6%;2.0%;;7.8%;3.9%;;3.9%;;;;3.9%;3.9%;;;;;;;5.9%;
;;17207;UXD Experience Studio I;202520;Spring 2025;001;24522;Rasche, Nancy J.;39.3%;39.3%;;;7.1%;3.6%;7.1%;3.6%;;;;;;;;;;;;;;;;
;;;;;;002;24526;Rasche, Nancy J.;20.0%;60.0%;;;5.0%;;5.0%;5.0%;;5.0%;;;;;;;;;;;;;;
;;17208;UXD Studio I: Fundamentals;202520;Spring 2025;001;13238;Rasche, Nancy J.;51.6%;12.9%;12.9%;;;12.9%;9.7%;;;;;;;;;;;;;;;;;
;;;;;;002;23652;Ding, Lu;25.0%;10.7%;28.6%;;10.7%;10.7%;7.1%;3.6%;;;;;;;3.6%;;;;;;;;;
;;;;;;003;23654;Butt, Izza B.;30.4%;21.7%;13.0%;;4.3%;21.7%;8.7%;;;;;;;;;;;;;;;;;
;;;;;;007;31660;Polk, Joshua J.;20.0%;16.0%;4.0%;;4.0%;8.0%;8.0%;4.0%;4.0%;8.0%;;;;;4.0%;;;;;;;;20.0%;
;;20500;Portfolio Review;202520;Spring 2025;001;12036;Giri, Nandhini;;;;;;;;;;;;;;;;;;;;97.7%;;1.2%;1.2%;
;;21500;Comptr Graph Program I;202520;Spring 2025;001;44001;Kesselman, Jeffrey P.;23.5%;8.8%;8.8%;;5.9%;5.9%;2.9%;8.8%;8.8%;11.8%;;;;;5.9%;2.9%;;;;;;;5.9%;
;;24100;Intro Comptr Animation;202520;Spring 2025;001;13539;Hassan, Raymond P.;47.1%;;;;17.6%;;;17.6%;;;11.8%;;;;;;;;;;;;5.9%;
;;;;;;004;16381;Hassan, Raymond P.;32.0%;;;;28.0%;;;12.0%;;;8.0%;;;;8.0%;;;;;;;;12.0%;
;;;Intro Comptr Animation-Honors;202520;Spring 2025;001;13539;Hassan, Raymond P.;100.0%;;;;;;;;;;;;;;;;;;;;;;;
;;24600;Compositing I;202520;Spring 2025;003;23194;Patankar, Sanjeevani M.;55.6%;;7.4%;;3.7%;7.4%;7.4%;7.4%;;3.7%;;;;;7.4%;;;;;;;;;
;;25001;Comp Graph Prof Prac I;202520;Spring 2025;001;18096;Glotzbach, Ronald J.;24.0%;;52.5%;;9.3%;;;6.6%;;;2.7%;;;;3.3%;;;;;;;;1.6%;
;;25500;Game Development II;202520;Spring 2025;004;12962;Howard, Robert T.;70.5%;;;;23.9%;;;4.5%;;;1.1%;;;;;;;;;;;;;
;;27000;Intro To Data Visualization;202520;Spring 2025;005;23928;Zong, Hannah Y.;25.6%;20.0%;15.2%;;8.8%;9.6%;4.0%;;3.2%;0.8%;;;;;5.6%;;;;;;;;7.2%;
;;27207;UXD Experience Studio II;202520;Spring 2025;001;24520;Rasche, Nancy J.;57.1%;39.3%;;;;;3.6%;;;;;;;;;;;;;;;;;
;;;;;;002;24528;Rasche, Nancy J.;38.1%;52.4%;;;;;9.5%;;;;;;;;;;;;;;;;;
;;27208;UXD Studio III: Cross-Channel;202520;Spring 2025;001;13241;Kouvaras Ostrowski, Anastasia K.;68.8%;6.3%;2.1%;;12.5%;2.1%;8.3%;;;;;;;;;;;;;;;;;
;;30505;Portfolio II;202520;Spring 2025;002;19094;Giri, Nandhini;;;;;;;;;;;;;;;;;;;;98.2%;;1.8%;;
;;33500;Game Scripting;202520;Spring 2025;002;27657;Howard, Robert T.;62.5%;;;;12.5%;;;8.3%;;;;;;;12.5%;;;;;;;;4.2%;
;;34000;Digital Light & Render;202520;Spring 2025;001;13556;Wang, Yuchao;26.7%;10.0%;6.7%;;3.3%;10.0%;10.0%;3.3%;10.0%;3.3%;;;;;6.7%;;;;;;;;10.0%;
;;34100;Motion For Comp Anim;202520;Spring 2025;003;24230;Baker, Stephen E.;43.3%;;3.3%;;30.0%;;3.3%;6.7%;;3.3%;3.3%;;3.3%;;;;;;;;;;3.3%;
;;34505;Environment Modeling;202520;Spring 2025;001;23806;Triplett, Daniel P.;27.6%;;3.4%;;24.1%;;;17.2%;3.4%;;3.4%;;;;6.9%;;;;;;;;13.8%;
;;;Environment Modeling-Honors;202520;Spring 2025;001;23806;Triplett, Daniel P.;;;;;100.0%;;;;;;;;;;;;;;;;;;;
;;35600;Web Prog,Dev&Data Intg;202520;Spring 2025;002;11718;Glotzbach, Ronald J.;19.2%;;34.6%;;11.5%;;;3.8%;3.8%;;;;;;26.9%;;;;;;;;;
;;36500;Game Development Practicum;202520;Spring 2025;003;15399;Fulbright, Veronica K.;88.9%;;2.8%;;8.3%;;;;;;;;;;;;;;;;;;;
;;;;;;006;23419;Fulbright, Veronica K.;92.5%;;;;2.5%;;;2.5%;;;2.5%;;;;;;;;;;;;;
;;37000;Interactive Data Visualization;202520;Spring 2025;001;16451;Zong, Hannah Y.;10.3%;27.6%;31.0%;;3.4%;3.4%;3.4%;;;3.4%;;;;;6.9%;;;;;;;;10.3%;
;;;Interctv Data Visualztn-Honors;202520;Spring 2025;001;16451;Zong, Hannah Y.;;;;;;;100.0%;;;;;;;;;;;;;;;;;
;;37207;UXD Experience Studio III;202520;Spring 2025;001;24523;Rasche, Nancy J.;46.2%;38.5%;;;;;;;;;;;;;;;;;;;;;15.4%;
;;37208;UXD Studio V: Specialization;202520;Spring 2025;001;23372;Kim, Eunice R.;28.3%;26.1%;6.5%;;6.5%;10.9%;15.2%;2.2%;2.2%;;;;;;;;;;;;;;2.2%;
;;39000;Adv Motion For Comp Animation;202520;Spring 2025;020;32651;Baker, Stephen E.;47.1%;;;;;;11.8%;17.6%;;;;;5.9%;;11.8%;;;;;;;;5.9%;
;;;Interactive Web Applications;202520;Spring 2025;017;32145;Zong, Hannah Y.;6.9%;6.9%;58.6%;3.4%;;6.9%;;;3.4%;;;;3.4%;;6.9%;;;;;;;;3.4%;
;;;Player Centered Approach To DG;202520;Spring 2025;016;21626;Giri, Nandhini;36.0%;;20.0%;;12.0%;4.0%;12.0%;4.0%;8.0%;4.0%;;;;;;;;;;;;;;
;;40500;Senior Portfolio Review;202520;Spring 2025;004;29316;Giri, Nandhini;;;;;;;;;;;;;;;;;;;;100.0%;;;;
;;41201;Problems In Appl Comp Graph II;202520;Spring 2025;001;12897;Christensen, Jack M.;91.5%;;;;6.3%;;;2.1%;;;;;;;;;;;;;;;;
;;43500;Virtual Real 3D User Interface;202520;Spring 2025;003;23447;Mousas, Christos;62.5%;6.3%;18.8%;;6.3%;;;;;;;;;;6.3%;;;;;;;;;
;;44200;Productn Cmptr Animatn;202520;Spring 2025;007;24799;Mukanova, Magzhan;13.0%;26.1%;8.7%;;13.0%;4.3%;13.0%;8.7%;4.3%;4.3%;;;;;;;;;;;;;4.3%;
;;;;;;008;21801;Mukanova, Magzhan;28.6%;14.3%;9.5%;;4.8%;23.8%;9.5%;;;4.8%;;;;;4.8%;;;;;;;;;
;;45001;Comp Graph Prof Prac II;202520;Spring 2025;001;12898;Glotzbach, Ronald J.;29.5%;;46.6%;;10.9%;;;7.8%;;;2.1%;;;;2.6%;;;;;;;;0.5%;
;;45600;Adv Web Prog, Dev&Data;202520;Spring 2025;002;11730;Glotzbach, Ronald J.;18.4%;21.1%;18.4%;;5.3%;13.2%;;2.6%;7.9%;;;;;;13.2%;;;;;;;;;
;;;Adv Web Prog, Dev&Data-Honors;202520;Spring 2025;002;11730;Glotzbach, Ronald J.;;;;;;;;;;;;;;;100.0%;;;;;;;;;
;;50100;Seminar In CGT;202520;Spring 2025;003;24396;Giri, Nandhini;100.0%;;;;;;;;;;;;;;;;;;;;;;;
;;53200;UXD Grad Studio II;202520;Spring 2025;002;28218;He, Liang;50.0%;18.8%;6.3%;;18.8%;;6.3%;;;;;;;;;;;;;;;;;
;;54000;Current Topics In 3D Animation;202520;Spring 2025;001;22706;Baker, Stephen E.;86.7%;;;;;;;6.7%;;;;;;;;;;;;;;;6.7%;
;;54400;Animation History & Technology;202520;Spring 2025;001;32261;Baker, Stephen E.;100.0%;;;;;;;;;;;;;;;;;;;;;;;
;;58100;2D Game Engine Architecture;202520;Spring 2025;016;28004;Kesselman, Jeffrey P.;81.8%;;;18.2%;;;;;;;;;;;;;;;;;;;;
;;59700;UXD Grad Capstone;202520;Spring 2025;008;11738;Williams, Rua M.;78.6%;3.6%;7.1%;;;;10.7%;;;;;;;;;;;;;;;;;
CHE;CHE-Chemical Engineering;20500;Ch Engr Calculations;202520;Spring 2025;001;11743;Masuku, Cornelius M.;19.7%;4.5%;13.6%;;9.1%;3.0%;4.5%;16.7%;;7.6%;9.1%;;;;7.6%;;;;;;;;4.5%;
;;21100;Ch Engr Thermodynamics;202520;Spring 2025;001;13614;Dou, Letian;9.2%;10.2%;2.0%;;18.4%;13.3%;10.2%;13.3%;7.1%;5.1%;6.1%;;;;3.1%;;;;;;;;2.0%;
;;30000;ChE Seminar;202520;Spring 2025;001;13618;Nagy, Gabriela;11.4%;;82.9%;;;1.4%;;;;;;;;;2.9%;1.4%;;;;;;;;
;;30600;Des Staged Separ Proc;202520;Spring 2025;001;13432;Harris, Michael T.;18.9%;11.3%;11.3%;;11.3%;13.2%;13.2%;1.9%;3.8%;5.7%;;3.8%;;;;;;;;;;;5.7%;
;;32000;Stat Mdl & Qual Enhnce;202520;Spring 2025;008;11772;Thomson, Kendall T.;21.0%;7.7%;4.9%;;19.6%;7.7%;18.9%;4.9%;1.4%;12.6%;;;0.7%;;0.7%;;;;;;;;;
;;34800;Chem Reaction Engr;202520;Spring 2025;001;10058;Gounder, Rajamani P.;20.3%;8.9%;4.1%;;33.3%;6.5%;4.1%;13.8%;;4.9%;3.3%;;;;;;;;;;;;0.8%;
;;37700;Momentum Transfer;202520;Spring 2025;007;11778;Schultz, Kelly M.;7.8%;13.7%;3.9%;;23.5%;23.5%;11.8%;5.9%;2.0%;5.9%;;;;;2.0%;;;;;;;;;
;;37800;Heat And Mass Transfer;202520;Spring 2025;022;11788;Thomson, Kendall T.;37.3%;2.4%;16.9%;;20.5%;2.4%;13.3%;3.6%;;2.4%;;;;;1.2%;;;;;;;;;
;;39699;Prof Practice Internship;202520;Spring 2025;001;60774;Nagy, Gabriela;;;;;;;;;;;;;;;;;;;;100.0%;;;;
;;40000;ChE Seminar;202520;Spring 2025;001;14806;Nagy, Gabriela;7.7%;;88.5%;;3.8%;;;;;;;;;;;;;;;;;;;
;;41200;Chem-E Car Design;202520;Spring 2025;003;14792;Masuku, Cornelius M.;100.0%;;;;;;;;;;;;;;;;;;;;;;;
;;43500;Chemical Engineering Lab;202520;Spring 2025;013;56992;Martinez Sainz, Enrico;47.1%;10.8%;22.5%;;8.8%;1.0%;8.8%;;;1.0%;;;;;;;;;;;;;;
;;45000;Desgn & Anly Proc Sys;202520;Spring 2025;011;49687;Siirola, Jeffrey J.;34.3%;17.4%;;;19.2%;5.8%;17.4%;1.7%;1.2%;2.3%;;;;;0.6%;;;;;;;;;
;;52500;Biochemical Engr;202520;Spring 2025;001;31058;Morgan, John A.;21.4%;;;7.1%;35.7%;;7.1%;7.1%;;21.4%;;;;;;;;;;;;;;
;;54000;Transport Phenomena;202520;Spring 2025;001;11818;Won, You-Yeon;50.0%;4.8%;2.4%;2.4%;35.7%;4.8%;;;;;;;;;;;;;;;;;;
;;59700;Computational Optimization;202520;Spring 2025;073;31964;Li, Can;23.1%;;15.4%;23.1%;15.4%;;7.7%;7.7%;;;;;;;;;;;;;;;;7.7%
;;;Crystallization Sys Eng;202520;Spring 2025;068;31060;Nagy, Zoltan;100.0%;;;;;;;;;;;;;;;;;;;;;;;
;;;Data Science In ChE;202520;Spring 2025;071;31086;Bernal Neira, David E.;35.7%;3.6%;21.4%;3.6%;3.6%;;21.4%;;3.6%;;;;;;;;;;;;;;3.6%;3.6%
;;;Electrochemical Engineering;202520;Spring 2025;074;31965;Tackett, Brian M.;42.1%;;10.5%;15.8%;15.8%;5.3%;;;;;;;;;;5.3%;;;;;;;5.3%;
;;;Financial Anlys Mgmt Of Proj;202520;Spring 2025;030;19142;Chutka, Michelle N.;77.4%;16.1%;;;3.2%;;3.2%;;;;;;;;;;;;;;;;;
;;;Industrial Chemical Technology;202520;Spring 2025;028;16520;Siirola, Jeffrey J.;89.2%;;;;9.2%;;;1.5%;;;;;;;;;;;;;;;;
;;;Intro To Upstream Oil & Gas;202520;Spring 2025;069;31061;Schultheiss, Nathan C.;42.9%;;42.9%;7.1%;7.1%;;;;;;;;;;;;;;;;;;;
;;;Medical Devices;202520;Spring 2025;044;27773;Clark, William R.;86.7%;;;;6.7%;;;;;6.7%;;;;;;;;;;;;;;
;;;Purdue Military Rch Instit Sem;202520;Spring 2025;072;31110;Dietz, James E.;83.0%;;17.0%;;;;;;;;;;;;;;;;;;;;;
;;;Stem Cell Engineering;202520;Spring 2025;075;31966;Bao, Xiaoping;38.5%;;46.2%;15.4%;;;;;;;;;;;;;;;;;;;;
;;;Sustainable Chem Engineering;202520;Spring 2025;070;31084;Martinez Sainz, Enrico;38.5%;15.4%;15.4%;;7.7%;7.7%;7.7%;;;;;;;;;;;;;;;;;7.7%
;;60000;Apprchs To Grad Res Chem Engr;202520;Spring 2025;001;18341;Miller, Jeffrey T.;45.5%;9.1%;;;29.5%;6.8%;9.1%;;;;;;;;;;;;;;;;;
;;66000;Chem React Engineering;202520;Spring 2025;001;13698;Ramkrishna, Doraiswami;;;;4.5%;15.9%;;6.8%;;;;;;;;;70.5%;;;;;;;2.3%;
;;69000;Chem Engr Seminar;202520;Spring 2025;001;13700;Johnson, Beverly J.;;;;;;;;;;;;;;;;;;;;98.8%;;;1.2%;
;;69700;Adv Modeling For Catalysis;202520;Spring 2025;088;31085;Greeley, Jeffrey P.;41.7%;16.7%;25.0%;;;;16.7%;;;;;;;;;;;;;;;;;
;;;Chem Engr Teaching Experience;202520;Spring 2025;083;11864;Thomson, Kendall T.;100.0%;;;;;;;;;;;;;;;;;;;;;;;
;;;Heterogeneous Catalysis;202520;Spring 2025;064;13336;Gounder, Rajamani P.;;;;;;;;;;;;;;;;;;100.0%;;;;;;
;;69900;Research PhD Thesis;202520;Spring 2025;030;66122;Nagy, Zoltan;;;;;;;;;;;;;;;;;;;;100.0%;;;;
;;;;;;032;12616;Gounder, Rajamani P.;;;;;;;;;;;;;;;;;;;;88.9%;;11.1%;;
;;;;;;035;13668;Greeley, Jeffrey P.;;;;;;;;;;;;;;;;;;;;100.0%;;;;
;;;;;;040;23610;Savoie, Brett;;;;;;;;;;;;;;;;;;;;91.7%;;8.3%;;
CHM;CHM-Chemistry;11100;General Chemistry;202520;Spring 2025;001;13773;Schmidt, Gudrun;31.9%;;;;26.4%;;;20.0%;;;5.1%;;;;7.7%;;;;;;;;8.9%;
;;11200;General Chemistry;202520;Spring 2025;001;13821;Harwood, Cynthia A.;35.0%;;3.7%;;26.8%;;9.3%;9.3%;;5.6%;3.2%;;2.9%;;1.6%;;;;;;;;2.7%;
;;;;;;002;13822;Harwood, Cynthia A.;37.0%;;5.8%;;22.7%;;9.4%;9.6%;;6.2%;1.6%;;2.9%;;2.4%;;;;;;;;2.4%;
;;;General Chemistry-Honors;202520;Spring 2025;001;13821;Harwood, Cynthia A.;100.0%;;;;;;;;;;;;;;;;;;;;;;;
;;11500;General Chemistry;202520;Spring 2025;001;13892;Schmidt, Gudrun;10.3%;11.0%;10.3%;;10.3%;8.0%;17.3%;6.6%;3.3%;10.3%;2.3%;1.0%;1.0%;;4.0%;;;;;;;;4.3%;
;;;;;;002;13893;Claridge, Shelley A.;11.2%;12.5%;10.3%;;12.2%;12.2%;14.0%;4.3%;4.3%;5.8%;0.3%;1.8%;4.3%;;2.7%;;;;;;;;4.3%;
;;;;;;765;15897;Schmidt, Gudrun;6.9%;10.6%;6.1%;;9.8%;9.8%;12.2%;4.9%;5.3%;10.6%;2.0%;2.4%;3.3%;;7.3%;0.4%;;;;;;;8.2%;
;;;;;;855;26098;Claridge, Shelley A.;8.7%;12.3%;8.1%;;10.2%;7.2%;17.8%;6.6%;4.8%;8.7%;2.1%;1.5%;5.7%;;2.7%;0.3%;;;;;;;3.0%;
;;11600;General Chemistry;202520;Spring 2025;132;18402;Nash, John J.;15.5%;18.0%;3.9%;;10.4%;7.9%;11.0%;6.2%;6.2%;7.0%;2.3%;1.7%;2.8%;;5.1%;;;;;;;;2.0%;
;;;;;;133;18403;Nash, John J.;12.6%;17.7%;4.0%;;8.0%;8.3%;9.4%;6.3%;6.9%;8.9%;2.9%;2.9%;2.0%;;4.9%;;;;;;;;5.4%;
;;;;;;816;26386;Laskin, Julia;10.7%;14.6%;2.3%;;10.4%;9.1%;7.4%;8.1%;5.5%;9.7%;3.6%;2.3%;3.9%;;7.1%;;;;;;;;5.5%;
;;;;;;817;26388;Laskin, Julia;13.0%;17.5%;5.0%;;8.9%;8.9%;10.1%;5.6%;7.7%;8.6%;1.2%;3.3%;2.4%;;3.3%;;;;;;;;4.7%;
;;12600;Intr To Chemistry II;202520;Spring 2025;SC1;14072;Starr, Hannah E.;14.7%;12.6%;6.3%;;9.5%;11.6%;12.6%;5.3%;3.2%;9.5%;1.1%;2.1%;6.3%;;1.1%;;;;;;;;4.2%;
;;;Intr To Chemistry II-Honors;202520;Spring 2025;SC1;14072;Starr, Hannah E.;10.0%;40.0%;30.0%;;;;20.0%;;;;;;;;;;;;;;;;;
;;22404;Quantitative Analysis;202520;Spring 2025;001;31912;Dick, Jeffrey E.;36.3%;18.6%;20.6%;;9.8%;2.0%;7.8%;3.9%;;1.0%;;;;;;;;;;;;;;
;;25500;Org Chem Life Sci I;202520;Spring 2025;001;14098;Uyeda, Christopher H.;21.0%;;9.7%;;17.2%;;4.4%;26.0%;;4.7%;7.2%;;1.9%;;1.3%;0.3%;;0.3%;;;;;6.0%;
;;;;;;008;12210;Chmielewski, Jean A.;26.1%;;8.2%;;21.1%;;5.0%;20.4%;;6.0%;4.1%;;3.1%;;1.6%;;;;;;;;4.4%;
;;;Org Chem Life Sci I-Honors;202520;Spring 2025;001;14098;Uyeda, Christopher H.;100.0%;;;;;;;;;;;;;;;;;;;;;;;
;;;;;;008;12210;Chmielewski, Jean A.;100.0%;;;;;;;;;;;;;;;;;;;;;;;
;;25501;Org Chem Life Sci Lab I;202520;Spring 2025;111;18987;Bai, Yuntian;95.7%;;;;;;;;;;;;;;;;;;;;;;4.3%;
;;;;;;112;18830;Chowdhury, Raqib M.;78.3%;;;;17.4%;;;4.3%;;;;;;;;;;;;;;;;
;;;;;;113;14102;Hagerty, Joseph B.;72.7%;;;;9.1%;;;4.5%;;;;;;;;;;;;;;;13.6%;
;;;;;;114;14101;Darling, Deacon M.;87.5%;;;;8.3%;;;;;;;;;;4.2%;;;;;;;;;
;;;;;;115;18829;Johnston, Bridger L.;87.5%;;;;12.5%;;;;;;;;;;;;;;;;;;;
;;;;;;121;17936;Bai, Yuntian;95.8%;;;;4.2%;;;;;;;;;;;;;;;;;;;
;;;;;;122;14105;Awoyemi, Tobiloba E.;83.3%;;;;16.7%;;;;;;;;;;;;;;;;;;;
;;;;;;123;18986;Koduru, Sai G.;83.3%;;;;16.7%;;;;;;;;;;;;;;;;;;;
;;;;;;124;27317;Peterson, Christian M.;95.8%;;;;;;;4.2%;;;;;;;;;;;;;;;;
;;;;;;125;27319;Fontanetta, Meghan M.;62.5%;;;;29.2%;;;8.3%;;;;;;;;;;;;;;;;
;;;;;;131;14106;Agreda, Gustavo J.;87.5%;;;;4.2%;;;;;;;;;;;;;;;;;;8.3%;
;;;;;;132;14104;Bello, Lukman A.;91.7%;;;;4.2%;;;;;;;;;;4.2%;;;;;;;;;
;;;;;;133;17941;Bello, Lukman A.;87.5%;;;;4.2%;;;4.2%;;;4.2%;;;;;;;;;;;;;
;;;;;;134;17944;Pinnapareddy, Akhil;91.7%;;;;8.3%;;;;;;;;;;;;;;;;;;;
;;;;;;135;22739;Goodin, Margaret A.;91.7%;;;;4.2%;;;;;;;;;;;;;;;;;;4.2%;
;;;;;;211;22745;Barbarini, Brian T.;91.7%;;;;8.3%;;;;;;;;;;;;;;;;;;;
;;;;;;212;22986;Awoyemi, Tobiloba E.;58.3%;;;;29.2%;;;4.2%;;;;;;;4.2%;;;;;;;;4.2%;
;;;;;;213;18347;Grocki, Paul J.;86.4%;;;;9.1%;;;;;;;;;;;;;;;;;;4.5%;
;;;;;;221;18350;Nasser, Aya A.;91.3%;;;;4.3%;;;;;;;;;;;;;;;;;;4.3%;
;;;;;;222;14986;Bogle, Rebekah G.;59.1%;;;;40.9%;;;;;;;;;;;;;;;;;;;
;;;;;;223;23701;Bedford, Peter J.;57.1%;;;;23.8%;;;;;;;;;;14.3%;;;;;;;;4.8%;
;;;;;;231;27325;Darling, Deacon M.;91.7%;;;;4.2%;;;;;;;;;;;;;;;;;;4.2%;
;;;;;;232;27315;Marte De Aza, Alejandra Y.;62.5%;;;;25.0%;;;;;;4.2%;;;;;;;;;;;;8.3%;
;;;;;;233;27316;Birke, Josh M.;54.2%;;;;29.2%;;;12.5%;;;;;;;;;;;;;;;4.2%;
;;25600;Org Chem Life Sci II;202520;Spring 2025;001;14107;Kern, Mallory K.;17.7%;1.1%;7.8%;0.4%;17.0%;;6.0%;13.1%;11.0%;8.2%;4.3%;;;;10.3%;;;;;;;;3.2%;
;;;;;;006;26159;Kern, Mallory K.;28.8%;;8.5%;;12.7%;;5.9%;13.6%;8.5%;5.1%;5.9%;;;;8.5%;;;;;;;;2.5%;
;;;Org Chem Life Sci II-Honors;202520;Spring 2025;001;14107;Kern, Mallory K.;;;;;50.0%;;;;;;;;;;;;;;;;;;50.0%;
;;;;;;006;26159;Kern, Mallory K.;;;100.0%;;;;;;;;;;;;;;;;;;;;;
;;25601;Organic Chem Life Sci Lab II;202520;Spring 2025;321;14119;Fisher, Kendall;100.0%;;;;;;;;;;;;;;;;;;;;;;;
;;;;;;322;14113;Kim, Taeho;100.0%;;;;;;;;;;;;;;;;;;;;;;;
;;;;;;323;14112;Ortiz Blanco, Sebastian;95.2%;;;;;;;;;;;;;;;;;;;;;;4.8%;
;;;;;;331;66831;Sen, Abhirup;95.8%;;;;4.2%;;;;;;;;;;;;;;;;;;;
;;;;;;332;14111;Darko, Kwabena;100.0%;;;;;;;;;;;;;;;;;;;;;;;
;;;;;;333;14116;Grocki, Samuel B.;88.2%;;;;5.9%;;;;;;;;;;;;;;;;;;5.9%;
;;;;;;334;14114;Bhattacharya, Debmalya;87.5%;;;;8.3%;;;4.2%;;;;;;;;;;;;;;;;
;;;;;;335;27347;Kiran, Avinash;91.7%;;;;4.2%;;;4.2%;;;;;;;;;;;;;;;;
;;;;;;521;14117;Koons, Kalyn L.;95.8%;;;;4.2%;;;;;;;;;;;;;;;;;;;
;;;;;;522;14118;Castator, Kylie G.;94.1%;;;;5.9%;;;;;;;;;;;;;;;;;;;
;;;;;;523;14115;Bhattacharya, Debmalya;95.5%;;;;4.5%;;;;;;;;;;;;;;;;;;;
;;;;;;524;18354;Sagawa, Eugene S.;88.9%;;;;11.1%;;;;;;;;;;;;;;;;;;;
;;;;;;525;18355;Katchmar, Andrew;93.8%;;;;;;;;;;;;;;;;;;;;;;6.3%;
;;;;;;531;23453;Castator, Kylie G.;83.3%;;;;12.5%;;;;;;;;;;;;;;;;;;4.2%;
;;;;;;532;27328;Ortiz Blanco, Sebastian;93.3%;;;;;;;;;;;;;;;;;;;;;;6.7%;
;;;;;;533;27338;Fisher, Kendall;100.0%;;;;;;;;;;;;;;;;;;;;;;;
;;;;;;534;27340;Sagawa, Eugene S.;100.0%;;;;;;;;;;;;;;;;;;;;;;;
;;;;;;535;27345;Sabirianov, Matthew R.;87.0%;;;;13.0%;;;;;;;;;;;;;;;;;;;
;;25700;Organic Chemistry;202520;Spring 2025;001;14121;Mao, Chengde;26.5%;;;;31.1%;;;28.0%;;;9.1%;;;;2.3%;;0.8%;;;;;;2.3%;
;;25701;Organic Chem Lab;202520;Spring 2025;311;14128;Banerjee, Sourav;52.4%;;;;23.8%;;;4.8%;;;;;;;4.8%;;;;;;;;14.3%;
;;26200;Organic Chemistry II;202520;Spring 2025;001;14130;Thompson, David H.;5.7%;;41.8%;;29.5%;0.8%;0.8%;13.9%;0.8%;;3.3%;;0.8%;;2.5%;;;;;;;;;
;;26400;Organic Chemistry Lab II;202520;Spring 2025;411;12213;Pappinisseri Konath, Chaithanya;73.3%;;20.0%;;6.7%;;;;;;;;;;;;;;;;;;;
;;;;;;412;14136;Galligan, Ashley J.;66.7%;;;;12.5%;;12.5%;4.2%;;;4.2%;;;;;;;;;;;;;
;;;;;;421;14131;Eldosuky, Shadwa H.;88.9%;;5.6%;;5.6%;;;;;;;;;;;;;;;;;;;
;;;;;;422;12220;Eldosuky, Shadwa H.;64.3%;;14.3%;;14.3%;;7.1%;;;;;;;;;;;;;;;;;
;;;;;;423;14133;Galligan, Ashley J.;70.8%;;8.3%;;8.3%;;4.2%;4.2%;;;;;;;4.2%;;;;;;;;;
;;;;;;431;36118;Idahagbon, Nosa B.;83.3%;;4.2%;;8.3%;;4.2%;;;;;;;;;;;;;;;;;
;;26600;Organic Chemistry Lab II;202520;Spring 2025;001;14139;Anusha, Anusha;57.1%;;9.5%;;19.0%;;4.8%;;;9.5%;;;;;;;;;;;;;;
;;;;;;002;36168;Bari, Md Sazzadul;58.3%;;;;16.7%;;16.7%;8.3%;;;;;;;;;;;;;;;;
;;;;;;003;10647;Chaubey, Amit;75.0%;;;;8.3%;;8.3%;4.2%;;4.2%;;;;;;;;;;;;;;
;;;;;;005;27350;Enlow, Charles R.;42.9%;;;;21.4%;;14.3%;7.1%;;7.1%;;;;;;;;;;;;;7.1%;
;;26605;Organic Chemistry II;202520;Spring 2025;001;38188;Ngai, Ming-Yu;20.6%;13.7%;10.8%;;7.8%;10.8%;15.7%;5.9%;2.9%;1.0%;2.0%;1.0%;3.9%;;1.0%;;;;;;;;2.9%;
;;26800;Organic Chem Lab II Honors;202520;Spring 2025;H01;14140;Henager, Marissa E.;36.4%;18.2%;;;9.1%;;9.1%;18.2%;;;;;;;;;;;;;;;9.1%;
;;33900;Biochem: Molecular Approach;202520;Spring 2025;001;16689;Lyon, Angeline M.;20.0%;;8.2%;;26.2%;;13.8%;9.8%;;9.8%;4.6%;;5.6%;;1.0%;0.7%;;;;;;;0.3%;
;;33901;Biochemistry Laboratory;202520;Spring 2025;002;27564;McConnell, Danielle L.;80.0%;;;;20.0%;;;;;;;;;;;;;;;;;;;
;;;;;;003;27565;Boyd, Nehemiah X.;83.3%;;;;12.5%;;;4.2%;;;;;;;;;;;;;;;;
;;;;;;004;27566;Alonzo, Alex J.;91.7%;;;;8.3%;;;;;;;;;;;;;;;;;;;
;;;;;;005;27567;Adebowale, Damilare D.;81.8%;;;;13.6%;;;;;;;;;;4.5%;;;;;;;;;
;;;;;;006;27568;Coy Rodriguez, Laura G.;58.8%;;;;35.3%;;;;;;;;;;5.9%;;;;;;;;;
;;;;;;007;27569;Rakshit, Joydeep;87.0%;;;;13.0%;;;;;;;;;;;;;;;;;;;
;;;;;;008;27570;Coy Rodriguez, Laura G.;79.2%;;;;16.7%;;;4.2%;;;;;;;;;;;;;;;;
;;;;;;009;27571;Adebowale, Damilare D.;77.3%;;;;18.2%;;;4.5%;;;;;;;;;;;;;;;;
;;;;;;010;27572;McConnell, Danielle L.;85.0%;;;;10.0%;;;;;;;;;;5.0%;;;;;;;;;
;;;;;;011;27573;McCauley, Faith D.;95.5%;;;;4.5%;;;;;;;;;;;;;;;;;;;
;;;;;;012;27574;King, Hanna D.;100.0%;;;;;;;;;;;;;;;;;;;;;;;
;;;;;;013;27575;Germann, Jade O.;87.5%;;;;8.3%;;;;;;;;;;;;;;;;;;4.2%;
;;;;;;014;27576;Germann, Jade O.;91.7%;;;;4.2%;;;;;;;;;;;;;;;;;;4.2%;
;;34200;Inorganic Chemistry;202520;Spring 2025;001;14142;Wilker, Jonathan J.;50.4%;;;;24.8%;;;24.1%;;;;;;;;;;;;;;;0.7%;
;;34201;Inorganic Chem Lab;202520;Spring 2025;001;14144;Meger, Mitchell E.;63.6%;18.2%;;;9.1%;;;;;;;;;;;;;;;;;;9.1%;
;;;;;;002;14143;Meger, Mitchell E.;33.3%;8.3%;33.3%;;;16.7%;;;;8.3%;;;;;;;;;;;;;;
;;;;;;003;55005;Meger, Mitchell E.;45.5%;9.1%;27.3%;;;9.1%;;;;;;;;;;;;;;;;;9.1%;
;;37000;Topics In Physical Chm;202520;Spring 2025;001;14145;Hood, Jonathan D.;40.7%;;40.7%;;13.0%;;;1.9%;;;;;;;1.9%;;;;;;;;1.9%;
;;37200;Physical Chemistry;202520;Spring 2025;001;14146;Reppert, Michael E.;36.6%;;;;20.4%;8.6%;8.6%;7.5%;3.2%;3.2%;5.4%;;;;3.2%;;;;;;;;3.2%;
;;37400;Physical Chemistry II;202520;Spring 2025;001;14147;Liu, Lee;4.3%;10.6%;18.1%;1.1%;9.6%;8.5%;4.3%;5.3%;12.8%;11.7%;2.1%;8.5%;3.2%;;;;;;;;;;;
;;42400;Instrumental Analysis;202520;Spring 2025;001;27620;Zhang, Chi;50.0%;25.0%;;;;;25.0%;;;;;;;;;;;;;;;;;
;;43800;Intro Molecular Biotechnology;202520;Spring 2025;001;24809;Tian, Shiliang;47.5%;7.5%;5.0%;;12.5%;10.0%;10.0%;7.5%;;;;;;;;;;;;;;;;
;;46200;Intermediate Org Chm;202520;Spring 2025;001;27995;Kenttamaa, Hilkka I.;67.9%;;;;17.9%;;;3.6%;;;3.6%;;;;;;;3.6%;;;;;3.6%;
;;49000;The Nuclear Age;202520;Spring 2025;002;31954;Rienstra-Kiracofe, Jonathan C.;43.5%;8.7%;;;4.3%;;17.4%;13.0%;4.3%;4.3%;;;;;;;;;;;;;4.3%;
;;49400;Jun-Sen Chem Seminar;202520;Spring 2025;001;14158;Wenthold, Paul G.;20.0%;3.3%;73.3%;;;;;;;;3.3%;;;;;;;;;;;;;
;;;;;;002;31957;Wenthold, Paul G.;10.3%;37.9%;51.7%;;;;;;;;;;;;;;;;;;;;;
;;49900;Spec Assign;202520;Spring 2025;047;14162;Low, Philip S.;32.8%;5.2%;53.4%;;1.7%;;3.4%;;;;;;;;;;;1.7%;;;;;1.7%;
;;;Spec Assign-Honors;202520;Spring 2025;047;14162;Low, Philip S.;;;100.0%;;;;;;;;;;;;;;;;;;;;;
;;51300;Chemical Literature;202520;Spring 2025;001;14189;Zwicky, David A.;17.1%;5.7%;60.0%;;2.9%;;5.7%;;;;;;;;2.9%;;;;;;;;5.7%;
;;;;;;002;25465;Zwicky, David A.;25.0%;7.1%;60.7%;;;;3.6%;;;;;;;;;;;3.6%;;;;;;
;;62100;Adv Analytical Chem;202520;Spring 2025;001;18524;Simpson, Garth J.;42.9%;;28.6%;;20.0%;;2.9%;2.9%;;;;;;;;;;;;;;;2.9%;
;;62400;Particle Spectroscopy;202520;Spring 2025;001;14196;Mcluckey, Scott A.;44.8%;;10.3%;;31.0%;;;3.4%;;;;;;;;;;;;;;;10.3%;
;;64700;Trans Metal Organomet;202520;Spring 2025;001;31961;Doucette, Suzanne C.;46.2%;;;15.4%;19.2%;3.8%;15.4%;;;;;;;;;;;;;;;;;
;;65200;Synthetic Organic Chem;202520;Spring 2025;001;14201;Lipton, Mark A.;30.0%;5.0%;10.0%;10.0%;5.0%;10.0%;10.0%;15.0%;;;;;;;;;;;;;;;5.0%;
;;66800;Physical Organic Chem;202520;Spring 2025;001;31959;Lovinger, Gabriel J.;19.4%;16.1%;6.5%;25.8%;19.4%;3.2%;6.5%;;;;;;;;;;;;;;;;3.2%;
;;67200;Quantum Chem;202520;Spring 2025;001;18763;Liu, Hanzhe;;;94.4%;5.6%;;;;;;;;;;;;;;;;;;;;
;;69500;Sem Anlytcl Chem;202520;Spring 2025;001;14203;Zhang, Chi;;;;;;;;;;;;;;;;;;;;100.0%;;;;
;;;;;;018;48720;Zhang, Chi;60.0%;20.0%;;;10.0%;5.0%;5.0%;;;;;;;;;;;;;;;;;
;;;Sem Biochem;202520;Spring 2025;019;48721;Low-Nam, Shalini T.;;;;;;;;;;;;;;;;;;;;100.0%;;;;
;;;Sem Inorganic Chem;202520;Spring 2025;020;48722;Tian, Shiliang;;;;;;;;;;;;;;;;;;;;100.0%;;;;
;;;Sem Materials Chem;202520;Spring 2025;024;23369;Dong, Qi;;;;;;;;;;;;;;;;;;;;97.0%;;;3.0%;
;;;Sem Organic Chem;202520;Spring 2025;021;48723;Lipton, Mark A.;;;;;;;;;;;;;;;;;;;;100.0%;;;;
;;;Sem Physical Chem;202520;Spring 2025;004;14206;Chen, Ming;;;;;;;;;;;;;;;;;;;;100.0%;;;;
;;69600;Chem Biol From Bioanyl Perspct;202520;Spring 2025;012;18538;Drown, Bryon S.;13.3%;20.0%;6.7%;;20.0%;6.7%;26.7%;;;;;;;;;;;;;;;;;
;;;Electrochemistry;202520;Spring 2025;014;31952;Dick, Jeffrey E.;16.7%;20.0%;3.3%;23.3%;6.7%;3.3%;23.3%;;;;;;;;;;;;;;;;3.3%;
;;;Finite Element Modeling;202520;Spring 2025;015;32662;Dick, Jeffrey E.;91.7%;;;8.3%;;;;;;;;;;;;;;;;;;;;
;;;Sustainablty, Energy & Environ;202520;Spring 2025;011;18537;Dong, Qi;66.7%;4.8%;9.5%;;9.5%;;4.8%;;;;;;;;;;;;;;;;4.8%;
;;;X-Ray Crystallography;202520;Spring 2025;006;19269;Zeller, Matthias;50.0%;11.1%;11.1%;16.7%;;;5.6%;;;;;;;;5.6%;;;;;;;;;
;;69900;Research PhD Thesis;202520;Spring 2025;006;14257;Dick, Jeffrey E.;;;;;;;;;;;;;;;;;;;;100.0%;;;;
;;;;;;015;66341;Cooks, Robert G.;;;;;;;;;;;;;;;;;;;;100.0%;;;;
;;;;;;020;14227;Chopra, Gaurav;;;;;;;;;;;;;;;;;;;;100.0%;;;;
;;;;;;026;14239;Ghosh, Arun K.;;;;;;;;;;;;;;;;;;;;100.0%;;;;
;;;;;;027;14224;Laskin, Alexander;;;;;;;;;;;;;;;;;;;;100.0%;;;;
;;;;;;028;36222;Laskin, Julia;;;;;;;;;;;;;;;;;;;;100.0%;;;;
;;;;;;046;14234;Mei, Jianguo;;;;;;;;;;;;;;;;;;;;91.7%;;8.3%;;
;;;;;;047;14242;Low, Philip S.;;;;;;;;;;;;;;;;;;;;100.0%;;;;
;;;;;;050;14235;Simpson, Garth J.;;;;;;;;;;;;;;;;;;;;100.0%;;;;
;;;;;;051;14261;Mcluckey, Scott A.;;;;;;;;;;;;;;;;;;;;100.0%;;;;
;;;;;;070;14249;Kenttamaa, Hilkka I.;;;;;;;;;;;;;;;;;;;;94.7%;;5.3%;;
;;;;;;071;23024;Uyeda, Christopher H.;;;;;;;;;;;;;;;;;;;;100.0%;;;;
CHNS;CHNS-Chinese;10200;Chinese Level II;202520;Spring 2025;011;69852;Hu, Jingying;80.0%;;;;15.0%;;;5.0%;;;;;;;;;;;;;;;;
;;;;;;012;19387;Guo, Xiaoyang;57.9%;;;;21.1%;;;15.8%;;;;;;;;;;;;;;;5.3%;
;;;;;;013;29828;Qin, Lei;77.3%;;;;13.6%;;;;;;;;;;;;;4.5%;;;;;4.5%;
;;;Chinese Level II-Honors;202520;Spring 2025;012;19387;Guo, Xiaoyang;100.0%;;;;;;;;;;;;;;;;;;;;;;;
;;20200;Chinese Level IV;202520;Spring 2025;002;15224;Ye, Lijing;57.9%;10.5%;;;5.3%;5.3%;10.5%;5.3%;;;;;;;;;;5.3%;;;;;;
;;;;;;003;15225;Ye, Lijing;26.7%;40.0%;;;6.7%;13.3%;;;6.7%;6.7%;;;;;;;;;;;;;;
;;;Chinese Level IV-Honors;202520;Spring 2025;003;15225;Ye, Lijing;50.0%;50.0%;;;;;;;;;;;;;;;;;;;;;;
;;28000;Chinese Culture;202520;Spring 2025;001;15229;Wann, Ai-Jen;13.6%;22.7%;4.5%;;;18.2%;4.5%;;;13.6%;;;;;;;;4.5%;;;;;18.2%;
;;28100;Intro Chinese Food Culture II;202520;Spring 2025;001;13592;Wann, Ai-Jen;9.1%;18.2%;;;18.2%;4.5%;22.7%;9.1%;9.1%;;;;;;;;;;;;;;9.1%;
;;28500;Chinese Calligraphy;202520;Spring 2025;001;25662;Wann, Ai-Jen;21.4%;42.9%;14.3%;;;;14.3%;;;;;;;;;;;;;;;;7.1%;
;;30200;Chinese Level VI;202520;Spring 2025;003;14818;Ye, Lijing;55.6%;11.1%;;;5.6%;;16.7%;5.6%;5.6%;;;;;;;;;;;;;;;
;;;Chinese Level VI-Honors;202520;Spring 2025;003;14818;Ye, Lijing;100.0%;;;;;;;;;;;;;;;;;;;;;;;
;;33000;Chinese Cinema;202520;Spring 2025;001;20104;Route, Hongjian W.;45.5%;13.6%;;;;4.5%;18.2%;;;;;4.5%;;;4.5%;;;;;;;;9.1%;
;;34100;Chinese Lit I: Traditl;202520;Spring 2025;001;14288;Wei, Li;50.0%;25.0%;8.3%;8.3%;8.3%;;;;;;;;;;;;;;;;;;;
;;;Chinese Lit I: Traditl-Honors;202520;Spring 2025;001;14288;Wei, Li;;;100.0%;;;;;;;;;;;;;;;;;;;;;
;;40200;Chinese Level VIII;202520;Spring 2025;001;15249;Route, Hongjian W.;42.9%;;;;35.7%;;7.1%;7.1%;7.1%;;;;;;;;;;;;;;;
CLCS;CLCS-Classics;23100;Survey Of Latin Lit;202520;Spring 2025;011;28917;Conner, Daniel A.;14.3%;23.8%;28.6%;;4.8%;4.8%;4.8%;9.5%;4.8%;;;;;;4.8%;;;;;;;;;
;;;Survey Of Latin Lit-Honors;202520;Spring 2025;011;28917;Conner, Daniel A.;50.0%;;25.0%;;;;;;;25.0%;;;;;;;;;;;;;;
;;23300;Comparative Mythology;202520;Spring 2025;003;24681;Campbell, Charles;18.0%;11.0%;21.0%;;13.0%;8.0%;8.0%;4.0%;4.0%;2.0%;1.0%;2.0%;1.0%;;3.0%;;;;;;;;4.0%;
;;;Comparative Mythology-Honors;202520;Spring 2025;003;24681;Campbell, Charles;100.0%;;;;;;;;;;;;;;;;;;;;;;;
;;23400;Med And Sci Terminology Roots;202520;Spring 2025;001;28918;Barnes, Robert J.;14.8%;7.4%;63.0%;;7.4%;;;3.7%;;;;;;;;;;;;;;;3.7%;
;;;Med&Sci Terminlgy Roots-Honors;202520;Spring 2025;001;28918;Barnes, Robert J.;50.0%;;50.0%;;;;;;;;;;;;;;;;;;;;;
;;23700;Gender Sex Greece Rome;202520;Spring 2025;001;17640;Moodie, Erin K.;18.9%;10.8%;10.8%;;13.5%;10.8%;10.8%;8.1%;8.1%;2.7%;;;;;;;;;;;;;5.4%;
;;;Gender Sex Greece Rome-Honors;202520;Spring 2025;001;17640;Moodie, Erin K.;;;;;;;;;;;;;;;;;;;;;;;100.0%;
;;38000;Alexander The Great;202520;Spring 2025;001;24682;Barnes, Robert J.;32.8%;10.4%;17.9%;;11.9%;6.0%;6.0%;;3.0%;4.5%;1.5%;3.0%;;;;;;;;;;;3.0%;
;;;Alexander The Great-Honors;202520;Spring 2025;001;24682;Barnes, Robert J.;33.3%;;33.3%;;33.3%;;;;;;;;;;;;;;;;;;;
;;38700;Roman Religion;202520;Spring 2025;001;28919;Moodie, Erin K.;17.6%;11.8%;5.9%;;11.8%;14.7%;8.8%;5.9%;;8.8%;2.9%;;;;2.9%;;;;;;;;8.8%;
;;;Roman Religion-Honors;202520;Spring 2025;001;28919;Moodie, Erin K.;33.3%;;33.3%;;;;33.3%;;;;;;;;;;;;;;;;;
CLPH;CLPH-Clinical Pharmacy;43500;Pediatric Pharmacthrpy;202520;Spring 2025;001;60538;Israel, Emily N.;82.4%;;;;5.9%;;;;;;;;;;;;;11.8%;;;;;;
;;45400;Adv Practice In Psych Pharmacy;202520;Spring 2025;001;45953;Ott, Carol A.;100.0%;;;;;;;;;;;;;;;;;;;;;;;
;;45900;Intl Adv Pharm Prac Exp Prep;202520;Spring 2025;001;11691;Miller, Monica L.;97.8%;;;;2.2%;;;;;;;;;;;;;;;;;;;
CM;CM-Construction Management;10000;Intro To Construction Mgmt;202520;Spring 2025;001;12591;Sparkling, Anthony E.;31.1%;14.4%;;;18.9%;4.4%;8.9%;7.8%;;3.3%;3.3%;;;;2.2%;;;;;;;;5.6%;
;;15000;Construction Mgmt Fundamentals;202520;Spring 2025;005;13382;Chang, Soowon;44.4%;15.7%;1.9%;;13.9%;1.9%;15.7%;2.8%;;2.8%;;;;;;;;;;;;;0.9%;
;;16000;Surveying;202520;Spring 2025;001;25150;Dib, Hazar N.;16.7%;20.6%;7.8%;;13.7%;10.8%;13.7%;4.9%;3.9%;2.9%;1.0%;2.0%;1.0%;;1.0%;;;;;;;;;
;;16400;Graphics For Civ Engr & Const;202520;Spring 2025;010;68909;Cory, Clark A.;15.5%;;26.1%;;12.0%;;9.9%;9.9%;;7.7%;2.8%;;;;7.0%;0.7%;;;;;;;8.5%;
;;20002;Intermed Pre-Construction Mgmt;202520;Spring 2025;001;25147;Jiang, Yi;31.8%;19.7%;;;34.8%;3.0%;4.5%;3.0%;;;1.5%;;;;1.5%;;;;;;;;;
;;21500;Mechanical Constructn;202520;Spring 2025;001;25083;Cory, Clark A.;36.3%;;61.3%;;2.5%;;;;;;;;;;;;;;;;;;;
;;21601;Electrical Construction;202520;Spring 2025;001;25155;Sparkling, Anthony E.;19.0%;9.5%;28.6%;;23.8%;;9.5%;9.5%;;;;;;;;;;;;;;;;
;;26000;Intro Modeling For BIM;202520;Spring 2025;002;68920;George, Sarah J.;33.3%;8.3%;41.7%;;8.3%;;;;;8.3%;;;;;;;;;;;;;;
;;27000;Statics;202520;Spring 2025;002;25130;Jiang, Yi;26.9%;13.5%;3.8%;;32.7%;1.9%;15.4%;1.9%;;;;1.9%;;;;;;;;;;;1.9%;
;;30002;Advanced Pre-Construction Mgmt;202520;Spring 2025;001;25157;Wyman, Dan A.;31.7%;18.3%;5.0%;;25.0%;3.3%;10.0%;3.3%;;1.7%;;1.7%;;;;;;;;;;;;
;;30101;Intro Constr Company Fin Mgmt;202520;Spring 2025;001;25138;Chen, Yunfeng;12.2%;5.6%;3.3%;;21.1%;5.6%;6.7%;12.2%;7.8%;16.7%;1.1%;2.2%;1.1%;;2.2%;;;;;;;;2.2%;
;;31000;Equipment & Field Operations;202520;Spring 2025;001;25139;Sexton, Candice S.;44.3%;24.1%;12.7%;;8.9%;;10.1%;;;;;;;;;;;;;;;;;
;;33000;Design Construction I;202520;Spring 2025;001;12362;Chang, Soowon;33.3%;5.6%;27.8%;;16.7%;5.6%;;5.6%;;5.6%;;;;;;;;;;;;;;
;;36000;Appl Of Const Doc I;202520;Spring 2025;001;68928;Cory, Clark A.;43.2%;;13.5%;;21.6%;;10.8%;;;2.7%;2.7%;;;;;2.7%;;;;;;;2.7%;
;;;;;;002;68929;Cory, Clark A.;39.5%;;25.6%;;9.3%;;9.3%;4.7%;;;;;;;2.3%;;;;;;;;9.3%;
;;36200;Construction Competition;202520;Spring 2025;001;29881;Manuel, Joseph R.;2.6%;;94.9%;;;;;;;;;;;;;;;;;;;;2.6%;
;;36400;Jobsite Management;202520;Spring 2025;002;25170;Wallace, Lewie J.;21.5%;22.8%;2.5%;;27.8%;2.5%;12.7%;6.3%;;2.5%;;;;;1.3%;;;;;;;;;
;;37000;Heavy Civil Construction Mgmt;202520;Spring 2025;001;10309;Guan, Shanyue;20.0%;15.0%;40.0%;;;5.0%;;10.0%;;5.0%;5.0%;;;;;;;;;;;;;
;;37300;Healthcare Construction Mgmt;202520;Spring 2025;001;10308;Benhart, Bradley L.;95.5%;4.5%;;;;;;;;;;;;;;;;;;;;;;
;;37500;Mech And Elec Constr Mgmt II;202520;Spring 2025;001;10321;Cory, Clark A.;16.7%;;83.3%;;;;;;;;;;;;;;;;;;;;;
;;37700;Residential Const Design-Build;202520;Spring 2025;001;10322;Manuel, Joseph R.;55.0%;15.0%;12.5%;;7.5%;;5.0%;;2.5%;;;;;;;;;;;;;;2.5%;
;;38000;Soils And Foundations;202520;Spring 2025;001;25634;Guan, Shanyue;38.6%;17.5%;8.8%;;12.3%;5.3%;14.0%;;;3.5%;;;;;;;;;;;;;;
;;40000;Construction Capstone I;202520;Spring 2025;001;11196;Benhart, Bradley L.;41.9%;16.3%;;;18.6%;;16.3%;2.3%;;4.7%;;;;;;;;;;;;;;
;;43300;Risk & Legal Design/Constr;202520;Spring 2025;001;25186;Chen, Yunfeng;32.4%;11.1%;1.9%;;23.1%;4.6%;12.0%;9.3%;;3.7%;;0.9%;;;;;;;;;;;0.9%;
;;45001;Construction Capstone II;202520;Spring 2025;001;26510;Manuel, Joseph R.;24.7%;18.6%;;;30.9%;7.2%;13.4%;3.1%;1.0%;1.0%;;;;;;;;;;;;;;
;;45701;Construction Safety;202520;Spring 2025;001;25180;Jenkins, James L.;36.4%;;;;42.4%;;;18.2%;;;;;;;;;;;;;;;3.0%;
;;;;;;002;25181;Jenkins, James L.;51.4%;;;;25.7%;;;17.1%;;;2.9%;;;;;;;;;;;;2.9%;
;;46000;Bldg Info Mel Comrcl Constr;202520;Spring 2025;003;68940;Cory, Clark A.;66.7%;;33.3%;;;;;;;;;;;;;;;;;;;;;
;;47500;Construction Costs;202520;Spring 2025;001;25187;Li, Qingchun;20.0%;16.7%;16.7%;;13.3%;6.7%;13.3%;;6.7%;3.3%;;;;;;;;;;;;;3.3%;
;;55000;Risk Mgmt In Construction;202520;Spring 2025;001;29003;Elwakil, Emad;55.0%;15.0%;15.0%;;5.0%;5.0%;5.0%;;;;;;;;;;;;;;;;;
;;58100;Technolgy In Construction Mgmt;202520;Spring 2025;002;27784;Zhang, Jiansong;88.9%;;5.6%;;;;;;;;;;;;;;;;;;;;;5.6%
CNIT;CNIT-Computer & Info Tech;10500;Intro To C Program;202520;Spring 2025;001;13147;Salem, Tawfiq M.;21.4%;18.6%;2.9%;;8.6%;10.0%;14.3%;7.1%;4.3%;4.3%;1.4%;;1.4%;;2.9%;;;;;;;;2.9%;
;;13600;PC Tech & Applications;202520;Spring 2025;Y01;57718;Boowuo, Henrietta;49.5%;9.6%;;;7.0%;3.7%;9.0%;3.7%;1.7%;2.7%;1.0%;1.0%;1.0%;;3.7%;;;0.3%;;;;;6.3%;
;;15501;Intro To Software Dev Concepts;202520;Spring 2025;001;11701;Salem, Tawfiq M.;24.7%;18.7%;4.1%;;14.6%;4.6%;19.6%;1.4%;2.3%;1.8%;0.5%;0.5%;2.7%;;3.7%;;;;;;;;0.9%;
;;17500;Visual Programming;202520;Spring 2025;002;13184;Kose, Shubham;31.3%;15.6%;3.1%;;15.6%;3.1%;12.5%;;3.1%;3.1%;;;;;3.1%;;;;;;;;9.4%;
;;17600;Info Tech Architecture;202520;Spring 2025;043;10942;Hiday, Lawrence A.;38.6%;;;;36.2%;;;7.1%;;;2.4%;;;;10.2%;;;;;;;;5.5%;
;;;;;;044;10944;Hiday, Lawrence A.;51.6%;;;;28.1%;;;5.5%;;;4.7%;;;;5.5%;;;;;;;;4.7%;
;;;Info Tech Architecture-Honors;202520;Spring 2025;044;10944;Hiday, Lawrence A.;100.0%;;;;;;;;;;;;;;;;;;;;;;;
;;18000;Intro To Systems Devel;202520;Spring 2025;008;12437;Ledbetter, William C.;35.3%;13.2%;7.4%;;2.9%;5.9%;7.4%;2.9%;4.4%;2.9%;1.5%;2.9%;1.5%;;4.4%;;;;;;;;7.4%;
;;18200;System & Org Security;202520;Spring 2025;001;15404;Josekutty Thomas, Paul;42.3%;;;;26.8%;;;15.5%;;;5.6%;;;;4.2%;;;;;;;;5.6%;
;;24200;System Administration;202520;Spring 2025;001;34380;Deadman, Robert C.;14.3%;;;;46.4%;;;31.4%;;;;;;;3.6%;;;;;;;;4.3%;
;;25501;Obj-Oriented Prog Introduction;202520;Spring 2025;001;11728;Smith, Eunsun C.;11.9%;27.4%;;;16.1%;6.0%;20.8%;2.4%;1.8%;5.4%;1.2%;;0.6%;;1.8%;;;;;;;;4.8%;
;;;Obj-Oriented Prog Intro-Honors;202520;Spring 2025;001;11728;Smith, Eunsun C.;;;;;100.0%;;;;;;;;;;;;;;;;;;;
;;27000;Cybersecurity Fundamentals I;202520;Spring 2025;010;12439;Zuel, Brian C.;64.1%;;;;23.1%;;;5.1%;;;1.7%;;;;1.7%;;;;;;;;4.3%;
;;;;;;028;25448;Zuel, Brian C.;67.7%;;;;27.4%;;;0.8%;;;;;;;2.4%;;;;;;;;1.6%;
;;27100;Cybersecurity Fundamentals II;202520;Spring 2025;005;15460;Bhatt, Smriti;62.1%;;;;29.5%;;;3.8%;;;;;;;1.5%;;;;;;;;3.0%;
;;27200;Database Fundamentals;202520;Spring 2025;001;13217;Smith, Eunsun C.;33.5%;16.1%;;;8.4%;8.4%;16.1%;5.2%;1.3%;3.2%;0.6%;0.6%;;;2.6%;;;;;;;;3.9%;
;;28000;Syst Analysis & Design;202520;Spring 2025;002;69007;Patel, Devang A.;29.7%;10.9%;18.8%;;15.6%;1.6%;14.1%;1.6%;1.6%;4.7%;;;;;1.6%;;;;;;;;;
;;31500;Systems Programming;202520;Spring 2025;002;57722;Matson, Eric T.;26.5%;;;;39.2%;;;25.5%;;;3.9%;;;;3.9%;;;;;;;;1.0%;
;;;Systems Programming-Honors;202520;Spring 2025;002;57722;Matson, Eric T.;50.0%;;;;50.0%;;;;;;;;;;;;;;;;;;;
;;32000;Pol, Reg & Global Info Tech;202520;Spring 2025;001;11647;Ledbetter, William C.;63.6%;;;;31.8%;;;2.3%;;;;;;;2.3%;;;;;;;;;
;;32200;Research Methodology & Design;202520;Spring 2025;003;20056;Ledbetter, William C.;38.5%;;7.7%;;24.6%;;18.5%;6.2%;;;;;;;3.1%;;;;;;;;1.5%;
;;32300;Basic Cyberforensics;202520;Spring 2025;001;10353;Karabiyik, Umit;9.0%;15.7%;1.1%;;23.6%;6.7%;13.5%;12.4%;;13.5%;2.2%;1.1%;;;1.1%;;;;;;;;;
;;32500;OO Application Development;202520;Spring 2025;003;15270;Matson, Eric T.;64.9%;;;;16.2%;;;5.4%;5.4%;;;2.7%;;;;;;;;;;;5.4%;
;;34000;UNIX Administration;202520;Spring 2025;001;25467;Gough, Erik S.;35.2%;5.7%;1.6%;;40.2%;6.6%;;5.7%;0.8%;;;;;;2.5%;;;;;;;;1.6%;
;;34220;Network Administration;202520;Spring 2025;001;12586;Hiday, Lawrence A.;19.3%;;;;47.3%;;;28.7%;;;2.7%;;;;1.3%;;;;;;;;0.7%;
;;34400;Network Engr Fundamentals;202520;Spring 2025;001;13809;Deadman, Robert C.;12.3%;;;;45.5%;;;37.7%;;;1.9%;;;;1.3%;;;;;;;;1.3%;
;;34500;Internet Desgn&Implem;202520;Spring 2025;001;41361;Deadman, Robert C.;46.7%;;;;43.3%;;;10.0%;;;;;;;;;;;;;;;;
;;34600;Wireless Networks;202520;Spring 2025;001;17034;Smith, Anthony H.;34.8%;;;;23.9%;2.2%;6.5%;10.9%;6.5%;6.5%;2.2%;;;;;;;;;;;;6.5%;
;;37000;Introduction To Cryptography;202520;Spring 2025;001;17859;Sun, Wenhai;56.8%;;;;35.6%;;;6.1%;;;;;;;0.8%;;;;;;;;0.8%;
;;37100;Cyberlaw And Ethics;202520;Spring 2025;001;10397;Ringenberg, Tatiana R.;67.3%;;;;25.7%;;;3.5%;;;1.8%;;;;;;;;;;;;1.8%;
;;;Cyberlaw And Ethics-Honors;202520;Spring 2025;001;10397;Ringenberg, Tatiana R.;100.0%;;;;;;;;;;;;;;;;;;;;;;;
;;38000;Adv Analysis & Design;202520;Spring 2025;001;12441;Casner, Melissa R.;53.1%;;;;34.4%;;;3.1%;;;;;;;3.1%;;;;;;;;6.3%;
;;38101;Enterprise Info Governance;202520;Spring 2025;007;27415;Laux, Dawn D.;47.5%;20.0%;;;12.5%;5.0%;5.0%;2.5%;2.5%;;2.5%;;;;;;;;;;;;2.5%;
;;;Quality Engineering In IT;202520;Spring 2025;011;18722;Josekutty Thomas, Paul;55.0%;;;;35.0%;;;5.0%;;;;;;;5.0%;;;;;;;;;
;;39200;Enterprise Data Mgmt;202520;Spring 2025;001;13250;Pradhan, Romila;14.8%;13.6%;9.9%;;2.5%;18.5%;11.1%;6.2%;11.1%;6.2%;2.5%;;2.5%;;;;;;;;;;1.2%;
;;42000;Basic Cyber Forensics;202520;Spring 2025;001;10359;Karabiyik, Umit;3.9%;11.8%;3.9%;;19.6%;13.7%;17.6%;3.9%;3.9%;9.8%;;;2.0%;;7.8%;;;;;;;;2.0%;
;;42200;Cyber Criminology;202520;Spring 2025;001;18373;Tyagi, Sonali;19.1%;;1.5%;;27.9%;;4.4%;22.1%;1.5%;13.2%;;;4.4%;;2.9%;;;;;;;;2.9%;
;;;;;;002;11459;Seigfried-Spellar, Kathryn C.;18.6%;;1.4%;;37.1%;;14.3%;10.0%;;4.3%;1.4%;1.4%;2.9%;;4.3%;;;;;;;;4.3%;
;;;Cyber Criminology-Honors;202520;Spring 2025;001;18373;Tyagi, Sonali;100.0%;;;;;;;;;;;;;;;;;;;;;;;
;;42300;Advanced Cyberforensics;202520;Spring 2025;002;25081;Thompson, Marcus A.;100.0%;;;;;;;;;;;;;;;;;;;;;;;
;;45500;Network Security;202520;Spring 2025;007;23471;Rawles, Phillip T.;21.6%;2.7%;;;27.0%;5.4%;8.1%;18.9%;5.4%;2.7%;5.4%;;;;2.7%;;;;;;;;;
;;47000;Incident Response Management;202520;Spring 2025;001;16952;Thompson, Marcus A.;34.0%;;;;60.0%;;;6.0%;;;;;;;;;;;;;;;;
;;47100;Vuln Analysis & Testing;202520;Spring 2025;003;20155;Zuel, Brian C.;69.7%;;;;27.5%;;;2.2%;;;;;;;;;;;;;;;0.6%;
;;48000;Manag Info Tech Projct;202520;Spring 2025;001;13263;Josekutty Thomas, Paul;58.3%;;;;30.0%;;;6.7%;;;1.7%;;;;2.5%;;;;;;;;0.8%;
;;48101;Front End Web Programming;202520;Spring 2025;022;20495;Li, Tianyi;17.6%;23.5%;41.2%;;5.9%;5.9%;5.9%;;;;;;;;;;;;;;;;;
;;48200;Six Sigma Data Quality;202520;Spring 2025;026;21652;Laux, Chad M.;80.0%;;;;10.0%;;10.0%;;;;;;;;;;;;;;;;;
;;48300;Applied Machine Learning;202520;Spring 2025;003;24807;Kocsis, Jin;65.0%;;;;12.5%;;20.0%;;;;;;;;;;;;;;;;2.5%;
;;48400;Applications In Data Science;202520;Spring 2025;001;24814;Springer, John A.;79.3%;;;;20.7%;;;;;;;;;;;;;;;;;;;
;;51200;Manag Rsrc & Appl Secur;202520;Spring 2025;002;67054;Dietz, James E.;71.2%;;24.7%;;2.7%;;1.4%;;;;;;;;;;;;;;;;;
;;52500;Mobile Forensics;202520;Spring 2025;004;29317;Karabiyik, Umit;25.0%;16.7%;8.3%;;25.0%;8.3%;;;4.2%;4.2%;;8.3%;;;;;;;;;;;;
;;54300;Hum Comp Int Appl To Game & Ed;202520;Spring 2025;001;23716;Kao, Dominic;42.9%;28.6%;19.0%;4.8%;;;4.8%;;;;;;;;;;;;;;;;;
;;55600;Computer Forensics;202520;Spring 2025;001;20745;Matulis, Nina L.;94.4%;;;;5.6%;;;;;;;;;;;;;;;;;;;
;;57000;IT Data Analytics;202520;Spring 2025;001;31661;Springer, John A.;82.5%;;;;7.5%;;;;;;2.5%;;;;;;;;;;;;7.5%;
;;58100;Advanced Cloud Computing;202520;Spring 2025;051;31604;Hacker, Thomas J.;70.0%;;;;25.0%;;;;;;;;;;;;;;;;;;5.0%;
;;;Data Fusion For Machine Learn;202520;Spring 2025;040;18545;Hacker, Thomas J.;100.0%;;;;;;;;;;;;;;;;;;;;;;;
;;60100;Applied Statistics;202520;Spring 2025;001;29411;Seigfried-Spellar, Kathryn C.;61.9%;;;4.8%;23.8%;;9.5%;;;;;;;;;;;;;;;;;
;;62500;Research Methods In Computing;202520;Spring 2025;001;20146;Ringenberg, Tatiana R.;88.2%;;;;11.8%;;;;;;;;;;;;;;;;;;;
COM;COM-Communication;10200;Intro To Com Theory;202520;Spring 2025;001;16418;Pruim, Douglas E.;23.4%;15.6%;0.8%;;29.7%;6.3%;13.3%;2.3%;;3.9%;0.8%;;0.8%;;;;;;;;;;3.1%;
;;;Intro To Com Theory-Honors;202520;Spring 2025;001;16418;Pruim, Douglas E.;50.0%;;;;50.0%;;;;;;;;;;;;;;;;;;;
;;11400;Fundament Of Speech;202520;Spring 2025;101;11536;Mccabe, Nicole L.;45.8%;20.8%;;;16.7%;;12.5%;;;;;;;;;;;;;;;;4.2%;
;;;;;;103;11538;Bittinger, Michael D.;39.1%;21.7%;;;26.1%;;4.3%;;4.3%;;;;;;4.3%;;;;;;;;;
;;;;;;104;11530;Momade, Gladys M.;56.5%;17.4%;;;;13.0%;8.7%;;;;;;;;;;;;;;;;4.3%;
;;;;;;105;11535;Reed, Alyssa L.;41.7%;16.7%;;;20.8%;4.2%;8.3%;;;;;;4.2%;;;;;;;;;;4.2%;
;;;;;;106;11533;Schultz, James E.;75.0%;16.7%;;;4.2%;;;4.2%;;;;;;;;;;;;;;;;
;;;;;;108;11537;Engelberth, Nathan P.;26.1%;21.7%;17.4%;;13.0%;4.3%;13.0%;;;4.3%;;;;;;;;;;;;;;
;;;;;;110;11534;Leath-Lacy, Nicholas B.;25.0%;29.2%;16.7%;;20.8%;;;8.3%;;;;;;;;;;;;;;;;
;;;;;;201;11499;Gehres, Ericka K.;58.3%;16.7%;;;4.2%;;8.3%;;;;;;;;4.2%;;;;;;;;8.3%;
;;;;;;203;65576;Boersma, Cari A.;41.7%;4.2%;;;12.5%;;4.2%;4.2%;4.2%;4.2%;4.2%;4.2%;;;12.5%;;;;;;;;4.2%;
;;;;;;205;11497;Boersma, Cari A.;20.8%;25.0%;;;16.7%;4.2%;16.7%;;;8.3%;4.2%;;;;4.2%;;;;;;;;;
;;;;;;209;11509;Gerald, Maggie L.;30.4%;13.0%;;;17.4%;4.3%;21.7%;13.0%;;;;;;;;;;;;;;;;
;;;;;;210;11500;Albitz, Michelle L.;8.7%;26.1%;;;13.0%;13.0%;26.1%;8.7%;;4.3%;;;;;;;;;;;;;;
;;;;;;211;11502;Sawyer, Haley E.;13.6%;18.2%;;;36.4%;4.5%;18.2%;4.5%;;;;;;;;;;;;;;;4.5%;
;;;;;;301;11484;Delworth, Angeline Mills;58.3%;12.5%;;;16.7%;;;;;;;;;;4.2%;;;;;;;;8.3%;
;;;;;;305;11490;Stith, David R.;56.5%;13.0%;;;13.0%;;8.7%;4.3%;;;;;;;;;;;;;;;4.3%;
;;;;;;307;11493;Hedrick, Tamara R.;17.4%;8.7%;;;34.8%;13.0%;4.3%;8.7%;;4.3%;;;;;;;;;;;;;8.7%;
;;;;;;313;11485;Stewart, Stephen R.;54.2%;25.0%;;;12.5%;4.2%;;;;;;;;;;;;;;;;;4.2%;
;;;;;;317;11481;Kelly, Rachel M.;69.6%;;4.3%;;21.7%;;4.3%;;;;;;;;;;;;;;;;;
;;;;;;319;11483;Stith, David R.;54.5%;9.1%;;;9.1%;;9.1%;9.1%;;4.5%;;;;;;;;;;;;;4.5%;
;;;;;;401;11527;Salazar, Hannah N.;50.0%;20.8%;;;20.8%;;4.2%;;;4.2%;;;;;;;;;;;;;;
;;;;;;403;11523;Salazar, Hannah N.;54.2%;20.8%;;;8.3%;4.2%;;4.2%;4.2%;;;4.2%;;;;;;;;;;;;
;;;;;;404;11529;Salazar, Hannah N.;58.3%;12.5%;;;12.5%;;16.7%;;;;;;;;;;;;;;;;;
;;;;;;405;11521;Kirk, Mary K.;50.0%;8.3%;;;33.3%;;;;;;;;;;8.3%;;;;;;;;;
;;;;;;406;11522;Vaught, Megan F.;47.8%;13.0%;;;17.4%;;8.7%;4.3%;;8.7%;;;;;;;;;;;;;;
;;;;;;407;11524;Salazar, Hannah N.;58.3%;8.3%;;;12.5%;4.2%;12.5%;4.2%;;;;;;;;;;;;;;;;
;;;;;;408;11528;Smith, Carol E.;66.7%;16.7%;;;12.5%;;;;;;;;;;;;;;;;;;4.2%;
;;;;;;544;13566;Boersma, Cari A.;54.2%;12.5%;;;12.5%;4.2%;4.2%;;;;;;;;4.2%;;;4.2%;;;;;4.2%;
;;;;;;546;13569;Watley, Kimberly J.;38.1%;9.5%;;;23.8%;;;;;4.8%;;;;;9.5%;;;;;;;;14.3%;
;;;;;;548;13571;Jones, Emily R.;19.0%;9.5%;;;23.8%;9.5%;9.5%;14.3%;4.8%;;;;;;;;;;;;;;9.5%;
;;;;;;550;13573;Afoakwa-Acheampong, Cindy;78.3%;13.0%;;;;;4.3%;;;;;;;;4.3%;;;;;;;;;
;;;;;;552;13576;Boersma, Cari A.;60.9%;4.3%;;;26.1%;;4.3%;4.3%;;;;;;;;;;;;;;;;
;;;;;;632;15936;Reed, Alyssa L.;62.5%;8.3%;;;16.7%;4.2%;4.2%;4.2%;;;;;;;;;;;;;;;;
;;;;;;644;12618;Clark, Ian R.;45.0%;40.0%;;;;5.0%;;;;;5.0%;;;;;;;;;;;;5.0%;
;;;;;;645;12619;Schenk, Jayna M.;85.0%;5.0%;;;10.0%;;;;;;;;;;;;;;;;;;;
;;;;;;646;26771;Strickler, Joseph A.;65.0%;10.0%;;;10.0%;5.0%;5.0%;;5.0%;;;;;;;;;;;;;;;
;;;;;;647;14970;Leath-Lacy, Nicholas B.;30.0%;15.0%;5.0%;;10.0%;;10.0%;15.0%;;;;;;;5.0%;;;;;;;;10.0%;
;;;;;;648;30961;Acosta-Roberts, Guadalupe E.;40.0%;12.0%;;;12.0%;;16.0%;;;;;;;;12.0%;;;;;;;;8.0%;
;;;;;;649;33421;Albitz, Michelle L.;20.0%;25.0%;;;10.0%;10.0%;10.0%;;;;5.0%;;;;15.0%;;;;;;;;5.0%;
;;;;;;650;33422;Martin, Caleb A.;60.9%;13.0%;;;17.4%;;4.3%;;;;;;;;;;;;;;;;4.3%;
;;;;;;651;33453;Delgado, Joshua;40.0%;20.0%;;;10.0%;;15.0%;;;;5.0%;;;;5.0%;;;;;;;;5.0%;
;;;;;;652;33454;Smith, Cara L.;45.8%;20.8%;;;12.5%;4.2%;8.3%;;;;;;;;;4.2%;;;;;;;4.2%;
;;;;;;653;33489;Pfoff, Dalton J.;62.5%;20.8%;;;;4.2%;8.3%;;;;;;;;;;;;;;;;4.2%;
;;;;;;654;33509;Lawson, Andrea L.;40.0%;10.0%;;;30.0%;5.0%;10.0%;5.0%;;;;;;;;;;;;;;;;
;;;;;;655;33528;Linville, Jamie L.;40.0%;25.0%;;;20.0%;;;;;5.0%;;;;;;;;;;;;;10.0%;
;;;Fundament Of Speech-Honors;202520;Spring 2025;H01;19349;Afoakwa-Acheampong, Cindy;95.0%;;;;;;;;;;;;;;;;;;;;;;5.0%;
;;;;;;H02;19350;Deyoe, Diana L.;90.0%;5.0%;;;5.0%;;;;;;;;;;;;;;;;;;;
;;;;;;H03;19351;Nwoko, Onyinyechi B.;100.0%;;;;;;;;;;;;;;;;;;;;;;;
;;;;;;H04;22621;Ramsey, Jessica N.;55.0%;25.0%;;;;5.0%;10.0%;;;;;;;;;;;;;;;;5.0%;
;;;;;;H05;14975;Pendleton, Cassandra E.;20.0%;45.0%;5.0%;;10.0%;5.0%;15.0%;;;;;;;;;;;;;;;;;
;;;;;;H06;31893;Mosher, Nicole M.;70.0%;15.0%;;;5.0%;;10.0%;;;;;;;;;;;;;;;;;
;;20400;Crit Perspectives Com;202520;Spring 2025;001;16530;Boyd, Joshua E.;7.6%;;1.7%;;21.8%;5.0%;5.9%;26.1%;5.0%;1.7%;3.4%;;0.8%;;5.9%;;;0.8%;;;;;14.3%;
;;;Crit Perspectives Com-Honors;202520;Spring 2025;001;16530;Boyd, Joshua E.;33.3%;;;;;;;33.3%;;;33.3%;;;;;;;;;;;;;
;;21200;Appr Stdy Interp Commn;202520;Spring 2025;004;16545;Bowling, Roy N.;22.2%;22.2%;;;11.1%;22.2%;16.7%;;5.6%;;;;;;;;;;;;;;;
;;;;;;005;16541;Buehler, Emily M.;40.0%;15.0%;5.0%;;10.0%;5.0%;15.0%;;;10.0%;;;;;;;;;;;;;;
;;;;;;007;14175;Bowling, Roy N.;15.0%;25.0%;;;10.0%;10.0%;30.0%;5.0%;;;;;;;;;;5.0%;;;;;;
;;;;;;008;15996;Deyoe, Diana L.;10.0%;10.0%;30.0%;;10.0%;5.0%;20.0%;;;5.0%;;;;;5.0%;;;;;;;;5.0%;
;;;;;;027;25683;Jackson, Diane L.;10.0%;35.0%;5.0%;;15.0%;;25.0%;5.0%;;;;;;;;;;;;;;;5.0%;
;;;;;;028;22054;Dawson, Emily T.;20.0%;35.0%;5.0%;;;15.0%;10.0%;10.0%;;;;;;;;;;;;;;;5.0%;
;;;;;;029;33657;Dawson, Emily T.;25.0%;20.0%;5.0%;;10.0%;10.0%;10.0%;5.0%;;5.0%;;;;;5.0%;;;;;;;;5.0%;
;;;Appr Stdy Interp Commn-Honors;202520;Spring 2025;004;16545;Bowling, Roy N.;50.0%;;;;;;50.0%;;;;;;;;;;;;;;;;;
;;21700;Sci Writing & Present -Honors;202520;Spring 2025;017;17221;Brejcha, Jacob J.;100.0%;;;;;;;;;;;;;;;;;;;;;;;
;;;Sci Writing & Present-Honors;202520;Spring 2025;030;15051;Mueller, Holly L.;100.0%;;;;;;;;;;;;;;;;;;;;;;;
;;;Sci Writing & Presentn-Honors;202520;Spring 2025;H25;25684;Mobolaji, Adeola O.;100.0%;;;;;;;;;;;;;;;;;;;;;;;
;;;;;;H28;20415;Wright, Jon D.;100.0%;;;;;;;;;;;;;;;;;;;;;;;
;;;Science Writing & Presentation;202520;Spring 2025;001;52804;Johnson, Ethan T.;40.0%;5.0%;20.0%;;5.0%;5.0%;10.0%;5.0%;;5.0%;;;;;;;;;;;;;5.0%;
;;;;;;002;52808;Bowling, Roy N.;75.0%;15.0%;;;5.0%;;5.0%;;;;;;;;;;;;;;;;;
;;;;;;003;52806;Crain, Steven D.;90.0%;10.0%;;;;;;;;;;;;;;;;;;;;;;
;;;;;;004;52805;Iserman, Adam D.;80.0%;5.0%;;;10.0%;5.0%;;;;;;;;;;;;;;;;;;
;;;;;;005;43715;Wright, Jon D.;75.0%;5.0%;;;5.0%;;5.0%;5.0%;;5.0%;;;;;;;;;;;;;;
;;;;;;007;45136;Crain, Steven D.;90.0%;5.0%;;;5.0%;;;;;;;;;;;;;;;;;;;
;;;;;;008;45137;Denham, Alexis M.;36.8%;10.5%;5.3%;;21.1%;10.5%;;5.3%;;;;5.3%;;;;;;;;;;;5.3%;
;;;;;;009;45135;Creech, Brett A.;89.5%;;;;5.3%;;;;;;;;;;;;;;;;;;5.3%;
;;;;;;011;10662;Latoz, Traci L.;90.0%;10.0%;;;;;;;;;;;;;;;;;;;;;;
;;;;;;012;45140;Crain, Steven D.;85.0%;5.0%;;;10.0%;;;;;;;;;;;;;;;;;;;
;;;;;;014;45139;Wright, Jon D.;73.7%;10.5%;;;10.5%;;;;5.3%;;;;;;;;;;;;;;;
;;;;;;015;10664;Boersma, Cari A.;76.2%;;;;14.3%;;4.8%;4.8%;;;;;;;;;;;;;;;;
;;;;;;017;17221;Brejcha, Jacob J.;55.6%;11.1%;;;5.6%;;5.6%;;;5.6%;5.6%;;;;11.1%;;;;;;;;;
;;;;;;018;17243;Reif, Jennifer;50.0%;20.0%;;;10.0%;;10.0%;;;;;;;;;;;;;;;;10.0%;
;;;;;;019;17244;Gilbert, Molly E.;25.0%;10.0%;30.0%;;10.0%;;15.0%;;;;;;;;;;;;;;;;10.0%;
;;;;;;021;17252;Mukhopadhyay, Anaggha;42.1%;26.3%;;;10.5%;;10.5%;;;;5.3%;;;;;;;;;;;;5.3%;
;;;;;;022;12635;Crain, Steven D.;85.0%;5.0%;;;10.0%;;;;;;;;;;;;;;;;;;;
;;;;;;023;12636;Dufault, Sean G.;15.0%;10.0%;5.0%;;15.0%;5.0%;25.0%;;;5.0%;;;10.0%;;5.0%;;;;;;;;5.0%;
;;;;;;024;12637;Mohammed, Inusah;100.0%;;;;;;;;;;;;;;;;;;;;;;;
;;;;;;026;25685;Allwes, Beth A.;94.7%;5.3%;;;;;;;;;;;;;;;;;;;;;;
;;;;;;027;25686;Boersma, Cari A.;90.0%;10.0%;;;;;;;;;;;;;;;;;;;;;;
;;;;;;028;26476;Grasham, Timothy M.;95.0%;;;;;;;5.0%;;;;;;;;;;;;;;;;
;;;;;;029;15043;Montes, Jennifer L.;41.2%;5.9%;;;11.8%;5.9%;11.8%;11.8%;;;;;5.9%;;;;;;;;;;5.9%;
;;;;;;030;15051;Mueller, Holly L.;73.7%;5.3%;;;;;5.3%;;;5.3%;;;;;5.3%;;;;;;;;5.3%;
;;;;;;031;15052;O'Shea, Kevin J.;75.0%;;;;10.0%;;5.0%;;;5.0%;;;;;;;;;;;;;5.0%;
;;;;;;032;29992;Mukhopadhyay, Anaggha;50.0%;25.0%;;;5.0%;;15.0%;;;;;;;;;;;;;;;;5.0%;
;;;;;;033;29993;Smith, Margaret J.;63.2%;5.3%;;;15.8%;;;10.5%;;;;;5.3%;;;;;;;;;;;
;;22400;Com Global Workplace;202520;Spring 2025;002;12639;Lee, Seungyoon;40.9%;18.2%;18.2%;;;4.5%;13.6%;;;;;;;;;;;;;;;;4.5%;
;;;;;;018;33514;Lamer, Maryann D.;27.6%;3.4%;17.2%;;10.3%;10.3%;13.8%;3.4%;;6.9%;;;;;;;;3.4%;;;;;3.4%;
;;;Com Global Workplace-Honors;202520;Spring 2025;002;12639;Lee, Seungyoon;;;100.0%;;;;;;;;;;;;;;;;;;;;;
;;25000;Mass Commun & Society;202520;Spring 2025;001;12641;Sherrick, Brett I.;34.4%;25.0%;3.1%;;9.4%;;15.6%;6.3%;3.1%;3.1%;;;;;;;;;;;;;;
;;25100;Comm, Info, And Society;202520;Spring 2025;002;15577;Jackson, Diane L.;43.5%;21.7%;;;4.3%;4.3%;21.7%;;;;;;4.3%;;;;;;;;;;;
;;25200;Writing For Mass Media;202520;Spring 2025;001;53520;Mattingly, Andrea L.;100.0%;;;;;;;;;;;;;;;;;;;;;;;
;;;;;;005;65197;Natt, Jane G.;35.0%;;;;20.0%;5.0%;20.0%;5.0%;;5.0%;;;;;5.0%;;;;;;;;5.0%;
;;;Writing For Mass Media-Honors;202520;Spring 2025;005;65197;Natt, Jane G.;100.0%;;;;;;;;;;;;;;;;;;;;;;;
;;25300;Intro To Public Rels;202520;Spring 2025;001;12657;Catalano, Charles S.;20.3%;7.6%;38.0%;;7.6%;2.5%;8.9%;6.3%;1.3%;2.5%;2.5%;;;;;;;;;;;;2.5%;
;;25600;Intro To Advertising;202520;Spring 2025;001;12659;Ju, Ilwoo;17.1%;31.7%;4.0%;;8.0%;10.6%;12.6%;3.5%;3.5%;4.5%;;0.5%;1.5%;;2.0%;;;;;;;;0.5%;
;;25700;PR Techniques;202520;Spring 2025;001;29994;Catalano, Charles S.;31.6%;21.1%;5.3%;;5.3%;;21.1%;5.3%;;5.3%;;;;;5.3%;;;;;;;;;
;;26100;Intr Digitl Video Prod;202520;Spring 2025;001;16564;Evans, Elizabeth A.;16.7%;25.0%;58.3%;;;;;;;;;;;;;;;;;;;;;
;;;;;;003;18719;Deaztlan, Tonantzin;25.0%;16.7%;50.0%;;8.3%;;;;;;;;;;;;;;;;;;;
;;28500;Intro To Publication Design;202520;Spring 2025;001;20332;Tucker, Mark A.;20.0%;26.7%;;;20.0%;13.3%;13.3%;;;;;;6.7%;;;;;;;;;;;
;;30300;Intercultural Communic;202520;Spring 2025;001;16568;Byrd, Gabrielle A.;8.3%;8.3%;8.3%;;25.0%;16.7%;25.0%;;;4.2%;;;;;4.2%;;;;;;;;;
;;;;;;002;15209;Isaacs, Zachary;4.0%;28.0%;;;28.0%;12.0%;20.0%;;;;;;;;4.0%;;;;;;;;4.0%;
;;;Intercultural Communic-Honors;202520;Spring 2025;001;16568;Byrd, Gabrielle A.;;;100.0%;;;;;;;;;;;;;;;;;;;;;
;;30400;Quant Methods Com Res;202520;Spring 2025;001;16573;Ju, Ilwoo;58.0%;16.0%;16.0%;;6.0%;;4.0%;;;;;;;;;;;;;;;;;
;;31400;Adv Presntatnl Spk;202520;Spring 2025;003;16586;Munoz, Cassidy E.;81.8%;9.1%;;;9.1%;;;;;;;;;;;;;;;;;;;
;;;;;;005;16589;Jones, Barbara K.;50.0%;21.4%;14.3%;;14.3%;;;;;;;;;;;;;;;;;;;
;;;;;;007;25696;Frazier, Allison R.;45.5%;9.1%;36.4%;;;;9.1%;;;;;;;;;;;;;;;;;
;;31500;Spe Commun Tech Info;202520;Spring 2025;005;25695;Bowling, Roy N.;45.5%;18.2%;;;;;27.3%;;;9.1%;;;;;;;;;;;;;;
;;31800;Prin Of Persuasion;202520;Spring 2025;002;12694;Hoewe, Jennifer E.;12.3%;18.0%;1.3%;;20.1%;11.8%;14.5%;7.2%;1.1%;5.6%;1.9%;0.3%;1.1%;;1.6%;;;1.6%;;;;;1.6%;
;;32000;Small Group Communication;202520;Spring 2025;003;16601;Boyd, Blake A.;42.3%;3.8%;23.1%;;7.7%;;11.5%;;3.8%;3.8%;;;;;;;;;;;;;3.8%;
;;;;;;007;16604;Boyd, Blake A.;40.0%;4.0%;20.0%;;8.0%;12.0%;8.0%;;4.0%;;;;;;4.0%;;;;;;;;;
;;;;;;008;16605;Munoz, Cassidy E.;50.0%;19.2%;;;15.4%;3.8%;;7.7%;3.8%;;;;;;;;;;;;;;;
;;;;;;009;18103;Isaacs, Zachary;45.8%;;;;25.0%;;;25.0%;;;4.2%;;;;;;;;;;;;;
;;32400;Intro To Organzal Com;202520;Spring 2025;001;16607;Nwoko, Onyinyechi B.;82.6%;;;;;;;;;;;;;;4.3%;;;;;;;;13.0%;
;;;;;;002;12777;Barton, Rachel M.;20.8%;29.2%;8.3%;;20.8%;;20.8%;;;;;;;;;;;;;;;;;
;;32500;Interview Princ Prac;202520;Spring 2025;005;16617;Hall, Jennifer M.;41.7%;8.3%;4.2%;;33.3%;;;;8.3%;;4.2%;;;;;;;;;;;;;
;;;;;;009;66223;Latoz, Traci L.;87.5%;;;;8.3%;;;4.2%;;;;;;;;;;;;;;;;
;;;;;;013;16619;Mbah, Prudence T.;12.5%;16.7%;50.0%;;;;12.5%;4.2%;;;;;;;4.2%;;;;;;;;;
;;33200;Television Production;202520;Spring 2025;003;67143;Natt, Caitlin M.;42.9%;22.9%;2.9%;;11.4%;8.6%;2.9%;5.7%;;;;;;;;;;;;;;;2.9%;
;;33701;Producing Digital Advertising;202520;Spring 2025;001;25702;Martin, Caleb A.;91.7%;8.3%;;;;;;;;;;;;;;;;;;;;;;
;;35200;Mass Communication Law;202520;Spring 2025;001;16641;Sparks, Jenna L.;18.8%;25.0%;;;18.8%;6.3%;25.0%;;;6.3%;;;;;;;;;;;;;;
;;35300;Prob Public Relations;202520;Spring 2025;002;34182;Gehres, Ericka K.;93.3%;;;;6.7%;;;;;;;;;;;;;;;;;;;
;;36001;Mock Trial Practicum;202520;Spring 2025;001;31517;Terrell, Shaunestte N.;100.0%;;;;;;;;;;;;;;;;;;;;;;;
;;36100;Multiplatform Journalism;202520;Spring 2025;002;20164;Deaztlan, Tonantzin;16.7%;16.7%;25.0%;;16.7%;;16.7%;;8.3%;;;;;;;;;;;;;;;
;;37200;Com In Relationships;202520;Spring 2025;001;30086;Buehler, Emily M.;20.0%;25.0%;20.0%;;15.0%;;10.0%;10.0%;;;;;;;;;;;;;;;;
;;37800;Intro To Health Communication;202520;Spring 2025;001;17837;Dietz, Brigitte S.;8.3%;37.5%;;;12.5%;;16.7%;4.2%;;12.5%;;;4.2%;;4.2%;;;;;;;;;
;;40700;Social Media And News Orgs;202520;Spring 2025;001;12708;Natt, Jane G.;53.3%;;;;20.0%;;6.7%;6.7%;6.7%;;;;;;6.7%;;;;;;;;;
;;;;;;002;15158;Natt, Jane G.;33.3%;;;;13.3%;13.3%;20.0%;6.7%;;6.7%;;;;;;;;;;;;;6.7%;
;;41100;Communication & Soc Networks;202520;Spring 2025;001;21136;Foote, Jeremy D.;10.0%;35.0%;;;15.0%;5.0%;15.0%;5.0%;;10.0%;;;;;;;;;;;;;5.0%;
;;41500;Discuss Tech Problem;202520;Spring 2025;001;15933;Bowling, Roy N.;44.0%;32.0%;;;;;24.0%;;;;;;;;;;;;;;;;;
;;41900;Judgment & Decision Making;202520;Spring 2025;001;12714;Song, Hwanseok;16.0%;12.0%;8.0%;;4.0%;8.0%;4.0%;8.0%;12.0%;;;4.0%;;;4.0%;;;4.0%;;;;;16.0%;
;;43500;Com And Emerging Tech;202520;Spring 2025;001;12715;Funkhouser, Ryan N.;21.7%;26.1%;34.8%;;;4.3%;8.7%;4.3%;;;;;;;;;;;;;;;;
;;45600;Advertising Writing;202520;Spring 2025;001;26201;Lamer, Maryann D.;70.8%;;;;16.7%;;;8.3%;;;;;;;4.2%;;;;;;;;;
;;49101;Boiler Communication;202520;Spring 2025;001;19487;Gehres, Ericka K.;91.7%;;;;8.3%;;;;;;;;;;;;;;;;;;;
;;49500;Career Readiness;202520;Spring 2025;046;32069;Mazur, Michele M.;31.6%;21.1%;15.8%;;10.5%;5.3%;5.3%;;;5.3%;;;;;;;;;;;;;5.3%;
;;;Cont Creation And Soc Med Infl;202520;Spring 2025;042;19972;Perrault, Lindsay;52.6%;15.8%;26.3%;;5.3%;;;;;;;;;;;;;;;;;;;
;;;Lifestyle Show Production;202520;Spring 2025;043;30407;Perrault, Lindsay;27.8%;16.7%;33.3%;;;5.6%;;;5.6%;;;;;;11.1%;;;;;;;;;
;;;PR In Entertainment;202520;Spring 2025;045;30427;Gehres, Ericka K.;85.7%;;;;4.8%;;;4.8%;;4.8%;;;;;;;;;;;;;;
;;;Public Affairs;202520;Spring 2025;035;20728;Evans, Elizabeth A.;16.7%;8.3%;66.7%;;8.3%;;;;;;;;;;;;;;;;;;;
;;;Senior Portfolio;202520;Spring 2025;047;32411;Evans, Elizabeth A.;28.6%;14.3%;;;;21.4%;7.1%;7.1%;;;;7.1%;;;;;;;;;;;14.3%;
;;49501;Sports Media Relations;202520;Spring 2025;001;26013;Natt, Jane G.;26.7%;;;;46.7%;;6.7%;;13.3%;;;;;;6.7%;;;;;;;;;
;;49504;Social Media For Social Good;202520;Spring 2025;001;25522;Gehres, Ericka K.;100.0%;;;;;;;;;;;;;;;;;;;;;;;
;;49505;Sports Communication;202520;Spring 2025;001;26014;Boyd, Joshua E.;49.2%;;6.3%;;15.9%;1.6%;7.9%;3.2%;3.2%;3.2%;3.2%;;1.6%;;3.2%;;;;;;;;1.6%;
;;63200;Social Network Analysis;202520;Spring 2025;001;30186;Lee, Seungyoon;86.7%;6.7%;;;;;;;;;;;;;;6.7%;;;;;;;;
CPB;CPB-Comparative Pathobiology;25500;Clinical Pathology-VN;202520;Spring 2025;001;59836;Tate, Katherine A.;;;;;;5.9%;2.9%;20.6%;14.7%;14.7%;14.7%;2.9%;8.8%;;14.7%;;;;;;;;;
;;35100;Microbiology-VN;202520;Spring 2025;002;65120;Pillai, Deepti K.;16.7%;;;;66.7%;;;16.7%;;;;;;;;;;;;;;;;
;;35200;Parasitology-VN;202520;Spring 2025;002;65123;Rice, Christopher A.;20.8%;;;;66.7%;;;12.5%;;;;;;;;;;;;;;;;
;;62500;Clinical Biostatistics;202520;Spring 2025;001;59524;Weng, Hsin-Yi;70.8%;;;4.2%;25.0%;;;;;;;;;;;;;;;;;;;
;;68000;Ultrastructural Pathol;202520;Spring 2025;051;23113;Thompson, Craig A.;81.8%;;;;;;;;;;;;;;;;;;;;;;18.2%;
;;69700;Research Seminar;202520;Spring 2025;002;47399;Zhang, Guangjun;;;;;;;;;;;;;;;;;;100.0%;;;;;;
;;81900;Veterinary Toxicology;202520;Spring 2025;001;13025;Hooser, Stephen B.;78.0%;;;;20.7%;;;1.2%;;;;;;;;;;;;;;;;
;;85300;Prin Vet Immunology;202520;Spring 2025;001;12698;Hogenesch, Harm;32.2%;;;;34.5%;;;21.8%;;;5.7%;;;;3.4%;1.1%;;;;;;;1.1%;
;;85401;Epidem Evidence-Based Vet Med;202520;Spring 2025;001;13175;Weng, Hsin-Yi;45.1%;;;;46.3%;;;8.5%;;;;;;;;;;;;;;;;
;;85700;Veterinary Systemic Pathology;202520;Spring 2025;011;26987;Narayanan, Sanjeev K.;52.4%;;;;35.4%;;;7.3%;;;;;;;4.9%;;;;;;;;;
;;86000;Vet Virology;202520;Spring 2025;001;11179;Mittal, Suresh K.;37.8%;;;;46.3%;;;15.9%;;;;;;;;;;;;;;;;
;;86100;Vet Clinical Chemistry;202520;Spring 2025;003;54003;Thompson, Craig A.;14.6%;4.9%;2.4%;;28.0%;14.6%;13.4%;7.3%;1.2%;9.8%;1.2%;;1.2%;;1.2%;;;;;;;;;
;;86900;Vet Publ Hlth & Zoonos;202520;Spring 2025;001;11893;Beauvais, Wendy A.;96.3%;;;;3.7%;;;;;;;;;;;;;;;;;;;
;;87000;Diagnostc Vet Cytology;202520;Spring 2025;001;16741;Thompson, Craig A.;18.9%;13.5%;;;21.6%;2.7%;37.8%;;;5.4%;;;;;;;;;;;;;;
CS;CS-Computer Sciences;10100;Digital Literacy;202520;Spring 2025;LE1;21206;Cicala, Fabrizio;14.8%;18.5%;1.9%;;11.1%;13.0%;13.0%;1.9%;1.9%;11.1%;3.7%;;1.9%;;3.7%;;;;;;;;3.7%;
;;15900;C Programming;202520;Spring 2025;LE1;63626;Diyab, Eman S.;36.1%;2.1%;0.4%;;37.4%;2.5%;1.7%;10.1%;0.4%;1.3%;5.0%;;;;0.4%;;;;;;;;2.5%;
;;;;;;LE2;13277;Diyab, Eman S.;37.5%;2.9%;5.8%;;23.3%;1.7%;2.1%;15.4%;1.7%;1.3%;5.0%;;;;0.4%;;;;;;;;2.9%;
;;;;;;LE3;63625;Liu, Xiaojin;25.5%;1.2%;3.3%;;33.3%;0.8%;2.5%;18.5%;0.8%;1.6%;6.2%;;;;1.6%;;;;;;;;4.5%;
;;;;;;LE4;13285;Liu, Xiaojin;22.8%;3.0%;2.2%;;33.2%;;3.9%;14.7%;1.7%;3.0%;6.5%;;;;3.0%;;;;;;;;6.0%;
;;;;;;LE5;12964;Bunning, Alan R.;32.6%;2.9%;0.8%;;33.1%;0.8%;2.5%;14.0%;0.4%;1.7%;7.0%;;;;3.3%;;;;;;;;0.8%;
;;;;;;LE6;20871;Bunning, Alan R.;28.1%;4.7%;2.3%;;30.5%;3.9%;4.7%;11.7%;;1.6%;3.1%;;;;3.9%;;;;;;;;5.5%;
;;;;;;LE7;26175;Crum, William N.;31.6%;0.5%;1.9%;;27.4%;0.5%;2.4%;12.7%;1.4%;2.4%;6.6%;;;;7.5%;0.5%;;;;;;;4.7%;
;;;;;;LE8;26174;Crum, William N.;34.4%;2.5%;2.5%;;27.9%;0.4%;3.7%;13.5%;2.9%;3.3%;3.7%;;;;1.6%;;;;;;;;3.7%;
;;;;;;LE9;26177;Robinson, John A.;35.2%;1.9%;0.9%;;30.6%;1.9%;6.5%;13.0%;4.6%;;;;;;3.7%;;;;;;;;1.9%;
;;17600;Data Engineering In Python;202520;Spring 2025;LE1;10852;Rego, Vernon J.;8.7%;7.4%;3.7%;;15.4%;10.1%;10.7%;20.8%;;11.1%;2.0%;;;;2.3%;;;0.3%;;;;;7.4%;
;;;Data Engr In Python -Honors;202520;Spring 2025;LE1;10852;Rego, Vernon J.;;;;;100.0%;;;;;;;;;;;;;;;;;;;
;;17700;Progrmng With MM Objs;202520;Spring 2025;LE1;12944;Conner-Strunk, Jessica M.;57.6%;;;;22.1%;;;8.7%;;;4.1%;;;;3.5%;;;;;;;;4.1%;
;;;;;;LE2;11547;Zhou, Yuan;63.0%;;;;20.0%;;;6.1%;;;3.0%;;;;3.0%;0.6%;;;;;;;4.2%;
;;18000;Prob Solving & O-O Programming;202520;Spring 2025;LE1;13105;Bergstrom, Anthony D.;11.4%;2.4%;;;22.0%;2.9%;2.0%;18.8%;;5.3%;7.3%;;;;6.5%;;;;;;;;21.2%;
;;;;;;LE2;13116;Dunsmore, Hubert E.;24.4%;2.8%;;;26.4%;2.8%;3.3%;12.2%;;5.7%;2.0%;;;;4.9%;;;;;;;;15.4%;
;;;Prob Solving&O-O Progrm-Honors;202520;Spring 2025;LE1;13105;Bergstrom, Anthony D.;50.0%;;;;;;;;;;;;;;;;;;;;;;50.0%;
;;18200;Foundations Of Comp Sc;202520;Spring 2025;LE1;20866;Szpankowski, Wojciech;21.4%;11.9%;2.4%;;9.5%;9.2%;16.3%;7.5%;;12.5%;1.4%;1.7%;3.7%;;1.7%;;;;;;;;1.0%;
;;;;;;LE2;20867;Grama, Ananth Y.;14.0%;12.6%;4.1%;;11.3%;10.8%;17.1%;7.7%;;11.3%;1.4%;2.3%;1.8%;;2.7%;;;;;;;;3.2%;
;;;;;;LE3;10663;Sellke, Sarah H.;15.2%;11.5%;1.8%;;10.6%;9.2%;17.5%;8.8%;;13.4%;1.8%;2.3%;3.2%;;3.2%;;;;;;;;1.4%;
;;;Foundations Of Comp Sc-Honors;202520;Spring 2025;LE3;10663;Sellke, Sarah H.;100.0%;;;;;;;;;;;;;;;;;;;;;;;
;;19300;Tools;202520;Spring 2025;LE1;20136;Prabhakaran, Jagannath;75.5%;;;;2.0%;;;6.1%;;;;;;;8.2%;;;;;;;;8.2%;
;;19700;Freshman Honors Semnr;202520;Spring 2025;H01;13222;Comer, Douglas E.;;;;;;;;;;;;;;;;;;100.0%;;;;;;
;;21100;Competitive Programming I;202520;Spring 2025;CP1;69763;Dickey, Ethan W.;11.8%;1.1%;11.8%;;;;1.1%;;2.2%;;;;;;;;7.5%;48.4%;;;;;16.1%;
;;23500;Intro Organizatnl Comp;202520;Spring 2025;LE1;10535;Crowe, Marta A.;44.7%;;4.3%;;23.3%;;6.3%;8.7%;;2.0%;1.6%;;;;3.2%;;;;;;;;5.9%;
;;;;;;LE2;13223;Crowe, Marta A.;52.0%;;2.8%;;20.8%;;12.4%;3.6%;;2.0%;0.8%;;0.8%;;1.6%;;;0.4%;;;;;2.8%;
;;;Intro Organizatnl Comp-Honors;202520;Spring 2025;LE2;13223;Crowe, Marta A.;100.0%;;;;;;;;;;;;;;;;;;;;;;;
;;24000;Programming In C;202520;Spring 2025;LE1;13240;Turkstra, Jeffrey A.;19.9%;4.6%;2.6%;;21.9%;3.0%;3.3%;18.5%;;2.0%;7.9%;;;;9.6%;;;;;;;;6.6%;
;;;;;;LE2;21625;Turkstra, Jeffrey A.;19.1%;4.5%;3.1%;;23.6%;3.5%;1.7%;20.8%;;1.0%;8.0%;;;;5.9%;;;;;;;;8.7%;
;;24200;Introduction To Data Science;202520;Spring 2025;LE1;11006;Rao, Vinayak A.;29.7%;23.4%;3.1%;;15.6%;1.6%;17.2%;4.7%;;3.1%;;;;;1.6%;;;;;;;;;
;;25000;Computer Architecture;202520;Spring 2025;LE1;13293;Adams, George B.;4.1%;7.3%;1.0%;;10.4%;25.9%;6.7%;21.2%;;15.0%;5.2%;;;;;;;;;;;;3.1%;
;;25100;Data Structures And Algorithms;202520;Spring 2025;LE1;13321;Bejarano Posada, Andres M.;8.5%;5.0%;1.1%;;12.8%;9.2%;12.8%;10.6%;;14.5%;15.6%;;;;2.8%;0.4%;;;;;;;6.7%;
;;25200;Systems Programming;202520;Spring 2025;LE1;13333;Rodriguez-Rivera, Gustavo;11.9%;16.8%;5.5%;;17.4%;13.5%;14.7%;4.3%;;7.0%;3.1%;;;;3.7%;;;;;;;;2.1%;
;;;;;;LE2;13334;Rodriguez-Rivera, Gustavo;11.3%;13.1%;3.1%;;18.3%;14.1%;15.6%;3.7%;;9.5%;3.7%;;;;4.3%;;;;;;;;3.4%;
;;25300;Data Structrs & Algs For DS/AI;202520;Spring 2025;LE1;15978;Bejarano Posada, Andres M.;16.2%;5.9%;2.9%;;7.4%;5.9%;13.2%;8.8%;;19.1%;11.8%;;;;;1.5%;;;;;;;7.4%;
;;30700;Software Engineerng I;202520;Spring 2025;LE1;13396;Zhang, Xiangyu;20.3%;25.2%;3.5%;;15.4%;4.9%;23.1%;;2.1%;2.8%;;;;;2.1%;;;;;;;;0.7%;
;;33400;Fund Of Computer Graph;202520;Spring 2025;LE1;21229;Aliaga, Daniel G.;14.3%;7.1%;9.5%;;14.3%;9.5%;7.1%;7.1%;;9.5%;2.4%;;;;4.8%;2.4%;2.4%;4.8%;;;;;4.8%;
;;34800;Information Systems;202520;Spring 2025;LE1;13399;Benotman, Hisham R.;27.9%;16.0%;5.6%;0.4%;12.6%;6.3%;12.3%;6.3%;;5.6%;0.4%;;1.9%;;2.2%;;;0.7%;;;;;1.9%;
;;35100;Cloud Computing;202520;Spring 2025;CLC;10384;Adams, George B.;32.1%;;1.8%;1.8%;14.3%;;19.6%;10.7%;;3.6%;1.8%;;;;1.8%;;;12.5%;;;;;;
;;35200;Compilers Prin & Pract;202520;Spring 2025;LE1;10683;Rompf, Tiark;7.9%;6.3%;9.5%;;11.1%;4.8%;9.5%;11.1%;;6.3%;1.6%;;;;11.1%;;;;;;;;20.6%;
;;35400;Operating Systems;202520;Spring 2025;LE1;13431;Park, Kihong;12.4%;12.8%;14.2%;;16.8%;7.5%;5.8%;8.0%;4.9%;6.6%;0.4%;;1.3%;;0.4%;;;;;;;;8.8%;
;;;Operating Systems-Honors;202520;Spring 2025;LE1;13431;Park, Kihong;;;100.0%;;;;;;;;;;;;;;;;;;;;;
;;35500;Intro To Cryptography;202520;Spring 2025;LE1;10989;Maji, Hemanta K.;20.0%;10.8%;1.5%;;27.7%;13.8%;9.2%;6.2%;;;;;;;3.1%;;;;;;;;7.7%;
;;36100;Great Issues In Computer Sci;202520;Spring 2025;GIS;22001;Celik, Zeynel B.;44.1%;3.1%;43.3%;;1.6%;0.8%;2.4%;1.6%;;;;;;;0.8%;;;;;;;;2.4%;
;;;Great Issues In Comp Sci-Honor;202520;Spring 2025;GIS;22001;Celik, Zeynel B.;;;100.0%;;;;;;;;;;;;;;;;;;;;;
;;37300;Data Mining & Machine Learning;202520;Spring 2025;LE1;11344;Hanneke, Stephen R.;10.6%;14.9%;5.7%;0.7%;19.1%;7.8%;17.0%;10.6%;;7.1%;;;2.1%;;0.7%;;;;;;;;3.5%;
;;;;;;LE2;21841;Zhang, Tianyi;19.2%;20.5%;2.1%;;13.0%;8.9%;19.2%;6.2%;2.1%;4.8%;1.4%;;;;0.7%;;;1.4%;;;;;0.7%;
;;38003;Python Programming;202520;Spring 2025;LE1;13448;Balakrishnan, Sai Lakshminarayanan;90.0%;1.5%;;;0.8%;3.8%;0.8%;;;1.5%;;;;;1.5%;;;;;;;;;
;;;;;;LE2;27663;Balakrishnan, Sai Lakshminarayanan;80.4%;2.7%;;;;2.7%;3.6%;3.6%;;2.7%;;;;;0.9%;;;0.9%;;;;;2.7%;
;;38100;Intro Analysis Algor;202520;Spring 2025;LE1;36593;Psomas, Christos Alexandros;16.2%;6.8%;3.0%;1.3%;15.8%;5.6%;12.4%;7.7%;0.4%;20.1%;2.6%;;;;4.3%;0.9%;;;;;;;3.0%;
;;39000;Advanced Topics In Algorithms;202520;Spring 2025;ATA;21982;Quanrud, Kent R.;68.8%;12.5%;;;;6.3%;6.3%;;;;;;;;;;;;;;;;6.3%;
;;40700;Software Engr Senior Project;202520;Spring 2025;SEP;19850;Dunsmore, Hubert E.;71.6%;;26.7%;;;;;;;;;;;;;;;;;;;;1.7%;
;;40800;Software Testing;202520;Spring 2025;LE1;13463;Li, Zhiyuan;30.5%;;1.7%;;28.8%;;12.7%;19.5%;;;1.7%;;;;3.4%;;;;;;;;1.7%;
;;42200;Computer Networks;202520;Spring 2025;LE1;30365;Peng, Chunyi;32.9%;17.1%;5.7%;;8.6%;1.4%;15.7%;5.7%;;4.3%;;;;;1.4%;;;4.3%;;;;;2.9%;
;;42600;Computer Security;202520;Spring 2025;LE1;14962;Taram, Mohammadkazem;15.8%;14.7%;16.8%;;10.5%;7.4%;13.7%;6.3%;;2.1%;1.1%;;;;5.3%;;;;;;;;6.3%;
;;44000;Large Scale Data Analytics;202520;Spring 2025;LDA;10798;Benotman, Hisham R.;30.9%;11.8%;5.5%;;17.3%;7.3%;11.8%;4.5%;;6.4%;;;;;2.7%;0.9%;;;;;;;0.9%;
;;44100;Data Science Capstone;202520;Spring 2025;DSC;20433;Bergstrom, Anthony D.;38.1%;12.4%;43.3%;;3.1%;;;2.1%;;;;;;;;;;;;;;;1.0%;
;;44800;Intro Relational Db Sy;202520;Spring 2025;LE1;13050;Aref, Walid G.;16.7%;11.1%;14.8%;;18.5%;6.5%;6.5%;6.5%;1.9%;4.6%;3.7%;1.9%;;;2.8%;;;;;;;;4.6%;
;;;Intro Relational Db Sy-Honors;202520;Spring 2025;LE1;13050;Aref, Walid G.;;;;;100.0%;;;;;;;;;;;;;;;;;;;
;;47100;Intr To Artifcl Intlgn;202520;Spring 2025;LE1;15866;Yeh, Raymond A.;23.0%;14.0%;12.6%;;12.2%;4.3%;15.1%;6.5%;1.8%;6.8%;0.4%;;;;1.4%;;;0.7%;;;;;1.1%;
;;;Intr To Artifcl Intlgn-Honors;202520;Spring 2025;LE1;15866;Yeh, Raymond A.;;;;;;50.0%;50.0%;;;;;;;;;;;;;;;;;
;;47500;Human-Computer Interaction;202520;Spring 2025;HCI;10400;Yin, Ming;51.1%;14.4%;12.2%;;6.7%;2.2%;8.9%;4.4%;;;;;;;;;;;;;;;;
;;48900;Embedded Systems;202520;Spring 2025;LE1;31051;Comer, Douglas E.;86.7%;;;3.3%;;;;;;;;;;;;;;3.3%;;;;;6.7%;
;;49000;iOS Development In Swift;202520;Spring 2025;IOS;13471;Alsatie, Leanne E.;12.5%;;87.5%;;;;;;;;;;;;;;;;;;;;;
;;49700;Honors Research Projct;202520;Spring 2025;H01;25618;Sousa Da Fonseca, Pedro Jose;63.3%;3.3%;23.3%;;;;;;;;;;;;;;;;;;;;10.0%;
;;50023;Data Engineering I;202520;Spring 2025;DE1;13469;Seoh, Byungwook;30.8%;;61.5%;;;;;;;7.7%;;;;;;;;;;;;;;
;;50024;Data Engineering II;202520;Spring 2025;DE2;13468;Seoh, Byungwook;7.7%;7.7%;61.5%;;;;;;;;;;;;;;;;;;;;23.1%;
;;50200;Compil & Progr Systms;202520;Spring 2025;LE1;13525;Jung, Changhee;17.5%;15.5%;18.6%;;13.4%;6.2%;9.3%;2.1%;1.0%;6.2%;1.0%;2.1%;3.1%;;1.0%;1.0%;;;;;;;2.1%;
;;50500;Distributed Systems;202520;Spring 2025;LE1;21190;Zhang, Yongle;15.6%;17.8%;4.4%;4.4%;11.1%;4.4%;22.2%;6.7%;;;4.4%;;;;;;;;;;;;8.9%;
;;52000;Comput Meth In Optimization;202520;Spring 2025;LE1;20751;Gleich, David F.;30.3%;12.1%;;6.1%;21.2%;;15.2%;3.0%;;;;;;;;;;;;;;;12.1%;
;;52300;Social Econ Legal Asp Security;202520;Spring 2025;LE1;20461;Spafford, Eugene H.;35.7%;7.1%;7.1%;7.1%;21.4%;14.3%;7.1%;;;;;;;;;;;;;;;;;
;;52500;Parallel Computing;202520;Spring 2025;LE1;11354;Grama, Ananth Y.;31.1%;26.2%;24.6%;1.6%;4.9%;4.9%;3.3%;;;;;;;;;;;;;;;;3.3%;
;;52700;Software Security;202520;Spring 2025;LE1;13549;Bianchi, Antonio;35.7%;17.9%;10.7%;;7.1%;;17.9%;;;;;;;;;;;;;;;;10.7%;
;;52800;Network Security;202520;Spring 2025;LE1;13563;Kate, Aniket Pundlik;;50.0%;16.7%;8.3%;;8.3%;16.7%;;;;;;;;;;;;;;;;;
;;53000;Intro Scient Visualiz;202520;Spring 2025;LE1;10607;Tricoche, Xavier M.;40.5%;10.8%;18.9%;2.7%;8.1%;2.7%;2.7%;5.4%;;;;;;;2.7%;2.7%;;;;;;;2.7%;
;;53600;Data Comm & Comp Netwk;202520;Spring 2025;LE1;10808;Comer, Douglas E.;16.7%;20.0%;;;18.3%;28.3%;10.0%;3.3%;;;;;;;3.3%;;;;;;;;;
;;55600;Data Security And Privacy;202520;Spring 2025;DSP;10355;Li, Ninghui;52.9%;17.6%;;11.8%;5.9%;;11.8%;;;;;;;;;;;;;;;;;
;;55800;Introduction To Robot Learning;202520;Spring 2025;ROB;21518;Campbell, Joseph A.;41.5%;4.9%;31.7%;4.9%;7.3%;;2.4%;;;;;;;;;;;4.9%;;;;;2.4%;
;;56500;Programming Languages;202520;Spring 2025;LE1;10474;Jagannathan, Suresh;43.5%;;;4.3%;34.8%;;;4.3%;;;;;;;2.2%;;;2.2%;;;;;8.7%;
;;57300;Data Mining;202520;Spring 2025;LE1;21378;Khanna, Rajiv A.;58.8%;21.6%;5.9%;;;2.0%;7.8%;;;;;;;;2.0%;;;;;;;;2.0%;
;;57700;Natural Language Processing;202520;Spring 2025;LE1;11353;Saparov, Abulhair;25.0%;28.0%;2.0%;3.0%;21.0%;3.0%;12.0%;2.0%;;;;;;;1.0%;;;1.0%;;;;;2.0%;
;;57800;Statistical Machine Learning;202520;Spring 2025;LE1;11434;Xue, Yexiang;54.4%;11.8%;16.2%;2.9%;2.9%;1.5%;8.8%;;;;;;;;;;;;;;;;1.5%;
;;58000;Alg Design Anly & Impl;202520;Spring 2025;LE1;59552;Dey, Tamal K.;12.3%;13.8%;3.1%;;7.7%;13.8%;9.2%;12.3%;4.6%;10.8%;1.5%;;;;4.6%;;;;;;;;6.2%;
;;58400;Thry Comp/Comp Complex;202520;Spring 2025;LE1;24074;Branzei, Simina;46.2%;7.7%;7.7%;;;;26.9%;;;;;;;;;;;;;;;;11.5%;
;;58500;TCS Toolkit;202520;Spring 2025;TCS;10358;Valiant, Paul A.;42.9%;10.7%;28.6%;3.6%;3.6%;;;;;;;;;;;;;;;;;;10.7%;
;;58700;Foundations Of Deep Learning;202520;Spring 2025;DPL;21637;Felisberto Martins Ribeiro, Bruno;22.2%;46.9%;2.5%;8.6%;1.2%;;2.5%;1.2%;;1.2%;;;;;1.2%;;1.2%;4.9%;;;;;4.9%;
;;59000;Extended Reality;202520;Spring 2025;VR1;31378;Bera, Aniket;;;96.7%;3.3%;;;;;;;;;;;;;;;;;;;;
;;59100;CERIAS Security Seminar;202520;Spring 2025;SEC;14717;Goel, Aarushi;;;;;;;;;;;;;;;;;;97.0%;;;;;3.0%;
;;59200;Hardware Security;202520;Spring 2025;HWS;20859;Tian, Jing;20.0%;6.7%;6.7%;40.0%;6.7%;6.7%;;;;;;;;;6.7%;;;;;;;;6.7%;
;;;Socially Assistive Agents;202520;Spring 2025;SAA;21102;Jeong, Sooyeon;46.7%;3.3%;33.3%;3.3%;13.3%;;;;;;;;;;;;;;;;;;;
;;59300;Software Engineering /Robotics;202520;Spring 2025;SER;32085;Kingston, Zachary K.;95.8%;;;;;;;;;;;;;;;;;4.2%;;;;;;
;;63500;Capt & Renderng Scenes;202520;Spring 2025;LE1;20740;Aliaga, Daniel G.;15.4%;;30.8%;;7.7%;;;;;;;;;;7.7%;;;;;;;;38.5%;
;;69900;Research PhD Thesis;202520;Spring 2025;009;13120;Bertino, Elisa;;;;;;;;;;;;;;;;;;;;100.0%;;;;
;;;;;;036;13119;Zhang, Xiangyu;;;;;;;;;;;;;;;;;;;;95.8%;;4.2%;;
;;;;;;058;18343;Goldwasser, Dan;;;;;;;;;;;;;;;;;;;;100.0%;;;;
;;;;;;086;24518;Celik, Zeynel B.;;;;;;;;;;;;;;;;;;;;100.0%;;;;
;;;;;;120;31165;Bera, Aniket;;;;;;;;;;;;;;;;;;;;100.0%;;;;
CSR;CSR-Consumer Science;10300;Intro To Personal Finance;202520;Spring 2025;001;30269;Park, Hye Jun;26.5%;17.3%;22.4%;;9.7%;3.6%;12.8%;0.5%;;3.1%;;;1.0%;;;0.5%;;1.5%;;;;;1.0%;
;;28200;Customer Relation Mgmt;202520;Spring 2025;001;24363;Bies, Amanda R.;29.0%;29.0%;20.3%;;5.8%;2.9%;8.7%;;;1.4%;;1.4%;1.4%;;;;;;;;;;;
;;;;;;002;15062;Alavipour, Roya S.;11.6%;23.2%;10.1%;;11.6%;10.1%;10.1%;2.9%;2.9%;10.1%;;;;;2.9%;;;;;;;;4.3%;
;;30700;Field Exp In SSM;202520;Spring 2025;001;16850;Abdinoor, Julie M.;94.4%;;;;;;;;;;;;;;;;;;;;;;5.6%;
;;30900;Leadership Strategies;202520;Spring 2025;001;24332;Nicely, Annmarie J.;14.7%;18.7%;21.3%;;8.0%;9.3%;5.3%;2.7%;1.3%;1.3%;;1.3%;1.3%;;6.7%;;;;;;;;8.0%;
;;31500;Relationship Selling;202520;Spring 2025;001;10558;Jung, Shinyong;14.3%;16.3%;;;18.4%;22.4%;12.2%;2.0%;;10.2%;;;;;2.0%;;;;;;;;2.0%;
;;32300;Visual Merchandising;202520;Spring 2025;001;29318;Kang, Ji Yun;26.1%;13.0%;8.7%;;4.3%;4.3%;8.7%;8.7%;;13.0%;4.3%;;;;8.7%;;;;;;;;;
;;33100;Consumer Behavior;202520;Spring 2025;001;63338;Kang, Ji Yun;16.7%;46.7%;;;10.0%;6.7%;13.3%;3.3%;;;;;;;;;;;;;;;3.3%;
;;;;;;002;16257;Jang, Jisu;37.9%;13.8%;6.9%;;13.8%;3.4%;13.8%;;3.4%;3.4%;3.4%;;;;;;;;;;;;;
;;34200;Personal Finance;202520;Spring 2025;001;15195;Bauchet, Jonathan J.;31.8%;13.6%;18.2%;;11.4%;;18.2%;2.3%;;;;;;;2.3%;;;2.3%;;;;;;
;;34400;Fundamentals Of Negotiations;202520;Spring 2025;001;13092;Abdinoor, Julie M.;75.0%;;;;22.5%;;;;;;;;;;2.5%;;;;;;;;;
;;38600;Risk Management;202520;Spring 2025;001;27211;Bauchet, Jonathan J.;2.5%;7.5%;;;22.5%;25.0%;15.0%;7.5%;5.0%;12.5%;;;2.5%;;;;;;;;;;;
;;40400;Strategic Mgmt For Svc Ind;202520;Spring 2025;001;13503;Lee, Seon Jeong;17.8%;23.3%;1.4%;;11.0%;15.1%;9.6%;6.8%;4.1%;8.2%;2.7%;;;;;;;;;;;;;
;;40600;E-Retailing;202520;Spring 2025;001;27213;Abdinoor, Julie M.;96.4%;;;;;;;;;;;;;;3.6%;;;;;;;;;
;;41500;Sales Force Management;202520;Spring 2025;001;52677;Abdinoor, Julie M.;81.5%;;;;16.7%;;;;;;;;;;1.9%;;;;;;;;;
;;41800;Selling & Sales Mgmt Capstone;202520;Spring 2025;001;16889;Pressler, Robert E.;13.8%;37.9%;;;10.3%;13.8%;17.2%;3.4%;;3.4%;;;;;;;;;;;;;;
;;;;;;002;17631;Bullington, Steven C.;89.3%;;;;10.7%;;;;;;;;;;;;;;;;;;;
;;48000;FCP Internship;202520;Spring 2025;001;16363;Bauchet, Jonathan J.;66.7%;;;;20.0%;;;;;;;;;;;;;;;;;;13.3%;
;;48100;Ethics & Behav In Financ Plng;202520;Spring 2025;001;21535;Heo, Wookjae;38.2%;32.4%;2.9%;;2.9%;2.9%;20.6%;;;;;;;;;;;;;;;;;
;;48500;Case Stds In Fin Plan;202520;Spring 2025;001;26877;Heo, Wookjae;23.5%;23.5%;5.9%;;5.9%;17.6%;11.8%;;5.9%;5.9%;;;;;;;;;;;;;;
;;;;;;002;14514;Lagrange, Neil C.;16.0%;12.0%;;;16.0%;4.0%;28.0%;8.0%;8.0%;4.0%;4.0%;;;;;;;;;;;;;
DANC;DANC-Dance;10100;Modern Dance Technique I;202520;Spring 2025;001;22950;Mcewen, Joy C.;15.4%;;65.4%;;;;7.7%;;;3.8%;;;;;;;;;;;;;7.7%;
;;;;;;003;29165;Murray, Renee L.;;3.8%;92.3%;;;;;;;;;;;;;;;;;;;;3.8%;
;;;Modern Dance Technique I-Honor;202520;Spring 2025;001;22950;Mcewen, Joy C.;;;100.0%;;;;;;;;;;;;;;;;;;;;;
;;10200;Ballet I;202520;Spring 2025;001;16921;Iliev, Petre G.;37.5%;37.5%;4.2%;;;;12.5%;;;;;;;;;;;;;;;;8.3%;
;;;;;;002;25938;Iliev, Petre G.;85.7%;;14.3%;;;;;;;;;;;;;;;;;;;;;
;;10300;Jazz Dance I;202520;Spring 2025;001;33405;Kim, Vivian;33.3%;5.6%;44.4%;5.6%;;5.6%;;;;;;;;;;;;;;;;;5.6%;
;;20100;Modern Dance Technique II;202520;Spring 2025;001;16930;Murray, Renee L.;;;86.4%;4.5%;4.5%;;;;;;;;;;;;;;;;;;4.5%;
;;20200;Ballet II;202520;Spring 2025;001;16931;Iliev, Petre G.;52.9%;;47.1%;;;;;;;;;;;;;;;;;;;;;
;;;;;;004;29193;Iliev, Petre G.;53.3%;;40.0%;6.7%;;;;;;;;;;;;;;;;;;;;
;;24500;Practicum Dance Perf;202520;Spring 2025;001;16937;Hickey, Kathleen M.;1.8%;1.8%;92.9%;;;;;;;;;;;;;;;;;;;;3.6%;
;;26100;Contact Improvisation;202520;Spring 2025;002;17072;Jaycox, Holly A.;61.5%;;23.1%;;;;7.7%;;;;;;;;;;;;;;;;7.7%;
;;30100;Modern Dance Technique III;202520;Spring 2025;001;10010;Hickey, Kathleen M.;28.6%;10.7%;39.3%;;;;10.7%;;;;;;;;;;;;;;;;10.7%;
;;37900;Art Of Protest;202520;Spring 2025;001;14541;Hickey, Kathleen M.;78.6%;7.1%;;;;;14.3%;;;;;;;;;;;;;;;;;
;;49000;Hip Hop I;202520;Spring 2025;004;32232;Kim, Vivian;57.1%;10.7%;25.0%;;;;;;;;;;;;;;;;;;;;7.1%;
;;;;;;006;32240;Kim, Vivian;63.0%;22.2%;11.1%;;;;;;;;;;;;;;;3.7%;;;;;;
;;;Hip Hop I-Honors;202520;Spring 2025;006;32240;Kim, Vivian;;;100.0%;;;;;;;;;;;;;;;;;;;;;
EAPS;EAPS-Earth Atmos Planetary Sci;10000;Planet Earth;202520;Spring 2025;001;13767;Couillard, Maxim H.;22.7%;23.1%;22.7%;;7.4%;6.4%;9.4%;1.7%;1.7%;2.7%;;;0.7%;;0.3%;;;;;;;;1.3%;
;;;;;;002;13768;Tremblay, Marissa M.;19.3%;25.0%;8.5%;;9.7%;8.0%;15.9%;1.1%;;4.5%;;;0.6%;;2.8%;1.1%;0.6%;;;;;;2.8%;
;;;Planet Earth-Honors;202520;Spring 2025;002;13768;Tremblay, Marissa M.;;;;;;100.0%;;;;;;;;;;;;;;;;;;
;;10400;Oceanography;202520;Spring 2025;002;21798;Nelson, Jennifer A.;30.4%;18.9%;9.1%;;12.9%;4.2%;14.7%;3.1%;0.7%;2.4%;0.3%;0.3%;0.3%;;1.0%;;;;;;;;1.4%;
;;;;;;003;27833;Michalski, Greg M.;42.9%;;21.4%;;12.9%;;;5.7%;;;7.1%;;;;7.1%;;;;;;;;2.9%;
;;;Oceanography-Honors;202520;Spring 2025;002;21798;Nelson, Jennifer A.;;;100.0%;;;;;;;;;;;;;;;;;;;;;
;;10500;The Planets;202520;Spring 2025;001;63386;Freed, Andrew M.;27.8%;8.7%;45.3%;;4.2%;1.7%;4.5%;1.7%;0.2%;1.9%;0.7%;;;;1.9%;;;0.2%;;;;;1.2%;
;;;;;;002;25366;Freed, Andrew M.;27.3%;4.4%;56.1%;;3.4%;0.7%;4.6%;0.5%;0.3%;0.6%;0.5%;;;;0.9%;;;;;;;;0.7%;
;;10600;Geosciences Cinema;202520;Spring 2025;002;12736;Freed, Andrew M.;21.4%;2.8%;59.6%;;3.2%;1.1%;6.8%;1.5%;0.4%;1.7%;0.4%;;;;0.9%;;;;;;;;0.2%;
;;;;;;003;23884;Freed, Andrew M.;21.7%;5.2%;63.0%;;3.0%;0.6%;3.8%;0.4%;0.1%;0.6%;0.2%;;;;0.8%;;;0.2%;;;;;0.6%;
;;;Geosciences Cinema-Honors;202520;Spring 2025;003;23884;Freed, Andrew M.;;;100.0%;;;;;;;;;;;;;;;;;;;;;
;;10900;Dynamic Earth;202520;Spring 2025;001;11991;Michalski, Greg M.;28.6%;;;;39.3%;;;14.3%;;;3.6%;;;;;;;;;;;;14.3%;
;;11100;Physical Geology;202520;Spring 2025;001;16960;Haq, Saad S.;48.5%;12.6%;13.8%;;2.1%;3.8%;13.4%;1.3%;0.8%;0.8%;0.4%;;;;0.4%;;;;;;;;2.1%;
;;11200;Earth Through Time;202520;Spring 2025;001;45528;Bryant, Roger N.;42.4%;9.8%;30.7%;;2.0%;2.0%;6.8%;0.5%;1.0%;1.5%;1.0%;;1.0%;;1.0%;;;;;;;;0.5%;
;;;Earth Through Time-Honors;202520;Spring 2025;001;45528;Bryant, Roger N.;;66.7%;33.3%;;;;;;;;;;;;;;;;;;;;;
;;11600;Earthquakes Volcanoes;202520;Spring 2025;001;10477;Nelson, Jennifer A.;28.7%;28.0%;6.7%;;6.0%;7.3%;8.0%;2.7%;;3.3%;;0.7%;;;2.7%;;;0.7%;;;;;5.3%;
;;;Earthquakes Volcanoes-Honors;202520;Spring 2025;001;10477;Nelson, Jennifer A.;;;100.0%;;;;;;;;;;;;;;;;;;;;;
;;11800;Introduction To Earth Sciences;202520;Spring 2025;002;25825;Prissel, Tabb C.;17.6%;;23.5%;;58.8%;;;;;;;;;;;;;;;;;;;
;;12500;Environmental Scienc & Conserv;202520;Spring 2025;001;10292;Ruhl, Patrick J.;31.0%;16.7%;16.7%;;8.3%;2.4%;6.0%;3.6%;1.2%;6.0%;;1.2%;1.2%;;1.2%;1.2%;;;;;;;3.6%;
;;13800;T-Storms & Tornadoes;202520;Spring 2025;001;12037;Couillard, Maxim H.;3.5%;3.5%;9.4%;;11.8%;3.5%;9.4%;7.1%;3.5%;9.4%;4.7%;;2.4%;;3.5%;;;1.2%;;;;;27.1%;
;;22100;Survey Atmos Science;202520;Spring 2025;001;12076;Orton, Andrea E.;25.6%;12.8%;20.5%;;10.3%;;12.8%;2.6%;2.6%;2.6%;;;2.6%;;5.1%;;;;;;;;2.6%;
;;;Survey Atmos Science-Honors;202520;Spring 2025;001;12076;Orton, Andrea E.;;;100.0%;;;;;;;;;;;;;;;;;;;;;
;;23001;Lab Atmos Sci: Wther&Clim Data;202520;Spring 2025;001;31531;Prabhakar, Gouri;8.7%;8.7%;56.5%;;;13.0%;;;;;4.3%;;;;;;;;;;;;8.7%;
;;30900;Computer Analysis Geos;202520;Spring 2025;002;16288;Yang, Xiaotao;13.0%;13.0%;13.0%;;13.0%;13.0%;21.7%;4.3%;;4.3%;;;4.3%;;;;;;;;;;;
;;31201;Earth Systems Sci For Elem;202520;Spring 2025;001;24808;Ballotti, Dean M.;76.0%;4.0%;;;4.0%;;4.0%;;8.0%;;;;;;;;;;;;;;4.0%;
;;;;;;002;24810;Ballotti, Dean M.;59.3%;11.1%;;;7.4%;;11.1%;;3.7%;;;;;;;;;;;;;;7.4%;
;;31900;Exploring Earth Through Time;202520;Spring 2025;001;27355;Ridgway, Kenneth D.;17.9%;10.7%;25.0%;;7.1%;7.1%;10.7%;3.6%;10.7%;;;;;;3.6%;;;;;;;;3.6%;
;;;Explore Earth Thrgh Time-Honor;202520;Spring 2025;001;27355;Ridgway, Kenneth D.;;;100.0%;;;;;;;;;;;;;;;;;;;;;
;;32700;Climate, Science & Society;202520;Spring 2025;008;15509;Nelson, Jennifer A.;46.4%;21.3%;12.6%;;7.7%;0.5%;4.3%;1.4%;;1.0%;1.0%;;0.5%;;2.9%;;;;;;;;0.5%;
;;;Climate,Science&Society-Honors;202520;Spring 2025;008;15509;Nelson, Jennifer A.;100.0%;;;;;;;;;;;;;;;;;;;;;;;
;;34400; Petrology;202520;Spring 2025;002;25947;Prissel, Kelsey;31.6%;5.3%;10.5%;;36.8%;;10.5%;5.3%;;;;;;;;;;;;;;;;
;;35200;Structural Geology;202520;Spring 2025;001;16243;Haq, Saad S.;10.5%;21.1%;15.8%;;31.6%;;21.1%;;;;;;;;;;;;;;;;;
;;35400;Earth/Planetary Geophysics;202520;Spring 2025;002;54987;Delph, Jonathan R.;23.3%;10.0%;;;13.3%;3.3%;6.7%;10.0%;3.3%;3.3%;10.0%;3.3%;;;6.7%;;;;;;;;6.7%;
;;36000;Great Issues Climate Chg Soc;202520;Spring 2025;001;21641;Prabhakar, Gouri;20.5%;11.4%;47.7%;;;;4.5%;2.3%;4.5%;;2.3%;;2.3%;;4.5%;;;;;;;;;
;;36700;Planetary Atmospheres;202520;Spring 2025;001;25953;Johnson, Alexandria V.;34.8%;;30.4%;;13.0%;;4.3%;4.3%;;;8.7%;;;;4.3%;;;;;;;;;
;;37500;Fossil Fuels, Energy & Society;202520;Spring 2025;001;45231;Ballotti, Dean M.;86.4%;4.8%;;;1.6%;;5.6%;;;0.8%;;;;;;;;;;;;;0.8%;
;;;Fossil Fuels, Enrgy&Soc-Honors;202520;Spring 2025;001;45231;Ballotti, Dean M.;100.0%;;;;;;;;;;;;;;;;;;;;;;;
;;40000;PLSI Capstone;202520;Spring 2025;001;25770;Minton, David A.;37.5%;12.5%;37.5%;;;;8.3%;;;;;;;;;;;;;;;;4.2%;
;;42200;Atmos Dynamics I;202520;Spring 2025;001;16316;Orton, Andrea E.;17.6%;11.8%;70.6%;;;;;;;;;;;;;;;;;;;;;
;;42501;Physics Of Climate;202520;Spring 2025;001;15674;Wang, Lei;6.3%;;87.5%;;;;;6.3%;;;;;;;;;;;;;;;;
;;43200;Synoptic Lab II;202520;Spring 2025;001;13806;Couillard, Maxim H.;46.7%;20.0%;26.7%;;;;6.7%;;;;;;;;;;;;;;;;;
;;47700;Earth And Planetary GIS;202520;Spring 2025;001;31107;Bramson, Ali;52.0%;24.0%;;;12.0%;4.0%;8.0%;;;;;;;;;;;;;;;;;
;;53200;Atmospheric Physics I;202520;Spring 2025;001;13853;Cziczo, Daniel J.;15.2%;18.2%;18.2%;;9.1%;9.1%;15.2%;3.0%;;3.0%;3.0%;;;;;;;;;;;;6.1%;
;;59100;Phys & Mech Of Earth Materials;202520;Spring 2025;123;25672;Schmitt, Douglas R.;57.1%;;21.4%;;7.1%;;;;;;;;;;;;;;;;;;7.1%;7.1%
;;;Planetary Habitability;202520;Spring 2025;121;25669;Olson, Stephanie L.;33.3%;16.7%;16.7%;8.3%;16.7%;8.3%;;;;;;;;;;;;;;;;;;
;;;Planetary Origins;202520;Spring 2025;125;25687;Johnson, Brandon C.;61.1%;16.7%;22.2%;;;;;;;;;;;;;;;;;;;;;
;;;Planetary Volcanism;202520;Spring 2025;124;25676;Sori, Michael M.;47.1%;;11.8%;;11.8%;;11.8%;5.9%;;5.9%;;;;;;;;;;;;;5.9%;
;;;Space Instrumentation;202520;Spring 2025;122;25670;Wiens, Roger C.;23.5%;52.9%;11.8%;5.9%;;;5.9%;;;;;;;;;;;;;;;;;
;;;Stable Isotopes;202520;Spring 2025;120;25665;Welp-Smith, Lisa R.;27.3%;18.2%;18.2%;;;;18.2%;9.1%;;;;;;;;;;;;;;;;9.1%
;;65700;Geophys Inverse Theory;202520;Spring 2025;001;25664;Li, Yunyue;50.0%;16.7%;25.0%;;;;;;;;;;;;;;;;;;;;;8.3%
;;69100;Colloquium In EAPS;202520;Spring 2025;001;17063;Johnson, Alexandria V.;;;96.7%;;;;;;;;;;;;;;;;;;;;3.3%;
ECE;ECE-Electrical & Computer Engr;20001;Electrical Engr Fundamentals I;202520;Spring 2025;006;13868;Hashemi, Abolfazl;13.7%;10.5%;26.0%;;9.4%;7.9%;6.7%;5.0%;3.8%;10.8%;2.0%;0.3%;1.2%;;2.3%;;;;;;;;0.3%;
;;;;;;023;16662;Al-Othman, Maryam A.;19.4%;12.3%;24.5%;;9.7%;8.5%;4.6%;8.0%;1.7%;4.0%;1.4%;0.6%;1.1%;;2.6%;;;;;;;;1.7%;
;;;;;;025;24561;Qi, Minghao;14.7%;9.4%;19.5%;;10.3%;8.0%;5.0%;7.7%;3.5%;9.1%;1.8%;1.5%;2.9%;;3.2%;;;;;;;;3.2%;
;;20002;Elect Engr Fundamental II;202520;Spring 2025;002;19651;Jung, Byunghoo;11.5%;;;;40.8%;;;36.2%;;;6.9%;;;;;;;;;;;;4.6%;
;;;;;;003;19652;Makin, Joseph G.;13.5%;;1.5%;;31.6%;;;24.8%;;;18.8%;;;;2.3%;;;;;;;;7.5%;
;;;;;;004;10473;Lukens, Joseph M.;12.1%;;0.7%;;36.4%;;;30.7%;;;15.0%;;;;0.7%;;;;;;;;4.3%;
;;;;;;006;32586;Kildishev, Alexander V.;9.1%;;1.3%;;22.1%;;;31.2%;;;27.3%;;;;2.6%;1.3%;;;;;;;5.2%;
;;20007;Elec Engr Fundamentals I Lab;202520;Spring 2025;001;19654;Shaju, Gifty;8.0%;8.0%;60.0%;;4.0%;;4.0%;;;;;8.0%;;;4.0%;;;;;;;;4.0%;
;;;;;;002;19657;Shaju, Gifty;12.5%;12.5%;62.5%;;;;6.3%;;;6.3%;;;;;;;;;;;;;;
;;;;;;004;19665;Pandit, Manas S.;16.7%;8.3%;62.5%;;;4.2%;4.2%;;;;;;;;4.2%;;;;;;;;;
;;;;;;006;19667;Rahman, Md Mahabubur;35.7%;;57.1%;;;7.1%;;;;;;;;;;;;;;;;;;
;;;;;;009;19671;Rouhani, Seyedehmarzieh;7.5%;;85.0%;;;;2.5%;;;;2.5%;;2.5%;;;;;;;;;;;
;;;;;;011;19674;Sandoval Aguilar, Raquel E.;10.0%;7.5%;67.5%;;7.5%;;5.0%;;;;;;;;;;;;;;;;2.5%;
;;;;;;012;19675;Shaju, Gifty;15.0%;2.5%;75.0%;;;;;;5.0%;;;;;;;;;;;;;;2.5%;
;;;;;;013;13871;Shaju, Gifty;23.1%;5.1%;61.5%;;;;;;;2.6%;;;;;2.6%;;;;;;;;5.1%;
;;;;;;014;23030;Shaju, Gifty;10.0%;5.0%;75.0%;;;;5.0%;2.5%;;;;;;;;;;;;;;;2.5%;
;;;;;;015;23031;Pena Alegre, Roy Daly;10.0%;10.0%;70.0%;;2.5%;;2.5%;;;;;2.5%;;;;;;;;;;;2.5%;
;;;;;;016;23032;Shaju, Gifty;10.0%;5.0%;75.0%;;;;7.5%;;;;;;;;2.5%;;;;;;;;;
;;;;;;017;23035;Pandit, Manas S.;12.8%;5.1%;74.4%;;;2.6%;;;;;;;;;2.6%;;;;;;;;2.6%;
;;;;;;018;23037;Sandoval Aguilar, Raquel E.;7.5%;7.5%;82.5%;;;;;;;;;;;;;;;;;;;;2.5%;
;;;;;;019;23045;Rahman, Md Mahabubur;22.5%;;77.5%;;;;;;;;;;;;;;;;;;;;;
;;;;;;020;26653;Gonzaga, Thomas Antonio S.;22.5%;10.0%;45.0%;;2.5%;2.5%;7.5%;;;;;;2.5%;;5.0%;;;;;;;;2.5%;
;;;;;;021;26654;Pena Alegre, Roy Daly;10.0%;2.5%;80.0%;;2.5%;;2.5%;;;;;;;;;;;;;;;;2.5%;
;;;;;;022;22727;Rattan, Arpita;7.5%;7.5%;77.5%;;;;;;;;;;2.5%;;2.5%;;;;;;;;2.5%;
;;;;;;023;22728;Rouhani, Seyedehmarzieh;5.1%;5.1%;71.8%;;2.6%;5.1%;5.1%;;;2.6%;;;;;;;;;;;;;2.6%;
;;;;;;024;23908;Shaju, Gifty;13.9%;11.1%;63.9%;;2.8%;;;2.8%;;;;;2.8%;;;;;;;;;;2.8%;
;;;;;;025;23943;Shaju, Gifty;10.0%;2.5%;77.5%;;;;;2.5%;;;;2.5%;2.5%;;2.5%;;;;;;;;;
;;20008;Elec Engr Fundamentals II Lab;202520;Spring 2025;001;19676;Chen, Yuanrui;68.2%;;4.5%;;13.6%;4.5%;4.5%;;;;4.5%;;;;;;;;;;;;;
;;;;;;002;19678;Elzeiny, Walid E.;50.0%;9.1%;31.8%;;4.5%;;;;;;;;;;;;;;;;;;4.5%;
;;;;;;003;19680;Shaju, Gifty;40.7%;;44.4%;;3.7%;;3.7%;;;;;;;;3.7%;;;;;;;;3.7%;
;;;;;;004;19683;Marcuello Garcia, Pablo;46.4%;7.1%;17.9%;;17.9%;3.6%;;3.6%;;;;;;;;;;;;;;;3.6%;
;;;;;;005;19684;Gerguis, John O.;46.2%;15.4%;15.4%;;7.7%;;;;7.7%;;;;;;7.7%;;;;;;;;;
;;;;;;006;19685;Elzeiny, Walid E.;26.7%;;46.7%;;;;13.3%;6.7%;;;;;;;;;;;;;;;6.7%;
;;;;;;007;23047;Kasula, Praneet V.;40.6%;6.3%;40.6%;;3.1%;;6.3%;;3.1%;;;;;;;;;;;;;;;
;;;;;;008;18612;Shaju, Gifty;45.5%;9.1%;27.3%;;;;18.2%;;;;;;;;;;;;;;;;;
;;;;;;010;32322;Kasula, Praneet V.;62.5%;9.4%;15.6%;;;;;6.3%;;;;;3.1%;;;;;;;;;;3.1%;
;;;;;;011;32323;Marcuello Garcia, Pablo;28.6%;14.3%;21.4%;;21.4%;;7.1%;;;;;7.1%;;;;;;;;;;;;
;;20875;Python For Data Science;202520;Spring 2025;001;20850;Ding, Yi;20.9%;13.2%;3.9%;;20.2%;4.7%;11.6%;3.1%;4.7%;6.2%;;0.8%;0.8%;;3.1%;;;;;;;;7.0%;
;;;;;;002;24462;Qiu, Qiang;34.9%;9.3%;5.4%;;15.5%;7.0%;12.4%;2.3%;3.9%;3.1%;0.8%;;0.8%;;0.8%;;;;;;;;3.9%;
;;;;;;003;23059;Carrillo Fernandez, Aristides P.;33.6%;13.6%;4.8%;;15.2%;2.4%;14.4%;1.6%;2.4%;4.0%;;0.8%;;;0.8%;;;;;;;;6.4%;
;;;Python For Data Science-Honors;202520;Spring 2025;002;24462;Qiu, Qiang;100.0%;;;;;;;;;;;;;;;;;;;;;;;
;;26400;Advanced C Programming;202520;Spring 2025;002;55491;Lu, Yung-Hsiang;34.1%;8.3%;35.6%;;9.1%;2.3%;3.0%;0.8%;;1.5%;;0.8%;0.8%;;1.5%;;;;;;;;2.3%;
;;;;;;003;10318;Kulkarni, Milind V.;27.6%;9.4%;31.5%;;3.9%;2.4%;4.7%;3.1%;0.8%;2.4%;1.6%;3.1%;0.8%;;1.6%;;;;;;;;7.1%;
;;;;;;004;26418;Gupta, Sumeet K.;27.1%;14.7%;30.2%;;13.2%;2.3%;3.1%;1.6%;;;;1.6%;;;6.2%;;;;;;;;;
;;27000;Intro Digitl Sys Desgn;202520;Spring 2025;018;63185;Li, Junfei;16.1%;10.4%;9.3%;;11.7%;9.7%;11.3%;7.7%;2.0%;6.4%;2.9%;1.5%;1.3%;;4.6%;0.2%;;;;;;;4.9%;
;;;Intro Digitl Sys Desgn-Honors;202520;Spring 2025;018;63185;Li, Junfei;50.0%;12.5%;37.5%;;;;;;;;;;;;;;;;;;;;;
;;29401;ECE Sophomore Seminar;202520;Spring 2025;001;13648;Rainwater, Angela S.;79.5%;;;;14.2%;;;0.6%;;;;;;;4.5%;;;;;;;;1.1%;
;;;;;;003;25190;Rainwater, Angela S.;78.0%;;0.9%;;13.8%;;;0.9%;;;;;;;2.8%;;;;;;;;3.7%;
;;;;;;004;33352;Rainwater, Angela S.;71.0%;;;;19.4%;;;3.2%;;;;;;;6.5%;;;;;;;;;
;;30100;Signals And Systems;202520;Spring 2025;003;11474;Brinton, Christopher G.;15.5%;8.2%;13.4%;;10.3%;13.4%;10.3%;9.3%;6.2%;3.1%;3.1%;3.1%;2.1%;;2.1%;;;;;;;;;
;;;;;;004;13890;Jacob, Zubin;14.7%;12.7%;2.9%;;13.7%;15.7%;15.7%;3.9%;2.0%;10.8%;1.0%;;4.9%;;1.0%;;;;;;;;1.0%;
;;;Signals And Systems-Honors;202520;Spring 2025;004;13890;Jacob, Zubin;;;;;;;;;;;;;;;100.0%;;;;;;;;;
;;30200;Probabilistic Methods;202520;Spring 2025;002;17166;Tripathi, Vishrant;17.4%;11.0%;3.9%;;21.9%;1.9%;6.5%;8.4%;5.2%;6.5%;7.1%;5.2%;2.6%;;1.9%;;;;;;;;0.6%;
;;;;;;003;18517;Comer, Mary L.;11.3%;5.1%;1.1%;;10.7%;11.9%;13.0%;20.3%;2.8%;6.8%;7.3%;4.0%;5.1%;;;;;;;;;;0.6%;
;;;Probabilistic Methods-Honors;202520;Spring 2025;003;18517;Comer, Mary L.;;;;;;;;;;100.0%;;;;;;;;;;;;;;
;;30411;Electromagnetics I;202520;Spring 2025;001;19711;Elliott, Daniel S.;5.7%;5.7%;8.6%;;14.3%;5.7%;5.7%;14.3%;11.4%;5.7%;11.4%;;;;2.9%;;;2.9%;;;;;5.7%;
;;;;;;002;19712;Melloch, Michael R.;38.1%;8.2%;21.6%;;11.3%;1.0%;3.1%;9.3%;1.0%;;3.1%;;1.0%;;2.1%;;;;;;;;;
;;30412;Electromagnetics II;202520;Spring 2025;001;18895;Du, Shengwang;11.1%;17.8%;13.3%;;8.9%;11.1%;11.1%;17.8%;;6.7%;2.2%;;;;;;;;;;;;;
;;30416;Basics Of Engineering Optics;202520;Spring 2025;001;23901;Mckinney, Jason D.;44.0%;;;;44.0%;;;;;;8.0%;;;;4.0%;;;;;;;;;
;;30500;Semiconductor Devices;202520;Spring 2025;005;17782;Li, Haitong;14.1%;6.4%;16.7%;;7.7%;3.8%;28.2%;7.7%;;7.7%;;1.3%;;;;;1.3%;;;;;;5.1%;
;;30600;Circuits & Systems Lab;202520;Spring 2025;001;17169;Kandi, Aneesh;33.3%;;25.0%;;8.3%;;16.7%;;16.7%;;;;;;;;;;;;;;;
;;;;;;004;17172;Kandi, Aneesh;53.8%;15.4%;;;15.4%;;15.4%;;;;;;;;;;;;;;;;;
;;;;;;005;21975;Mohamed, Ahmed P.;57.1%;21.4%;21.4%;;;;;;;;;;;;;;;;;;;;;
;;;;;;006;22385;Mohamed, Ahmed P.;16.7%;8.3%;41.7%;;;;16.7%;;;;;;;;16.7%;;;;;;;;;
;;30800;Sysm Simul & Contr Lab;202520;Spring 2025;001;17174;Beasley, Ryan M.;28.6%;7.1%;64.3%;;;;;;;;;;;;;;;;;;;;;
;;;;;;002;17175;Beasley, Ryan M.;38.5%;;53.8%;;;;7.7%;;;;;;;;;;;;;;;;;
;;30834;Fund Of Computer Graphics;202520;Spring 2025;001;29046;Aliaga, Daniel G.;;10.5%;5.3%;;21.1%;10.5%;10.5%;5.3%;10.5%;21.1%;;;;;;;;;;;;;5.3%;
;;30864;Software Engineering Tools;202520;Spring 2025;001;10468;Eappen, Joe K.;30.0%;3.3%;30.0%;;16.7%;3.3%;6.7%;;;3.3%;;;;;;;;;;;;;6.7%;
;;;;;;002;10469;Eappen, Joe K.;50.0%;;33.3%;;8.3%;;8.3%;;;;;;;;;;;;;;;;;
;;;;;;004;32279;Eappen, Joe K.;44.0%;16.0%;12.0%;;4.0%;8.0%;8.0%;;;;;;;;4.0%;;;;;;;;4.0%;
;;31033;Power Electronics;202520;Spring 2025;001;68882;Pekarek, Steven D.;9.0%;;9.0%;;13.4%;1.5%;4.5%;16.4%;6.0%;6.0%;6.0%;7.5%;;;4.5%;;;1.5%;;;;;14.9%;
;;32100;Electromech Motion Dev;202520;Spring 2025;002;41466;Sudhoff, Scott D.;9.5%;7.1%;14.3%;;2.4%;7.1%;7.1%;2.4%;9.5%;2.4%;4.8%;2.4%;4.8%;;16.7%;;2.4%;;;;;;7.1%;
;;32300;Elec-Mech Mot Dev Lab;202520;Spring 2025;002;17180;Al-Othman, Maryam A.;50.0%;25.0%;16.7%;;8.3%;;;;;;;;;;;;;;;;;;;
;;;;;;007;13913;Al-Othman, Maryam A.;41.7%;;58.3%;;;;;;;;;;;;;;;;;;;;;
;;33700;ASIC Design Lab;202520;Spring 2025;015;13558;Swabey, Matthew A.;22.0%;12.9%;3.8%;;16.1%;7.5%;7.0%;6.5%;0.5%;5.4%;1.6%;;2.2%;;2.2%;;;0.5%;;;;;11.8%;
;;36200;Micropro Sys & Intrfac;202520;Spring 2025;001;17186;Ghodsi, Zahra;13.6%;10.7%;11.2%;;12.6%;10.2%;11.7%;5.8%;6.3%;7.8%;;2.4%;1.5%;;2.9%;;;;;;;;3.4%;
;;36800;Data Structures;202520;Spring 2025;001;17208;Koh, Cheng-Kok;41.9%;3.0%;4.2%;;5.4%;4.8%;1.8%;3.6%;1.2%;2.4%;6.6%;;2.4%;;7.2%;;;;;;;;15.6%;
;;36900;Disc Math For Comp Eng;202520;Spring 2025;003;23449;Hyun, Nak-Seung P.;14.9%;13.7%;40.4%;;7.5%;3.7%;6.8%;3.7%;1.9%;0.6%;0.6%;0.6%;0.6%;;1.2%;;;;;;;;3.7%;
;;38200;Fdbk Sys Anly & Design;202520;Spring 2025;001;17210;Lee, Chun-Sing G.;17.0%;9.4%;;;13.2%;;17.0%;17.0%;;13.2%;1.9%;;;;9.4%;;;;;;;;1.9%;
;;39401;Prof Communication And Div;202520;Spring 2025;002;23879;Barber, Christopher J.;33.3%;2.6%;59.0%;;2.6%;;2.6%;;;;;;;;;;;;;;;;;
;;;;;;004;23881;Hack, Conner J.;92.5%;5.0%;;;;;2.5%;;;;;;;;;;;;;;;;;
;;;;;;005;10118;Hack, Conner J.;95.7%;;;;2.1%;;2.1%;;;;;;;;;;;;;;;;;
;;;;;;006;10134;Hack, Conner J.;91.1%;;;;;2.2%;2.2%;;;;;;;;2.2%;;;;;;;;2.2%;
;;;;;;007;10168;Barber, Christopher J.;37.5%;2.5%;55.0%;;5.0%;;;;;;;;;;;;;;;;;;;
;;39595;Obj Oriented Pgming With C++;202520;Spring 2025;005;10247;Rao, Sanjay G.;18.3%;8.6%;5.4%;;14.0%;10.8%;11.8%;4.3%;2.2%;5.4%;3.2%;2.2%;4.3%;;3.2%;;;;;;;;6.5%;
;;39600;Ind Pract Seminar I;202520;Spring 2025;001;13985;Seadeek, Jamie L.;;;;;;;;;;;;;;;;;;100.0%;;;;;;
;;39699;Prof Practice Internship;202520;Spring 2025;001;58902;Seadeek, Jamie L.;;;;;;;;;;;;;;;;;;;;86.4%;9.1%;4.5%;;
;;40400;Intro To Computer Security;202520;Spring 2025;001;43577;Kak, Avinash C.;22.4%;;10.0%;;14.4%;;20.4%;10.0%;;13.4%;1.5%;;;;1.0%;;;;;;;;7.0%;
;;43700;Computer Des&Prototypg;202520;Spring 2025;003;13949;Thottethodi, Mithuna S.;13.4%;4.9%;8.5%;;15.9%;13.4%;13.4%;6.1%;6.1%;4.9%;;;;;2.4%;;;3.7%;;;;;7.3%;
;;43800;Dig Sig Proc With Appl;202520;Spring 2025;001;17228;Reibman, Amy R.;25.0%;10.0%;;;15.0%;10.0%;10.0%;10.0%;;10.0%;;5.0%;;;;;;;;;;;5.0%;
;;44000;Transmission Informa;202520;Spring 2025;005;24237;Lehnert, James S.;3.8%;15.4%;3.8%;;3.8%;7.7%;15.4%;3.8%;19.2%;11.5%;;3.8%;;;3.8%;;;;;;;;7.7%;
;;45600;Dig Intg Circ Anly Des;202520;Spring 2025;002;41467;Mohammadi, Saeed;8.1%;18.9%;16.2%;;18.9%;;;13.5%;;;2.7%;;;;2.7%;;;;;;;;18.9%;
;;46900;Opring Systms Engrg;202520;Spring 2025;001;17479;Machiry, Aravind K.;40.9%;16.4%;12.3%;;5.3%;2.9%;11.7%;0.6%;1.2%;2.3%;;;2.3%;;1.8%;;;;;;;;2.3%;
;;47300;Intro Artificial Intel;202520;Spring 2025;001;17248;Inouye, David I.;27.0%;;;;41.7%;;;17.4%;;;7.0%;;;;2.6%;;;;;;;;4.3%;
;;47700;Digital Systems Sr Project;202520;Spring 2025;001;40781;Walter, Phillip B.;31.0%;17.9%;29.8%;;7.1%;4.8%;3.6%;3.6%;;2.4%;;;;;;;;;;;;;;
;;48300;Digital Control Systms;202520;Spring 2025;002;17250;Pare, Philip E.;45.0%;;45.0%;;5.0%;5.0%;;;;;;;;;;;;;;;;;;
;;49022;Elec Engr Sr Design Proj;202520;Spring 2025;005;14362;Beasley, Ryan M.;60.9%;23.5%;;;6.1%;2.6%;7.0%;;;;;;;;;;;;;;;;;
;;49401;Professional Comm Capstone;202520;Spring 2025;001;23952;Parks, Brooke A.;69.4%;9.4%;0.4%;;4.7%;1.8%;7.9%;0.7%;0.4%;0.7%;0.7%;0.4%;0.7%;;1.4%;;;;;;;;1.4%;
;;49595;Intr To Reinforcement Learning;202520;Spring 2025;020;22806;Ghasemi, Mahsa;21.7%;13.0%;8.7%;4.3%;8.7%;;21.7%;;13.0%;4.3%;;;;;;;;;;;;;4.3%;
;;;Natural Language Processing;202520;Spring 2025;019;21504;Siskind, Jeffrey M.;100.0%;;;;;;;;;;;;;;;;;;;;;;;
;;;Open Source Software;202520;Spring 2025;013;28181;France, Stephen P.;35.3%;25.0%;;;14.7%;4.4%;19.1%;;;1.5%;;;;;;;;;;;;;;
;;49600;SCALE SoCET;202520;Spring 2025;006;24480;Johnson, Mark C.;;;;;;;;;;;;;;;;;;;;100.0%;;;;
;;50024;Machine Learning;202520;Spring 2025;002;17000;Chan, Stanley H.;26.7%;10.5%;1.0%;3.8%;21.0%;9.5%;;10.5%;2.9%;;;;;;1.9%;;;;;;;;12.4%;
;;;;;;003;30467;Chan, Stanley H.;20.0%;13.3%;;6.7%;20.0%;26.7%;;;6.7%;;;;;;;;;;;;;;6.7%;
;;50631;Fundamentals Of Current Flow;202520;Spring 2025;001;16495;Datta, Supriyo;89.4%;;;;5.6%;;;3.1%;;;0.6%;;;;;;;;;;;;1.2%;
;;50632;Intro To Quantum Transport;202520;Spring 2025;001;16498;Datta, Supriyo;87.1%;;;;9.2%;;;0.6%;;;;;;;1.2%;;;;;;;;1.2%;0.6%
;;50633;Boltzmann Law;202520;Spring 2025;001;16503;Datta, Supriyo;77.1%;;;;17.6%;;;2.6%;;;0.7%;;;;0.7%;;;;;;;;1.3%;
;;50863;Computer Network Systems;202520;Spring 2025;002;20504;Chen, Xiaoqi;24.3%;17.1%;8.6%;1.4%;7.1%;2.9%;21.4%;2.9%;;1.4%;;;;;4.3%;;;;;;;;8.6%;
;;51012;Electromechanics;202520;Spring 2025;WNG;15302;Sudhoff, Scott D.;18.8%;;18.8%;;6.3%;;6.3%;6.3%;6.3%;6.3%;;;6.3%;;6.3%;;;;;;;;18.8%;
;;51018;Hybrid Electric Vehicles;202520;Spring 2025;WNG;21283;Al-Othman, Maryam A.;5.4%;;83.8%;2.7%;;;2.7%;;;2.7%;;;;;2.7%;;;;;;;;;
;;51032;Comp Meth Pwr Sys Anly;202520;Spring 2025;001;17604;Qin, Junjie;58.8%;;17.6%;5.9%;;5.9%;;;;;;;;;;;;;;;;;11.8%;
;;51216;Digital Sys Design Automation;202520;Spring 2025;FNY;26197;Raghunathan, Anand;50.9%;24.6%;15.8%;;;;5.3%;;;;;;;;;1.8%;;;;;;;1.8%;
;;52600;Fund MEMS&Micr Int Sys;202520;Spring 2025;MJD;24148;Lee, Chi Hwan;81.1%;10.8%;;2.7%;;;;;;;;;;;;;;;;;;;5.4%;
;;55200;Introduction To Lasers;202520;Spring 2025;WNG;22016;Shalaev, Vladimir M.;26.1%;4.3%;47.8%;8.7%;;;6.5%;;;;;;;;;;;;;;;;6.5%;
;;56800;Embedded Systems;202520;Spring 2025;003;15293;Su, Lu;50.0%;18.8%;12.5%;;;;;;;;;;;;;6.3%;;;;;;;12.5%;
;;;;;;WNG;17687;Su, Lu;56.0%;18.7%;12.0%;;;;9.3%;;;;;;;;;1.3%;;;;;;;2.7%;
;;57000;Artificial Intellignce;202520;Spring 2025;002;26382;Liu, Chaoyue;41.6%;13.9%;28.7%;2.0%;;2.0%;5.0%;;2.0%;1.0%;;;;;;;;;;;;;4.0%;
;;;;;;003;31545;Liu, Chaoyue;31.3%;12.5%;12.5%;12.5%;;6.3%;;6.3%;;;;;;;6.3%;;;;;;;;12.5%;
;;;;;;005;32880;Kocaoglu, Murat;40.0%;13.3%;24.4%;2.2%;2.2%;6.7%;4.4%;;;2.2%;;;;;;;;;;;;;4.4%;
;;58000;Opt Meth For Sys & Con;202520;Spring 2025;004;23536;Zak, Stanislaw H.;43.8%;28.1%;;;12.5%;;6.3%;3.1%;;3.1%;;;;;;;;;;;;;3.1%;
;;59500;Advanced Software Engineering;202520;Spring 2025;043;22205;Torres Arias, Santiago;65.0%;;30.0%;;;;;;;;;;;;;;;;;;;;5.0%;
;;;Applied Quantum Computing I;202520;Spring 2025;022;23387;Upadhyaya, Pramey;31.4%;7.8%;41.2%;2.0%;;3.9%;2.0%;5.9%;2.0%;2.0%;;;;;;;;;;;;;2.0%;
;;;Applied Quantum Computing II;202520;Spring 2025;023;23389;Upadhyaya, Pramey;11.6%;2.3%;72.1%;;4.7%;;4.7%;;;;;;2.3%;;;;;;;;;;2.3%;
;;;Applied Quantum Computing III;202520;Spring 2025;024;23391;Upadhyaya, Pramey;85.0%;;10.0%;2.5%;;;;;;;;;;;;;;2.5%;;;;;;
;;;Integratd Circuit/MEMS Fab Lab;202520;Spring 2025;067;33458;Hussain, Muhammad M.;91.7%;4.2%;;;;;;;;;;;;;;;;4.2%;;;;;;
;;;Intro To Ele Pkg & Hetero Intg;202520;Spring 2025;053;32025;Bansal, Shubhra;72.7%;18.2%;9.1%;;;;;;;;;;;;;;;;;;;;;
;;;IP Generation And Management;202520;Spring 2025;054;32282;Badesha, Santokh S.;20.0%;37.5%;7.5%;;2.5%;2.5%;27.5%;;;;;;;;;;;;;;;;2.5%;
;;;Optical Imaging System Design;202520;Spring 2025;057;32325;Cui, Meng;22.7%;13.6%;31.8%;9.1%;;;13.6%;;;;;;;;;;;;;;;;9.1%;
;;;Semiconductor Fundamentals;202520;Spring 2025;051;30947;Morisette, Dallas T.;28.6%;;;;7.1%;;;28.6%;;;14.3%;;;;;;;;;;;;21.4%;
;;60000;Random Variables;202520;Spring 2025;002;15613;Bell, Mark R.;53.3%;;;6.7%;33.3%;;;6.7%;;;;;;;;;;;;;;;;
;;;;;;FNY;41469;Bell, Mark R.;25.8%;;;;62.9%;;;6.5%;;;;;;;;;;;;;;;4.8%;
;;60146;Deep Learning;202520;Spring 2025;001;18389;Bouman, Charles A.;25.2%;19.4%;10.7%;;14.6%;1.9%;11.7%;1.0%;;;;;;;;;;;;;;;15.5%;
;;60200;Lumped System Theory;202520;Spring 2025;003;46843;Hu, Jianghai;44.4%;19.4%;2.8%;;16.7%;5.6%;8.3%;2.8%;;;;;;;;;;;;;;;;
;;60270;Struct & Dyn Of Lrg-Scale Netw;202520;Spring 2025;001;25065;Sundaram, Shreyas;28.6%;;64.3%;7.1%;;;;;;;;;;;;;;;;;;;;
;;60400;Electromag Fld Theo;202520;Spring 2025;001;17296;Jiao, Dan;37.5%;12.5%;12.5%;;6.3%;;25.0%;;;;;;;;6.3%;;;;;;;;;
;;60600;Solid State Devices;202520;Spring 2025;003;47158;Alam, Muhammad A.;9.1%;15.2%;15.2%;;18.2%;6.1%;24.2%;3.0%;3.0%;3.0%;;;;;;;;;;;;;3.0%;
;;60645;High-speed Semiconduct Devices;202520;Spring 2025;001;69972;Ye, Peide;55.6%;38.9%;;;5.6%;;;;;;;;;;;;;;;;;;;
;;60800;Comp Models & Methods;202520;Spring 2025;003;23496;Pomeranz, Irith;23.4%;7.8%;;;45.3%;1.6%;6.3%;7.8%;;;1.6%;;;;1.6%;;;;;;;;4.7%;
;;60827;Prog Accelerator Arch;202520;Spring 2025;003;31850;Vijaykumar, T N.;25.6%;11.6%;;;18.6%;9.3%;7.0%;;;4.7%;;;;;;;;;;;;;23.3%;
;;60872;Reliable Secure Comp Systems;202520;Spring 2025;001;21546;Bagchi, Saurabh;43.8%;18.8%;25.0%;;6.3%;;;;;;;;;;;;;;;;;;6.3%;
;;61025;Fin Elmts Analysis Elect Mach;202520;Spring 2025;001;32307;Aliprantis, Dionysios;30.8%;23.1%;7.7%;;7.7%;;7.7%;;;;;;;;;;;;;;;;23.1%;
;;61700;Antennas Design Appl;202520;Spring 2025;001;25069;Webb, Kevin J.;38.1%;4.8%;14.3%;;14.3%;;9.5%;;;;;;;;9.5%;;;;;;;;9.5%;
;;63400;Digital Video Systems;202520;Spring 2025;001;25070;Zhu, Fengqing;54.5%;9.1%;;;9.1%;;9.1%;;;;;;;;;;;;;;;;18.2%;
;;63700;Digital Image Proc I;202520;Spring 2025;WNG;21280;Bouman, Charles A.;33.3%;14.8%;11.1%;;14.8%;3.7%;7.4%;;;;;;;;;;;;;;;;14.8%;
;;64500;Estimation Theory;202520;Spring 2025;001;17305;Love, David J.;91.2%;;;;8.8%;;;;;;;;;;;;;;;;;;;
;;64700;Pfm MDL Cmptr Com Ntwk;202520;Spring 2025;001;32047;Brinton, Christopher G.;56.5%;4.3%;21.7%;8.7%;;;4.3%;;;;;;;;;;;;;;;;4.3%;
;;69400;ECE Seminar;202520;Spring 2025;001;17323;Klimeck, Gerhard;;;;;;;;;;;;;;;;;;;;95.7%;;1.7%;2.6%;
;;69500;AI Hardware;202520;Spring 2025;146;33033;Roy, Kaushik;55.0%;12.5%;12.5%;;;;10.0%;;;;;;;;;;;;;;;;10.0%;
;;;;;;148;33763;Roy, Kaushik;60.0%;24.0%;;;;8.0%;4.0%;;;;;;;;;;;;;;;;4.0%;
;;;Comm For Engr Leaders: I2I;202520;Spring 2025;121;29824;Parks, Brooke A.;76.9%;7.7%;;;;;7.7%;7.7%;;;;;;;;;;;;;;;;
;;;Datacenter & Cloud Networks;202520;Spring 2025;093;20755;Shrivastav, Vishal;16.7%;27.8%;38.9%;5.6%;;;11.1%;;;;;;;;;;;;;;;;;
;;;High-Speed Mixed-Signal IC;202520;Spring 2025;062;17554;Sen, Shreyas;69.6%;13.0%;;;;;4.3%;;;;;;;;;;;;;;;;13.0%;
;;;Ideas To Innovation I;202520;Spring 2025;103;25874;Chen, Arnold C.;41.7%;;58.3%;;;;;;;;;;;;;;;;;;;;;
;;;Ideas To Innovation Part II;202520;Spring 2025;016;14009;Chen, Arnold C.;42.6%;25.5%;;;8.5%;2.1%;21.3%;;;;;;;;;;;;;;;;;
;;;Types & Programming Languages;202520;Spring 2025;144;32168;Wise, Jenna L.;7.7%;;76.9%;7.7%;;;;;;;;;;;;;;;;;;;7.7%;
;;69900;Research PhD Thesis;202520;Spring 2025;015;17394;Brinton, Christopher G.;;;;;;;;;;;;;;;;;;;;100.0%;;;;
;;;;;;019;36011;Chan, Stanley H.;;;;;;;;;;;;;;;;;;;;100.0%;;;;
;;;;;;045;17400;Gupta, Sumeet K.;;;;;;;;;;;;;;;;;;;;100.0%;;;;
;;;;;;053;17431;Jacob, Zubin;;;;;;;;;;;;;;;;;;;;100.0%;;;;
;;;;;;089;37365;Mohammadi, Saeed;;;;;;;;;;;;;;;;;;;;100.0%;;;;
;;;;;;099;37108;Qiu, Qiang;;;;;;;;;;;;;;;;;;;;100.0%;;;;
;;;;;;113;24082;Roy, Kaushik;;;;;;;;;;;;;;;;;;;;100.0%;;;;
;;;;;;115;24844;Sen, Shreyas;;;;;;;;;;;;;;;;;;;;100.0%;;;;
;;;;;;143;30847;Zhu, Fengqing;;;;;;;;;;;;;;;;;;;;100.0%;;;;
ECET;ECET-Electrical&Comp Engr Tech;17700;DAQ And Systems Control;202520;Spring 2025;007;57465;Cheung, April;29.1%;;;;36.7%;;;20.3%;;;1.3%;;;;5.1%;;;;;;;;7.6%;
;;17900;Intro To Digital Systems;202520;Spring 2025;009;57466;Richardson, Jeffrey J.;35.6%;2.9%;4.8%;;16.3%;4.8%;2.9%;14.4%;1.9%;1.9%;;1.9%;;;5.8%;;;;;;;;6.7%;
;;22400;Electronic Systems;202520;Spring 2025;011;63449;Schreiber, Zachary;38.5%;;;;35.9%;;;14.7%;;;3.2%;;;;3.8%;;;;;;;;3.8%;
;;22700;DC And Pulse Electronics;202520;Spring 2025;004;66306;Nawrocki, Robert A.;;3.0%;;;1.5%;7.5%;1.5%;11.9%;13.4%;6.0%;3.0%;7.5%;13.4%;;13.4%;;;;;;;;17.9%;
;;22900;Concurrent Digital Systems;202520;Spring 2025;008;24330;Faezipour, Miad;48.9%;15.6%;11.1%;;6.7%;2.2%;2.2%;;;4.4%;2.2%;;;;2.2%;;;;;;;;4.4%;
;;27000;Electronic Prototype Develop;202520;Spring 2025;004;63177;Richardson, Jeffrey J.;33.3%;5.3%;31.6%;;8.8%;8.8%;3.5%;;1.8%;;;;;;1.8%;;;;;;;;5.3%;
;;27400;Wireless Communications;202520;Spring 2025;004;63491;Sundararajan, Rajeswari;31.4%;18.6%;1.2%;;4.7%;10.5%;10.5%;1.2%;5.8%;5.8%;2.3%;;3.5%;;1.2%;;;;;;;;3.5%;
;;27700;AC And Power Electronics;202520;Spring 2025;013;29307;Cheung, April;16.1%;;;;32.3%;;;22.6%;;;22.6%;;;;3.2%;;;;;;;;3.2%;
;;27900;Embedded Digital Systems;202520;Spring 2025;005;63486;Cheung, April;13.6%;;;;14.5%;10.0%;5.5%;9.1%;3.6%;10.0%;11.8%;;;;10.9%;;;;;;;;10.9%;
;;29801;Lab Assistant;202520;Spring 2025;004;20591;Cheung, April;;;;;;;;;;;;;;;;;;100.0%;;;;;;
;;30201;Intro To Industrial Controls;202520;Spring 2025;001;15820;Richards, Grant P.;63.6%;;2.3%;;13.6%;;15.9%;;;;;;;;2.3%;;;;;;;;2.3%;
;;31800;Foundations Audio Electronics;202520;Spring 2025;003;13188;Jacob, James M.;19.0%;;;;33.3%;;;21.4%;;;7.1%;2.4%;2.4%;;;;;;;;;;14.3%;
;;32900;Adv Embedded Digital Systems;202520;Spring 2025;002;20077;Panigrahi, Suranjan;46.5%;14.0%;;;4.7%;9.3%;7.0%;7.0%;2.3%;4.7%;;;2.3%;;2.3%;;;;;;;;;
;;33700;Continuous Syst Anlys & Design;202520;Spring 2025;006;13604;Jacob, James M.;31.7%;;;;28.6%;;;19.8%;;;8.7%;;;;3.2%;;;;;;;;7.9%;
;;36400;Fund Of Electromagnetics;202520;Spring 2025;002;28973;Hoppenjans, Eric E.;66.7%;;;;16.7%;;;;;;;;;;12.5%;;;;;;;;4.2%;
;;37300;Applied Electronic Drives;202520;Spring 2025;001;17547;Lu, Xiaonan;14.3%;28.6%;;;21.4%;;28.6%;7.1%;;;;;;;;;;;;;;;;
;;43600;Elec Pwr Distrib & Smart Ctrl;202520;Spring 2025;001;22502;Sundararajan, Rajeswari;21.4%;28.6%;;;;;35.7%;7.1%;;7.1%;;;;;;;;;;;;;;
;;43900;Advanced DSP;202520;Spring 2025;002;20001;Leon-Salas, Walter Daniel;41.0%;;17.9%;;10.3%;;23.1%;;;2.6%;;;;;5.1%;;;;;;;;;
ECON;ECON-Economics;21000;Prin Of Economics;202520;Spring 2025;001;14191;Van Kammen, Benjamin J.;10.6%;8.8%;1.8%;;32.7%;4.4%;2.7%;11.5%;1.8%;4.4%;3.5%;0.9%;;;8.8%;;;;;;;;8.0%;
;;;;;;010;24552;Maheshwari, Prerana;20.0%;15.0%;5.0%;;15.0%;1.7%;8.3%;16.7%;;6.7%;5.0%;3.3%;;;3.3%;;;;;;;;;
;;25100;Microeconomics;202520;Spring 2025;001;14208;Fox, Melanie E.;10.5%;7.1%;24.1%;;14.3%;3.7%;5.4%;7.5%;2.0%;4.4%;3.4%;0.3%;1.4%;;2.7%;0.3%;;;;;;;12.6%;
;;;;;;002;14209;Fox, Melanie E.;12.3%;3.5%;19.2%;;13.6%;6.0%;6.0%;6.9%;3.5%;2.5%;3.8%;0.3%;2.2%;;4.1%;0.3%;;;;;;;15.8%;
;;;;;;003;14210;Banan, Abigail R.;11.7%;8.4%;1.7%;;17.1%;7.7%;11.0%;10.0%;3.3%;9.4%;4.0%;1.7%;3.3%;;3.3%;;;;;;;;7.4%;
;;;;;;004;10573;Banan, Abigail R.;12.9%;6.9%;0.9%;;12.5%;11.0%;10.3%;10.7%;3.1%;6.6%;2.8%;1.3%;5.0%;;5.6%;0.3%;;;;;;;10.0%;
;;;;;;007;24557;Liu, Jingyi;3.8%;11.3%;7.5%;;9.4%;5.7%;17.0%;5.7%;;5.7%;1.9%;3.8%;1.9%;;15.1%;;;;;;;;11.3%;
;;;;;;008;24558;Das, Somdeepa;11.9%;3.4%;3.4%;;20.3%;6.8%;5.1%;10.2%;3.4%;6.8%;1.7%;1.7%;11.9%;;8.5%;;;;;;;;5.1%;
;;;;;;009;24642;Brindley, Jacob A.;14.5%;9.1%;15.2%;;11.5%;8.4%;9.1%;4.7%;3.4%;7.4%;3.4%;2.7%;3.0%;;3.4%;;;;;;;;4.1%;
;;;Microeconomics-Honors;202520;Spring 2025;001;14208;Fox, Melanie E.;;;;;;;;100.0%;;;;;;;;;;;;;;;;
;;;;;;002;14209;Fox, Melanie E.;;;100.0%;;;;;;;;;;;;;;;;;;;;;
;;;;;;004;10573;Banan, Abigail R.;;;;;;;;;;100.0%;;;;;;;;;;;;;;
;;;;;;H01;26036;Yarbrough, Todd R.;33.3%;;;;22.9%;;31.3%;;2.1%;10.4%;;;;;;;;;;;;;;
;;;;;;H02;26042;Yarbrough, Todd R.;27.6%;;;;31.0%;1.7%;25.9%;;;6.9%;;;;;5.2%;;;;;;;;1.7%;
;;;;;;H03;25864;Fox, Melanie E.;17.3%;13.5%;17.3%;;17.3%;9.6%;7.7%;11.5%;;3.8%;;;;;;;;;;;;;1.9%;
;;25200;Macroeconomics;202520;Spring 2025;001;14211;Vargas, Andres J.;14.5%;7.6%;14.8%;;16.5%;5.1%;12.0%;8.4%;3.6%;5.6%;2.3%;0.5%;3.8%;;2.3%;;;;;;;;3.1%;
;;;;;;002;14223;Vargas, Andres J.;12.9%;5.8%;9.0%;0.6%;12.3%;3.2%;11.0%;9.0%;5.8%;11.6%;4.5%;1.9%;3.2%;;2.6%;0.6%;;0.6%;;;;;5.2%;
;;;;;;004;24563;Vargas, Andres J.;14.9%;9.5%;8.4%;;13.2%;6.8%;10.5%;10.1%;2.0%;9.5%;2.4%;;6.1%;;2.4%;0.3%;;;;;;;4.1%;
;;;;;;005;24587;Cakir, Talha S.;7.1%;3.6%;3.6%;;10.7%;3.6%;3.6%;17.9%;3.6%;17.9%;7.1%;7.1%;10.7%;;3.6%;;;;;;;;;
;;;Macroeconomics-Honors;202520;Spring 2025;001;14211;Vargas, Andres J.;20.0%;;40.0%;;;;40.0%;;;;;;;;;;;;;;;;;
;;;;;;004;24563;Vargas, Andres J.;25.0%;;50.0%;;;25.0%;;;;;;;;;;;;;;;;;;
;;26000;Statistical Inference;202520;Spring 2025;001;24600;Umbeck, J R.;14.5%;13.0%;1.4%;;20.3%;7.2%;2.9%;17.4%;7.2%;2.9%;1.4%;;;;2.9%;;;;;;;;8.7%;
;;;Statistical Inference-Honors;202520;Spring 2025;001;24600;Umbeck, J R.;;;;;100.0%;;;;;;;;;;;;;;;;;;;
;;28600;Econ Scholars;202520;Spring 2025;001;31709;Mumford, Kevin;91.7%;;;;;;;;;;;;;;;;;;;;;;8.3%;
;;;;;;002;31710;Martin, Stephen;100.0%;;;;;;;;;;;;;;;;;;;;;;;
;;29000;ECON Teaching Fellows;202520;Spring 2025;001;32043;Fox, Melanie E.;;;100.0%;;;;;;;;;;;;;;;;;;;;;
;;30100;Managerial Economics;202520;Spring 2025;001;11653;Banan, Abigail R.;14.5%;6.4%;1.8%;;13.6%;10.9%;9.1%;10.0%;8.2%;7.3%;8.2%;1.8%;4.5%;;1.8%;;;;;;;;1.8%;
;;;;;;002;11657;Banan, Abigail R.;18.9%;4.1%;2.7%;;8.1%;12.2%;8.1%;17.6%;4.1%;9.5%;1.4%;2.7%;4.1%;;;;;;;;;;6.8%;
;;;;;;003;24591;Mcclure, Jonathon C.;17.3%;7.7%;1.9%;;11.5%;13.5%;9.6%;17.3%;5.8%;11.5%;;;;;;;;;;;;;3.8%;
;;34000;Intrm Microecon Thry;202520;Spring 2025;001;11186;Brindley, Jacob A.;16.7%;8.3%;33.3%;;8.3%;10.4%;6.3%;4.2%;;6.3%;;;;;2.1%;;;;;;;;4.2%;
;;;;;;002;17132;Brindley, Jacob A.;18.2%;4.5%;27.3%;;15.9%;2.3%;9.1%;4.5%;;6.8%;4.5%;;4.5%;;;;;;;;;;2.3%;
;;;;;;005;24287;Cason, Timothy N.;12.8%;8.5%;12.8%;;25.5%;8.5%;4.3%;4.3%;2.1%;12.8%;2.1%;;4.3%;;2.1%;;;;;;;;;
;;;Intrm Microecon Thry-Honors;202520;Spring 2025;002;17132;Brindley, Jacob A.;50.0%;50.0%;;;;;;;;;;;;;;;;;;;;;;
;;35200;Intermed Macroecon;202520;Spring 2025;001;34490;Na, Seunghoon;9.3%;13.0%;5.6%;;27.8%;9.3%;18.5%;3.7%;;3.7%;;;;;1.9%;;;;;;;;7.4%;
;;;;;;002;69836;Na, Seunghoon;11.6%;13.0%;8.7%;;15.9%;5.8%;29.0%;1.4%;1.4%;2.9%;;;1.4%;;1.4%;;;;;;;;7.2%;
;;;;;;003;24616;Yarbrough, Todd R.;14.5%;1.4%;;;29.0%;1.4%;33.3%;;;14.5%;;;;;1.4%;;;;;;;;4.3%;
;;;Intermed Macroecon-Honors;202520;Spring 2025;003;24616;Yarbrough, Todd R.;100.0%;;;;;;;;;;;;;;;;;;;;;;;
;;36000;Econometrics;202520;Spring 2025;001;61814;Prowse, Victoria L.;20.8%;32.1%;3.8%;;13.2%;3.8%;11.3%;5.7%;;7.5%;;1.9%;;;;;;;;;;;;
;;;;;;002;14447;Prowse, Victoria L.;18.5%;27.8%;;;3.7%;11.1%;20.4%;5.6%;;11.1%;;;;;;;;;;;;;1.9%;
;;;;;;003;24619;Bao, Yong;4.3%;23.9%;4.3%;;13.0%;10.9%;17.4%;4.3%;2.2%;15.2%;;;2.2%;;;;;;;;;;2.2%;
;;36100;Antitrust & Regulatn;202520;Spring 2025;006;25033;Martin, Stephen;28.0%;20.0%;2.0%;;10.0%;6.0%;18.0%;2.0%;;4.0%;2.0%;;2.0%;;2.0%;;;;;;;;4.0%;
;;37000;International Trade;202520;Spring 2025;001;17638;Umbeck, J R.;10.0%;8.6%;;;21.4%;15.7%;10.0%;18.6%;4.3%;8.6%;1.4%;1.4%;;;;;;;;;;;;
;;;;;;002;17637;Xiang, Chong;16.1%;6.5%;9.7%;;9.7%;3.2%;16.1%;8.1%;4.8%;11.3%;;3.2%;1.6%;;3.2%;;;;;;;;6.5%;
;;;;;;003;13567;Xiang, Chong;7.1%;12.9%;4.3%;;12.9%;14.3%;18.6%;10.0%;;8.6%;1.4%;;1.4%;;5.7%;;;;;;;;2.9%;
;;37200;Experimental Economics;202520;Spring 2025;001;24620;Brindley, Jacob A.;17.4%;8.7%;17.4%;;4.3%;13.0%;13.0%;13.0%;8.7%;;;;;;;;;;;;;;4.3%;
;;38000;Money And Banking;202520;Spring 2025;001;63447;Lopez Espino, Adriana Alejandra;15.3%;13.9%;38.9%;;6.9%;1.4%;8.3%;4.2%;1.4%;1.4%;1.4%;;;;1.4%;;;;;;;;5.6%;
;;;;;;002;49552;Lopez Espino, Adriana Alejandra;14.7%;5.9%;50.0%;;7.4%;2.9%;4.4%;2.9%;1.5%;;;;;;;;;;;;;;10.3%;
;;38500;Labor Economics;202520;Spring 2025;002;13580;Van Kammen, Benjamin J.;43.9%;14.6%;;;9.8%;4.9%;2.4%;9.8%;;;;;;;4.9%;;;;;;;;9.8%;
;;;;;;003;24393;Van Kammen, Benjamin J.;28.9%;26.7%;2.2%;;20.0%;2.2%;4.4%;11.1%;2.2%;;2.2%;;;;;;;;;;;;;
;;39000;Development Economics;202520;Spring 2025;001;10731;Zou, Ben;31.8%;9.1%;13.6%;;13.6%;13.6%;9.1%;4.5%;;;;;;;4.5%;;;;;;;;;
;;45100;Game Theory;202520;Spring 2025;001;54949;Gill, David;20.6%;23.5%;11.8%;;14.7%;;17.6%;;2.9%;5.9%;2.9%;;;;;;;;;;;;;
;;;;;;002;14754;Gill, David;25.0%;12.5%;12.5%;;4.2%;8.3%;20.8%;4.2%;4.2%;2.1%;;;2.1%;;2.1%;;;;;;;;2.1%;
;;;;;;003;13987;Gill, David;14.7%;11.8%;23.5%;;8.8%;8.8%;5.9%;8.8%;5.9%;5.9%;;;2.9%;;;;;;;;;;2.9%;
;;45600;Urban Economics;202520;Spring 2025;001;13577;Zou, Ben;22.2%;16.7%;11.1%;;22.2%;13.9%;2.8%;8.3%;;;;;2.8%;;;;;;;;;;;
;;46100;Industrial Organizatn;202520;Spring 2025;001;24621;Mcclure, Jonathon C.;14.1%;10.9%;1.1%;;15.2%;9.8%;10.9%;6.5%;4.3%;3.3%;8.7%;;;;6.5%;;;;;;;;8.7%;
;;46300;Advanced Data Analysis;202520;Spring 2025;001;25749;Prowse, Victoria L.;27.9%;16.3%;;;16.3%;7.0%;20.9%;2.3%;2.3%;4.7%;;;;;;;;;;;;;2.3%;
;;;Advanced Data Analysis-Honors;202520;Spring 2025;001;25749;Prowse, Victoria L.;;;100.0%;;;;;;;;;;;;;;;;;;;;;
;;47100;Behavioral Economics;202520;Spring 2025;001;14267;Kovach, Matthew L.;29.8%;19.1%;14.9%;;6.4%;10.6%;14.9%;;2.1%;;;;;;2.1%;;;;;;;;;
;;;;;;002;24327;Kovach, Matthew L.;30.6%;14.3%;;;16.3%;14.3%;10.2%;4.1%;4.1%;6.1%;;;;;;;;;;;;;;
;;48500;Racial & Gender Discrimination;202520;Spring 2025;001;14268;Bond, Timothy N.;17.5%;30.0%;2.5%;;17.5%;2.5%;17.5%;5.0%;;;;;;;2.5%;;;;;;;;5.0%;
;;;;;;002;14269;Bond, Timothy N.;12.5%;20.0%;;;37.5%;7.5%;15.0%;2.5%;;2.5%;;;;;;;;;;;;;2.5%;
;;60900;Microeconomics III;202520;Spring 2025;001;18468;Kovach, Matthew L.;56.0%;28.0%;;;;;16.0%;;;;;;;;;;;;;;;;;
;;61100;Macroecon Theory II;202520;Spring 2025;001;14316;Zhang, Cathy M.;16.7%;16.7%;8.3%;;33.3%;16.7%;;;;8.3%;;;;;;;;;;;;;;
;;61200;Macroeconomic Theory III;202520;Spring 2025;001;14318;Hong, Seungki;18.2%;18.2%;;;18.2%;9.1%;36.4%;;;;;;;;;;;;;;;;;
;;61400;Economics Of Information;202520;Spring 2025;002;14840;Kovach, Matthew L.;100.0%;;;;;;;;;;;;;;;;;;;;;;;
;;66800;Topics In Applied Economics;202520;Spring 2025;011;28498;Zhang, Cathy M.;;;;;;;;;;;;;;;;;;96.9%;3.1%;;;;;
;;67200;Econometrics II;202520;Spring 2025;001;43031;Kejriwal, Mohitosh;25.0%;12.5%;6.3%;;31.3%;;12.5%;;;12.5%;;;;;;;;;;;;;;
;;67300;Time Series Economtrcs;202520;Spring 2025;001;16073;Bao, Yong;12.5%;6.3%;;;12.5%;25.0%;18.8%;6.3%;6.3%;6.3%;;;;;6.3%;;;;;;;;;
;;69700;Research Methods In Economics;202520;Spring 2025;001;22591;Xiang, Chong;30.8%;38.5%;;;;;30.8%;;;;;;;;;;;;;;;;;
EDCI;EDCI-Educ-Curric & Instruction;20002;Special Pops Sem: ELL & GCT;202520;Spring 2025;006;26798;Kushki, Ali;13.1%;12.1%;59.6%;;3.0%;3.0%;5.1%;;1.0%;;1.0%;;;;;;;;;;;;2.0%;
;;20500;Exploring Teaching;202520;Spring 2025;001;16399;Reyes Puente, Daniela;13.0%;21.7%;43.5%;;8.7%;;13.0%;;;;;;;;;;;;;;;;;
;;;;;;002;16400;Sapkota, Muna;24.0%;4.0%;44.0%;;12.0%;;8.0%;4.0%;;;;;;;4.0%;;;;;;;;;
;;;;;;003;16397;Sapkota, Muna;28.6%;7.1%;25.0%;;;3.6%;21.4%;3.6%;;;;;;;10.7%;;;;;;;;;
;;;;;;004;16398;Reyes Puente, Daniela;22.7%;22.7%;27.3%;;4.5%;;18.2%;4.5%;;;;;;;;;;;;;;;;
;;21510;Lang & Lit Foundations;202520;Spring 2025;001;25580;Mentzer, Fay E.;1.7%;5.0%;85.0%;;1.7%;;5.0%;;;;;;;;1.7%;;;;;;;;;
;;21610;Teaching History;202520;Spring 2025;001;25581;Hazen, Kendra E.;21.9%;3.1%;15.6%;;21.9%;15.6%;6.3%;;;3.1%;;;;;9.4%;;;;;;;;3.1%;
;;21810;Teaching Civics And Government;202520;Spring 2025;001;17082;Hazen, Kendra E.;13.8%;10.3%;34.5%;;6.9%;13.8%;3.4%;6.9%;;6.9%;;;;;3.4%;;;;;;;;;
;;22550;Math Education Seminar;202520;Spring 2025;001;26677;Newton, Jill A.;33.3%;;55.6%;;;;5.6%;;;;;;;;;;;;;;;;5.6%;
;;27000;Intro Ed Tech;202520;Spring 2025;001;28985;Koehler-Blair, Adrie A.;80.4%;7.2%;;;2.1%;;3.1%;;;1.0%;;;;;2.1%;;;;;;;;4.1%;
;;;Intro Ed Tech-Honors;202520;Spring 2025;001;28985;Koehler-Blair, Adrie A.;100.0%;;;;;;;;;;;;;;;;;;;;;;;
;;28500;Multiculturalism & Edu;202520;Spring 2025;001;17788;Odondi, Asenath A.;46.2%;15.4%;19.2%;;3.8%;3.8%;;3.8%;;;;;;;;;;;;;;;7.7%;
;;;;;;002;17787;Odondi, Asenath A.;15.4%;34.6%;15.4%;;7.7%;7.7%;;7.7%;3.8%;;;;3.8%;;;;;;;;;;3.8%;
;;;;;;003;17784;Mamoon, Mahreen;25.9%;22.2%;37.0%;;;3.7%;3.7%;;;;;;;;3.7%;;;;;;;;3.7%;
;;;;;;004;17792;Mamoon, Mahreen;15.4%;11.5%;57.7%;;;7.7%;;;;;;;;;7.7%;;;;;;;;;
;;30101;Teaching And Learning In K-2;202520;Spring 2025;0K2;19787;Martin, Kathleen A.;25.0%;;75.0%;;;;;;;;;;;;;;;;;;;;;
;;30102;Teaching And Learning In 3-6;202520;Spring 2025;001;69988;Martin, Kathleen A.;33.8%;12.7%;49.3%;;;;4.2%;;;;;;;;;;;;;;;;;
;;30900;Rdg In Mdle & Sec Schl;202520;Spring 2025;003;27117;Lennon, Mary Ellen;;;76.9%;;7.7%;;;;;;;;;;7.7%;;;;;;;;7.7%;
;;31101;Integrating Media Grades K-2;202520;Spring 2025;0K2;18540;Hogue, Breanya C.;25.0%;8.3%;58.3%;;8.3%;;;;;;;;;;;;;;;;;;;
;;31102;Integrating Media Grades 3-6;202520;Spring 2025;00A;26519;Boes, Nancy A.;28.6%;14.3%;42.9%;;;;4.8%;9.5%;;;;;;;;;;;;;;;;
;;;;;;00B;26520;Boes, Nancy A.;46.7%;6.7%;26.7%;;13.3%;;;6.7%;;;;;;;;;;;;;;;;
;;;;;;0CD;26521;Boes, Nancy A.;34.8%;;52.2%;;4.3%;;4.3%;4.3%;;;;;;;;;;;;;;;;
;;31950;Approaches To English Learn Ed;202520;Spring 2025;001;28472;Chan, Virak;70.0%;10.0%;;;;;5.0%;;;;;;;;10.0%;;;;;;;;5.0%;
;;32250;Phys Ed In Elementary School;202520;Spring 2025;001;68924;Bornino, Andrea K.;27.3%;18.2%;40.9%;;4.5%;;9.1%;;;;;;;;;;;;;;;;;
;;;;;;006;30641;Rush, Danae M.;25.0%;16.7%;33.3%;;8.3%;;8.3%;;;;;;8.3%;;;;;;;;;;;
;;32501;Teaching Literacy In K-2;202520;Spring 2025;001;18561;Rippy, Whitney M.;32.0%;16.0%;8.0%;;4.0%;12.0%;12.0%;4.0%;;4.0%;;;;;4.0%;;;;;;;;4.0%;
;;;;;;002;28268;Rippy, Whitney M.;11.1%;11.1%;14.8%;;14.8%;;22.2%;3.7%;3.7%;3.7%;3.7%;;3.7%;;3.7%;;;;;;;;3.7%;
;;;;;;003;28269;Rippy, Whitney M.;20.0%;6.7%;46.7%;;;6.7%;;;;;;6.7%;;;13.3%;;;;;;;;;
;;32602;Teaching Literacy In 3-6;202520;Spring 2025;00A;26523;Abramova, Inna;100.0%;;;;;;;;;;;;;;;;;;;;;;;
;;;;;;00B;26524;Abramova, Inna;100.0%;;;;;;;;;;;;;;;;;;;;;;;
;;;;;;00C;26525;Mentzer, Fay E.;20.8%;12.5%;66.7%;;;;;;;;;;;;;;;;;;;;;
;;33500;Reading For Tier 1 & 2;202520;Spring 2025;001;16658;Kuhn, Melanie R.;33.3%;4.2%;25.0%;;12.5%;;4.2%;12.5%;;;;;;;;;;;;;;;8.3%;
;;35000;Cmty Issues & Appl Educ;202520;Spring 2025;001;26695;Lathrop, Benjamin N.;34.5%;10.3%;24.1%;;6.9%;6.9%;3.4%;;;;;;;;10.3%;3.4%;;;;;;;;
;;;;;;002;26696;Lathrop, Benjamin N.;58.6%;3.4%;17.2%;;3.4%;;6.9%;;;3.4%;;3.4%;;;3.4%;;;;;;;;;
;;;;;;003;26746;Scherer, Stephanie;10.3%;;69.0%;;;3.4%;;;10.3%;;;;;;6.9%;;;;;;;;;
;;;;;;004;26747;Scherer, Stephanie;7.4%;3.7%;88.9%;;;;;;;;;;;;;;;;;;;;;
;;36101;Teaching Social Studies K-2;202520;Spring 2025;0K2;20051;Broome, John P.;100.0%;;;;;;;;;;;;;;;;;;;;;;;
;;36102;Teaching Social Studies 3-6;202520;Spring 2025;00A;26529;Broome, John P.;100.0%;;;;;;;;;;;;;;;;;;;;;;;
;;;;;;00B;26533;Hazen, Kendra E.;45.0%;10.0%;20.0%;;5.0%;10.0%;10.0%;;;;;;;;;;;;;;;;;
;;;;;;00C;26542;Boes, Nancy A.;56.5%;13.0%;17.4%;;;;4.3%;4.3%;;4.3%;;;;;;;;;;;;;;
;;36401;Teaching Mathematics In K-2;202520;Spring 2025;0K2;21628;Bofferding, Laura C.;66.7%;8.3%;16.7%;;;;8.3%;;;;;;;;;;;;;;;;;
;;36402;Teaching Mathematics 3-6;202520;Spring 2025;00A;26548;Bofferding, Laura C.;33.3%;9.5%;42.9%;;9.5%;;4.8%;;;;;;;;;;;;;;;;;
;;;;;;00B;26549;Zhu, Yi;55.0%;5.0%;30.0%;;10.0%;;;;;;;;;;;;;;;;;;;
;;;;;;00C;26550;Richardson, Sue E.;39.1%;21.7%;17.4%;;17.4%;;;;;;;;;;4.3%;;;;;;;;;
;;36501;Teaching Science K-2;202520;Spring 2025;0K2;19109;Ballotti, Dean M.;83.3%;8.3%;;;;;8.3%;;;;;;;;;;;;;;;;;
;;36502;Teaching Science 3-6;202520;Spring 2025;00A;26553;Hammack, Rebekah J.;59.1%;9.1%;;;18.2%;4.5%;9.1%;;;;;;;;;;;;;;;;;
;;;;;;00B;26556;Hammack, Rebekah J.;60.0%;5.0%;;;20.0%;;15.0%;;;;;;;;;;;;;;;;;
;;;;;;00C;26560;Hammack, Rebekah J.;69.6%;8.7%;8.7%;;8.7%;;4.3%;;;;;;;;;;;;;;;;;
;;37001;Teaching And Learning ENL;202520;Spring 2025;006;26590;Sabih, Muhammad T.;23.1%;15.4%;30.8%;;3.8%;3.8%;3.8%;;7.7%;7.7%;;;;;3.8%;;;;;;;;;
;;;;;;008;26592;Pang, Samarnh;42.1%;5.3%;21.1%;;10.5%;;10.5%;;;;;;;;;;;;;;;;10.5%;
;;;;;;009;26593;Pang, Samarnh;37.0%;7.4%;18.5%;;3.7%;;3.7%;7.4%;;7.4%;3.7%;;3.7%;;3.7%;;;;;;;;3.7%;
;;;;;;010;26594;Kushki, Ali;25.0%;10.7%;46.4%;;3.6%;3.6%;7.1%;;;3.6%;;;;;;;;;;;;;;
;;42500;Teach Sec Math - Methods I;202520;Spring 2025;001;17904;Hayes, Amanda R.;81.8%;;;;;;;9.1%;;;;;;;;;;;;;;;9.1%;
;;43400;Secondary Literacy;202520;Spring 2025;002;26790;Lathrop, Benjamin N.;69.2%;;23.1%;;;;7.7%;;;;;;;;;;;;;;;;;
;;;Secondary Literacy-Honors;202520;Spring 2025;002;26790;Lathrop, Benjamin N.;100.0%;;;;;;;;;;;;;;;;;;;;;;;
;;49600;Student Tch Elem Sch;202520;Spring 2025;012;26329;Mitchell, Krista D.;54.9%;5.9%;27.5%;;;3.9%;5.9%;;;;;;;;;;;;;;;;2.0%;
;;;;;;016;65218;Mitchell, Krista D.;67.6%;10.8%;8.1%;;5.4%;;2.7%;;;2.7%;;;;;;;;;;;;;2.7%;
;;49601;Expanded Student Teaching;202520;Spring 2025;006;29039;Mitchell, Krista D.;69.2%;23.1%;;;;;7.7%;;;;;;;;;;;;;;;;;
;;49800;Supv Tch Soc Std Ed;202520;Spring 2025;Y01;17968;Demir, Vahap;5.9%;;94.1%;;;;;;;;;;;;;;;;;;;;;
;;;Supvsd Tech Of Engl Ed;202520;Spring 2025;F01;17947;Lennon, Mary Ellen;;;100.0%;;;;;;;;;;;;;;;;;;;;;
;;53900;Intro To K-12 STEM Integration;202520;Spring 2025;001;31780;Rebello, Nobel S.;84.6%;;15.4%;;;;;;;;;;;;;;;;;;;;;
;;59000;AI In STEM Inquiry;202520;Spring 2025;007;32108;Sirnoorkar, Amogh;80.0%;6.7%;;;;;;;;;;;;;;;;;;;;;13.3%;
;;61500;Qual Res Meth In Educ;202520;Spring 2025;001;20334;Burdick, Steven J.;95.7%;;;;;;;;;;;;;;;4.3%;;;;;;;;
;;61600;Qual Data Collection& Analysis;202520;Spring 2025;001;14650;Neal-Stanley, Amber M.;95.5%;;;;;;;;;;;;;;;;;;;;;;4.5%;
;;62000;Dev Math Ed Researcher;202520;Spring 2025;004;20520;Newton, Jill A.;100.0%;;;;;;;;;;;;;;;;;;;;;;;
;;63800;C&I Doctoral Seminar II;202520;Spring 2025;001;14658;Hogue, Breanya C.;;;100.0%;;;;;;;;;;;;;;;;;;;;;
;;67400;Adv Instr Design Theory;202520;Spring 2025;001;28251;Koehler-Blair, Adrie A.;56.3%;18.8%;18.8%;6.3%;;;;;;;;;;;;;;;;;;;;
;;68200;Contemp Curric Theory;202520;Spring 2025;001;28527;Zywicki, Stephanie M.;100.0%;;;;;;;;;;;;;;;;;;;;;;;
EDPS;EDPS-Educ-Ed'l and Psy Studies;10500;Academic And Career Planning;202520;Spring 2025;006;14712;Vana, Edward S.;27.6%;10.3%;13.8%;;6.9%;13.8%;3.4%;3.4%;3.4%;;;;;;3.4%;;;;;;;;13.8%;
;;;;;;008;22923;Layman, Katherine J.;29.6%;14.8%;22.2%;;;;7.4%;3.7%;;7.4%;;;3.7%;;11.1%;;;;;;;;;
;;;;;;010;14445;Chapman, Jessica N.;13.3%;6.7%;33.3%;;6.7%;3.3%;6.7%;;3.3%;3.3%;;;3.3%;;13.3%;;;;;;;;6.7%;
;;;;;;011;15056;Panozzo, Katy M.;21.4%;7.1%;42.9%;;;3.6%;;;;7.1%;3.6%;;;;10.7%;;;;;;;;3.6%;
;;10600;Mapping Your Career;202520;Spring 2025;001;27763;Lencke, Mary Beth;9.1%;;90.9%;;;;;;;;;;;;;;;;;;;;;
;;20001;Special Pops Sem: Disab & Diff;202520;Spring 2025;001;14684;Mo, Fangfang;24.4%;24.4%;40.0%;;4.4%;2.2%;2.2%;;;;;;;;;;;;;;;;2.2%;
;;;;;;002;14685;Rusnak, Kathryn N.;21.6%;17.6%;41.2%;;2.0%;;3.9%;;;5.9%;;;;;2.0%;;;;;;;;5.9%;
;;21100;Law Policy Ethical Guidelines;202520;Spring 2025;001;24000;Stuckey, Julie L.;35.6%;9.6%;32.9%;;4.1%;1.4%;1.4%;2.7%;1.4%;1.4%;1.4%;1.4%;;;4.1%;;;;;;;;2.7%;
;;21200;Collab & Family Engagement;202520;Spring 2025;001;24008;Rusnak, Kathryn N.;13.0%;8.7%;69.6%;;4.3%;;;;;;;;;;4.3%;;;;;;;;;
;;23500;Learning & Motivation;202520;Spring 2025;001;19646;Downing, Brenda K.;38.9%;11.1%;40.7%;;;;3.7%;;;1.9%;;;;;1.9%;;;;;;;;1.9%;
;;;;;;002;19649;Downing, Brenda K.;44.9%;12.2%;30.6%;;;2.0%;4.1%;;;2.0%;;;;;;;;;;;;;4.1%;
;;;Learning & Motivation-Honors;202520;Spring 2025;001;19646;Downing, Brenda K.;;;100.0%;;;;;;;;;;;;;;;;;;;;;
;;24000;Intro To Gifted Children;202520;Spring 2025;001;25536;Cress, Alissa P.;51.9%;15.4%;;;5.8%;5.8%;5.8%;1.9%;1.0%;1.0%;1.9%;1.0%;1.9%;;2.9%;1.0%;;;;;;;2.9%;
;;24800;Differentiating C & I;202520;Spring 2025;001;17561;Haas, Benna S.;72.3%;;;;4.3%;6.4%;4.3%;2.1%;;;;;;;4.3%;;;;;;;;6.4%;
;;;;;;004;25022;Haas, Benna S.;81.1%;2.7%;;;5.4%;2.7%;;5.4%;;;;;;;;;;;;;;;2.7%;
;;26501;The Inclusive Classroom;202520;Spring 2025;001;14355;Bashiru, Samiratu;19.1%;14.9%;44.7%;;;4.3%;;;;6.4%;;;;;2.1%;2.1%;;;;;;;6.4%;
;;;;;;002;28229;Opsahl, Scott E.;23.1%;1.9%;59.6%;;1.9%;1.9%;3.8%;1.9%;;;;;;;1.9%;;;;;;;;3.8%;
;;30000;Student Leadership Dev;202520;Spring 2025;LC2;20442;Gruver, Melissa D.;18.2%;;72.7%;;;;;;;;;;;;;;;;;;;;9.1%;
;;31100;Support ECX Learners Math;202520;Spring 2025;001;13596;Xin, Yan Ping;;6.7%;60.0%;;13.3%;13.3%;6.7%;;;;;;;;;;;;;;;;;
;;31500;Collab Leader: Interpersonal;202520;Spring 2025;002;18158;Johnson, Dallann A.;100.0%;;;;;;;;;;;;;;;;;;;;;;;
;;;;;;004;14963;Thang, Jenni S.;32.0%;4.0%;56.0%;;4.0%;4.0%;;;;;;;;;;;;;;;;;;
;;;;;;006;14968;Johnson, Dallann A.;100.0%;;;;;;;;;;;;;;;;;;;;;;;
;;;;;;008;14976;Thang, Jenni S.;32.0%;12.0%;48.0%;;;;;;;4.0%;;;;;;;;;;;;;4.0%;
;;;;;;012;15252;Li, Muzi;32.0%;4.0%;56.0%;;4.0%;;4.0%;;;;;;;;;;;;;;;;;
;;;;;;014;15254;Li, Muzi;40.0%;;52.0%;;;;4.0%;;;;4.0%;;;;;;;;;;;;;
;;;;;;015;15255;Jarrard, Anne C.;40.0%;4.0%;40.0%;;;4.0%;12.0%;;;;;;;;;;;;;;;;;
;;;;;;016;15256;May, Katharine A.;23.1%;;65.4%;;3.8%;3.8%;;;;;;;;;3.8%;;;;;;;;;
;;;;;;024;16031;May, Katharine A.;24.0%;4.0%;52.0%;;4.0%;;8.0%;;;;;;;;;;;;;;;;8.0%;
;;;;;;025;16058;Kennelly, Brian C.;37.5%;25.0%;29.2%;;4.2%;;4.2%;;;;;;;;;;;;;;;;;
;;;;;;026;16060;Jarrard, Anne C.;29.2%;12.5%;41.7%;;4.2%;;;4.2%;;4.2%;;;;;;;;;;;;;4.2%;
;;;;;;027;32646;Casebeer, Elizabeth C.;7.7%;2.6%;74.4%;;;2.6%;2.6%;;;2.6%;;;;;5.1%;;;;;;;;2.6%;
;;;;;;028;32647;Casebeer, Elizabeth C.;15.0%;5.0%;52.5%;;5.0%;2.5%;5.0%;2.5%;;2.5%;;;2.5%;;5.0%;;;2.5%;;;;;;
;;;;;;029;32648;Casebeer, Elizabeth C.;11.9%;11.9%;52.4%;;;4.8%;2.4%;4.8%;2.4%;;;;;;4.8%;;;2.4%;;;;;2.4%;
;;;;;;030;33026;Pruitt, Jasmine C.;25.0%;12.5%;50.0%;;5.0%;2.5%;;;;;;;;;;;;;;;;;5.0%;
;;;;;;032;33286;Gipson, John A.;68.0%;;4.0%;;;;16.0%;4.0%;4.0%;;;;;;;;;;;;;;4.0%;
;;;;;;033;33287;Pruitt, Jasmine C.;20.5%;10.3%;51.3%;;;;2.6%;;;2.6%;;;;;;;;5.1%;;;;;7.7%;
;;31600;Leadership: Cross-Cultural;202520;Spring 2025;001;66232;Cox, Angel R.;12.5%;;87.5%;;;;;;;;;;;;;;;;;;;;;
;;;;;;002;15273;Cox, Angel R.;;;92.3%;;7.7%;;;;;;;;;;;;;;;;;;;
;;;;;;003;23141;Park, Emily Y.;57.1%;;21.4%;;7.1%;;7.1%;;;;;;;;7.1%;;;;;;;;;
;;;;;;004;13957;Park, Emily Y.;29.4%;5.9%;64.7%;;;;;;;;;;;;;;;;;;;;;
;;31700;Leadership: Mentoring;202520;Spring 2025;008;22318;Elhedk, Farida R.;18.5%;3.7%;70.4%;;3.7%;;;;;;;3.7%;;;;;;;;;;;;
;;;;;;009;22319;Elhedk, Farida R.;18.5%;;77.8%;;;;;;;;;;3.7%;;;;;;;;;;;
;;32700;Classroom Assessment;202520;Spring 2025;001;10476;Traynor, Anne;30.3%;18.4%;17.1%;;7.9%;2.6%;10.5%;2.6%;;1.3%;1.3%;;;;1.3%;;;;;;;;6.6%;
;;36201;Positive Behavioral Supports;202520;Spring 2025;001;26057;Jones, Kristie N.;14.9%;17.0%;14.9%;;12.8%;8.5%;10.6%;2.1%;2.1%;;2.1%;6.4%;;;6.4%;2.1%;;;;;;;;
;;;;;;002;14638;Nichols, Beverly A.;19.7%;21.1%;28.2%;;2.8%;7.0%;11.3%;;1.4%;;1.4%;1.4%;;;2.8%;;;;;;;;2.8%;
;;40200;P-12 Read For Except Learners;202520;Spring 2025;001;13622;Smith, Jennifer E.;7.1%;21.4%;42.9%;;;7.1%;7.1%;7.1%;;;;;;;7.1%;;;;;;;;;
;;40300;Individual Behavior Supports;202520;Spring 2025;001;13625;Aguilar, Juliana;25.0%;31.3%;31.3%;;6.3%;6.3%;;;;;;;;;;;;;;;;;;
;;43000;Creating Learning Env;202520;Spring 2025;002;25026;Kraatz, Elizabeth A.;15.0%;15.0%;35.0%;;5.0%;5.0%;20.0%;5.0%;;;;;;;;;;;;;;;;
;;43010;Secondary Create & Mgt Environ;202520;Spring 2025;002;15299;Kraatz, Elizabeth A.;2.7%;10.8%;24.3%;;10.8%;5.4%;16.2%;5.4%;2.7%;5.4%;;2.7%;2.7%;;10.8%;;;;;;;;;
;;45901;Assistive Technology;202520;Spring 2025;001;14897;Jackson, David M.;5.0%;20.0%;50.0%;;5.0%;10.0%;10.0%;;;;;;;;;;;;;;;;;
;;49000;Life Skills Sucess & Leadershp;202520;Spring 2025;003;22918;Wright-Eger, Catherine J.;95.2%;;;;;;;;;;;;;;;;;;;;;;4.8%;
;;;;;;004;22922;Wright-Eger, Catherine J.;100.0%;;;;;;;;;;;;;;;;;;;;;;;
;;53100;Introduction To Measurement;202520;Spring 2025;001;28029;Huang, Qi;64.3%;14.3%;;;;;;;;;7.1%;;;;;;;;;;;;14.3%;
;;53300;Intr Ed Rsrch I Methd;202520;Spring 2025;020;18282;Jiang, Yingying;90.9%;;;;9.1%;;;;;;;;;;;;;;;;;;;
;;53400;Intr Ed Rsrch II Msurm;202520;Spring 2025;001;18149;Rogat, Toni K.;33.3%;16.7%;50.0%;;;;;;;;;;;;;;;;;;;;;
;;53600;Achievement Motivation;202520;Spring 2025;002;25551;Kraatz, Elizabeth A.;;27.3%;72.7%;;;;;;;;;;;;;;;;;;;;;
;;54200;Cur Prog Dev Gifted Ed;202520;Spring 2025;008;23822;Mcintosh, Jason S.;45.5%;27.3%;;;9.1%;;;9.1%;;;;;;;9.1%;;;;;;;;;
;;54500;Soc&Affct Dvlp Gft Std;202520;Spring 2025;002;31972;Jen, Enyi;26.7%;33.3%;;;;13.3%;6.7%;;;;;;;;6.7%;;;;;;;;13.3%;
;;54700;Foundations ABA;202520;Spring 2025;005;26514;Mcclure, Erica B.;35.7%;7.1%;50.0%;;7.1%;;;;;;;;;;;;;;;;;;;
;;55700;Quantitative Data Analysis II;202520;Spring 2025;001;15857;Hurt, Sheila F.;20.0%;26.7%;53.3%;;;;;;;;;;;;;;;;;;;;;
;;60700;Mixed Methods Res Designs &App;202520;Spring 2025;007;32018;Olenchak, F R.;33.3%;25.0%;25.0%;;8.3%;;;;;;;;;;;8.3%;;;;;;;;
;;63000;Research Proc In Educ;202520;Spring 2025;003;25629;Jiang, Yingying;100.0%;;;;;;;;;;;;;;;;;;;;;;;
;;63100;Gifted Ed Seminar;202520;Spring 2025;001;13966;Pereira, Nielsen L.;100.0%;;;;;;;;;;;;;;;;;;;;;;;
;;63600;Item Response Theory;202520;Spring 2025;011;15873;Traynor, Anne;66.7%;;26.7%;;;;6.7%;;;;;;;;;;;;;;;;;
EDST;EDST-Ed Leadrship&Cultrl Fnd;20010;Educational Policies And Laws;202520;Spring 2025;001;11763;Phillips, Terron J.;34.6%;16.0%;;;3.7%;6.2%;8.6%;9.9%;6.2%;4.9%;;3.7%;1.2%;;2.5%;;;;;;;;2.5%;
EEE;EEE-Environ & Ecological Engr;30000;Environ & Ecol System Modeling;202520;Spring 2025;001;11390;Shah, Amisha D.;32.7%;20.0%;30.9%;;9.1%;;5.5%;1.8%;;;;;;;;;;;;;;;;
;;35000;Intro Env And Ecol Engineering;202520;Spring 2025;001;12775;Blatchley, Ernest R.;18.3%;18.3%;1.7%;;20.0%;10.0%;16.7%;;5.0%;3.3%;;;1.7%;;1.7%;;;;;;;;3.3%;
;;35500;Eng Env Sustainability;202520;Spring 2025;001;68649;Cai, Hua;51.5%;36.8%;;;1.5%;1.5%;2.9%;1.5%;;1.5%;;;1.5%;;;;;;;;;;1.5%;
;;36002;Env Sust For Industry, Lab;202520;Spring 2025;002;21647;Zhang, Xinyu;40.0%;6.7%;53.3%;;;;;;;;;;;;;;;;;;;;;
;;38000;Environmental Chemodynamics;202520;Spring 2025;001;12649;Hua, Inez;46.7%;3.3%;;;13.3%;6.7%;13.3%;3.3%;6.7%;3.3%;;;;;;;;;;;;;3.3%;
;;39000;EEE Prof Pract Sem;202520;Spring 2025;001;59975;Whelton, Margaret F.;68.9%;;19.7%;;3.3%;;1.6%;3.3%;;;;;;;;;;;;;;;3.3%;
;;47200;Community-Engaged Eng & Design;202520;Spring 2025;001;13684;Payne Haugen, Lindsey B.;100.0%;;;;;;;;;;;;;;;;;;;;;;;
;;48002;Env & Ecol Eng Sr Design II;202520;Spring 2025;001;21650;Whelton, Margaret F.;74.6%;12.7%;6.3%;;3.2%;;3.2%;;;;;;;;;;;;;;;;;
;;55201;Environmental Biotechnology;202520;Spring 2025;001;69775;Zhou, Zhi;36.4%;13.6%;36.4%;;4.5%;4.5%;4.5%;;;;;;;;;;;;;;;;;
;;56000;Critical Reading For EEE PhDs;202520;Spring 2025;007;31676;Proctor, Caitlin R.;30.4%;47.8%;;;;;17.4%;;;4.3%;;;;;;;;;;;;;;
;;;Env Ecol Reg And Compliance;202520;Spring 2025;004;11168;Ridgway, Robin M.;70.0%;25.0%;;;5.0%;;;;;;;;;;;;;;;;;;;
;;;Respond To Drought On Society;202520;Spring 2025;001;14617;Whelton, Andrew J.;100.0%;;;;;;;;;;;;;;;;;;;;;;;
;;;Sustain Metrics Semiconductors;202520;Spring 2025;002;14623;Hua, Inez;45.5%;9.1%;27.3%;;;18.2%;;;;;;;;;;;;;;;;;;
;;57000;Solid & Hazardous Waste Mgmt;202520;Spring 2025;001;69806;Whelton, Andrew J.;31.0%;4.8%;57.1%;;;;2.4%;;;;;;;;;;;;;;;;4.8%;
;;59500;Carbon Accounting And Sust;202520;Spring 2025;023;22069;Liddell, Heather P.;40.9%;13.6%;9.1%;4.5%;18.2%;9.1%;4.5%;;;;;;;;;;;;;;;;;
;;69000;Env & Ecol Engr Grad Seminar;202520;Spring 2025;001;11368;Shah, Amisha D.;;;;;;;;;;;;;;;;;;;;93.9%;3.0%;;3.0%;
ENE;ENE-Engineering Education;69000;Sem In Engineering Education;202520;Spring 2025;001;60114;Purzer, Senay;;;;;;;;;;;;;;;;;;;;100.0%;;;;
ENGL;ENGL-English;10800;First Year Composition;202520;Spring 2025;034;19154;Mercado, Jessica M.;15.0%;30.0%;;;15.0%;5.0%;15.0%;10.0%;;5.0%;;;;;5.0%;;;;;;;;;
;;;;;;036;19161;Mercado, Jessica M.;10.0%;20.0%;;;20.0%;10.0%;15.0%;5.0%;5.0%;;5.0%;;;;;;;;;;;;10.0%;
;;;;;;037;19162;Mercado, Jessica M.;10.0%;25.0%;;;;5.0%;35.0%;;;10.0%;5.0%;;;;5.0%;;;;;;;;5.0%;
;;;;;;039;20032;Weatherford, Jessica A.;40.0%;5.0%;20.0%;;10.0%;;20.0%;;;;5.0%;;;;;;;;;;;;;
;;;;;;040;20033;Weatherford, Jessica A.;11.8%;23.5%;;;5.9%;5.9%;11.8%;5.9%;;11.8%;;;;;5.9%;;;;;;;;17.6%;
;;;;;;041;20034;Weatherford, Jessica A.;25.0%;15.0%;5.0%;;10.0%;;30.0%;;;;;;;;5.0%;;;;;;;;10.0%;
;;;;;;042;20035;Shukle, Catherine J.;15.0%;10.0%;30.0%;;;;35.0%;;;;;5.0%;;;;;;;;;;;5.0%;
;;;;;;043;20036;Shukle, Catherine J.;5.0%;20.0%;50.0%;;5.0%;5.0%;;;;;5.0%;;;;10.0%;;;;;;;;;
;;;;;;044;20037;Shukle, Catherine J.;15.0%;15.0%;25.0%;;10.0%;;15.0%;;5.0%;5.0%;;;;;5.0%;;;;;;;;5.0%;
;;;;;;048;21642;Mercado, Jessica M.;21.1%;36.8%;;;26.3%;;5.3%;;;10.5%;;;;;;;;;;;;;;
;;;;;;050;16599;Rosell, Carla B.;10.0%;20.0%;;;;15.0%;30.0%;5.0%;;;;;;;;;;;;;;;20.0%;
;;;;;;051;16602;Rosell, Carla B.;30.0%;20.0%;;;5.0%;10.0%;25.0%;;5.0%;;;;;;;;;;;;;;5.0%;
;;;;;;053;16620;Rosell, Carla B.;25.0%;18.8%;;;6.3%;6.3%;12.5%;12.5%;6.3%;6.3%;;;;;;;;;;;;;6.3%;
;;;;;;060;31227;Hughes, Jennifer J.;20.0%;10.0%;50.0%;;10.0%;5.0%;;;;;;;;;;;;;;;;;5.0%;
;;;;;;061;31230;Hughes, Jennifer J.;25.0%;;60.0%;;;5.0%;;;;;;;;;5.0%;;;;;;;;5.0%;
;;;;;;062;31245;Baumgartner, Beth E.;47.4%;;36.8%;;;;5.3%;;5.3%;;;;;;;;;;;;;;5.3%;
;;;;;;063;31246;Baumgartner, Beth E.;50.0%;5.6%;27.8%;;;;5.6%;;5.6%;;;;;;;;;;;;;;5.6%;
;;;;;;064;31247;Baumgartner, Beth E.;50.0%;;30.0%;;5.0%;;5.0%;;;;;;;;;;;;;;;;10.0%;
;;;;;;065;31583;Baumgartner, Beth E.;60.0%;5.0%;30.0%;;5.0%;;;;;;;;;;;;;;;;;;;
;;;First Year Composition-Honors;202520;Spring 2025;040;20033;Weatherford, Jessica A.;100.0%;;;;;;;;;;;;;;;;;;;;;;;
;;20200;Engaging English;202520;Spring 2025;002;19077;Sagar, Aparajita;13.6%;31.8%;18.2%;;4.5%;;18.2%;;;;;;;;9.1%;;;;;;;;4.5%;
;;;;;;003;18329;Schneider, Paul R.;29.2%;16.7%;8.3%;;8.3%;;16.7%;;;16.7%;;;;;;;;;;;;;4.2%;
;;;Engaging English-Honors;202520;Spring 2025;002;19077;Sagar, Aparajita;;;100.0%;;;;;;;;;;;;;;;;;;;;;
;;20300;Research Prof Writ;202520;Spring 2025;SC1;26139;Denny, Harry C.;30.8%;7.7%;30.8%;;;;;;7.7%;7.7%;;;;;7.7%;;;;;;;;7.7%;
;;;Research Prof Writ-Honors;202520;Spring 2025;SC1;26139;Denny, Harry C.;100.0%;;;;;;;;;;;;;;;;;;;;;;;
;;20400;Science Fiction Writing;202520;Spring 2025;001;25342;Gray, Casey M.;64.7%;;;;5.9%;11.8%;;17.6%;;;;;;;;;;;;;;;;
;;;;;;002;29035;Gray, Casey M.;41.2%;11.8%;11.8%;;5.9%;11.8%;;11.8%;;;;;;;;;;;;;;;5.9%;
;;20500;Intro Creative Writing;202520;Spring 2025;001;18837;Del Busto, Matthew G.;43.8%;18.8%;6.3%;;;12.5%;6.3%;12.5%;;;;;;;;;;;;;;;;
;;;;;;002;18839;Brewer, Joshua A.;16.7%;5.6%;55.6%;;11.1%;;;5.6%;;;;;;;;;;;;;;;5.6%;
;;;;;;004;18843;Fraterrigo, Melissa A.;17.6%;29.4%;;;23.5%;5.9%;5.9%;;;;5.9%;;5.9%;;;;;;;;;;5.9%;
;;;;;;005;18840;Brewer, Joshua A.;22.2%;5.6%;50.0%;;11.1%;;5.6%;;;;;;;;;;;;;;;;5.6%;
;;;;;;006;18838;Fraterrigo, Melissa A.;21.1%;21.1%;;;5.3%;15.8%;15.8%;5.3%;5.3%;;;5.3%;;;;;;;;;;;5.3%;
;;;;;;011;15989;O'Donoghue, Kate M.;10.5%;21.1%;63.2%;;;;5.3%;;;;;;;;;;;;;;;;;
;;;;;;012;15990;O'Donoghue, Kate M.;26.3%;5.3%;63.2%;;;;;5.3%;;;;;;;;;;;;;;;;
;;;;;;013;31584;Martinez, Alphonso;15.8%;21.1%;36.8%;;5.3%;;10.5%;;;5.3%;;;;;5.3%;;;;;;;;;
;;;;;;014;31585;Martinez, Alphonso;21.1%;;52.6%;;;;10.5%;10.5%;;;;;;;;5.3%;;;;;;;;
;;;;;;015;31586;Martinez, Alphonso;11.1%;5.6%;50.0%;;;16.7%;;;;;;5.6%;;;5.6%;;;;;;;;5.6%;
;;;;;;016;31587;Martinez, Alphonso;16.7%;16.7%;38.9%;;5.6%;5.6%;11.1%;5.6%;;;;;;;;;;;;;;;;
;;;Intro Creative Writing-Honors;202520;Spring 2025;001;18837;Del Busto, Matthew G.;33.3%;;66.7%;;;;;;;;;;;;;;;;;;;;;
;;;;;;002;18839;Brewer, Joshua A.;100.0%;;;;;;;;;;;;;;;;;;;;;;;
;;;;;;004;18843;Fraterrigo, Melissa A.;100.0%;;;;;;;;;;;;;;;;;;;;;;;
;;21500;Inventing Languages;202520;Spring 2025;001;24708;Beard, Daniela M.;33.3%;6.7%;40.0%;;6.7%;;13.3%;;;;;;;;;;;;;;;;;
;;21800;Heroes And Villains;202520;Spring 2025;001;26647;Armstrong, S D.;31.4%;17.1%;;;20.0%;;7.1%;7.1%;4.3%;5.7%;;;;;;1.4%;;;;;;;5.7%;
;;;Heroes And Villains-Honors;202520;Spring 2025;001;26647;Armstrong, S D.;100.0%;;;;;;;;;;;;;;;;;;;;;;;
;;22300;Literature And Technology;202520;Spring 2025;001;29847;Plotnitsky, Arkady;45.0%;10.0%;;;20.0%;;;;;;;;;;10.0%;;;;;;;;15.0%;
;;22700;Elements Linguistics;202520;Spring 2025;003;27584;Clavijo, Francisco J.;;33.3%;;;;;25.0%;16.7%;;;;;;;;;;;;;;;25.0%;
;;23000;Great Narrative Works;202520;Spring 2025;001;23966;Plotnitsky, Arkady;15.8%;21.1%;10.5%;;15.8%;;15.8%;5.3%;5.3%;;;;;;5.3%;;;;;;;;5.3%;
;;23800;Intro To Fiction;202520;Spring 2025;004;23167;Flory, Wendy S.;33.3%;;29.2%;;16.7%;;8.3%;;;;;;;;12.5%;;;;;;;;;
;;;;;;007;32182;Morgenstern, Matthew R.;18.8%;12.5%;12.5%;;6.3%;12.5%;12.5%;;;;;;;;12.5%;;;;;;;;12.5%;
;;;;;;008;33600;Morris, Daniel C.;68.0%;4.0%;;;12.0%;;16.0%;;;;;;;;;;;;;;;;;
;;;;;;009;33601;Morris, Daniel C.;79.2%;8.3%;;;4.2%;;4.2%;;;;;;;;;;;;;;;;4.2%;
;;24000;Brit Lit Thru 18 Ct;202520;Spring 2025;001;23972;Duran, Angelica A.;31.6%;15.8%;5.3%;;15.8%;5.3%;10.5%;;;5.3%;;;5.3%;;5.3%;;;;;;;;;
;;25000;Great American Books;202520;Spring 2025;001;24357;Lamb, Robert P.;18.2%;4.5%;36.4%;;4.5%;13.6%;9.1%;;;;;;;;4.5%;9.1%;;;;;;;;
;;;Great American Books-Honors;202520;Spring 2025;001;24357;Lamb, Robert P.;;;100.0%;;;;;;;;;;;;;;;;;;;;;
;;26400;Bible As Literature;202520;Spring 2025;001;28455;Duran, Angelica A.;19.0%;9.5%;4.8%;;4.8%;19.0%;14.3%;9.5%;;;4.8%;;;;;;;;;;;;14.3%;
;;26700;World Lit 1700 To Now;202520;Spring 2025;004;26143;Jouin, Gwenael B.;25.0%;18.8%;31.3%;;6.3%;6.3%;;;;;;;;;6.3%;;;;;;;;6.3%;
;;28600;The Movies;202520;Spring 2025;004;16829;Hughes, Shaun F.;40.0%;20.0%;32.0%;;;;4.0%;;;;;;;;;;;;;;;;4.0%;
;;;;;;006;24320;Hughes, Shaun F.;29.2%;12.5%;41.7%;;;;12.5%;;;;;;;;;;;;;;;;4.2%;
;;;The Movies-Honors;202520;Spring 2025;006;24320;Hughes, Shaun F.;;;100.0%;;;;;;;;;;;;;;;;;;;;;
;;30100;Ways Of Reading;202520;Spring 2025;001;32205;Armstrong, S D.;54.5%;13.6%;;;13.6%;;13.6%;;;;;;;;;4.5%;;;;;;;;
;;30400;Advanced Composition;202520;Spring 2025;001;17924;Haynes, Linda E.;36.8%;5.3%;31.6%;;5.3%;;;;5.3%;;;;;;5.3%;;;;;;;;10.5%;
;;;;;;002;14959;Haynes, Linda E.;47.4%;15.8%;26.3%;;;;5.3%;;;;;;;;5.3%;;;;;;;;;
;;30600;Intro Profess Writing;202520;Spring 2025;001;59734;Salvo, Michael J.;20.0%;20.0%;5.0%;;20.0%;10.0%;10.0%;;;;5.0%;;;;;;;;;;;;10.0%;
;;30900;Digital Design And Production;202520;Spring 2025;001;18913;Johnson, Michael D.;15.8%;26.3%;;;21.1%;5.3%;15.8%;5.3%;;5.3%;;;;;;;;;;;;;5.3%;
;;;;;;002;31119;Johnson, Michael D.;36.8%;5.3%;;;5.3%;5.3%;21.1%;5.3%;5.3%;;5.3%;;;;5.3%;;;;;;;;5.3%;
;;31600;Craft Of Fiction;202520;Spring 2025;001;23873;Gray, Casey M.;78.9%;5.3%;5.3%;;5.3%;;;;;;;;;;;;;;;;;;5.3%;
;;31700;Craft Of Poetry;202520;Spring 2025;001;16862;Brewer, Joshua A.;23.5%;11.8%;47.1%;;;;5.9%;;;5.9%;;;;;5.9%;;;;;;;;;
;;;;;;002;32341;Brewer, Joshua A.;33.3%;;33.3%;;13.3%;13.3%;6.7%;;;;;;;;;;;;;;;;;
;;33000;Games And Diversity;202520;Spring 2025;001;25350;Blackmon, Samantha;90.0%;;;;10.0%;;;;;;;;;;;;;;;;;;;
;;33200;Games And UX;202520;Spring 2025;001;28605;Blackmon, Samantha;75.0%;;;;20.0%;;;5.0%;;;;;;;;;;;;;;;;
;;34100;Environmental Film & Media;202520;Spring 2025;001;28454;Weatherford, Jessica A.;40.9%;4.5%;22.7%;;4.5%;9.1%;18.2%;;;;;;;;;;;;;;;;;
;;35100;American Literature After 1865;202520;Spring 2025;001;31527;Lamb, Robert P.;20.8%;12.5%;29.2%;;8.3%;4.2%;4.2%;4.2%;;;;;;;4.2%;4.2%;;;;;;;8.3%;
;;35400;Asian American Lit;202520;Spring 2025;001;16089;Leung, Brian J.;42.9%;28.6%;;;7.1%;;;;;;;;;;;;;;;;;;21.4%;
;;;Asian American Lit-Honors;202520;Spring 2025;001;16089;Leung, Brian J.;;;100.0%;;;;;;;;;;;;;;;;;;;;;
;;35900;Black Women Writers;202520;Spring 2025;001;22557;Freeman Marshall, Jennifer L.;78.6%;7.1%;;;7.1%;;;;;;;;;;;7.1%;;;;;;;;
;;36000;Gender And Literature;202520;Spring 2025;001;17071;David, Marlo D.;;28.6%;28.6%;;7.1%;;21.4%;;;7.1%;;;;;;;;;;;;;7.1%;
;;37300;Science Fict & Fantasy;202520;Spring 2025;001;14969;Henderson, Dylan L.;45.8%;12.5%;16.7%;;12.5%;;4.2%;;;4.2%;;;;;;;;;;;;;4.2%;
;;;;;;002;24321;Friedman, Geraldine S.;21.7%;21.7%;;;8.7%;;13.0%;13.0%;;;4.3%;;;;8.7%;;;;;;;;8.7%;
;;;;;;003;28896;Rosell, Carla B.;29.2%;20.8%;;;12.5%;20.8%;8.3%;;;;;;;;;;;;;;;;8.3%;
;;37700;Modern And Contemporary Poetry;202520;Spring 2025;001;24342;Flory, Wendy S.;35.7%;;35.7%;;7.1%;;14.3%;;;;;;;;;;;;;;;;7.1%;
;;37800;Stds In American Literary Hist;202520;Spring 2025;001;24313;Schneider, Paul R.;25.0%;33.3%;;;8.3%;;16.7%;8.3%;;;;;;;;;;;;;;;8.3%;
;;38200;The American Novel;202520;Spring 2025;001;24325;Duvall, John N.;57.1%;21.4%;;;;;7.1%;7.1%;;;;;;;7.1%;;;;;;;;;
;;39200;Young Adult Literature;202520;Spring 2025;001;18897;Lennon, Mary Ellen;20.8%;20.8%;33.3%;;;;12.5%;;4.2%;;;;;;;;;;;;;;8.3%;
;;;Young Adult Literature-Honors;202520;Spring 2025;001;18897;Lennon, Mary Ellen;;;100.0%;;;;;;;;;;;;;;;;;;;;;
;;40600;Review Writing;202520;Spring 2025;001;14977;Salvo, Michael J.;75.0%;8.3%;16.7%;;;;;;;;;;;;;;;;;;;;;
;;;Review Writing-Honors;202520;Spring 2025;001;14977;Salvo, Michael J.;;;100.0%;;;;;;;;;;;;;;;;;;;;;
;;40700;Intermediate Poetry Writing;202520;Spring 2025;001;18937;Platt, Donald O.;87.5%;6.3%;;;;;;;;;;;;;6.3%;;;;;;;;;
;;40900;Intermediate Fiction Writing;202520;Spring 2025;001;18940;Gray, Casey M.;82.4%;11.8%;;;;;;;5.9%;;;;;;;;;;;;;;;
;;;;;;002;18941;Solwitz, Sharon D.;29.4%;;17.6%;;5.9%;;29.4%;;;;5.9%;;;;5.9%;5.9%;;;;;;;;
;;;;;;003;30480;Leung, Brian J.;50.0%;27.8%;;;5.6%;;16.7%;;;;;;;;;;;;;;;;;
;;41100;Reading Chaucer's Women;202520;Spring 2025;001;24324;Bartlett, Robyn A.;20.0%;20.0%;;;13.3%;;26.7%;6.7%;;;;;6.7%;;;;;;;;;;6.7%;
;;41900;Multimedia Writing;202520;Spring 2025;001;18948;Clark, Tracy L.;35.0%;15.0%;20.0%;;5.0%;;;;;10.0%;5.0%;;;;10.0%;;;;;;;;;
;;;;;;002;18949;Clark, Tracy L.;45.0%;20.0%;5.0%;;5.0%;5.0%;15.0%;;;;;;;;5.0%;;;;;;;;;
;;;;;;003;16984;Berchtold, Jessica E.;55.0%;30.0%;;;5.0%;;10.0%;;;;;;;;;;;;;;;;;
;;42000;Business Writing;202520;Spring 2025;001;33234;Lark, Jolene B.;52.4%;28.6%;4.8%;;4.8%;;4.8%;;;;;;;;;;;;;;;;4.8%;
;;;;;;Y01;14980;Bailey, Rachael D.;30.0%;15.0%;10.0%;;15.0%;5.0%;15.0%;10.0%;;;;;;;;;;;;;;;;
;;;;;;Y02;14981;Bailey, Rachael D.;10.0%;35.0%;5.0%;;25.0%;15.0%;5.0%;5.0%;;;;;;;;;;;;;;;;
;;;;;;Y03;14983;Bailey, Rachael D.;15.8%;42.1%;;;5.3%;5.3%;21.1%;;;5.3%;;;;;;;;;;;;;5.3%;
;;;;;;Y04;14984;Bailey, Rachael D.;26.3%;31.6%;;;5.3%;5.3%;21.1%;;;10.5%;;;;;;;;;;;;;;
;;;;;;Y05;14985;Gellis, Elizabeth L.;55.6%;16.7%;;;22.2%;;;;;;;;;;;;;;;;;;5.6%;
;;;;;;Y06;14989;Gellis, Elizabeth L.;60.0%;25.0%;;;10.0%;;;;;;;;;;;;;;;;;;5.0%;
;;;;;;Y07;25197;Wegener, Susan E.;15.8%;36.8%;31.6%;;10.5%;;;;;5.3%;;;;;;;;;;;;;;
;;;Business Writing-Honors;202520;Spring 2025;Y05;14985;Gellis, Elizabeth L.;100.0%;;;;;;;;;;;;;;;;;;;;;;;
;;;;;;Y07;25197;Wegener, Susan E.;;;100.0%;;;;;;;;;;;;;;;;;;;;;
;;42100;Technical Writing;202520;Spring 2025;001;18998;Bras, Harris J.;78.9%;5.3%;;;5.3%;;5.3%;;;5.3%;;;;;;;;;;;;;;
;;;;;;004;19001;Hughes, Jennifer J.;23.8%;;66.7%;;;;;4.8%;;;;4.8%;;;;;;;;;;;;
;;;;;;006;58127;Hughes, Jennifer J.;30.0%;5.0%;65.0%;;;;;;;;;;;;;;;;;;;;;
;;;;;;055;24333;Hughes, Jennifer J.;30.0%;5.0%;65.0%;;;;;;;;;;;;;;;;;;;;;
;;;;;;056;24338;Leary, Amanda E.;55.0%;5.0%;25.0%;;5.0%;;5.0%;;;;;5.0%;;;;;;;;;;;;
;;;;;;057;24728;Leary, Amanda E.;21.1%;15.8%;57.9%;;;;5.3%;;;;;;;;;;;;;;;;;
;;;;;;058;32314;Wicks, Heather N.;20.0%;40.0%;10.0%;;15.0%;10.0%;;;;;;;;;;;;;;;;;5.0%;
;;;;;;059;33342;Celik, Allan B.;;21.1%;57.9%;;;5.3%;5.3%;;;;;;;;;;;;;;;;10.5%;
;;;;;;060;33343;Wicks, Heather N.;45.0%;25.0%;30.0%;;;;;;;;;;;;;;;;;;;;;
;;;;;;061;33602;Welch, Jessica R.;25.0%;10.0%;40.0%;;10.0%;;10.0%;;;;;;;;5.0%;;;;;;;;;
;;;;;;Y01;25207;Clark, Tracy L.;45.0%;20.0%;5.0%;;10.0%;;20.0%;;;;;;;;;;;;;;;;;
;;;;;;Y02;25208;Clark, Tracy L.;52.6%;21.1%;15.8%;;;5.3%;5.3%;;;;;;;;;;;;;;;;;
;;;;;;Y03;25209;Long, Alexander C.;;15.8%;;;31.6%;5.3%;36.8%;5.3%;;;;;;;;;;;;;;;5.3%;
;;;;;;Y04;25210;Long, Alexander C.;;25.0%;;;15.0%;10.0%;45.0%;;;;;;5.0%;;;;;;;;;;;
;;;;;;Y05;25211;Long, Alexander C.;;42.1%;;;21.1%;5.3%;26.3%;;;;;;;;;;;;;;;;5.3%;
;;42201;Wrtg Health Human Sciences;202520;Spring 2025;001;13527;Milliren, Kaden C.;73.7%;10.5%;;;;5.3%;;;;;;;;;;5.3%;;;;;;;5.3%;
;;42400;Wrtg For High Tech Industries;202520;Spring 2025;001;29034;Giles, Danielle N.;51.9%;7.4%;14.8%;;;;7.4%;;3.7%;;3.7%;;;;11.1%;;;;;;;;;
;;43300;Proposals And Grants;202520;Spring 2025;001;16657;Dilger, C B.;34.3%;;20.0%;;14.3%;;20.0%;8.6%;;;;;;;;;;;;;;;2.9%;
;;43400;Science And Medical Writing;202520;Spring 2025;001;32313;Defrench, Melissa K.;5.0%;;80.0%;;;;;;5.0%;;;;;;5.0%;;;;;;;;5.0%;
;;43900;Lit In The Age Of Eugenics;202520;Spring 2025;001;29096;Linett, Maren T.;53.8%;15.4%;;;;;30.8%;;;;;;;;;;;;;;;;;
;;49200;Lit Secondary Schools;202520;Spring 2025;001;18898;Carpenter, Kelly J.;63.6%;9.1%;9.1%;;;;9.1%;;;;;;9.1%;;;;;;;;;;;
;;50700;Advanced Poetry Writing;202520;Spring 2025;001;14757;Platt, Donald O.;70.6%;17.6%;;;;;;;;;;;;;;5.9%;;;;;;;5.9%;
;;50900;Adv Fiction Writing;202520;Spring 2025;001;28245;Solwitz, Sharon D.;86.7%;;13.3%;;;;;;;;;;;;;;;;;;;;;
ENGR;ENGR-Engineering;10301;BIDC Intro To Manufacturing;202520;Spring 2025;001;21007;Pal, Anirudh;76.7%;;;;5.0%;;;;;;;;;;1.7%;;;;;;;;16.7%;
;;;Changing The World With Chips;202520;Spring 2025;016;15199;Swabey, Matthew A.;79.2%;;;;9.6%;;;3.4%;;;2.8%;;;;;;;;;;;;5.1%;
;;;Comp Methods Of Data Sci Eng;202520;Spring 2025;LC1;15175;Brophy, Sean;77.2%;;;;5.1%;;2.5%;;2.5%;3.8%;;;;;3.8%;1.3%;;;;;;;3.8%;
;;;Engr And Public Service;202520;Spring 2025;021;16459;Tort, Joseph M.;91.7%;;;;6.3%;;;;;;;;;;;;;;;;;;2.1%;
;;;FYE Career Exploration;202520;Spring 2025;009;23968;Jones, Lisa W.;96.2%;;;;;;;;;;;;;;;;;;;;;;3.8%;
;;;Intro To Nano & Quantum Techno;202520;Spring 2025;022;24822;Boltasseva, Alexandra;7.1%;;57.1%;;;;28.6%;;;;;;;;7.1%;;;;;;;;;
;;;;;;033;32661;Boltasseva, Alexandra;18.4%;7.9%;55.3%;;;;2.6%;;;;;;;;2.6%;;;;;;;;13.2%;
;;;Intro To Undergrad Research;202520;Spring 2025;030;32484;Howarter, John A.;21.1%;;57.9%;;5.3%;;;;;;;;;;5.3%;;;;;;;;10.5%;
;;;Keys To Learning;202520;Spring 2025;020;10827;Melloch, Michael R.;44.6%;3.6%;42.2%;;1.2%;1.2%;1.2%;;;2.4%;;;;;1.2%;;;;;;;;2.4%;
;;;;;;026;25063;Melloch, Michael R.;54.8%;1.1%;39.8%;;2.2%;;1.1%;;;1.1%;;;;;;;;;;;;;;
;;;Nanopartcls In Sci&Tech-Honors;202520;Spring 2025;031;32658;Boltasseva, Alexandra;100.0%;;;;;;;;;;;;;;;;;;;;;;;
;;;Nanoparticles In Science &Tech;202520;Spring 2025;002;21038;Boltasseva, Alexandra;8.3%;25.0%;25.0%;;16.7%;8.3%;16.7%;;;;;;;;;;;;;;;;;
;;;;;;031;32658;Boltasseva, Alexandra;36.0%;24.0%;8.0%;;12.0%;4.0%;;;;;;;;;;4.0%;;;;;;;12.0%;
;;;Nanotechnology Around Us;202520;Spring 2025;003;21043;Boltasseva, Alexandra;30.8%;15.4%;30.8%;;;15.4%;;;;;;;;;7.7%;;;;;;;;;
;;;;;;032;32660;Boltasseva, Alexandra;52.0%;12.0%;12.0%;4.0%;4.0%;4.0%;4.0%;;;;;;;;4.0%;;;;;;;;4.0%;
;;;Pharma Careers & Drug Dvlpment;202520;Spring 2025;007;23950;Graham, Kimberly J.;88.0%;;;;5.3%;;;1.3%;;;;;;;;;;;;;;;5.3%;
;;;Silicon Valley Tech Industry;202520;Spring 2025;011;27379;Francis, Patrick M.;100.0%;;;;;;;;;;;;;;;;;;;;;;;
;;13000;Transform Ideas To Innovations;202520;Spring 2025;001;23942;Mcfall, Gary T.;51.5%;;6.1%;;16.7%;;15.2%;4.5%;;3.0%;1.5%;;;;;;;;;;;;1.5%;
;;13100;Trans Ideas To Innovation I;202520;Spring 2025;001;63559;Zbib, Mohamad B.;39.7%;21.8%;;;6.4%;7.7%;6.4%;1.3%;2.6%;2.6%;2.6%;;;;2.6%;1.3%;;;;;;;5.1%;
;;13200;Trans Ideas To Innovation II;202520;Spring 2025;011;63528;Aguilar, Jeannete G.;26.9%;40.3%;;;7.6%;5.0%;15.1%;;;3.4%;;;;;0.8%;;;;;;;;0.8%;
;;;;;;012;63531;Ferdoush, Shumaiya;15.8%;32.5%;;;16.7%;10.0%;16.7%;0.8%;1.7%;2.5%;;;;;;;;;;;;;3.3%;
;;;;;;013;63529;Ferdoush, Shumaiya;18.3%;27.5%;;;20.0%;8.3%;20.0%;1.7%;;1.7%;0.8%;;;;;;;;;;;;1.7%;
;;;;;;014;63532;Iqbal, Assad;13.4%;33.6%;;;10.1%;15.1%;21.8%;0.8%;1.7%;2.5%;;;;;;;;;;;;;0.8%;
;;;;;;015;15179;Iqbal, Assad;17.5%;25.8%;;;17.5%;13.3%;21.7%;0.8%;1.7%;;;;;;;;;;;;;;1.7%;
;;;;;;021;15173;Aguilar, Jeannete G.;29.7%;24.3%;;;12.2%;6.8%;17.6%;2.7%;;1.4%;;;;;4.1%;;;;;;;;1.4%;
;;;;;;022;15180;Aguilar, Jeannete G.;31.7%;33.3%;;;10.0%;4.2%;15.0%;;0.8%;1.7%;0.8%;;;;;;;;;;;;2.5%;
;;;;;;024;25056;Ohland, Matthew W.;29.2%;39.2%;;;9.2%;3.3%;16.7%;;;1.7%;;;;;;;;;;;;;0.8%;
;;;;;;025;25055;Syed Hassan, Syed Ahmad Helmi B.;31.7%;31.7%;;;6.7%;5.8%;18.3%;2.5%;;2.5%;;;;;0.8%;;;;;;;;;
;;;;;;112;10915;Loweth, Robert P.;40.8%;26.7%;;;10.0%;4.2%;12.5%;0.8%;0.8%;0.8%;0.8%;;;;0.8%;;;;;;;;1.7%;
;;;;;;113;14961;Loweth, Robert P.;19.3%;37.8%;;;10.9%;9.2%;19.3%;0.8%;;;0.8%;;;;0.8%;;;;;;;;0.8%;
;;;;;;115;25059;Carrillo Fernandez, Aristides P.;15.8%;35.0%;;;13.3%;11.7%;16.7%;2.5%;0.8%;0.8%;0.8%;;;;;;;;;;;;2.5%;
;;;;;;121;15182;Galarza Tohen, Beatriz A.;14.5%;24.2%;;;14.5%;8.1%;17.7%;6.5%;4.8%;;1.6%;;;;1.6%;;;;;;;;6.5%;
;;;;;;122;15185;Galarza Tohen, Beatriz A.;22.7%;31.9%;;;9.2%;13.4%;17.6%;2.5%;0.8%;1.7%;;;;;;;;;;;;;;
;;;;;;124;25058;Mcfall, Gary T.;18.5%;37.0%;;;8.4%;10.1%;19.3%;2.5%;;2.5%;0.8%;;;;;;;;;;;;0.8%;
;;;;;;125;25057;Ferdoush, Shumaiya;16.0%;30.3%;;;13.4%;10.1%;25.2%;;;3.4%;;;;;;;;;;;;;1.7%;
;;;;;;221;15189;Wible, Kathleen J.;15.9%;26.8%;;;14.6%;11.0%;22.0%;1.2%;1.2%;3.7%;1.2%;;;;;;;;;;;;2.4%;
;;;;;;222;15190;Wible, Kathleen J.;14.3%;31.9%;;;12.6%;10.1%;17.6%;2.5%;2.5%;5.9%;1.7%;;;;0.8%;;;;;;;;;
;;;;;;223;15193;Wertz, Ruth E.;18.3%;40.0%;;;15.0%;6.7%;16.7%;;;;1.7%;;;;1.7%;;;;;;;;;
;;;;;;224;25061;Wible, Kathleen J.;17.5%;29.2%;;;25.0%;6.7%;16.7%;2.5%;0.8%;0.8%;0.8%;;;;;;;;;;;;;
;;;;;;225;25062;Wertz, Ruth E.;22.7%;35.3%;;;11.8%;7.6%;14.3%;2.5%;0.8%;2.5%;0.8%;;;;0.8%;;;;;;;;0.8%;
;;;;;;LC1;15449;Brophy, Sean;23.3%;32.2%;;;12.2%;7.8%;15.6%;1.1%;1.1%;;1.1%;;;;3.3%;1.1%;;;;;;;1.1%;
;;16200;Honors Intro To Phys & Engr II;202520;Spring 2025;H01;21127;Whalen, Timothy M.;40.3%;11.1%;;;30.6%;4.2%;8.3%;5.6%;;;;;;;;;;;;;;;;
;;;;;;H02;28571;Brophy, Sean;47.3%;5.5%;;;18.2%;1.8%;14.5%;5.5%;;7.3%;;;;;;;;;;;;;;
;;;;;;H03;14385;Lee, Dong Hoon;31.4%;4.3%;;;38.6%;;15.7%;8.6%;;1.4%;;;;;;;;;;;;;;
;;;;;;H04;15543;Whalen, Timothy M.;59.7%;16.7%;;;15.3%;2.8%;5.6%;;;;;;;;;;;;;;;;;
;;;;;;H05;15546;Lee, Dong Hoon;37.9%;4.5%;;;45.5%;;4.5%;7.6%;;;;;;;;;;;;;;;;
;;29600;First-Time Researcher;202520;Spring 2025;010;33089;Howarter, John A.;88.0%;;;;8.0%;;4.0%;;;;;;;;;;;;;;;;;
;;;;;;077;33157;Howarter, John A.;;;;;;;;;;;;;;;;;;;;81.8%;;;18.2%;
;;;;;;FR0;27283;Howarter, John A.;;;;;;;;;;;;;;;;;;;;92.9%;;;7.1%;
;;;;;;FR3;27284;Howarter, John A.;71.4%;;;;;;7.1%;7.1%;;;;;;;;;;;;;;;14.3%;
;;;GEARE Pro Experience Prep;202520;Spring 2025;005;20175;Fabries, Heather P.;92.6%;;;;3.7%;;;;;;;;;;3.7%;;;;;;;;;
;;;;;;007;32532;Fabries, Heather P.;92.3%;;;;;;;;;;;;;;;;;;;;;;7.7%;
;;;Gender In The World;202520;Spring 2025;006;21606;Zurn-Birkhimer, Suzanne M.;56.3%;6.3%;37.5%;;;;;;;;;;;;;;;;;;;;;
;;;Kiewit Scholar Seminar;202520;Spring 2025;003;26332;Mcfall-Wankat, Tyson J.;;;;;;;;;;;;;;;;;;;;100.0%;;;;
;;39600;High Tech Entrepreneurship;202520;Spring 2025;004;27706;Coburn, Stefan;47.1%;11.8%;23.5%;;;;11.8%;;;;;;;;;;;;;;;;5.9%;
;;;VIP;202520;Spring 2025;003;24367;Johnson, Mark C.;;;;;;;;;;;;;;;;;;;;94.7%;;;5.3%;
;;39899;GEARE Global Internship;202520;Spring 2025;001;17533;Fabries, Heather P.;;;;;;;;;;;;;;;;;;;;100.0%;;;;
;;40400;Instr,Mentorshp&Ldrshp-Honors;202520;Spring 2025;H01;23869;Campbell, Makenzie R.;100.0%;;;;;;;;;;;;;;;;;;;;;;;
;;;;;;H03;23872;Campbell, Makenzie R.;100.0%;;;;;;;;;;;;;;;;;;;;;;;
;;40600;Engr Ambassador Seminar;202520;Spring 2025;001;64509;Engelberth, Nathan P.;;;100.0%;;;;;;;;;;;;;;;;;;;;;
;;49600;Certified Peer Educ Training;202520;Spring 2025;001;27798;Eaton, Kristine M.;9.1%;;90.9%;;;;;;;;;;;;;;;;;;;;;
;;50200;Engineering Leadership;202520;Spring 2025;001;32445;Hutcheson, John S.;87.8%;;;2.4%;7.3%;;;;;;2.4%;;;;;;;;;;;;;
;;59600;Social Impact Startup Academy;202520;Spring 2025;004;27906;Vandevoorde, Eric A.;100.0%;;;;;;;;;;;;;;;;;;;;;;;
;;;Tech Product Mgmt;202520;Spring 2025;005;33335;Crynes, Lawrence L.;57.9%;;31.6%;;;;10.5%;;;;;;;;;;;;;;;;;
;;69199;Pro Prac Grad Co-Op I;202520;Spring 2025;001;17151;Strickland, Jennifer N.;;;;;;;;;;;;;;;;;;;;100.0%;;;;
;;;;;;002;17152;Vandevoorde, Eric A.;;;;;;;;;;;;;;;;;;;;100.0%;;;;
;;69699;Pro Prac Grad Intern;202520;Spring 2025;001;17205;Strickland, Jennifer N.;;;;;;;;;;;;;;;;;;;;100.0%;;;;
ENGT;ENGT-Engineering Technology;18200;Gateway To Engineering Tech;202520;Spring 2025;001;15219;Newell, Brittany A.;59.1%;;;;29.5%;;;4.5%;;;;;;;4.5%;;;;;;;;2.3%;
;;;;;;013;23000;Newell, Brittany A.;54.5%;;;;31.8%;;;13.6%;;;;;;;;;;;;;;;;
;;48000;ET Capstone I;202520;Spring 2025;003;20593;Berry, Frederick C.;33.8%;;15.5%;;18.3%;7.0%;23.9%;;;;;;;;;;;;;;;;1.4%;
;;48100;ET Capstone II;202520;Spring 2025;006;20603;Aguirre, Milton E.;23.5%;;61.2%;;5.1%;3.1%;6.1%;;;1.0%;;;;;;;;;;;;;;
;;;;;;023;23208;Aguirre, Milton E.;22.2%;;55.6%;;9.1%;3.0%;10.1%;;;;;;;;;;;;;;;;;
;;58100;Analysis Of Published Research;202520;Spring 2025;009;31004;Hutcheson, John S.;100.0%;;;;;;;;;;;;;;;;;;;;;;;
ENTM;ENTM-Entomology;10500;Insects Friend And Foe;202520;Spring 2025;001;17789;Long, Elizabeth Y.;30.4%;12.3%;26.1%;;7.2%;2.9%;6.5%;2.2%;;2.2%;3.6%;;;;1.4%;;;;;;;;5.1%;
;;12800;Investigating Forensic Science;202520;Spring 2025;001;11668;Hans, Krystal R.;32.8%;13.8%;6.9%;;19.8%;7.8%;7.8%;0.9%;0.9%;2.6%;0.9%;;0.9%;;1.7%;;;;;;;;3.4%;
;;20600;General Entomology;202520;Spring 2025;001;19173;Cameron, Stephen L.;3.7%;14.8%;11.1%;1.9%;5.6%;14.8%;11.1%;13.0%;1.9%;9.3%;;;5.6%;;7.4%;;;;;;;;;
;;20700;General Entomology Lab;202520;Spring 2025;002;19177;Aviles Lopez, Leslie A.;16.7%;4.2%;12.5%;;8.3%;8.3%;16.7%;;12.5%;;;8.3%;4.2%;;8.3%;;;;;;;;;
;;;;;;003;19175;Aviles Lopez, Leslie A.;12.5%;6.3%;12.5%;;18.8%;12.5%;25.0%;;6.3%;;6.3%;;;;;;;;;;;;;
;;;;;;004;19176;Aviles Lopez, Leslie A.;;8.3%;16.7%;;;8.3%;25.0%;;8.3%;8.3%;8.3%;8.3%;;;;;;;;;;;8.3%;
;;21000;Intro Insect Behavior;202520;Spring 2025;001;19178;Ginzel, Matthew D.;55.1%;;;;32.7%;;;4.1%;;;2.0%;;;;2.0%;;;;;;;;4.1%;
;;;Intro Insect Behavior-Honors;202520;Spring 2025;001;19178;Ginzel, Matthew D.;100.0%;;;;;;;;;;;;;;;;;;;;;;;
;;22820;Forensic Analysis;202520;Spring 2025;001;10602;Hans, Krystal R.;9.1%;13.2%;;;14.2%;10.2%;16.2%;7.6%;4.6%;7.6%;1.0%;0.5%;3.6%;;4.1%;;;;;;;;8.1%;
;;25300;Insect Physiol & Biochemistry;202520;Spring 2025;001;10284;Enders, Laramy S.;11.1%;5.6%;;;22.2%;5.6%;5.6%;16.7%;;16.7%;;;;;5.6%;;;;;;;;11.1%;
;;31100;Insect Ecology;202520;Spring 2025;001;57243;Kaplan, Ian;76.0%;;;;18.0%;;;4.0%;;;;;;;2.0%;;;;;;;;;
;;;Insect Ecology-Honors;202520;Spring 2025;001;57243;Kaplan, Ian;100.0%;;;;;;;;;;;;;;;;;;;;;;;
;;35300;Insecticides And Environment;202520;Spring 2025;001;10295;Li, Wenbo;10.5%;10.5%;73.7%;;;;;;;;;;;;;;;;;;;;5.3%;
;;39300;Insect Biology Practicum;202520;Spring 2025;002;32895;Decker, Brenna L.;;;;;;;;;;;;;;;;;;84.6%;;;;;15.4%;
;;40100;Grand Challenges Insect Biol;202520;Spring 2025;001;15639;Baributsa, Dieudonne;8.3%;50.0%;;;;;33.3%;;;;;;;;;;;;;;;;8.3%;
;;42890;Forensic Science Teaching;202520;Spring 2025;001;19825;Hans, Krystal R.;;;;;;;;;;;;;;;;;;95.0%;;;;;5.0%;
;;49390;Insect Biology Capstone Forum;202520;Spring 2025;001;11760;Richmond, Douglas S.;91.7%;;;;8.3%;;;;;;;;;;;;;;;;;;;
ENTR;ENTR-Entrepreneurship;20000;Intro Entr & Innov;202520;Spring 2025;001;22692;Davis, Rick B.;32.6%;25.6%;25.6%;;;;9.3%;;;;;;;;;;;;;;;;7.0%;
;;;;;;002;22693;Indiano, Joseph D.;31.8%;40.9%;;;2.3%;6.8%;6.8%;2.3%;;4.5%;;;;;;;;;;;;;4.5%;
;;;;;;003;55661;Reiff, Mark A.;34.1%;11.4%;43.2%;;4.5%;;4.5%;;;;;;;;;;;;;;;;2.3%;
;;;;;;004;20265;Romero-Day, Jorge A.;15.9%;50.0%;6.8%;;6.8%;4.5%;6.8%;2.3%;;2.3%;;2.3%;;;2.3%;;;;;;;;;
;;;;;;005;16443;Woody, Lucas T.;20.5%;30.8%;15.4%;;5.1%;12.8%;10.3%;2.6%;;;;;;;;2.6%;;;;;;;;
;;;;;;006;15645;Reiff, Mark A.;30.2%;14.0%;48.8%;;;2.3%;4.7%;;;;;;;;;;;;;;;;;
;;;;;;007;22694;Davis, Jack E.;5.4%;29.7%;8.1%;;5.4%;16.2%;16.2%;;;2.7%;;;2.7%;;5.4%;;;;;;;;8.1%;
;;;;;;008;19243;Woody, Lucas T.;36.8%;21.1%;23.7%;;;;10.5%;;;;;;;;2.6%;;;;;;;;5.3%;
;;;;;;009;19245;Romero-Day, Jorge A.;27.3%;22.7%;6.8%;;15.9%;6.8%;11.4%;2.3%;2.3%;;;;;;2.3%;;;;;;;;2.3%;
;;;;;;010;22833;Woody, Lucas T.;22.7%;15.9%;29.5%;;4.5%;6.8%;9.1%;2.3%;2.3%;2.3%;;;;;4.5%;;;;;;;;;
;;;;;;011;20930;Davis, Rick B.;38.5%;15.4%;25.6%;;;5.1%;7.7%;;;5.1%;;;2.6%;;;;;;;;;;;
;;;Intro Entr & Innov-Honors;202520;Spring 2025;004;20265;Romero-Day, Jorge A.;100.0%;;;;;;;;;;;;;;;;;;;;;;;
;;;;;;011;20930;Davis, Rick B.;;;100.0%;;;;;;;;;;;;;;;;;;;;;
;;31000;Mktg Mgmt For New Ventures;202520;Spring 2025;001;57370;Smith, Terry R.;5.3%;7.9%;86.8%;;;;;;;;;;;;;;;;;;;;;
;;;;;;002;57371;Zentz, Angela L.;23.1%;48.7%;12.8%;;;7.7%;5.1%;;;2.6%;;;;;;;;;;;;;;
;;;;;;004;57373;Smith, Terry R.;12.8%;2.6%;84.6%;;;;;;;;;;;;;;;;;;;;;
;;;;;;005;57374;Zentz, Angela L.;28.2%;23.1%;38.5%;;;;7.7%;;;2.6%;;;;;;;;;;;;;;
;;;;;;006;18854;Paden, Bob;30.0%;27.5%;17.5%;;7.5%;2.5%;10.0%;;;2.5%;;;;;;;;;;;;;2.5%;
;;;;;;008;21443;Zentz, Angela L.;32.3%;19.4%;35.5%;;;3.2%;6.5%;;3.2%;;;;;;;;;;;;;;;
;;;;;;009;28576;Paden, Bob;19.4%;27.8%;5.6%;;11.1%;5.6%;22.2%;2.8%;2.8%;;;2.8%;;;;;;;;;;;;
;;;Mktg Mgmt For New Vent-Honors;202520;Spring 2025;001;57370;Smith, Terry R.;;;100.0%;;;;;;;;;;;;;;;;;;;;;
;;;;;;004;57373;Smith, Terry R.;;;100.0%;;;;;;;;;;;;;;;;;;;;;
;;31500;Bus Planning For Social Entr;202520;Spring 2025;001;20999;Woody, Lucas T.;23.8%;38.1%;19.0%;;2.4%;4.8%;11.9%;;;;;;;;;;;;;;;;;
;;32500;Global Entr & Innovation;202520;Spring 2025;001;24398;Romero-Day, Jorge A.;30.8%;23.1%;30.8%;;;;7.7%;;;;;;;;7.7%;;;;;;;;;
;;46000;Internship And Career Prep;202520;Spring 2025;Y02;23597;Wheadon, Mandy J.;21.1%;14.1%;40.8%;;1.4%;1.4%;12.7%;;2.8%;1.4%;;;2.8%;;;;;;;;;;1.4%;
;;;;;;Y03;26627;Mcnamee, Kathleen E.;23.5%;13.2%;44.1%;;2.9%;1.5%;4.4%;;;1.5%;;1.5%;;;1.5%;1.5%;;;;;;;4.4%;
;;47000;Gender, Diversity And Leadrshp;202520;Spring 2025;001;18029;Kisselburgh, Lorraine G.;14.3%;21.4%;28.6%;;;;21.4%;7.1%;;;;;;;7.1%;;;;;;;;;
;;48000;Entr Leadership And Careers;202520;Spring 2025;X01;33450;Woods, Susan B.;37.9%;18.2%;28.8%;;3.0%;3.0%;7.6%;1.5%;;;;;;;;;;;;;;;;
;;48100;Consulting For Emerging Entr;202520;Spring 2025;002;16348;Woods, Susan B.;33.3%;6.7%;60.0%;;;;;;;;;;;;;;;;;;;;;
EPCS;EPCS-Engr Proj Cmity Service;10100;First Yr Part In EPICS;202520;Spring 2025;041;15320;Khalifah, Susan M.;71.4%;7.1%;7.1%;;7.1%;;7.1%;;;;;;;;;;;;;;;;;
;;12100;First Yr ParticipationEPICS II;202520;Spring 2025;017;16610;Jamieson, Leah H.;73.3%;;20.0%;;6.7%;;;;;;;;;;;;;;;;;;;
;;;;;;021;16631;Wylezinski, Andrzej;76.9%;7.7%;7.7%;;;;7.7%;;;;;;;;;;;;;;;;;
;;;;;;022;16579;Marshall, Curtis E.;78.9%;10.5%;5.3%;;5.3%;;;;;;;;;;;;;;;;;;;
;;;;;;023;16597;Holloway, Eric A.;85.0%;10.0%;;;5.0%;;;;;;;;;;;;;;;;;;;
;;;;;;024;16621;Cho, Lucky;38.5%;7.7%;38.5%;;;;;;;15.4%;;;;;;;;;;;;;;
;;;;;;025;16593;Manning, Benjamin T.;52.6%;10.5%;36.8%;;;;;;;;;;;;;;;;;;;;;
;;;;;;033;16609;Manning, Benjamin T.;38.5%;46.2%;;;7.7%;;;;;;;;;;7.7%;;;;;;;;;
;;;;;;037;16614;Marshall, Curtis E.;68.8%;12.5%;6.3%;;6.3%;;6.3%;;;;;;;;;;;;;;;;;
;;;;;;044;13367;Mohandas, Lakshmy;94.1%;5.9%;;;;;;;;;;;;;;;;;;;;;;
;;;;;;054;16581;Mohandas, Lakshmy;84.6%;;;;7.7%;7.7%;;;;;;;;;;;;;;;;;;
;;;;;;060;26274;Pierce, Andrew L.;66.7%;16.7%;;;;;16.7%;;;;;;;;;;;;;;;;;
;;;;;;062;26298;Pierce, Andrew L.;54.2%;25.0%;4.2%;;;;8.3%;8.3%;;;;;;;;;;;;;;;;
;;;;;;074;26286;Williams, Charese M.;81.8%;18.2%;;;;;;;;;;;;;;;;;;;;;;
;;;;;;076;16580;Qu, Ming;91.7%;;;;;;8.3%;;;;;;;;;;;;;;;;;
;;;;;;077;23522;Han, Tianhong;100.0%;;;;;;;;;;;;;;;;;;;;;;;
;;20100;Soph Part In EPICS;202520;Spring 2025;041;15322;Khalifah, Susan M.;80.0%;5.0%;5.0%;;;;5.0%;;;5.0%;;;;;;;;;;;;;;
;;30100;Jr Part In EPICS;202520;Spring 2025;041;15314;Khalifah, Susan M.;80.0%;6.7%;6.7%;;;;;;;;;;;;;;;;;;;;6.7%;
FLM;FLM-Film & Video;24100;Foundations Cinema Production;202520;Spring 2025;001;25016;Sklar, Jeremy F.;8.2%;8.2%;75.5%;;;;;;;;;;;;6.1%;;;;;;;;2.0%;
;;32100;Live Prod I: Thtr, Mus, Arts;202520;Spring 2025;001;29054;Chastain, Bobby L.;91.7%;;;;;;;;;;;;;;8.3%;;;;;;;;;
;;32300;Live Prod I: Wntr/Sprng Sports;202520;Spring 2025;001;29065;Palm, Cory W.;53.8%;15.4%;7.7%;;;3.8%;;3.8%;3.8%;;;;;;3.8%;;;;;;;;7.7%;
;;35100;Screenwriting;202520;Spring 2025;001;29045;Sklar, Jeremy F.;5.9%;;88.2%;;;;;;;;;;;;;;;;;;;;5.9%;
;;36100;Cinematography;202520;Spring 2025;001;29052;Chastain, Bobby L.;72.2%;11.1%;5.6%;;5.6%;;;5.6%;;;;;;;;;;;;;;;;
;;37100;Editing I;202520;Spring 2025;001;29053;Chastain, Bobby L.;55.6%;;;;16.7%;5.6%;5.6%;5.6%;;;5.6%;;;;;;;;;;;;5.6%;
;;42300;Live Prod II: Wntr/Sprg Sports;202520;Spring 2025;001;29089;Cummings, Mccarty L.;;;92.3%;;;7.7%;;;;;;;;;;;;;;;;;;
;;44200;Directing Short Film;202520;Spring 2025;001;29098;Zink, Jason W.;86.7%;;;;6.7%;;;;;;6.7%;;;;;;;;;;;;;
;;49103;Manga And Anime;202520;Spring 2025;001;31535;Bassoe, Pedro T.;26.7%;;20.0%;;;20.0%;6.7%;;6.7%;13.3%;;;;;6.7%;;;;;;;;;
;;49104;Commercials & Marketing;202520;Spring 2025;002;29050;Cabral, William F.;7.1%;;92.9%;;;;;;;;;;;;;;;;;;;;;
;;49108;90s Independent Cinema;202520;Spring 2025;001;30704;Zink, Jason W.;42.9%;17.1%;;;5.7%;8.6%;5.7%;2.9%;;2.9%;2.9%;2.9%;;;5.7%;;;;;;;;2.9%;
;;;90s Independent Cinema-Honors;202520;Spring 2025;001;30704;Zink, Jason W.;100.0%;;;;;;;;;;;;;;;;;;;;;;;
FNR;FNR-Forestry&Natural Resources;12500;Environmental Scienc & Conserv;202520;Spring 2025;001;10288;Ruhl, Patrick J.;13.4%;14.9%;6.0%;;14.9%;9.0%;13.4%;9.0%;6.0%;4.5%;1.5%;;3.0%;;;;;;;;;;4.5%;
;;20100;Marine Biology;202520;Spring 2025;001;29480;Christie, Mark R.;11.1%;12.5%;5.6%;;13.9%;6.9%;11.1%;11.1%;1.4%;6.9%;;2.8%;5.6%;;1.4%;;1.4%;2.8%;;;;;5.6%;
;;21000;Nat Res Info Mgmt;202520;Spring 2025;007;19844;Hardiman, Brady S.;19.0%;7.9%;38.9%;;4.8%;6.3%;4.0%;0.8%;1.6%;5.6%;0.8%;2.4%;2.4%;;3.2%;;;;;;;;2.4%;
;;25150;Ecol & Sys Mammals & Birds;202520;Spring 2025;001;16235;Ruhl, Patrick J.;4.4%;9.7%;;;16.8%;13.3%;8.8%;10.6%;10.6%;13.3%;2.7%;0.9%;3.5%;;1.8%;;;;;;;;3.5%;
;;;Ecol &Sys Mammals&Birds-Honors;202520;Spring 2025;001;16235;Ruhl, Patrick J.;;;;;;50.0%;;;;50.0%;;;;;;;;;;;;;;
;;25250;Lab Ecol&Sys Mammals &Birds;202520;Spring 2025;001;16238;Brent, Rachel I.;8.3%;;16.7%;;8.3%;8.3%;;16.7%;16.7%;;8.3%;;;;8.3%;;;;;;;;8.3%;
;;;;;;003;16244;Brent, Rachel I.;30.8%;7.7%;53.8%;;;;;;;;;;;;;;;;;;;;7.7%;
;;;;;;007;21849;Brent, Rachel I.;;21.4%;14.3%;;21.4%;7.1%;7.1%;7.1%;;7.1%;7.1%;;;;7.1%;;;;;;;;;
;;;;;;008;21850;Brent, Rachel I.;13.3%;6.7%;46.7%;;;13.3%;;;;;;;;;;;;;;;;;20.0%;
;;;;;;010;32315;Brent, Rachel I.;21.4%;7.1%;35.7%;;21.4%;;7.1%;7.1%;;;;;;;;;;;;;;;;
;;30200;Global Sustainability Issues;202520;Spring 2025;001;16196;Haviarova, Eva;83.3%;5.6%;;;5.6%;;;;;;;;;;5.6%;;;;;;;;;
;;30500;Conservation Genetics;202520;Spring 2025;001;27212;Dewoody, James A.;19.0%;;;;53.4%;;;19.0%;;;6.9%;;;;;;;;;;;;1.7%;
;;31110;Ident & Basic Prop Wood;202520;Spring 2025;001;10225;Haviarova, Eva;50.0%;25.0%;;;8.3%;;16.7%;;;;;;;;;;;;;;;;;
;;33350;Applied Fire Ecology;202520;Spring 2025;002;32020;Brooke, Jarred M.;33.3%;14.3%;;;14.3%;4.8%;19.0%;;4.8%;4.8%;;;4.8%;;;;;;;;;;;
;;34800;Wildlife Invest Tecniq;202520;Spring 2025;005;52847;Ruhl, Patrick J.;11.6%;14.0%;;;20.9%;;25.6%;11.6%;4.7%;7.0%;2.3%;;;;2.3%;;;;;;;;;
;;35150;Aquatic Sampling Techniques II;202520;Spring 2025;001;31536;Sepulveda, Maria S.;10.3%;10.3%;;;37.9%;6.9%;10.3%;6.9%;3.4%;3.4%;3.4%;;6.9%;;;;;;;;;;;
;;35300;Nat Res Measurement;202520;Spring 2025;001;19862;Fei, Songlin;22.7%;22.7%;;;9.1%;9.1%;9.1%;13.6%;;;;4.5%;4.5%;;4.5%;;;;;;;;;
;;35500;Quant Methods Res Mgrs;202520;Spring 2025;001;15750;Mitra, Ankita;40.0%;6.7%;13.3%;;20.0%;6.7%;6.7%;;;;;;;;6.7%;;;;;;;;;
;;37500;Human Dimensions Of NR;202520;Spring 2025;001;19867;Johnson, Nathanael S.;60.9%;;9.1%;;10.9%;2.7%;11.8%;0.9%;0.9%;0.9%;;;;;0.9%;;;;;;;;0.9%;
;;38400;Stats For Natural Resources;202520;Spring 2025;005;15751;Ruhl, Patrick J.;4.3%;10.1%;;;34.8%;15.9%;5.8%;8.7%;5.8%;2.9%;4.3%;2.9%;;;4.3%;;;;;;;;;
;;38500;Fish Biology And Ecology;202520;Spring 2025;001;11383;Goforth, Reuben R.;20.7%;37.9%;3.4%;;10.3%;3.4%;10.3%;;;10.3%;;;;;;;;;;;;;3.4%;
;;40700;Forest Economics;202520;Spring 2025;001;19869;Zhou, Mo;11.1%;61.1%;;;5.6%;;22.2%;;;;;;;;;;;;;;;;;
;;40910;Forest Resources Management;202520;Spring 2025;001;31149;Zhou, Mo;93.3%;;;;;;;;;;;;;;;6.7%;;;;;;;;
;;41910;Furnitur Prod Dev&Strength Dsg;202520;Spring 2025;002;30943;Haviarova, Eva;27.3%;;36.4%;;;;36.4%;;;;;;;;;;;;;;;;;
;;43200;Human-Wildlife Conflicts;202520;Spring 2025;002;15643;Humberg, Lee A.;25.0%;30.0%;;;10.0%;5.0%;25.0%;;;5.0%;;;;;;;;;;;;;;
;;43300;Forestry Grand Challenges;202520;Spring 2025;001;18390;Jenkins, Michael A.;15.4%;38.5%;15.4%;;15.4%;;7.7%;;7.7%;;;;;;;;;;;;;;;
;;45300;Fish Physiology;202520;Spring 2025;001;32443;Brown, Paul B.;6.3%;37.5%;25.0%;;6.3%;;18.8%;;;;;;;;;;;;;;;;6.3%;
;;45800;Advanced Marine Biology;202520;Spring 2025;001;17761;Goforth, Reuben R.;29.6%;7.4%;3.7%;;11.1%;7.4%;11.1%;;3.7%;11.1%;3.7%;;3.7%;;;;;;;;;;7.4%;
;;50600;Thry&App Ntrl Resrc Ext Prog;202520;Spring 2025;001;17015;Macgowan, Brian J.;96.0%;;;;4.0%;;;;;;;;;;;;;;;;;;;
;;52900;Disease Ecology;202520;Spring 2025;102;18498;Hoverman, Jason T.;30.8%;;7.7%;;23.1%;;15.4%;7.7%;;7.7%;7.7%;;;;;;;;;;;;;
;;57000;Amphibian Eco And Conservation;202520;Spring 2025;001;30972;Hoverman, Jason T.;53.3%;;6.7%;;26.7%;;;6.7%;;6.7%;;;;;;;;;;;;;;
;;59000;Intro Teach Nat Resources;202520;Spring 2025;001;18339;Flaherty, Elizabeth A.;21.4%;7.1%;71.4%;;;;;;;;;;;;;;;;;;;;;
FR;FR-French;10100;French Level I;202520;Spring 2025;008;21211;Egere, Chinaza J.;15.0%;10.0%;20.0%;5.0%;30.0%;5.0%;10.0%;;;5.0%;;;;;;;;;;;;;;
;;;;;;009;25928;Egere, Chinaza J.;5.9%;11.8%;5.9%;5.9%;11.8%;5.9%;11.8%;;5.9%;;;;5.9%;;5.9%;;;11.8%;;;;;11.8%;
;;;;;;010;22805;Kpetsu, Shalom A.;20.0%;5.0%;35.0%;;10.0%;10.0%;;;5.0%;;;;;;5.0%;;;;;;;;10.0%;
;;10200;French Level II;202520;Spring 2025;016;19963;Megbulem, Sandra N.;30.0%;15.0%;;;15.0%;;10.0%;;;5.0%;5.0%;;5.0%;;;;;;;;;;15.0%;
;;;;;;019;19966;Adesuyan, Bankole I.;23.5%;17.6%;11.8%;;5.9%;;11.8%;;5.9%;;;;5.9%;;5.9%;;;;;;;;11.8%;
;;20100;French Level III;202520;Spring 2025;002;19971;Ben Hadj Ben M'Barek, Emmanuelle;;15.8%;5.3%;5.3%;;10.5%;5.3%;5.3%;10.5%;10.5%;;;5.3%;;10.5%;;;;;;;;15.8%;
;;;;;;004;19973;Ben Hadj Ben M'Barek, Emmanuelle;19.0%;;4.8%;;19.0%;9.5%;9.5%;;;23.8%;;;;;4.8%;4.8%;4.8%;;;;;;;
;;;;;;005;15774;Ben Hadj Ben M'Barek, Emmanuelle;5.0%;5.0%;;;25.0%;;10.0%;15.0%;5.0%;5.0%;5.0%;;10.0%;;5.0%;;;;;;;;10.0%;
;;20200;French Level IV;202520;Spring 2025;003;15776;Oloore, Nafiu O.;8.0%;16.0%;20.0%;;8.0%;24.0%;8.0%;4.0%;4.0%;4.0%;;;4.0%;;;;;;;;;;;
;;;;;;004;15777;Oloore, Nafiu O.;33.3%;16.7%;;;11.1%;;;5.6%;11.1%;22.2%;;;;;;;;;;;;;;
;;21200;Intermed French Conversation;202520;Spring 2025;001;15779;Valero Pena, Ana Isabel;16.7%;;66.7%;;;;8.3%;;;;;;;;8.3%;;;;;;;;;
;;24100;Intro Study French Lit;202520;Spring 2025;001;19679;Veldwachter, Germina N.;15.4%;23.1%;;;23.1%;15.4%;;7.7%;7.7%;;;;7.7%;;;;;;;;;;;
;;30100;French Level V;202520;Spring 2025;006;27085;Valero Pena, Ana Isabel;56.3%;25.0%;6.3%;;;;6.3%;;;;;;;;6.3%;;;;;;;;;
;;;French Level V-Honors;202520;Spring 2025;006;27085;Valero Pena, Ana Isabel;;;100.0%;;;;;;;;;;;;;;;;;;;;;
;;30200;French Level VI;202520;Spring 2025;003;26397;Valero Pena, Ana Isabel;6.3%;12.5%;18.8%;;6.3%;;18.8%;12.5%;;6.3%;;6.3%;6.3%;;6.3%;;;;;;;;;
;;32300;French For Engineering;202520;Spring 2025;001;29979;Valero Pena, Ana Isabel;9.1%;27.3%;18.2%;9.1%;;;36.4%;;;;;;;;;;;;;;;;;
FS;FS-Food Science;16100;Science Of Food;202520;Spring 2025;001;10409;Cho, Young-Hee;36.8%;24.8%;2.6%;;9.4%;4.3%;12.0%;3.4%;;2.6%;0.9%;0.9%;1.7%;;;;;;;;;;0.9%;
;;16200;Intro Food Processing;202520;Spring 2025;001;11910;Mishra, Dharmendra K.;29.4%;;11.8%;;5.9%;5.9%;5.9%;;;;;;;;;;;35.3%;;;;;5.9%;
;;16300;Intro To Ferment Sci-Honors;202520;Spring 2025;001;10215;San Martin-Gonzalez, Maria F.;100.0%;;;;;;;;;;;;;;;;;;;;;;;
;;;Intro To Fermentation Sci;202520;Spring 2025;001;10215;San Martin-Gonzalez, Maria F.;83.9%;;;;9.7%;;;;;;;;;;;;;;;;;;6.5%;
;;24500;Food Packaging;202520;Spring 2025;001;20018;Mauer, Lisa J.;74.3%;5.7%;8.6%;;2.9%;;2.9%;;;;2.9%;;;;2.9%;;;;;;;;;
;;34000;Intro Food Law & Regs;202520;Spring 2025;001;20021;Hamaker, Bruce R.;50.0%;5.6%;8.3%;;16.7%;5.6%;8.3%;2.8%;2.8%;;;;;;;;;;;;;;;
;;43500;Sensory Science;202520;Spring 2025;004;68242;Liceaga, Andrea M.;17.1%;5.7%;8.6%;;31.4%;11.4%;2.9%;8.6%;;8.6%;2.9%;;2.9%;;;;;;;;;;;
;;44300;Food Product Design (Capstone);202520;Spring 2025;001;20026;Liceaga, Andrea M.;91.9%;8.1%;;;;;;;;;;;;;;;;;;;;;;
;;45300;Food Chemistry;202520;Spring 2025;001;20028;Reddivari, Lavanya;30.2%;20.9%;4.7%;;14.0%;2.3%;18.6%;2.3%;2.3%;4.7%;;;;;;;;;;;;;;
;;45400;Food Chemistry Lab;202520;Spring 2025;003;10382;Kim, Kee Hong;100.0%;;;;;;;;;;;;;;;;;;;;;;;
;;;;;;004;22076;Kim, Kee Hong;100.0%;;;;;;;;;;;;;;;;;;;;;;;
;;46700;Food Analysis;202520;Spring 2025;001;15784;Wang, Weicang;15.2%;12.1%;27.3%;;15.2%;9.1%;9.1%;;6.1%;6.1%;;;;;;;;;;;;;;
;;46900;Food Analysis Laboratory;202520;Spring 2025;001;49503;Cho, Young-Hee;25.0%;6.3%;6.3%;;25.0%;6.3%;31.3%;;;;;;;;;;;;;;;;;
;;;;;;002;49504;Cho, Young-Hee;29.4%;17.6%;;;23.5%;;17.6%;;5.9%;5.9%;;;;;;;;;;;;;;
;;47000;Wine Appreciation;202520;Spring 2025;001;28271;Butzke, Christian E.;91.1%;;0.1%;;7.1%;;;0.1%;;;;;;;0.2%;;;0.6%;;;;;0.8%;
;;;Wine Appreciation-Honors;202520;Spring 2025;001;28271;Butzke, Christian E.;;;75.0%;;;;;;;;;;;;;;;25.0%;;;;;;
;;49100;SABER Team Research;202520;Spring 2025;010;33256;Lindemann, Stephen R.;81.8%;;;;;;;;;;;;;;;;;;;;;;9.1%;
;;55501;Case Study;202520;Spring 2025;001;11989;Yao, Yuan;100.0%;;;;;;;;;;;;;;;;;;;;;;;
;;59100;Brewing;202520;Spring 2025;014;25666;San Martin-Gonzalez, Maria F.;81.5%;;3.7%;;;;7.4%;;;;;;;;7.4%;;;;;;;;;
;;68400;Food Science Seminar;202520;Spring 2025;002;26910;Reddivari, Lavanya;;;;;;;;;;;;;;;;;1.9%;98.1%;;;;;;
GER;GER-German;10100;German Level I;202520;Spring 2025;001;16473;Hinkel, Irina A.;41.2%;23.5%;;;;11.8%;5.9%;5.9%;;5.9%;;;;;;;;5.9%;;;;;;
;;;;;;002;16474;Hinkel, Irina A.;64.7%;11.8%;5.9%;;;5.9%;5.9%;;;;;;;;5.9%;;;;;;;;;
;;;;;;003;16475;Hinkel, Irina A.;61.5%;7.7%;;;7.7%;;23.1%;;;;;;;;;;;;;;;;;
;;;;;;011;25960;Hinkel, Irina A.;41.2%;11.8%;5.9%;;;;5.9%;5.9%;5.9%;;;;;;;;;;;;;;23.5%;
;;10200;German Level II;202520;Spring 2025;030;13637;Burtscher, Marlene;21.4%;7.1%;;;7.1%;;28.6%;14.3%;7.1%;;;;;;7.1%;;;;;;;;7.1%;
;;;;;;033;14927;Mewald, Anja;45.5%;;9.1%;;;;18.2%;9.1%;9.1%;;;;;;;;;9.1%;;;;;;
;;;;;;034;15806;Baumer, Jason E.;29.4%;5.9%;;11.8%;35.3%;;5.9%;;5.9%;;5.9%;;;;;;;;;;;;;
;;;;;;035;15807;Baumer, Jason E.;21.4%;14.3%;;;14.3%;7.1%;7.1%;7.1%;;14.3%;;;;;;;;7.1%;;;;;7.1%;
;;11200;Elem German Conversation;202520;Spring 2025;001;15813;Mewald, Anja;13.3%;6.7%;53.3%;;13.3%;;;;;;;;;;;;;;;;;;13.3%;
;;20100;German Level III;202520;Spring 2025;021;63826;Baumer, Jason E.;42.9%;7.1%;;;14.3%;7.1%;7.1%;;;7.1%;;;7.1%;;;;;;;;;;7.1%;
;;;;;;022;63827;Felten, Vanessa S.;16.7%;41.7%;;;;8.3%;16.7%;;8.3%;;;;;;;;;;;;;;8.3%;
;;;;;;024;69962;Felten, Vanessa S.;38.5%;15.4%;;;15.4%;7.7%;;7.7%;;7.7%;7.7%;;;;;;;;;;;;;
;;20200;German Level IV;202520;Spring 2025;001;20169;Rasajski Sasic, Viseslava;31.3%;12.5%;18.8%;;6.3%;;18.8%;;6.3%;;;;;;;;;;;;;;6.3%;
;;;;;;003;20171;Rasajski Sasic, Viseslava;31.3%;18.8%;25.0%;;12.5%;;6.3%;6.3%;;;;;;;;;;;;;;;;
;;21200;Intermed German Conversation;202520;Spring 2025;001;15818;Mewald, Anja;;33.3%;66.7%;;;;;;;;;;;;;;;;;;;;;
;;28000;Food Cultr In Germn Lang Lands;202520;Spring 2025;001;31887;Rasajski Sasic, Viseslava;57.1%;14.3%;21.4%;;;;;;;;;;;;;;;;;;;;7.1%;
;;30100;German Level V;202520;Spring 2025;001;52444;Rathmann, Marc O.;38.5%;7.7%;;;30.8%;;;7.7%;;7.7%;7.7%;;;;;;;;;;;;;
;;;German Level V-Honors;202520;Spring 2025;001;52444;Rathmann, Marc O.;;;;;;;100.0%;;;;;;;;;;;;;;;;;
;;30200;German Level VI;202520;Spring 2025;002;25963;Rathmann, Marc O.;40.0%;20.0%;;;26.7%;;;;;6.7%;;;;;6.7%;;;;;;;;;
;;31200;Advanced German Conversation;202520;Spring 2025;001;15830;Mewald, Anja;7.1%;;85.7%;;;;;;;;;;;;;;;;;;;;7.1%;
;;33000;German Cinema;202520;Spring 2025;003;15840;Allert, Beate I.;41.9%;11.6%;25.6%;;4.7%;2.3%;7.0%;2.3%;2.3%;;;;;;;;;;;;;;2.3%;
;;;German Cinema-Honors;202520;Spring 2025;003;15840;Allert, Beate I.;50.0%;;50.0%;;;;;;;;;;;;;;;;;;;;;
GRAD;GRAD-Graduate Studies;50100;PULSe Scient Communic;202520;Spring 2025;001;68934;Springer, Lindsey B.;3.8%;3.8%;88.5%;;;;;;;;;;;;;;;;;;;;3.8%;
;;59000;ESE Coll/Seminar II;202520;Spring 2025;034;24457;Lee, Linda S.;100.0%;;;;;;;;;;;;;;;;;;;;;;;
;;;Laboratory Rotation;202520;Spring 2025;013;45722;Springer, Lindsey B.;;;;;;;;;;;;;;;;;;100.0%;;;;;;
;;61200;Responsible Conduct Of Resrch;202520;Spring 2025;001;54332;Mohler, James L.;100.0%;;;;;;;;;;;;;;;;;;;;;;;
;;;;;;003;54330;Mohler, James L.;96.3%;;;;3.7%;;;;;;;;;;;;;;;;;;;
;;;;;;004;54331;Szymanski, Daniel B.;87.0%;;;;13.0%;;;;;;;;;;;;;;;;;;;
;;68900;CSE Seminar;202520;Spring 2025;004;47115;Prakash, Arun;;;;;;;;;;;;;;;;;;100.0%;;;;;;
;;69900;Research PhD Thesis;202520;Spring 2025;001;29024;Stahelin, Robert V.;;;;;;;;;;;;;;;;;;;;100.0%;;;;
GS;GS-General Studies;11900;Intro Acad Prog-Purdue;202520;Spring 2025;001;18388;Vana, Edward S.;;;;;;;;;;;;;;;;;30.0%;60.0%;;;;;10.0%;
;;19501;Preparing For UG Research Expr;202520;Spring 2025;001;23139;Sadler, James J.;81.5%;;;;3.7%;;;;;;;;;;3.7%;;;;;;;;11.1%;
;;21000;Leadership Development Seminar;202520;Spring 2025;001;54825;Webb, Alison A.;13.6%;4.5%;77.3%;;;;4.5%;;;;;;;;;;;;;;;;;
;;;;;;003;54827;Johnson, Whitney D.;68.0%;4.0%;20.0%;;;4.0%;4.0%;;;;;;;;;;;;;;;;;
;;;;;;005;54829;Rickett, Jacqueline A.;7.1%;;89.3%;;;;3.6%;;;;;;;;;;;;;;;;;
;;;;;;008;55920;Roskos, Abigaile I.;;;90.5%;;4.8%;;4.8%;;;;;;;;;;;;;;;;;
;;;;;;009;59923;Loomis, Adina B.;37.5%;;62.5%;;;;;;;;;;;;;;;;;;;;;
;;;;;;010;15861;Smith, Margaret J.;17.9%;3.6%;75.0%;;;;3.6%;;;;;;;;;;;;;;;;;
;;29501;Understand UG Research Exper;202520;Spring 2025;002;26555;Sadler, James J.;;;;;;;;;;;;;;;;;;;;;;;;100.0%
;;39501;Understanding UG Res Exp II;202520;Spring 2025;SC1;23140;Sadler, James J.;86.5%;;;;3.8%;;;5.8%;;;;;;;1.9%;;;;;;;;1.9%;
;;49000;Law School Exploration;202520;Spring 2025;117;12266;Gosney, Cristy R.;;;;;;;;;;;;;;;;;5.7%;94.3%;;;;;;
;;49501;Beyond Undergraduate Research;202520;Spring 2025;001;14291;Sadler, James J.;87.0%;;;;5.6%;;;;;;;;;;3.7%;;;1.9%;;;;;1.9%;
GSLA;GSLA-Global Studies Lib Arts;10100;Global Awareness;202520;Spring 2025;001;15894;Smythe, Stacey A.;13.3%;6.7%;6.7%;;13.3%;;20.0%;;6.7%;13.3%;;;;;6.7%;;;;;;;;13.3%;
;;30100;Theories Of Global Studies;202520;Spring 2025;001;31121;Ford, O.T.;20.0%;40.0%;6.7%;;6.7%;;13.3%;;;13.3%;;;;;;;;;;;;;;
HDFS;HDFS-Human Dev & Family Sci;10000;Orientat Curr Hum Dev&Fam Sci;202520;Spring 2025;001;23388;Elias, Cezanne M.;85.0%;;;;;10.0%;;;;;;;5.0%;;;;;;;;;;;
;;;;;;002;25163;Rosselot Wilkins, Jennifer M.;90.9%;;;;;;;;;9.1%;;;;;;;;;;;;;;
;;20100;Intro To Relatship & Fam Sci;202520;Spring 2025;002;23938;Rhodes-Carlson, Janet M.;69.8%;8.3%;;;4.2%;2.1%;10.4%;2.1%;1.0%;1.0%;;;;;;;;;;;;;1.0%;
;;;;;;003;23940;Shrout, Marsella R.;25.8%;15.3%;37.9%;;4.0%;4.0%;8.1%;0.8%;;2.4%;;;0.8%;;;;;;;;;;0.8%;
;;;Intro To Relatshp&Fam Sci-Hnrs;202520;Spring 2025;003;23940;Shrout, Marsella R.;;;;;;100.0%;;;;;;;;;;;;;;;;;;
;;21000;Intro Human Devlpment;202520;Spring 2025;001;10403;Elenbaas, Laura M.;40.0%;15.1%;23.1%;;6.2%;4.0%;6.7%;1.8%;0.4%;1.3%;;;0.4%;;;;;;;;;;0.9%;
;;;;;;002;68942;Rhodes-Carlson, Janet M.;27.5%;20.4%;20.4%;;6.3%;4.2%;5.6%;1.4%;2.8%;4.9%;2.8%;;;;1.4%;;;;;;;;2.1%;
;;22500;Human Devlpmt Across Cultures;202520;Spring 2025;001;30084;Taylor, Zoe E.;32.0%;20.0%;12.0%;;12.0%;4.0%;4.0%;4.0%;;8.0%;;;;;4.0%;;;;;;;;;
;;28000;Divrsty Individual & Fam Life;202520;Spring 2025;002;11672;Atkin, Annabelle L.;7.0%;7.0%;66.7%;;1.8%;;10.5%;;;;3.5%;;;;1.8%;;;;;;;;1.8%;
;;;;;;006;17552;Rhodes-Carlson, Janet M.;23.4%;14.9%;29.8%;;6.4%;6.4%;6.4%;4.3%;2.1%;;;2.1%;;;2.1%;;;;;;;;2.1%;
;;;Divrsty Indvdl&Fam Life-Honors;202520;Spring 2025;002;11672;Atkin, Annabelle L.;;;100.0%;;;;;;;;;;;;;;;;;;;;;
;;31000;Guidance Early Child;202520;Spring 2025;001;62477;Harbin, Shawna G.;37.9%;17.2%;31.0%;;6.9%;;;;;;;;;;3.4%;;;;;;;;3.4%;
;;31100;Child Development;202520;Spring 2025;001;15875;Marks, Rebecca A.;36.7%;12.2%;4.1%;;10.2%;4.1%;14.3%;6.1%;2.0%;6.1%;2.0%;;;;;;;;;;;;2.0%;
;;;;;;002;10537;Nichols, Deborah L.;53.3%;1.7%;35.0%;;;;3.3%;;1.7%;;;;;;1.7%;1.7%;;;;;;;1.7%;
;;31300;Adolescent Development;202520;Spring 2025;001;15879;Robbins, Paul A.;55.0%;18.3%;3.3%;;3.3%;1.7%;10.0%;3.3%;;1.7%;;;;;;;;;;;;;3.3%;
;;31400;Atypical Child Development;202520;Spring 2025;001;10111;Schwichtenberg, Amy J.;38.2%;18.2%;10.9%;;5.5%;5.5%;9.1%;3.6%;;3.6%;1.8%;;;;1.8%;1.8%;;;;;;;;
;;32500;Hlth Care Child & Fam;202520;Spring 2025;001;62502;Moding, Kameron J.;28.1%;10.5%;54.4%;;5.3%;;;;;;;1.8%;;;;;;;;;;;;
;;;Hlth Care Child & Fam-Honors;202520;Spring 2025;001;62502;Moding, Kameron J.;;;100.0%;;;;;;;;;;;;;;;;;;;;;
;;33000;Sexuality And Family Life;202520;Spring 2025;002;22718;Elias, Cezanne M.;66.7%;19.4%;;;11.1%;;;;;;;;;;;;;;;;;;2.8%;
;;33100;Skill Help Professnals;202520;Spring 2025;003;15883;Quichocho, Davina N.;26.1%;26.1%;;;17.4%;;13.0%;;;;4.3%;;;;8.7%;;;;;;;;4.3%;
;;33200;Stress Coping Contemp Families;202520;Spring 2025;001;11029;Updegraff, Kimberly A.;14.3%;33.3%;21.4%;;4.8%;7.1%;9.5%;;2.4%;;;2.4%;;;2.4%;;;;;;;;2.4%;
;;34100;Working With Parents;202520;Spring 2025;001;62507;Knox, Marissa C.;30.5%;18.6%;23.7%;;8.5%;3.4%;6.8%;3.4%;1.7%;;1.7%;;;;1.7%;;;;;;;;;
;;34300;Assessment And Case Mangement;202520;Spring 2025;001;10105;Watkins, Natasha D.;52.6%;;;;15.8%;;5.3%;5.3%;;15.8%;;;;;;;;;;;;;5.3%;
;;34600;Rsrch Design & Prog Evaluation;202520;Spring 2025;001;62509;Macneill, Leigha A.;7.7%;30.8%;7.7%;;7.7%;7.7%;23.1%;;;;;;;;7.7%;;;;;;;;7.7%;
;;39000;Appl Of Mindfulness & Cmpssn;202520;Spring 2025;042;16918;Knox, Marissa C.;22.9%;11.4%;51.4%;2.9%;8.6%;;;;;;;;;;2.9%;;;;;;;;;
;;40600;Math Preschl & Primary Grades;202520;Spring 2025;018;62545;Eason, Sarah H.;53.3%;13.3%;33.3%;;;;;;;;;;;;;;;;;;;;;
;;40900;Sci In Presch & Primary Grades;202520;Spring 2025;001;62546;Harbin, Shawna G.;20.0%;;80.0%;;;;;;;;;;;;;;;;;;;;;
;;41200;Prof & Music Mvmnt Early Child;202520;Spring 2025;001;62547;Purcell, Megan L.;57.1%;;;;19.0%;9.5%;4.8%;;;;;;;;4.8%;;;;;;;;4.8%;
;;41500;Apprch Early Child Ed;202520;Spring 2025;001;10106;Schlesinger-Devlin, Elizabeth C.;80.0%;13.3%;;;;;6.7%;;;;;;;;;;;;;;;;;
;;60000;Fam & Hlth Across Life Course;202520;Spring 2025;001;24624;Franks, Melissa M.;86.7%;13.3%;;;;;;;;;;;;;;;;;;;;;;
;;60400;Development & Family Diversity;202520;Spring 2025;001;25045;Atkin, Annabelle L.;38.5%;7.7%;38.5%;;7.7%;;7.7%;;;;;;;;;;;;;;;;;
;;64900;Multidisciplinary Gerontology;202520;Spring 2025;001;25189;Friedman, Elliot M.;83.3%;11.1%;;;;;5.6%;;;;;;;;;;;;;;;;;
;;69700;Graduate Student Colloquium;202520;Spring 2025;001;68712;Posada, German E.;95.7%;;;;;;;;;;;;;;4.3%;;;;;;;;;
HHS;HHS-College Health & Human Sci;10100;Intro To Health & Human Sci;202520;Spring 2025;001;25008;Harris, Jason T.;57.1%;21.4%;7.1%;;;;7.1%;;;;;;;;7.1%;;;;;;;;;
HIST;HIST-History;10300;Intro To Medieval Wrld;202520;Spring 2025;001;15919;Mitchell, Silvia Z.;13.5%;10.1%;40.4%;;3.4%;;6.7%;9.0%;1.1%;2.2%;1.1%;;;;3.4%;;;;;;;;9.0%;
;;10400;Intro To Modern World;202520;Spring 2025;006;16500;Fleetham, Deborah L.;13.6%;18.2%;;;25.0%;6.8%;15.9%;;;4.5%;2.3%;;;;11.4%;;;;;;;;2.3%;
;;;;;;007;69202;Fleetham, Deborah L.;21.4%;26.2%;;;14.3%;2.4%;16.7%;4.8%;;;2.4%;;;;7.1%;;;;;;;;4.8%;
;;;;;;008;69204;Bouquet, Dorothee M.;36.0%;2.0%;38.0%;;4.0%;2.0%;8.0%;4.0%;;;2.0%;;;;2.0%;;;;;;;;2.0%;
;;;;;;009;69205;Bouquet, Dorothee M.;20.0%;6.0%;60.0%;;2.0%;4.0%;4.0%;;2.0%;;;;;;2.0%;;;;;;;;;
;;;;;;010;69206;Bouquet, Dorothee M.;17.4%;8.7%;56.5%;;;2.2%;4.3%;;;2.2%;;2.2%;;;2.2%;;;;;;;;4.3%;
;;;;;;011;69827;Fleetham, Deborah L.;20.9%;20.9%;;;11.6%;2.3%;37.2%;2.3%;2.3%;2.3%;;;;;;;;;;;;;;
;;;;;;Y02;57223;Bouquet, Dorothee M.;50.0%;4.2%;41.7%;;2.1%;;2.1%;;;;;;;;;;;;;;;;;
;;10500;Global History;202520;Spring 2025;001;23939;De La Fuente, Ariel E.;40.8%;;;;22.9%;;;13.9%;;;3.0%;;;;5.5%;;;;;;;;13.9%;
;;15100;Amer Hist To 1877;202520;Spring 2025;001;20252;Gaarder, Renee D.;3.4%;9.7%;4.0%;;18.8%;10.8%;9.7%;9.7%;4.0%;10.2%;4.0%;2.3%;2.3%;;5.7%;;;;;;;;5.7%;
;;;;;;003;15923;Soucek, Jonathan D.;51.9%;9.6%;17.3%;;1.9%;;7.7%;;;1.9%;;;;;7.7%;;;;;;;;1.9%;
;;15200;U S Since 1877;202520;Spring 2025;001;15924;Bynum, Cornelius L.;27.1%;25.7%;18.3%;;7.8%;4.1%;8.3%;;0.9%;0.9%;;;0.9%;;1.8%;;;0.5%;;;;;3.7%;
;;;;;;003;15929;Lindey, Devan C.;39.3%;4.9%;21.3%;;6.6%;3.3%;14.8%;1.6%;1.6%;;;;;;4.9%;1.6%;;;;;;;;
;;;;;;004;13458;Logsdon, Zachary T.;13.3%;26.7%;4.4%;;13.3%;11.1%;17.8%;4.4%;4.4%;2.2%;2.2%;;;;;;;;;;;;;
;;;;;;Y02;66487;Soucek, Jonathan D.;36.0%;12.0%;30.0%;;8.0%;;4.0%;;2.0%;4.0%;;;;;;;;;;;;;4.0%;
;;;;;;Y03;12771;Soucek, Jonathan D.;28.0%;10.0%;40.0%;;4.0%;2.0%;2.0%;4.0%;;;;;;;6.0%;;;2.0%;;;;;2.0%;
;;;;;;Y04;12773;Lindey, Devan C.;32.3%;16.1%;32.3%;;4.8%;;;4.8%;1.6%;1.6%;;;;;1.6%;;;1.6%;;;;;3.2%;
;;;;;;Y05;12790;Lindey, Devan C.;41.9%;4.8%;32.3%;;8.1%;4.8%;;3.2%;;1.6%;;;;;1.6%;;;;;;;;1.6%;
;;;U S Since 1877-Honors;202520;Spring 2025;Y04;12773;Lindey, Devan C.;;;100.0%;;;;;;;;;;;;;;;;;;;;;
;;23900;Hist Russia 1861-Pres;202520;Spring 2025;001;24660;Smith, Michael G.;16.1%;12.9%;9.7%;;9.7%;3.2%;25.8%;3.2%;;;;;;;3.2%;;;;;;;;16.1%;
;;24100;East Asia Modern World;202520;Spring 2025;001;15934;Kong, Xuening;52.3%;18.2%;;;4.5%;;4.5%;6.8%;;2.3%;;;;;9.1%;;;;;;;;2.3%;
;;24300;South Asia Hist & Civ;202520;Spring 2025;001;23751;Bhattacharya, Tithi;11.5%;11.5%;7.7%;;11.5%;15.4%;3.8%;;;7.7%;3.8%;;;;7.7%;;;;;;;;19.2%;
;;27200;Intro To Modern Latin America;202520;Spring 2025;001;69376;De La Fuente, Ariel E.;46.2%;;;;23.1%;;;11.5%;;;3.8%;;;;3.8%;;;;;;;;11.5%;
;;28400;The Computer Age;202520;Spring 2025;001;24226;Loeb, Zachary M.;22.2%;;50.0%;;16.7%;5.6%;;5.6%;;;;;;;;;;;;;;;;
;;30200;Bible & Early Intrpret;202520;Spring 2025;014;27578;Dodson, Joseph R.;41.7%;8.3%;8.3%;;8.3%;;8.3%;;25.0%;;;;;;;;;;;;;;;
;;30505;The US In World 1898-Present;202520;Spring 2025;001;13950;Atkinson, David C.;33.9%;25.4%;;;16.9%;6.8%;13.6%;;1.7%;;1.7%;;;;;;;;;;;;;
;;30605;Technology & War In US History;202520;Spring 2025;001;69380;Loeb, Zachary M.;32.5%;9.9%;35.0%;0.5%;7.9%;2.0%;5.4%;2.5%;1.5%;0.5%;;;;;;;;0.5%;;;;;2.0%;
;;30701;Hist Artif Intell:Minds & Mach;202520;Spring 2025;001;24166;Mendon-Plasek, Aaron L.;8.9%;11.1%;;;15.6%;13.3%;20.0%;4.4%;;8.9%;;;;;;8.9%;;;;;;;8.9%;
;;31305;Medical Devices And Innovation;202520;Spring 2025;001;23581;Labonte, Michelle L.;72.4%;9.5%;;;5.7%;;4.8%;1.0%;;2.9%;;;;;2.9%;;;1.0%;;;;;;
;;33805;History Of Human Rights;202520;Spring 2025;001;69375;Klein-Pejsova, Rebekah A.;25.3%;10.7%;41.3%;;5.3%;;6.7%;2.7%;1.3%;;;;;;5.3%;1.3%;;;;;;;;
;;;History Of Human Rights-Honors;202520;Spring 2025;001;69375;Klein-Pejsova, Rebekah A.;;;100.0%;;;;;;;;;;;;;;;;;;;;;
;;34400;Hist Of Modern Japan;202520;Spring 2025;001;23587;Wijeyeratne, Nissanka S.;20.3%;33.9%;18.6%;;5.1%;1.7%;8.5%;;1.7%;3.4%;;1.7%;;;;;;;;;;;5.1%;
;;35205;Death, Disease & Medicine;202520;Spring 2025;001;23576;Kline, Wendy K.;57.3%;16.9%;;;6.7%;4.5%;7.9%;;;1.1%;;;1.1%;;;;;1.1%;;;;;3.4%;
;;35500;American Military Aff;202520;Spring 2025;001;23579;Lande, Jonathan S.;52.2%;5.6%;2.2%;;10.0%;5.6%;11.1%;1.1%;1.1%;3.3%;;1.1%;1.1%;;3.3%;;;1.1%;;;;;1.1%;
;;36405;Patient Voices Hist Medicine;202520;Spring 2025;001;23676;Labonte, Michelle L.;62.5%;12.5%;;;8.3%;8.3%;4.2%;4.2%;;;;;;;;;;;;;;;;
;;37005;Queens In Early Modern Europe;202520;Spring 2025;001;30369;Fish, Caroline R.;46.9%;15.6%;12.5%;;9.4%;;3.1%;;6.3%;3.1%;;;;;3.1%;;;;;;;;;
;;37600;History Of Indiana;202520;Spring 2025;001;25018;Cambron, David M.;31.3%;;;;47.9%;;;8.3%;;;4.2%;;;;2.1%;;;;;;;;6.3%;
;;37700;Hist & Cult Native Am;202520;Spring 2025;001;15475;Marsh, Dawn G.;64.4%;;;;20.0%;;;2.2%;;;2.2%;;;;;;;8.9%;;;;;2.2%;
;;38300;Rct Amer Constit Hist;202520;Spring 2025;001;23580;Pitts, Yvonne M.;39.0%;8.5%;;;23.7%;3.4%;8.5%;5.1%;1.7%;8.5%;;;;;;;;;;;;;1.7%;
;;38700;Hist Of The Space Age;202520;Spring 2025;001;11693;Smith, Michael G.;10.3%;18.4%;3.4%;;18.4%;8.0%;31.0%;1.1%;;;;;;;2.3%;;;2.3%;;;;;4.6%;
;;;Hist Of The Space Age-Honors;202520;Spring 2025;001;11693;Smith, Michael G.;;;;;;;100.0%;;;;;;;;;;;;;;;;;
;;39500;Religion On The Move;202520;Spring 2025;002;32829;Fleetham, Deborah L.;46.7%;;;;13.3%;13.3%;6.7%;6.7%;;;;;;;13.3%;;;;;;;;;
;;40800;Dict&Democ Eur1919-45;202520;Spring 2025;001;24233;Bellisari, Andrew H.;16.7%;30.0%;6.7%;;20.0%;;13.3%;3.3%;;3.3%;;;3.3%;;3.3%;;;;;;;;;
;;43900;Communist China;202520;Spring 2025;001;10352;Tillman, Margaret M.;44.8%;20.7%;10.3%;;;6.9%;6.9%;3.4%;3.4%;;;;;;3.4%;;;;;;;;;
;;47005;Women And Health In America;202520;Spring 2025;001;23586;Kline, Wendy K.;47.8%;17.4%;;;8.7%;4.3%;13.0%;4.3%;;4.3%;;;;;;;;;;;;;;
;;;Women&Health In America-Honors;202520;Spring 2025;001;23586;Kline, Wendy K.;100.0%;;;;;;;;;;;;;;;;;;;;;;;
;;49500;The Politics Of Decolonization;202520;Spring 2025;002;23852;Bhattacharya, Tithi;81.8%;18.2%;;;;;;;;;;;;;;;;;;;;;;
;;59500;Holocaust And Genocide;202520;Spring 2025;001;23582;Klein-Pejsova, Rebekah A.;68.8%;6.3%;18.8%;;;;6.3%;;;;;;;;;;;;;;;;;
HK;HK-Health And Kinesiology;10000;Foundations Of Kinesiology;202520;Spring 2025;001;10792;Zelaznik, Howard N.;92.6%;;;;;;5.0%;;;0.8%;;;;;0.8%;;;;;;;;0.8%;
;;13500;Intro Health & Kines;202520;Spring 2025;001;20402;Cavalier, Jocelyn D.;16.1%;12.9%;38.7%;;6.5%;1.6%;4.8%;4.8%;4.8%;1.6%;;;;;6.5%;;;;;;;;1.6%;
;;;;;;002;20403;Treadway, Hannah R.;29.7%;9.4%;45.3%;;7.8%;1.6%;6.3%;;;;;;;;;;;;;;;;;
;;21300;Clin Field Exp Health Fitness;202520;Spring 2025;001;69362;Chrapek, Jason C.;25.0%;;75.0%;;;;;;;;;;;;;;;;;;;;;
;;22200;Found Hlth Fit Prof;202520;Spring 2025;001;25384;Heavrin, Adam M.;96.3%;;;;;;;;;;;;;;;;;;;;;;3.7%;
;;25300;Princ Motor Developmnt;202520;Spring 2025;002;16683;Claxton, Laura J.;35.4%;14.6%;7.3%;;9.4%;5.2%;9.4%;4.2%;5.2%;5.2%;;;3.1%;;;1.0%;;;;;;;;
;;25800;Found Motor Skill Lrng;202520;Spring 2025;001;11694;Zelaznik, Howard N.;67.1%;;;;7.1%;;18.8%;1.2%;3.5%;2.4%;;;;;;;;;;;;;;
;;26300;Biomech Found Mot Skls;202520;Spring 2025;001;20466;Rietdyk, Shirley;19.8%;20.8%;7.3%;;17.7%;9.4%;14.6%;;1.0%;2.1%;;1.0%;2.1%;;;1.0%;;;;;;;3.1%;
;;28500;Fieldwork In Athl Train - Coll;202520;Spring 2025;001;21670;Wilcoxson, Mitsue A.;89.3%;3.6%;;;3.6%;;;;;;;;;;;;;;;;;;3.6%;
;;28600;Fieldwork In Athl Train - Seco;202520;Spring 2025;001;21667;Voll, Craig A.;100.0%;;;;;;;;;;;;;;;;;;;;;;;
;;28700;Fieldwork In Athl Train - Clin;202520;Spring 2025;001;14659;Wilcoxson, Mitsue A.;94.4%;;;;5.6%;;;;;;;;;;;;;;;;;;;
;;30200;App Clin Anatomy;202520;Spring 2025;003;21438;Wilcoxson, Mitsue A.;15.2%;11.1%;;;21.2%;12.1%;13.1%;11.1%;6.1%;6.1%;1.0%;;;;;;;;;;;;3.0%;
;;30800;Athletic Health Care;202520;Spring 2025;001;14517;Voll, Craig A.;93.2%;3.4%;;;1.7%;1.7%;;;;;;;;;;;;;;;;;;
;;;Athletic Health Care-Honors;202520;Spring 2025;001;14517;Voll, Craig A.;100.0%;;;;;;;;;;;;;;;;;;;;;;;
;;32700;Intro To Sports Management;202520;Spring 2025;001;69212;Henderson, Christopher J.;36.8%;26.3%;;;7.9%;2.6%;7.9%;5.3%;2.6%;2.6%;;;;;5.3%;;;;;;;;2.6%;
;;32800;Business Of Professional Sport;202520;Spring 2025;001;69215;Henderson, Christopher J.;35.5%;25.8%;;;16.1%;;9.7%;;3.2%;6.5%;;;;;;;;;;;;;3.2%;
;;36800;Exercise Physiology I;202520;Spring 2025;002;20525;Tesini Roseguini, Bruno;26.5%;9.6%;7.2%;;15.7%;10.8%;14.5%;3.6%;2.4%;4.8%;1.2%;;1.2%;;;;;;;;;;2.4%;
;;37200;Sport Exercise Psy I;202520;Spring 2025;003;60263;Kao, Shih-Chun;30.2%;15.6%;6.3%;;12.5%;9.4%;9.4%;3.1%;2.1%;8.3%;1.0%;;;;;;;;;;;;2.1%;
;;40900;Sem In Sports Med;202520;Spring 2025;001;23401;Voll, Craig A.;93.1%;4.2%;;;2.8%;;;;;;;;;;;;;;;;;;;
;;42100;Health Screening & Evaluation;202520;Spring 2025;001;20569;Heavrin, Adam M.;86.5%;;;;2.7%;;2.7%;;;2.7%;;;;;;;;;;;;;5.4%;
;;42200;Basic Exercise Program Design;202520;Spring 2025;001;20574;Huffield, Adam S.;40.4%;25.5%;;;8.5%;2.1%;12.8%;4.3%;;4.3%;2.1%;;;;;;;;;;;;;
;;42700;Sports Marketing;202520;Spring 2025;001;69216;Henderson, Christopher J.;26.5%;20.6%;;;14.7%;17.6%;11.8%;2.9%;;5.9%;;;;;;;;;;;;;;
;;42800;Sports Facility Event Mgmt;202520;Spring 2025;001;69217;Henderson, Christopher J.;33.3%;9.5%;;;9.5%;;14.3%;;9.5%;9.5%;;4.8%;;;4.8%;;;;;;;;4.8%;
;;45300;Motor Coord & Develop;202520;Spring 2025;001;10401;Claxton, Laura J.;36.4%;9.1%;40.9%;;;;9.1%;4.5%;;;;;;;;;;;;;;;;
;;46500;Research Methods;202520;Spring 2025;001;60373;Klenosky, David B.;64.9%;21.6%;;;2.7%;;2.7%;5.4%;2.7%;;;;;;;;;;;;;;;
;;;;;;002;24535;Fernandes, Igor A.;57.1%;5.7%;;;17.1%;;8.6%;2.9%;;5.7%;;;;;;;;;;;;;2.9%;
;;46800;Adv Exercise Physio II;202520;Spring 2025;001;28262;Hirai, Daniel;;7.7%;46.2%;;23.1%;15.4%;7.7%;;;;;;;;;;;;;;;;;
;;46900;Ex/Test Presc Spec Pop;202520;Spring 2025;001;64947;Huffield, Adam S.;54.8%;3.2%;;;6.5%;6.5%;19.4%;6.5%;;;;;;;3.2%;;;;;;;;;
;;;Ex/Test Presc Spec Pop-Honors;202520;Spring 2025;001;64947;Huffield, Adam S.;100.0%;;;;;;;;;;;;;;;;;;;;;;;
;;47200;Sport Exercise Psy II;202520;Spring 2025;001;10940;Amireault, Steve;25.0%;20.8%;29.2%;;4.2%;8.3%;12.5%;;;;;;;;;;;;;;;;;
;;49000;Global Perspectives Sports Med;202520;Spring 2025;007;20780;Lawrance, Scott E.;100.0%;;;;;;;;;;;;;;;;;;;;;;;
;;;H2F Tactical Performance;202520;Spring 2025;012;33351;Heavrin, Adam M.;70.6%;;;;5.9%;5.9%;11.8%;;;;;;;;;;;;;;;;;5.9%
;;;Pract Exer And Musculoskel Fun;202520;Spring 2025;008;28219;Heavrin, Adam M.;82.5%;10.0%;;;2.5%;;;;;5.0%;;;;;;;;;;;;;;
;;53200;Musculoskeletal Adaptations;202520;Spring 2025;001;23402;Carroll, Chad C.;81.3%;6.3%;;6.3%;;;;6.3%;;;;;;;;;;;;;;;;
;;53500;AT Interventions;202520;Spring 2025;001;20098;Wilcoxson, Mitsue A.;52.0%;40.0%;;;4.0%;;4.0%;;;;;;;;;;;;;;;;;
;;54000;Eval/Mgmt - Spine And Head;202520;Spring 2025;001;20126;Voll, Craig A.;64.0%;8.0%;;;12.0%;;12.0%;;;4.0%;;;;;;;;;;;;;;
;;54200;AT Practicum II;202520;Spring 2025;001;20218;Popp, Jennifer K.;;;;;;;;;;;;;;;;;;96.0%;4.0%;;;;;
;;54500;Therapeutic Modalities;202520;Spring 2025;001;20209;Popp, Jennifer K.;56.0%;32.0%;;;;;12.0%;;;;;;;;;;;;;;;;;
;;55000;Eval/Mgmt - Medical Conditions;202520;Spring 2025;001;20133;Wilcoxson, Mitsue A.;76.0%;24.0%;;;;;;;;;;;;;;;;;;;;;;
;;58300;AT Simulation I;202520;Spring 2025;001;20217;Popp, Jennifer K.;100.0%;;;;;;;;;;;;;;;;;;;;;;;
;;59000;Biomechanics In Sports & Rehab;202520;Spring 2025;055;24245;Ambike, Satyajit S.;47.1%;11.8%;11.8%;;5.9%;;23.5%;;;;;;;;;;;;;;;;;
;;;Clin Assmt & Pract Skills;202520;Spring 2025;066;28798;Hoover, Donald L.;16.7%;33.3%;8.3%;;25.0%;8.3%;8.3%;;;;;;;;;;;;;;;;;
;;;College Sport History;202520;Spring 2025;061;28609;Tutka, Patrick M.;83.3%;;;;;;8.3%;;;;;;;;;;;8.3%;;;;;;
;;;Lifestyle Medicine;202520;Spring 2025;068;29984;Ledman, Cassandra A.;82.4%;2.9%;;;2.9%;2.9%;;2.9%;2.9%;;2.9%;;;;;;;;;;;;;
;;;Principles Of Health Coaching;202520;Spring 2025;057;24249;Ledman, Cassandra A.;80.0%;20.0%;;;;;;;;;;;;;;;;;;;;;;
;;;Sport In Amer Culture;202520;Spring 2025;001;26807;Tutka, Patrick M.;92.3%;7.7%;;;;;;;;;;;;;;;;;;;;;;
HONR;HONR-Honors;19902;Honors First Yr Experience II;202520;Spring 2025;H01;12885;Swanson, Nathan W.;87.0%;4.3%;;;;;8.7%;;;;;;;;;;;;;;;;;
;;;;;;H03;12886;Swanson, Nathan W.;90.5%;;;;4.8%;;4.8%;;;;;;;;;;;;;;;;;
;;;;;;H05;12890;Swanson, Nathan W.;100.0%;;;;;;;;;;;;;;;;;;;;;;;
;;;;;;H07;12891;Jengelley, Dwaine H.;8.3%;20.8%;70.8%;;;;;;;;;;;;;;;;;;;;;
;;;;;;H09;12892;Jengelley, Dwaine H.;58.3%;4.2%;29.2%;;;;4.2%;4.2%;;;;;;;;;;;;;;;;
;;;;;;H11;12913;Jengelley, Dwaine H.;29.2%;4.2%;62.5%;;;;;;;4.2%;;;;;;;;;;;;;;
;;;;;;H13;12916;Krishna, Ashima;4.3%;;91.3%;;;;4.3%;;;;;;;;;;;;;;;;;
;;;;;;H15;12928;Krishna, Ashima;9.1%;;90.9%;;;;;;;;;;;;;;;;;;;;;
;;;;;;H17;12931;Krishna, Ashima;4.2%;4.2%;91.7%;;;;;;;;;;;;;;;;;;;;;
;;;;;;H19;12933;Woodford, Sharonda D.;37.5%;20.8%;41.7%;;;;;;;;;;;;;;;;;;;;;
;;;;;;H21;12934;Woodford, Sharonda D.;34.6%;11.5%;53.8%;;;;;;;;;;;;;;;;;;;;;
;;;;;;H23;12938;Woodford, Sharonda D.;18.5%;29.6%;48.1%;;;;3.7%;;;;;;;;;;;;;;;;;
;;;;;;H25;12939;Ware, Jason A.;12.5%;;83.3%;;;;4.2%;;;;;;;;;;;;;;;;;
;;;;;;H27;12941;Ware, Jason A.;16.7%;;83.3%;;;;;;;;;;;;;;;;;;;;;
;;;;;;H29;12945;Ware, Jason A.;16.7%;;83.3%;;;;;;;;;;;;;;;;;;;;;
;;;;;;H31;12946;Tehrani, Zahra A.;95.2%;4.8%;;;;;;;;;;;;;;;;;;;;;;
;;;;;;H33;12947;Tehrani, Zahra A.;90.9%;4.5%;;;;;4.5%;;;;;;;;;;;;;;;;;
;;;;;;H35;12948;Tehrani, Zahra A.;83.3%;16.7%;;;;;;;;;;;;;;;;;;;;;;
;;;;;;H37;12949;Brite, Elizabeth B.;83.3%;12.5%;;;;;;;;;;;;;4.2%;;;;;;;;;
;;;;;;H39;12950;Brite, Elizabeth B.;79.2%;4.2%;;;8.3%;;;4.2%;;;4.2%;;;;;;;;;;;;;
;;;;;;H41;12899;Brite, Elizabeth B.;95.5%;4.5%;;;;;;;;;;;;;;;;;;;;;;
;;;;;;H43;12900;Macgiollabhui, Muiris;87.5%;8.3%;;;4.2%;;;;;;;;;;;;;;;;;;;
;;;;;;H45;12901;Macgiollabhui, Muiris;100.0%;;;;;;;;;;;;;;;;;;;;;;;
;;;;;;H47;17240;Macgiollabhui, Muiris;100.0%;;;;;;;;;;;;;;;;;;;;;;;
;;;;;;H49;17241;Weinberg, Lindsay;100.0%;;;;;;;;;;;;;;;;;;;;;;;
;;;;;;H51;17242;Weinberg, Lindsay;96.4%;3.6%;;;;;;;;;;;;;;;;;;;;;;
;;;;;;H53;17245;Weinberg, Lindsay;91.7%;8.3%;;;;;;;;;;;;;;;;;;;;;;
;;;;;;H55;17246;Woodford, Sharonda D.;16.7%;;83.3%;;;;;;;;;;;;;;;;;;;;;
;;;;;;H57;17251;Woodford, Sharonda D.;58.3%;8.3%;29.2%;;4.2%;;;;;;;;;;;;;;;;;;;
;;;;;;H59;17253;Woodford, Sharonda D.;25.0%;37.5%;33.3%;;;;;;;;;;;;;;;;;;;;4.2%;
;;;;;;H61;17255;Dilworth, Kathryn F.;;;100.0%;;;;;;;;;;;;;;;;;;;;;
;;;;;;H63;17257;Dilworth, Kathryn F.;;;100.0%;;;;;;;;;;;;;;;;;;;;;
;;;;;;H65;17258;Dilworth, Kathryn F.;;;100.0%;;;;;;;;;;;;;;;;;;;;;
;;;;;;H67;17259;Vanaik, Anish;83.3%;4.2%;12.5%;;;;;;;;;;;;;;;;;;;;;
;;;;;;H69;17262;Vanaik, Anish;75.0%;4.2%;20.8%;;;;;;;;;;;;;;;;;;;;;
;;;;;;H71;17263;Vanaik, Anish;70.8%;4.2%;25.0%;;;;;;;;;;;;;;;;;;;;;
;;;;;;H73;17264;Bellisario, Kristen M.;9.1%;9.1%;77.3%;;;;;;;;;;;;4.5%;;;;;;;;;
;;;;;;H75;17265;Bellisario, Kristen M.;12.5%;25.0%;54.2%;;4.2%;;;;;;;;;;;;;;;;;;4.2%;
;;;;;;H77;17266;Bellisario, Kristen M.;66.7%;4.2%;29.2%;;;;;;;;;;;;;;;;;;;;;
;;;;;;H79;27595;Vanaik, Anish;62.5%;;33.3%;;;;;;;;;;;;;;;;;;;;4.2%;
;;;;;;H81;27594;Vanaik, Anish;45.8%;;54.2%;;;;;;;;;;;;;;;;;;;;;
;;;;;;H83;27593;Vanaik, Anish;25.0%;4.2%;62.5%;;;;;4.2%;;;;;;;;;;;;;;;4.2%;
;;;;;;H85;27592;Jarriel, Katherine M.;79.2%;4.2%;12.5%;;;4.2%;;;;;;;;;;;;;;;;;;
;;;;;;H87;27587;Jarriel, Katherine M.;65.2%;13.0%;4.3%;;4.3%;;;4.3%;;4.3%;;;;;4.3%;;;;;;;;;
;;;;;;H89;27582;Jarriel, Katherine M.;37.5%;33.3%;;;8.3%;;12.5%;;;8.3%;;;;;;;;;;;;;;
;;19903;Interdisc Approach To Writing;202520;Spring 2025;001;69810;Dilworth, Kathryn F.;5.0%;;95.0%;;;;;;;;;;;;;;;;;;;;;
;;;;;;002;15683;Dilworth, Kathryn F.;5.3%;;94.7%;;;;;;;;;;;;;;;;;;;;;
;;;;;;004;27509;McCormick, Deanna T.;;;100.0%;;;;;;;;;;;;;;;;;;;;;
;;22100;Exploring Place;202520;Spring 2025;001;22764;McCormick, Deanna T.;;;100.0%;;;;;;;;;;;;;;;;;;;;;
;;22200;Solutions Lab Global: Italy;202520;Spring 2025;002;29557;Swanson, Nathan W.;89.5%;5.3%;;;;;;;;;;;;;;5.3%;;;;;;;;
;;;Solutions Lab Global: Taiwan;202520;Spring 2025;001;29556;Buntain, Leighton A.;75.0%;25.0%;;;;;;;;;;;;;;;;;;;;;;
;;29500;Lead Forward Fellowship II;202520;Spring 2025;001;15970;Scroggins, Shaunta D.;9.1%;18.2%;72.7%;;;;;;;;;;;;;;;;;;;;;
;;29900;C3 Game Jam;202520;Spring 2025;054;29563;Jarriel, Katherine M.;70.5%;18.2%;;;2.3%;4.5%;4.5%;;;;;;;;;;;;;;;;;
;;;Exploring Indigeneity;202520;Spring 2025;056;32587;Macgiollabhui, Muiris;91.7%;;;;;;;;;;;;;;8.3%;;;;;;;;;
;;;Foundations Of Mentorship;202520;Spring 2025;044;29295;Macgiollabhui, Muiris;97.2%;1.4%;;;;;;1.4%;;;;;;;;;;;;;;;;
;;;Leadership Praxis;202520;Spring 2025;053;29562;Scroggins, Shaunta D.;29.2%;25.0%;29.2%;;;;12.5%;;;;;;;;4.2%;;;;;;;;;
;;;Print Bay Immersive II;202520;Spring 2025;051;15938;Moore, Jonathan P.;94.4%;;;;;;;;;;;;;;;;;;;;;;5.6%;
;;;Public Powered Research;202520;Spring 2025;LC1;15506;Adeoye, Temitope F.;78.9%;;15.8%;;5.3%;;;;;;;;;;;;;;;;;;;
;;;Nonprofits & Philanthropy;202520;Spring 2025;043;26972;Dilworth, Kathryn F.;;;96.2%;;2.6%;;;;;;;;;;;;;;;;;;1.3%;
;;31000;Space-Time!;202520;Spring 2025;001;29566;Watkins, Adam E.;78.3%;;8.7%;;4.3%;;4.3%;;;;;;;;;;;;;;;;4.3%;
;;31200;Jazz;202520;Spring 2025;001;19727;Ware, Jason A.;30.0%;5.0%;55.0%;;;;;;;;;;;;;;;;;;;;10.0%;
;;31300;STS: Nature-Based Solutions;202520;Spring 2025;002;29572;Bellisario, Kristen M.;47.1%;5.9%;35.3%;;;5.9%;;;;;;;;;5.9%;;;;;;;;;
;;;STS: World Building;202520;Spring 2025;001;29568;Jarriel, Katherine M.;75.0%;20.0%;;;;;;;;5.0%;;;;;;;;;;;;;;
;;31400;Human Epoch: Anthropocene;202520;Spring 2025;004;15862;Brite, Elizabeth B.;78.9%;;;;;;15.8%;;;;;;;;5.3%;;;;;;;;;
;;;Human Epoch: Mapping Heritage;202520;Spring 2025;003;15215;Krishna, Ashima;30.8%;15.4%;53.8%;;;;;;;;;;;;;;;;;;;;;
;;31500;Across Diff Redlining In Amer;202520;Spring 2025;002;30088;Woodford, Sharonda D.;26.3%;5.3%;;;21.1%;5.3%;31.6%;;;;;;;;;;;;;;;;10.5%;
;;39900;Animals, Culture & Society;202520;Spring 2025;043;15618;Dolby, Nadine E.;64.3%;14.3%;21.4%;;;;;;;;;;;;;;;;;;;;;
;;;Learning At Purdue: The AI Era;202520;Spring 2025;044;29573;Nelson, David B.;83.3%;;12.5%;;4.2%;;;;;;;;;;;;;;;;;;;
;;;Sports & Politics;202520;Spring 2025;042;15157;Jengelley, Dwaine H.;;;100.0%;;;;;;;;;;;;;;;;;;;;;
;;46000;Technological Justice;202520;Spring 2025;001;19732;Weinberg, Lindsay;87.0%;4.3%;;;;4.3%;4.3%;;;;;;;;;;;;;;;;;
;;46300;Research Thinking Portfolio;202520;Spring 2025;002;22832;McCormick, Deanna T.;;;100.0%;;;;;;;;;;;;;;;;;;;;;
;;46400;Scholarly Project: (Un)Grading;202520;Spring 2025;007;29579;Guberman, Daniel A.;80.0%;6.7%;13.3%;;;;;;;;;;;;;;;;;;;;;
;;;Scholarly Project: Bookworks;202520;Spring 2025;006;29574;Moore, Jonathan P.;100.0%;;;;;;;;;;;;;;;;;;;;;;;
;;49900;TREKS Engagement IV;202520;Spring 2025;003;33045;Ware, Jason A.;;;100.0%;;;;;;;;;;;;;;;;;;;;;
HORT;HORT-Horticulture;10100;Fundmntls Horticulture;202520;Spring 2025;014;12554;Stirm, Vicki E.;38.9%;5.6%;33.3%;;5.6%;11.1%;;;;;;;;;5.6%;;;;;;;;;
;;;;;;015;12556;Ulloa Gomez, Maria C.;36.8%;15.8%;15.8%;;5.3%;5.3%;5.3%;;5.3%;;5.3%;;;;;;;5.3%;;;;;;
;;;;;;017;12559;Ulloa Gomez, Maria C.;27.8%;16.7%;38.9%;;5.6%;;;;;5.6%;;;;;5.6%;;;;;;;;;
;;;;;;018;16468;Ulloa Gomez, Maria C.;44.4%;;27.8%;;;5.6%;22.2%;;;;;;;;;;;;;;;;;
;;11000;Opportunities In Horticulture;202520;Spring 2025;001;20671;Prokopy, Linda S.;18.8%;18.8%;33.3%;;6.3%;4.2%;8.3%;;;2.1%;;;;;4.2%;;;;;;;;4.2%;
;;20100;Plant Propagation;202520;Spring 2025;001;20672;Powlen, Jada S.;30.6%;8.2%;10.2%;;24.5%;8.2%;6.1%;2.0%;;;4.1%;;2.0%;;2.0%;;;2.0%;;;;;;
;;;Plant Propagation-Honors;202520;Spring 2025;001;20672;Powlen, Jada S.;;;;;100.0%;;;;;;;;;;;;;;;;;;;
;;21000;Fund Turfgrass Culture;202520;Spring 2025;001;15257;Bigelow, Cale A.;30.8%;15.4%;15.4%;;30.8%;;7.7%;;;;;;;;;;;;;;;;;
;;27000;Floral Design & Inter Plt Mgmt;202520;Spring 2025;005;13242;Sullivan, Karen M.;22.8%;12.7%;58.2%;2.5%;;1.3%;1.3%;;;;;;;;;;;1.3%;;;;;;
;;;Flrl Des&Inter Plt Mgmt-Honors;202520;Spring 2025;005;13242;Sullivan, Karen M.;;;100.0%;;;;;;;;;;;;;;;;;;;;;
;;30100;Plant Physiology;202520;Spring 2025;003;11401;Hirst, Peter M.;71.7%;;6.5%;;10.9%;;6.5%;;;;2.2%;;;;;;;2.2%;;;;;;
;;30600;Hist Of Horticulture;202520;Spring 2025;001;17363;Berry, Lily G.;34.9%;17.9%;23.1%;;4.2%;3.3%;8.0%;1.4%;;0.9%;0.9%;0.5%;;;;;;1.4%;;;;;3.3%;
;;32200;Greenhouse Crop Production;202520;Spring 2025;001;28870;Gomez, Celina;45.0%;;;;35.0%;;;20.0%;;;;;;;;;;;;;;;;
;;43500;Developing An Agr Startup;202520;Spring 2025;001;28026;Torres Bravo, Ariana P.;50.0%;20.8%;25.0%;;;;;;;;;;;;;;;;;;;;4.2%;
;;53000;Intr To Computng Fr Biologists;202520;Spring 2025;003;29394;Varala, Kranthi K.;7.7%;15.4%;76.9%;;;;;;;;;;;;;;;;;;;;;
HSCI;HSCI-Health Sciences;13000;Intro To Medical Lab Science;202520;Spring 2025;003;55347;Hilliard, Lisa M.;38.2%;1.8%;14.5%;;12.7%;;1.8%;9.1%;1.8%;1.8%;;;;;5.5%;;;;;;;;12.7%;
;;;Intro To Medicl Lab Sci-Honors;202520;Spring 2025;003;55347;Hilliard, Lisa M.;;;100.0%;;;;;;;;;;;;;;;;;;;;;
;;13100;Medical Terminology;202520;Spring 2025;SC1;68237;Hilliard, Lisa M.;22.7%;3.8%;2.4%;;23.2%;3.3%;8.5%;10.0%;1.9%;4.7%;1.9%;0.9%;1.9%;;2.4%;;;;;;;;12.3%;
;;;Medical Terminology-Honors;202520;Spring 2025;SC1;68237;Hilliard, Lisa M.;;;;;100.0%;;;;;;;;;;;;;;;;;;;
;;20100;Public Health Science;202520;Spring 2025;001;20743;Havics, Andrew A.;79.4%;;;;14.2%;;;4.0%;;;0.6%;;;;;;;;;;;;1.8%;
;;;Public Health Science-Honors;202520;Spring 2025;001;20743;Havics, Andrew A.;100.0%;;;;;;;;;;;;;;;;;;;;;;;
;;22500;Health Leadership And Safety;202520;Spring 2025;001;22980;Wilson, Mark D.;63.0%;;4.2%;;20.2%;;1.7%;5.0%;;0.8%;1.7%;;;;0.8%;;;;;;;;2.5%;
;;;Health Leadershp&Safety-Honors;202520;Spring 2025;001;22980;Wilson, Mark D.;100.0%;;;;;;;;;;;;;;;;;;;;;;;
;;29501;HSCI Sophomore Honors Seminar;202520;Spring 2025;H01;64052;Scarpelli, Matthew L.;;;;;;;;;;;;;;;;;;100.0%;;;;;;
;;29601;HSCI Sophomore Honors Project;202520;Spring 2025;H10;64081;Bowman, Aaron B.;;;;;;;;;;;;;;;;;;100.0%;;;;;;
;;30500;Basics Of Oncology;202520;Spring 2025;001;10306;He, Qiuhong;30.2%;14.3%;19.0%;;4.8%;;15.9%;4.8%;;6.3%;;;4.8%;;;;;;;;;;;
;;;Basics Of Oncology-Honors;202520;Spring 2025;001;10306;He, Qiuhong;;;100.0%;;;;;;;;;;;;;;;;;;;;;
;;31000;Imaging In Medicine;202520;Spring 2025;001;20103;Ooms, Nathan A.;84.4%;;;;12.5%;;;3.1%;;;;;;;;;;;;;;;;
;;33300;Intro To Immunology - Honors;202520;Spring 2025;003;55346;Hilliard, Lisa M.;100.0%;;;;;;;;;;;;;;;;;;;;;;;
;;;Intro To Immunology -Honors;202520;Spring 2025;003;55346;Hilliard, Lisa M.;100.0%;;;;;;;;;;;;;;;;;;;;;;;
;;;Introduction To Immunology;202520;Spring 2025;003;55346;Hilliard, Lisa M.;28.3%;4.0%;;;31.3%;5.1%;9.1%;12.1%;2.0%;5.1%;2.0%;;1.0%;;;;;;;;;;;
;;33400;Lung Physiology And Medicine;202520;Spring 2025;001;22977;Wilson, Mark D.;55.6%;;33.3%;;4.4%;;4.4%;2.2%;;;;;;;;;;;;;;;;
;;33500;Heart Physiology And Medicine;202520;Spring 2025;001;22775;Wilson, Mark D.;57.1%;;8.6%;;25.7%;;5.7%;2.9%;;;;;;;;;;;;;;;;
;;;;;;002;30706;Wilson, Mark D.;60.5%;;18.4%;;2.6%;;10.5%;2.6%;;;;;2.6%;;2.6%;;;;;;;;;
;;33600;Eye Physiology And Disease;202520;Spring 2025;001;16188;Kerstein, Patrick C.;66.7%;8.9%;13.3%;;2.2%;2.2%;2.2%;2.2%;;2.2%;;;;;;;;;;;;;;
;;34500;Intro Occ Envir Health;202520;Spring 2025;001;14789;Havics, Andrew A.;6.7%;20.0%;;;28.9%;15.6%;20.0%;;2.2%;6.7%;;;;;;;;;;;;;;
;;36000;Everyday Toxicology;202520;Spring 2025;001;22799;Baloni, Priyanka;64.3%;;;;33.3%;;;;;;;;;;;;;;;;;;2.4%;
;;;Everyday Toxicology-Honors;202520;Spring 2025;001;22799;Baloni, Priyanka;100.0%;;;;;;;;;;;;;;;;;;;;;;;
;;49000;Dissecting Dementia;202520;Spring 2025;101;17387;Hilliard, Lisa M.;66.7%;4.2%;8.3%;;12.5%;;;8.3%;;;;;;;;;;;;;;;;
;;51400;Radiation Instrumt Lab;202520;Spring 2025;003;52869;Nie, Linda H.;60.0%;;;;33.3%;;;;;;;;;;;;;;;;;;6.7%;
;;52500;Statistics For Health Sciences;202520;Spring 2025;001;20692;Baloni, Priyanka;83.3%;;;;12.5%;;;;;;;;;;;;;;;;;;;4.2%
;;53400;Applied Health Physics;202520;Spring 2025;001;69277;Nie, Linda H.;88.2%;;;;11.8%;;;;;;;;;;;;;;;;;;;
;;54000;Radiation Biology;202520;Spring 2025;001;20856;Scarpelli, Matthew L.;33.3%;16.7%;6.7%;;26.7%;;6.7%;;;3.3%;;;;;;3.3%;;;;;;;3.3%;
;;54400;Adv Tpc Expos Assesmnt;202520;Spring 2025;001;29995;Liu, Sa;100.0%;;;;;;;;;;;;;;;;;;;;;;;
;;55100;Phys Agents Env Health;202520;Spring 2025;001;30713;Harris, Jason T.;50.0%;28.6%;;;14.3%;;7.1%;;;;;;;;;;;;;;;;;
;;57000;Intro Med Diag Imaging;202520;Spring 2025;001;42111;Stantz, Keith M.;31.6%;31.6%;5.3%;;21.1%;10.5%;;;;;;;;;;;;;;;;;;
;;57200;Rad Onc Physics;202520;Spring 2025;001;52877;Roth, Alison R.;58.3%;8.3%;;;16.7%;;8.3%;;;;;;;;;;;;;;;;8.3%;
;;57500;Intro Environmental Health;202520;Spring 2025;002;15979;Muthumalage, Thivanka M.;84.1%;;;;13.6%;;;;;;;;;;;;;;;;;;2.3%;
;;61300;Professional Devel In Hlth Sci;202520;Spring 2025;001;16622;Shannahan, Jonathan H.;66.7%;;16.7%;;;;11.1%;;;;;;;;;;;;;;;;5.6%;
;;67100;Biochemical Toxicology;202520;Spring 2025;010;30809;Cannon, Jason R.;75.0%;8.3%;8.3%;;;;8.3%;;;;;;;;;;;;;;;;;
;;69600;Seminr In Hlth Science;202520;Spring 2025;001;20874;Kerstein, Patrick C.;90.4%;5.5%;;;;;4.1%;;;;;;;;;;;;;;;;;
HTM;HTM-Hospitality & Tourism Mgmt;14100;Fin Acctg Service Ind;202520;Spring 2025;001;15357;Jang, Soo Cheong;6.7%;;3.3%;;36.7%;;;20.0%;;;13.3%;;;;;;;;;;;;20.0%;
;;;;;;002;16231;Baldick, Hwijin J.;6.1%;27.3%;3.0%;;12.1%;18.2%;3.0%;6.1%;;9.1%;3.0%;6.1%;3.0%;;3.0%;;;;;;;;;
;;17300;Tourism Systems;202520;Spring 2025;001;16232;Lehto, Xinran Y.;17.5%;30.0%;12.5%;;10.0%;5.0%;;;10.0%;;2.5%;2.5%;;;5.0%;;;;;;;;5.0%;
;;18000;Hospitality Operations;202520;Spring 2025;001;28839;Bies, Amanda R.;25.0%;22.5%;25.0%;;2.5%;2.5%;12.5%;5.0%;;;;2.5%;;;2.5%;;;;;;;;;
;;20200;Hospitality&Tourism Work Expr;202520;Spring 2025;001;14446;Chen, Jijun;;;;;;;;;;;;;;;;;;93.3%;;;;;6.7%;
;;21200;Leading For Success In Svc Ind;202520;Spring 2025;001;57317;Bies, Amanda R.;15.8%;7.9%;55.3%;;5.3%;2.6%;2.6%;2.6%;2.6%;2.6%;;;;;2.6%;;;;;;;;;
;;;Leadng For Suc In Svc Ind-Hnrs;202520;Spring 2025;001;57317;Bies, Amanda R.;;;100.0%;;;;;;;;;;;;;;;;;;;;;
;;23100;Mktg In Service Industries;202520;Spring 2025;001;16236;Lee, Seon Jeong;12.5%;20.8%;8.3%;;20.8%;4.2%;20.8%;4.2%;;4.2%;;;;;;;;;;;;;4.2%;
;;;;;;002;19634;Lehto, Xinran Y.;20.0%;32.0%;32.0%;;;;12.0%;;4.0%;;;;;;;;;;;;;;;
;;24100;Mgr Acct In Svc Industries;202520;Spring 2025;001;14630;Jang, Soo Cheong;6.5%;;6.5%;;41.9%;;;22.6%;;;12.9%;;;;3.2%;;;;;;;;6.5%;
;;;;;;002;16237;Lee, Woojin;10.0%;30.0%;3.3%;;10.0%;10.0%;20.0%;3.3%;3.3%;;;;6.7%;;3.3%;;;;;;;;;
;;25500;Adv Spreadsheet Techs For HTM;202520;Spring 2025;001;29337;Lee, Woojin;12.0%;32.0%;12.0%;;4.0%;8.0%;4.0%;4.0%;8.0%;;;4.0%;4.0%;;8.0%;;;;;;;;;
;;;;;;002;29338;Seo, Eunhee;20.0%;24.0%;16.0%;;;8.0%;8.0%;4.0%;8.0%;4.0%;;4.0%;;;4.0%;;;;;;;;;
;;;;;;003;29339;Lee, Woojin;15.4%;11.5%;15.4%;;3.8%;3.8%;3.8%;;7.7%;7.7%;;7.7%;11.5%;;3.8%;;;;;;;;7.7%;
;;;;;;004;29340;Seo, Eunhee;12.0%;20.0%;44.0%;;4.0%;;8.0%;4.0%;4.0%;;;4.0%;;;;;;;;;;;;
;;26200;Festivals And Special Events;202520;Spring 2025;001;15323;Cox Dexter, Casey M.;11.8%;8.8%;61.8%;;5.9%;2.9%;5.9%;;;;;;;;;;;;;;;;2.9%;
;;29001;Food And Beverage Mgmt;202520;Spring 2025;001;28601;Behnke, Carl A.;16.1%;;;;41.9%;;9.7%;3.2%;;16.1%;;;9.7%;;;3.2%;;;;;;;;
;;30200;Hosp & Tour Ind Intern I;202520;Spring 2025;001;20910;Chen, Jijun;38.5%;7.7%;30.8%;;;7.7%;7.7%;;;;;;;;;;;;;;;;7.7%;
;;31100;Procuremt Mgt Foodserv;202520;Spring 2025;001;31606;Byrd, Karen;51.1%;;;;8.9%;;22.2%;4.4%;;8.9%;;;2.2%;;;;;;;;;;2.2%;
;;31200;Talent Mgmt For Serv Ind;202520;Spring 2025;001;20913;Nicely, Annmarie J.;8.8%;14.7%;8.8%;;2.9%;11.8%;5.9%;8.8%;5.9%;14.7%;2.9%;2.9%;;;5.9%;;;;;;;;5.9%;
;;;Talent Mgmt For Serv Ind-Honor;202520;Spring 2025;001;20913;Nicely, Annmarie J.;;;;;;;;;100.0%;;;;;;;;;;;;;;;
;;31700;Bus Etiquette For Mgrs;202520;Spring 2025;001;22804;Cawdron, Anthony P.;32.8%;3.3%;54.1%;;;;3.3%;;;;;;;;;;;;;;;;6.6%;
;;32200;Hosptl Facilities Mgmt;202520;Spring 2025;001;50544;Tkach, Julie L.;43.9%;26.8%;14.6%;;;4.9%;7.3%;;2.4%;;;;;;;;;;;;;;;
;;34100;Ops Ctrl/Analysis In Hosp Ind;202520;Spring 2025;001;20917;Lee, Yoon Joo;32.4%;;;;38.2%;;;23.5%;;;;;;;2.9%;;;;;;;;2.9%;
;;38110;Revenue Mgmt In Svc Ind;202520;Spring 2025;001;64098;Fan, Alei;10.3%;20.7%;17.2%;;13.8%;13.8%;10.3%;;3.4%;6.9%;;;;;;;;;;;;;3.4%;
;;;;;;002;16249;Park, Jae Eun;;18.8%;18.8%;;6.3%;;31.3%;6.3%;6.3%;;;;;;;;;;;;;;12.5%;
;;41100;Hospitality & Tour Law;202520;Spring 2025;001;20928;Tkach, Julie L.;19.5%;12.2%;24.4%;;9.8%;7.3%;9.8%;2.4%;7.3%;;2.4%;;2.4%;;;;;;;;;;2.4%;
;;44100;Fin Mgt Hospitality Ind;202520;Spring 2025;001;17564;Bang, Dohyung;30.8%;;;;53.8%;;;7.7%;;;;;;;;;;;;;;;7.7%;
;;;;;;002;17565;Bang, Dohyung;42.9%;;9.5%;;33.3%;;;4.8%;;;;;;;;;;;;;;;9.5%;
;;46200;Adv Event And Meeting Mgmt;202520;Spring 2025;001;10772;Jung, Shinyong;69.7%;18.2%;;;3.0%;;9.1%;;;;;;;;;;;;;;;;;
;;49110;Wine Sommelier Certification;202520;Spring 2025;001;19670;Behnke, Carl A.;;;;;;;;;;;;;;;;;4.0%;92.0%;;;;;4.0%;
;;49111;Beverage Operation Mgmt;202520;Spring 2025;X01;57344;Behnke, Carl A.;93.0%;;;;4.7%;;;;;;;;;;;;;;;;;;2.3%;
;;49112;Mgmt & Serv Beverage Alcohol;202520;Spring 2025;X01;57346;Behnke, Carl A.;68.0%;;;;24.0%;;;8.0%;;;;;;;;;;;;;;;;
;;49201;Hosp Op Mgmt And Ldshp;202520;Spring 2025;001;26676;Behnke, Carl A.;82.9%;;;;14.3%;;;;;;2.9%;;;;;;;;;;;;;
;;49901;Strategic Mgmt In Svc Ind;202520;Spring 2025;001;18005;Kour, Gurpreet;34.5%;17.2%;24.1%;;;6.9%;13.8%;;;;;;;;;;;;;;;;3.4%;
;;;;;;002;26451;Kour, Gurpreet;26.7%;26.7%;26.7%;;6.7%;3.3%;10.0%;;;;;;;;;;;;;;;;;
;;50900;Service Experience Design;202520;Spring 2025;001;28625;So, Kam Fung;73.3%;13.3%;13.3%;;;;;;;;;;;;;;;;;;;;;
IDE;IDE-Interdisciplinary Engr;30100;Professional Prep IDE;202520;Spring 2025;001;21598;Wertz, Ruth E.;68.2%;;;;;;;;4.5%;;;4.5%;;;18.2%;4.5%;;;;;;;;
;;36000;MDE Statistics;202520;Spring 2025;001;14987;Menekse, Muhsin;12.0%;8.0%;;;16.0%;12.0%;8.0%;4.0%;12.0%;8.0%;8.0%;;4.0%;;8.0%;;;;;;;;;
;;48000;Engineering Ethics In IDE;202520;Spring 2025;001;30690;Hess, Justin L.;54.5%;13.6%;4.5%;;9.1%;4.5%;;4.5%;;4.5%;;4.5%;;;;;;;;;;;;
;;48500;MDE Engr Design Project;202520;Spring 2025;001;21105;Hynes, Morgan M.;52.0%;;4.0%;;24.0%;;8.0%;8.0%;;;4.0%;;;;;;;;;;;;;
;;49500;Fund Civilian Service In DoD;202520;Spring 2025;005;32142;Callahan, Ken D.;100.0%;;;;;;;;;;;;;;;;;;;;;;;
IE;IE-Industrial Engineering;20000;Ind Engr Seminar;202520;Spring 2025;001;20971;Pearson, Elizabeth;;;;;;;;;;;;;;;;;;;;78.3%;;17.4%;4.3%;
;;23000;Prob & Stat In Engr I;202520;Spring 2025;001;20972;Liu, Lu;32.4%;20.4%;6.5%;;7.4%;7.4%;14.8%;0.9%;2.8%;3.7%;0.9%;;;;2.8%;;;;;;;;;
;;33000;Prob & Stat In Engr II;202520;Spring 2025;001;20974;Sarker, Pramiti;24.6%;11.0%;26.7%;;6.3%;6.8%;14.1%;2.6%;1.0%;2.1%;;;1.0%;;1.6%;;;;;;;;2.1%;
;;33200;Comput In Indust Engr;202520;Spring 2025;001;20975;Ventresca, Mario;;1.6%;;;11.1%;23.8%;12.7%;3.2%;9.5%;30.2%;;;3.2%;;4.8%;;;;;;;;;
;;33500;Oper Research-Optimiz;202520;Spring 2025;001;20980;Cho, Lucky;44.0%;;30.4%;;4.8%;;12.0%;3.2%;;1.6%;;;2.4%;;;;;;;;;;1.6%;
;;;;;;002;26131;Zhang, Zhe;17.9%;24.4%;6.5%;;8.1%;7.3%;12.2%;4.9%;2.4%;8.1%;1.6%;0.8%;0.8%;;;0.8%;;;;;;;4.1%;
;;33600;Oper Res-Stoch Models;202520;Spring 2025;001;20981;Goni Cortes, Joaquin;17.4%;7.1%;14.8%;;3.9%;5.2%;11.0%;4.5%;4.5%;8.4%;7.7%;1.9%;2.6%;;9.7%;;;;;;;;1.3%;
;;34300;Engineering Economics;202520;Spring 2025;001;11276;Esmaeili, Behzad;28.6%;9.5%;33.3%;;9.5%;3.8%;9.5%;1.9%;1.9%;1.0%;1.0%;;;;;;;;;;;;;
;;;;;;002;11277;Salama, Mohamed;13.3%;15.2%;7.6%;;16.2%;13.3%;17.1%;2.9%;1.0%;7.6%;;;1.0%;;1.9%;;;;;;;;2.9%;
;;;;;;003;26133;Lehto, Mark R.;10.5%;14.3%;1.9%;;14.3%;8.6%;14.3%;10.5%;11.4%;5.7%;1.0%;;1.0%;;2.9%;;;;;;;;3.8%;
;;37000;Mfg Processes I;202520;Spring 2025;001;20984;Martinez, Ramses;10.3%;9.5%;10.3%;;13.5%;9.5%;18.3%;17.5%;;;7.9%;;;;1.6%;;;;;;;;1.6%;
;;38300;Integrated Prod Sys I;202520;Spring 2025;001;68820;Yih, Yuehwern;11.0%;9.7%;12.3%;;6.5%;10.4%;11.0%;8.4%;5.8%;8.4%;4.5%;;5.2%;;5.8%;0.6%;;;;;;;;
;;38600;Work Anly And Design I;202520;Spring 2025;001;20986;Lehto, Mark R.;18.8%;23.1%;;;13.1%;8.1%;25.6%;4.4%;1.9%;3.8%;;;;;0.6%;0.6%;;;;;;;;
;;39699;Prof Practice Internship;202520;Spring 2025;001;59056;Brunese, Patrick A.;;;;;;;;;;;;;;;;;;;;100.0%;;;;
;;43100;Industrial Engr Design;202520;Spring 2025;003;41243;Syed Hassan, Syed Ahmad Helmi B.;92.8%;;;;6.2%;;;0.5%;;;;;;;;;;;;;;;0.5%;
;;47000;Mfg Processes II;202520;Spring 2025;001;21025;Cheng, Gary J.;41.7%;26.7%;1.7%;;11.7%;1.7%;16.7%;;;;;;;;;;;;;;;;;
;;47400;Industrial Control Sys;202520;Spring 2025;001;21029;Seetharaman, Sivaranjani;37.1%;20.7%;20.7%;;3.4%;1.7%;12.1%;0.9%;0.9%;1.7%;;;;;;;;;;;;;0.9%;
;;48100;Intro To System Simulation;202520;Spring 2025;001;25568;Cho, Lucky;10.3%;;79.3%;;3.4%;;6.9%;;;;;;;;;;;;;;;;;
;;48400;Integrated Prod Sys II;202520;Spring 2025;002;21031;Salama, Mohamed;10.3%;16.4%;3.4%;;21.6%;7.8%;28.4%;0.9%;0.9%;6.9%;0.9%;;0.9%;;0.9%;;;;;;;;0.9%;
;;48600;Work Anly & Design II;202520;Spring 2025;001;21033;Sarker, Pramiti;25.9%;22.3%;19.6%;;8.9%;4.5%;16.1%;1.8%;0.9%;;;;;;;;;;;;;;;
;;49000;Grnd Challngs In Accessibility;202520;Spring 2025;004;15325;Duerstock, Bradley S.;13.0%;26.1%;17.4%;;8.7%;8.7%;17.4%;;4.3%;4.3%;;;;;;;;;;;;;;
;;;Intro Machine Learning & Apps;202520;Spring 2025;005;24229;Huang, Congfang;23.1%;3.8%;65.4%;;;3.8%;3.8%;;;;;;;;;;;;;;;;;
;;53000;Quality Control;202520;Spring 2025;002;42864;Lin, Dennis K.;21.9%;17.2%;;1.6%;21.9%;6.3%;15.6%;12.5%;;;;;;;;;;;;;;;3.1%;
;;53300;Ind Application Stat;202520;Spring 2025;WNG;41472;Hass, Zachary J.;39.1%;2.2%;54.3%;;3.3%;;;1.1%;;;;;;;;;;;;;;;;
;;53800;Nonlin Opt Algrms Mdls;202520;Spring 2025;001;16250;Liu, Lu;90.5%;;;;;;;4.8%;;;;;;;;;;;;;;;4.8%;
;;54500;Engr Economic Anly;202520;Spring 2025;001;33250;Huang, Congfang;13.3%;13.3%;66.7%;;;;;;;;;;;;;;;;;;;;6.7%;
;;54600;Economic Decis Engr;202520;Spring 2025;001;10809;Esmaeili, Behzad;;5.9%;88.2%;;;;;;;;;;;;;;;;;;;;5.9%;
;;;;;;WNG;52296;Esmaeili, Behzad;8.3%;;72.2%;;2.8%;5.6%;2.8%;;;;;;;;;;;;;;;;8.3%;
;;55600;Job Design;202520;Spring 2025;001;11284;Duffy, Vincent G.;29.4%;23.5%;29.4%;;2.9%;;;2.9%;2.9%;2.9%;;;;;;;;;;;;;5.9%;
;;55800;Safety Engineering;202520;Spring 2025;001;25347;Duffy, Vincent G.;25.4%;19.7%;18.3%;;15.5%;11.3%;7.0%;1.4%;;;;;;;;;;;;;;;1.4%;
;;;;;;003;25492;Duffy, Vincent G.;32.0%;16.0%;24.0%;;8.0%;4.0%;8.0%;4.0%;4.0%;;;;;;;;;;;;;;;
;;57400;Ind Robtc Flexbl Asmby;202520;Spring 2025;WNG;16330;She, Yu;6.5%;16.1%;51.6%;;;9.7%;12.9%;;;;;;;;;;;;;;;;3.2%;
;;57700;Human Factors In Engr;202520;Spring 2025;001;18491;Duffy, Vincent G.;25.0%;12.5%;37.5%;;9.4%;;6.3%;;;;;;;;3.1%;;;;;;;;6.3%;
;;58200;Adv Facilities Design;202520;Spring 2025;001;26318;Huang, Congfang;16.0%;12.0%;72.0%;;;;;;;;;;;;;;;;;;;;;
;;59000;Dgtl Transform In Indust Bus;202520;Spring 2025;086;25361;Biller, Stephan R.;59.3%;18.5%;7.4%;;3.7%;;11.1%;;;;;;;;;;;;;;;;;
;;;Human Factor & Medical Devices;202520;Spring 2025;082;15921;Yu, Denny;60.9%;30.4%;;;;4.3%;4.3%;;;;;;;;;;;;;;;;;
;;;Introduction To Optimization;202520;Spring 2025;092;31894;Prabhu, Nagabhushana;21.4%;;28.6%;7.1%;14.3%;;;7.1%;;7.1%;;;;;;;;;;;;;14.3%;
;;;PMP Capstone Project;202520;Spring 2025;064;24775;Fong, Nga Hin B.;80.0%;;20.0%;;;;;;;;;;;;;;;;;;;;;
;;;Project Management;202520;Spring 2025;094;33249;Crynes, Lawrence L.;61.1%;;22.2%;;5.6%;;5.6%;;;5.6%;;;;;;;;;;;;;;
;;;;;;WNG;69826;Crynes, Lawrence L.;52.8%;;24.5%;;9.4%;;5.7%;3.8%;;;;;;;;;;;;;;;3.8%;
;;;Quality Systems Management;202520;Spring 2025;090;26319;Semssar, Salim A.;70.0%;;;3.3%;6.7%;;;13.3%;;;3.3%;;;;;;;;;;;;3.3%;
;;;Supply Chain Engr & Analytics;202520;Spring 2025;083;16329;Khir, Reem;63.2%;;26.3%;;5.3%;;;5.3%;;;;;;;;;;;;;;;;
;;;Tech Product Mgmt;202520;Spring 2025;095;33332;Crynes, Lawrence L.;42.9%;;32.1%;;17.9%;;7.1%;;;;;;;;;;;;;;;;;
;;69000;Grad Prof Dev Seminar;202520;Spring 2025;001;25358;Yu, Denny;97.2%;;;;;;;;;;;;;;;;;;;;;;2.8%;
;;;Graduate Research Seminar;202520;Spring 2025;002;25359;Yu, Denny;98.7%;;;;;;;;;;;;;;;;;;;;;;1.3%;
;;;Sensing Approaches For HF Res;202520;Spring 2025;003;25553;Yu, Denny;100.0%;;;;;;;;;;;;;;;;;;;;;;;
IET;IET-Industrial Engr Technology;21400;Intro Supply Chain Mgmt Tech;202520;Spring 2025;016;20212;Tanoos, James J.;27.3%;29.5%;;;4.5%;2.3%;22.7%;4.5%;2.3%;2.3%;;;;;;;;;;;;;4.5%;
;;;;;;017;20213;Tanoos, James J.;49.0%;30.6%;;;2.0%;4.1%;8.2%;2.0%;;;;;;;2.0%;;;;;;;;2.0%;
;;31600;Statistical Quality Control;202520;Spring 2025;001;20223;Stephens, Matthew P.;28.6%;;;;14.3%;10.7%;;35.7%;;;7.1%;;;;3.6%;;;;;;;;;
;;33400;Economics Analysis - Tech Sys;202520;Spring 2025;013;20224;Athinarayanan, Ragu;35.8%;;;;28.3%;;;22.5%;;;8.3%;;;;2.5%;;;;;;;;2.5%;
;;33520;Human Factors For Tech Sys;202520;Spring 2025;001;20229;Nanda, Gaurav;8.5%;21.3%;8.5%;;12.8%;17.0%;6.4%;8.5%;6.4%;10.6%;;;;;;;;;;;;;;
;;34200;Warehouse & Inventory Mgmt;202520;Spring 2025;003;20235;Newton, Kathryne A.;46.9%;;;;43.8%;;;;3.1%;;3.1%;;;;;;;;;;;;3.1%;
;;34300;Technical And Service Selling;202520;Spring 2025;013;20236;Tanoos, James J.;55.0%;25.0%;;;;10.0%;10.0%;;;;;;;;;;;;;;;;;
;;34350;B2B Sales Management;202520;Spring 2025;001;20239;Tanoos, James J.;24.0%;28.0%;;;8.0%;24.0%;12.0%;;;;;;;;;;;;;;;;4.0%;
;;43540;Facilities Planning;202520;Spring 2025;003;20242;Stephens, Matthew P.;13.3%;;;;33.3%;;;26.7%;10.0%;3.3%;10.0%;3.3%;;;;;;;;;;;;
;;43630;Design Of Experiments;202520;Spring 2025;010;24300;Stephens, Matthew P.;2.9%;2.9%;;;14.3%;;;25.7%;5.7%;;11.4%;8.6%;2.9%;;17.1%;;;;;;;;8.6%;
;;43640;Lean Six Sigma;202520;Spring 2025;015;20246;Le, Tho V.;11.5%;11.5%;;;23.1%;19.2%;15.4%;;7.7%;11.5%;;;;;;;;;;;;;;
;;44500;Strategic Supply Chain Mgmt;202520;Spring 2025;002;32926;Newton, Kathryne A.;19.0%;;;;42.9%;;;38.1%;;;;;;;;;;;;;;;;
ILS;ILS-Information & Library Sci;10000;Intro To Info Studies;202520;Spring 2025;001;29478;Dawkins, Victoria B.;27.8%;;38.9%;;5.6%;5.6%;11.1%;11.1%;;;;;;;;;;;;;;;;
;;10300;Intro Data Lifecycle Mgmt;202520;Spring 2025;002;17377;Cai, Chao;91.4%;5.7%;;;;;;;2.9%;;;;;;;;;;;;;;;
;;;;;;003;29458;Lu, Jing;68.6%;11.4%;;;2.9%;;5.7%;;;2.9%;;;;;2.9%;;;;;;;;5.7%;
;;23000;Data Sci &Society ELSI-Honors;202520;Spring 2025;001;23991;Chomintra, Melissa A.;100.0%;;;;;;;;;;;;;;;;;;;;;;;
;;;Data Science & Society ELSI;202520;Spring 2025;001;23991;Chomintra, Melissa A.;56.4%;7.7%;23.1%;;;;5.1%;;2.6%;2.6%;;;;;;;;;;;;;2.6%;
;;;;;;003;24369;Fosmire, Michael J.;67.5%;15.0%;;;2.5%;;12.5%;;;;;;;;;;;;;;;;2.5%;
;;;;;;005;29457;Tinio, Jerilyn P.;33.8%;3.8%;53.8%;;2.5%;;;;;;;1.3%;;;2.5%;;;;;;;;2.5%;
;;25000;Intro To Geographic Info Sys;202520;Spring 2025;009;28127;Owuor, Innocensia A.;62.2%;10.8%;;;8.1%;;10.8%;;2.7%;;;;2.7%;;2.7%;;;;;;;;;
;;;Intro To Geogrphc InfoSys-Hnrs;202520;Spring 2025;009;28127;Owuor, Innocensia A.;100.0%;;;;;;;;;;;;;;;;;;;;;;;
;;30000;Information, Culture & Society;202520;Spring 2025;001;28243;Bochenek, Annette H.;15.0%;15.0%;40.0%;;5.0%;5.0%;10.0%;5.0%;;;;;;;5.0%;;;;;;;;;
;;30100;Data Foundations, Tools & Apps;202520;Spring 2025;001;29980;Gerrish, Thomas E.;23.1%;7.7%;38.5%;;7.7%;;7.7%;;;;;;;;;;;;;;;;15.4%;
;;;Data Foundtns,Tools&Apps-Honor;202520;Spring 2025;001;29980;Gerrish, Thomas E.;100.0%;;;;;;;;;;;;;;;;;;;;;;;
;;33100;Conspiracy Theories;202520;Spring 2025;001;28244;Hannah, Matthew N.;26.7%;20.0%;6.7%;;26.7%;13.3%;;;;;;;;;;;;;;;;;6.7%;
;;;Conspiracy Theories-Honors;202520;Spring 2025;001;28244;Hannah, Matthew N.;50.0%;50.0%;;;;;;;;;;;;;;;;;;;;;;
;;49500;Info Strategies For Hlth Profs;202520;Spring 2025;004;17632;Hayes, Andrea M.;25.0%;33.3%;25.0%;;8.3%;8.3%;;;;;;;;;;;;;;;;;;
;;54000;Critical GIS;202520;Spring 2025;001;29479;Chomintra, Melissa A.;15.4%;;61.5%;7.7%;;;;7.7%;;;;;;;;;;;;;;;7.7%;
;;59500;Geo Data Sci With ArcGIS&Pyth;202520;Spring 2025;001;13729;Shao, Gang;37.5%;12.5%;43.8%;;6.3%;;;;;;;;;;;;;;;;;;;
;;65000;Computational Text Analysis;202520;Spring 2025;002;29988;Hannah, Matthew N.;93.3%;;;;;;;;;;;;;;;;;;;;;;6.7%;
IMPH;IMPH-Indstrl & Mlculr Phrmcutc;58300;Adv Biopharmaceutics;202520;Spring 2025;001;24996;Knipp, Gregory T.;84.2%;;;;5.3%;;10.5%;;;;;;;;;;;;;;;;;
;;58700;Pharmaceutical Solids;202520;Spring 2025;001;25009;Munson, Eric J.;95.0%;;;5.0%;;;;;;;;;;;;;;;;;;;;
;;69600;Sem Indus & Phys Phar;202520;Spring 2025;002;31888;Matosevic, Sandro;;;;;;;;;;;;;;;;;;;;100.0%;;;;
ITAL;ITAL-Italian;10100;Italian Level I;202520;Spring 2025;002;19092;Bogart, Brett T.;15.0%;10.0%;15.0%;;5.0%;5.0%;15.0%;5.0%;10.0%;5.0%;;5.0%;;;5.0%;;;5.0%;;;;;;
;;;;;;003;22757;Bogart, Brett T.;25.0%;10.0%;;5.0%;15.0%;5.0%;15.0%;;;5.0%;5.0%;;;;5.0%;;;;;;;;10.0%;
;;;;;;004;23456;Bogart, Brett T.;16.7%;16.7%;16.7%;;22.2%;;;5.6%;5.6%;5.6%;;;;;11.1%;;;;;;;;;
;;10200;Italian Level II;202520;Spring 2025;001;19097;Grande, Giuseppina;14.3%;14.3%;7.1%;;28.6%;;7.1%;7.1%;;7.1%;7.1%;;;;;;;;;;;;7.1%;
;;;;;;002;15112;Grande, Giuseppina;33.3%;;6.7%;;33.3%;;;;6.7%;6.7%;;;;;;;;;;;;;13.3%;
;;;;;;003;25968;Grande, Giuseppina;22.2%;11.1%;;;22.2%;11.1%;5.6%;16.7%;;5.6%;;;5.6%;;;;;;;;;;;
;;11200;Elem Italian Conversation;202520;Spring 2025;002;16461;Mosca, Annalisa;42.9%;14.3%;28.6%;;;;;;;;;;;;;;;;;;;;14.3%;
;;20100;Italian Level III;202520;Spring 2025;001;21297;Bogart, Brett T.;40.0%;6.7%;13.3%;;13.3%;;6.7%;6.7%;6.7%;;;;;;;;;;;;;;6.7%;
;;;Italian Level III-Honors;202520;Spring 2025;001;21297;Bogart, Brett T.;100.0%;;;;;;;;;;;;;;;;;;;;;;;
;;20200;Italian Level IV;202520;Spring 2025;001;21299;Mosca, Annalisa;28.0%;12.0%;4.0%;4.0%;24.0%;4.0%;4.0%;12.0%;4.0%;;;;;;4.0%;;;;;;;;;
;;20500;Accel Intermed Italian;202520;Spring 2025;001;23145;Mosca, Annalisa;33.3%;6.7%;13.3%;;33.3%;;;;;;;;;;;;;6.7%;;;;;6.7%;
;;34200;Italian Literature II;202520;Spring 2025;001;30141;Babic Williams, Tatjana;50.0%;8.3%;8.3%;;;;16.7%;;8.3%;8.3%;;;;;;;;;;;;;;
;;;Italian Literature II-Honors;202520;Spring 2025;001;30141;Babic Williams, Tatjana;;;100.0%;;;;;;;;;;;;;;;;;;;;;
JPNS;JPNS-Japanese;10100;Japanese Level I;202520;Spring 2025;001;20681;Naito, Yumiko;38.5%;7.7%;23.1%;;7.7%;;15.4%;;;;;;;;;;;;;;;;7.7%;
;;;;;;002;20566;Naito, Yumiko;25.0%;31.3%;6.3%;;6.3%;6.3%;12.5%;;;;;;;;6.3%;;;;;;;;6.3%;
;;;;;;003;32483;Konysbekkyzy, Bayan;20.0%;;33.3%;;6.7%;;6.7%;6.7%;6.7%;;;;;;6.7%;;;;;;;;13.3%;
;;10200;Japanese Level II;202520;Spring 2025;030;32356;Osumi, Akari;13.3%;6.7%;53.3%;;;6.7%;20.0%;;;;;;;;;;;;;;;;;
;;;;;;031;32357;Brennan, Akiko O.;13.3%;20.0%;33.3%;;13.3%;;6.7%;6.7%;;;;;;;;;;6.7%;;;;;;
;;;;;;033;32359;Baydar, Samet;12.5%;31.3%;6.3%;;6.3%;;12.5%;6.3%;6.3%;;;;6.3%;;12.5%;;;;;;;;;
;;;;;;034;32360;Suzuki, Natsumi;25.0%;;37.5%;;;;;18.8%;;6.3%;6.3%;;;;6.3%;;;;;;;;;
;;;;;;036;32362;Brennan, Akiko O.;;12.5%;37.5%;;12.5%;6.3%;;;6.3%;;6.3%;;6.3%;;6.3%;;;;;;;;6.3%;
;;;Japanese Level II-Honors;202520;Spring 2025;030;32356;Osumi, Akari;100.0%;;;;;;;;;;;;;;;;;;;;;;;
;;20100;Japanese Level III;202520;Spring 2025;001;19581;Lutz, Asami;35.7%;7.1%;7.1%;;7.1%;;14.3%;14.3%;;;;;;;7.1%;;;;;;;;7.1%;
;;;;;;002;30257;Lutz, Asami;56.3%;6.3%;6.3%;;25.0%;;6.3%;;;;;;;;;;;;;;;;;
;;20200;Japanese Level IV;202520;Spring 2025;021;32449;Ishii, Marina;26.7%;20.0%;6.7%;;13.3%;;20.0%;;;13.3%;;;;;;;;;;;;;;
;;;;;;022;32450;Ishii, Marina;15.4%;15.4%;23.1%;;23.1%;;7.7%;;;7.7%;;;;;;;;;;;;;7.7%;
;;;;;;023;32451;Ishii, Marina;28.6%;14.3%;21.4%;;;7.1%;21.4%;;;7.1%;;;;;;;;;;;;;;
;;24100;Intro Study Jpns Lit;202520;Spring 2025;001;15122;Bassoe, Pedro T.;41.7%;33.3%;;8.3%;;;;;8.3%;8.3%;;;;;;;;;;;;;;
;;30200;Japanese Level VI;202520;Spring 2025;002;69978;Ogiuchi, Sayuri;30.8%;;38.5%;;7.7%;7.7%;7.7%;7.7%;;;;;;;;;;;;;;;;
;;;;;;003;19171;Ogiuchi, Sayuri;41.7%;;41.7%;;;;8.3%;;;8.3%;;;;;;;;;;;;;;
;;36300;Relatns Japan Lang&Soc;202520;Spring 2025;001;25972;Wei, Mariko M.;66.7%;4.8%;19.0%;;;;9.5%;;;;;;;;;;;;;;;;;
;;40200;Japanese Level VIII;202520;Spring 2025;001;20488;Ogiuchi, Sayuri;27.3%;18.2%;54.5%;;;;;;;;;;;;;;;;;;;;;
;;49000;Manga And Anime;202520;Spring 2025;001;30259;Bassoe, Pedro T.;18.8%;31.3%;18.8%;;;6.3%;12.5%;;12.5%;;;;;;;;;;;;;;;
KOR;KOR-Korean;10100;Korean Level I;202520;Spring 2025;001;25526;Kim, Hannah;73.3%;13.3%;;;;;6.7%;;;;;;;;;;;;;;;;6.7%;
;;;;;;003;26986;Jean, Muni;71.4%;14.3%;;;;;7.1%;;;;;;;;;;;7.1%;;;;;;
;;;;;;005;22836;Jean, Muni;56.3%;18.8%;;;;;12.5%;;;6.3%;;;;;6.3%;;;;;;;;;
;;;Korean Level I-Honors;202520;Spring 2025;001;25526;Kim, Hannah;;;;;;;100.0%;;;;;;;;;;;;;;;;;
;;;;;;003;26986;Jean, Muni;100.0%;;;;;;;;;;;;;;;;;;;;;;;
;;10200;Korean Level II;202520;Spring 2025;001;26320;Kim, Huai-Rhin;42.9%;14.3%;;7.1%;7.1%;7.1%;21.4%;;;;;;;;;;;;;;;;;
;;;;;;002;26321;Kim, Huai-Rhin;33.3%;40.0%;;;13.3%;;13.3%;;;;;;;;;;;;;;;;;
;;;;;;006;30358;Kim, Jungeun A.;28.6%;28.6%;;;14.3%;;21.4%;;;;;;;;;;;;;;;;7.1%;
;;;Korean Level II-Honors;202520;Spring 2025;002;26321;Kim, Huai-Rhin;;;;;100.0%;;;;;;;;;;;;;;;;;;;
;;20200;Korean Level IV;202520;Spring 2025;002;23707;Kim, Hannah;33.3%;25.0%;;;8.3%;8.3%;8.3%;8.3%;;;;;;;;;;;;;;;8.3%;
;;28200;Korean Culture And Society;202520;Spring 2025;001;30357;Kim, Huai-Rhin;63.2%;21.1%;;;;;15.8%;;;;;;;;;;;;;;;;;
LA;LA-Landscape Architecture;16600;Hist Thry Land Arch;202520;Spring 2025;001;21350;Siciliano, Paul C.;3.6%;;;;35.7%;;;32.1%;;;17.9%;;;;3.6%;;;;;;;;7.1%;
;;21600;Studio I: Foundational Design;202520;Spring 2025;002;16922;Percevault, Erin M.;41.2%;35.3%;23.5%;;;;;;;;;;;;;;;;;;;;;
;;;Studio I: Founda Design-Honors;202520;Spring 2025;002;16922;Percevault, Erin M.;;;100.0%;;;;;;;;;;;;;;;;;;;;;
;;22704;Studio III: Planting Design;202520;Spring 2025;001;32174;Siciliano, Paul C.;88.2%;;;;5.9%;;;;;;5.9%;;;;;;;;;;;;;
;;29299;Cooperative Experience II;202520;Spring 2025;001;17379;Barbarash, David M.;;;;;;;;;;;;;;;;;;;;100.0%;;;;
;;32600;Studio V: Cmty Dsgn & Planning;202520;Spring 2025;002;17294;Huang, Yiwei;33.3%;37.5%;4.2%;;12.5%;;12.5%;;;;;;;;;;;;;;;;;
;;34604;Site Engr: Materials & Constrc;202520;Spring 2025;001;32176;Thompson, Aaron W.;16.7%;;72.2%;;5.6%;;;5.6%;;;;;;;;;;;;;;;;
;;35600;Site Engr: Const Doc & Adv Sys;202520;Spring 2025;002;17497;Slater, Jeremy D.;37.5%;20.8%;;;4.2%;20.8%;12.5%;;;4.2%;;;;;;;;;;;;;;
;;42600;Studio VII: LA Capstone;202520;Spring 2025;001;17502;Thompson, Aaron W.;28.6%;7.1%;21.4%;;7.1%;7.1%;14.3%;14.3%;;;;;;;;;;;;;;;;
;;48200;Keywords Cont Landsc Arch Dsgn;202520;Spring 2025;002;29353;Huang, Yiwei;53.8%;30.8%;7.7%;;;;;;;;;;;;;;;;;;;;7.7%;
;;;Parametric Design;202520;Spring 2025;001;18399;Barbarash, David M.;40.7%;7.4%;;;11.1%;11.1%;14.8%;;;3.7%;;;;;3.7%;;;;;;;;7.4%;
LATN;LATN-Latin;10200;Latin Level II;202520;Spring 2025;009;16487;Conner, Daniel A.;26.7%;13.3%;20.0%;;;6.7%;6.7%;13.3%;;6.7%;;;;;;;;;;;;;6.7%;
;;;Latin Level II-Honors;202520;Spring 2025;009;16487;Conner, Daniel A.;50.0%;;;;;;50.0%;;;;;;;;;;;;;;;;;
;;20200;Latin Level IV;202520;Spring 2025;001;24120;Conner, Daniel A.;26.7%;13.3%;46.7%;;6.7%;;;;;6.7%;;;;;;;;;;;;;;
;;;Latin Level IV-Honors;202520;Spring 2025;001;24120;Conner, Daniel A.;33.3%;;33.3%;;;33.3%;;;;;;;;;;;;;;;;;;
LC;LC-Languages and Cultures;28100;Intro To World Food Cultures;202520;Spring 2025;001;17781;Hamad Zahonero, Nuur;45.8%;12.5%;29.2%;;4.2%;4.2%;;4.2%;;;;;;;;;;;;;;;;
;;33300;Middle Ages On Film;202520;Spring 2025;001;28468;Leverage, Paula E.;48.1%;7.4%;18.5%;;7.4%;11.1%;;;3.7%;3.7%;;;;;;;;;;;;;;
LING;LING-Linguistics;31500;Elements Of Phonetics;202520;Spring 2025;001;40804;Krok, Windi C.;14.3%;;50.0%;;;14.3%;7.1%;7.1%;;;;;;;;;;;;;;;7.1%;
;;32100;Fndatns Of Synt & Sem;202520;Spring 2025;001;23994;Benedicto, Elena E.;33.3%;;58.3%;;;;;;;;;;;;8.3%;;;;;;;;;
;;39800;Structure Of Farsi;202520;Spring 2025;008;30852;Khodadadi, Golsa;12.5%;;81.3%;;;;;;;;;;;;;;;;;;;;6.3%;
;;53100;Semantics I:Lex & Sent;202520;Spring 2025;001;19790;Wilbur, Ronnie B.;14.3%;28.6%;14.3%;;;;35.7%;;;;;;;;;;;7.1%;;;;;;
MA;MA-Mathematics;13700;Math For Elm Tchrs I;202520;Spring 2025;113;21805;Fitch, Jennifer M.;15.0%;;5.0%;;20.0%;;;45.0%;;;5.0%;;;;;;;;;;;;10.0%;
;;;;;;123;61607;Fitch, Jennifer M.;9.5%;;;;23.8%;4.8%;;33.3%;;;19.0%;;;;9.5%;;;;;;;;;
;;;;;;125;25530;Weiland, Jack A.;26.3%;;;;15.8%;;;31.6%;;;10.5%;;;;;;;;;;;;15.8%;
;;;;;;127;29265;Bridges, Nicolas A.;31.8%;;;;22.7%;4.5%;;18.2%;;;9.1%;;;;13.6%;;;;;;;;;
;;13800;Math For Elm Tchrs II;202520;Spring 2025;230;21812;Fitch, Jennifer M.;13.0%;;4.3%;;34.8%;;;21.7%;;;8.7%;;;;8.7%;;;;;;;;8.7%;
;;13900;Math For Elm Tchrs III;202520;Spring 2025;700;60994;Max, Brooke M.;30.8%;7.7%;;;15.4%;7.7%;;7.7%;;;23.1%;;;;;;;;;;;;7.7%;
;;;;;;800;21815;Max, Brooke M.;7.7%;;;;46.2%;;;38.5%;7.7%;;;;;;;;;;;;;;;
;;15300;College Algebra;202520;Spring 2025;200;63683;Devlin, Patrick M.;6.7%;1.1%;2.2%;;7.9%;6.7%;1.1%;4.5%;13.5%;6.7%;7.9%;;2.2%;;13.5%;;;;;;;;25.8%;
;;;;;;Y08;17270;Devlin, Patrick M.;7.2%;2.9%;4.3%;;5.8%;4.3%;2.9%;7.2%;2.9%;4.3%;;;2.9%;;27.5%;;;1.4%;;;;;26.1%;
;;;;;;Y16;10710;Devlin, Patrick M.;12.5%;4.2%;5.6%;;9.7%;8.3%;2.8%;2.8%;5.6%;5.6%;;;4.2%;;8.3%;;1.4%;;;;;;29.2%;
;;15555;Quantitative Reasoning;202520;Spring 2025;301;10575;Haug, John A.;13.6%;18.2%;27.3%;;4.5%;4.5%;;;4.5%;9.1%;;4.5%;4.5%;;9.1%;;;;;;;;;
;;;;;;302;10576;Haug, John A.;21.7%;13.0%;34.8%;;8.7%;4.3%;4.3%;;;4.3%;;;4.3%;;4.3%;;;;;;;;;
;;;;;;303;10579;Shah, Ehan P.;15.8%;5.3%;26.3%;;21.1%;;15.8%;5.3%;5.3%;;;;;;5.3%;;;;;;;;;
;;;;;;304;10580;Shah, Ehan P.;21.1%;5.3%;36.8%;;10.5%;;15.8%;;5.3%;;5.3%;;;;;;;;;;;;;
;;;;;;305;11325;Madison, Robert D.;22.7%;22.7%;13.6%;;9.1%;4.5%;9.1%;4.5%;;4.5%;;;;;;;;;;;;;9.1%;
;;;;;;306;11326;Madison, Robert D.;30.0%;10.0%;15.0%;;5.0%;;25.0%;;;10.0%;;;;;5.0%;;;;;;;;;
;;;;;;307;16566;Pence, Zachariah A.;31.8%;9.1%;9.1%;;9.1%;4.5%;9.1%;9.1%;;9.1%;;;;;4.5%;;;;;;;;4.5%;
;;;;;;308;16567;Pence, Zachariah A.;36.4%;9.1%;18.2%;;4.5%;4.5%;13.6%;4.5%;;;;;;;4.5%;;;;;;;;4.5%;
;;15800;Precalculus- Functions & Trig;202520;Spring 2025;001;16574;Partaker, Conner L.;;;;;15.6%;6.3%;3.1%;6.3%;6.3%;15.6%;6.3%;;6.3%;;21.9%;;;;;;;;12.5%;
;;;;;;003;16570;Partaker, Conner L.;;;;;12.5%;3.1%;3.1%;6.3%;15.6%;25.0%;6.3%;;6.3%;;15.6%;;;;;;;;6.3%;
;;;;;;300;14869;Shalabi, Jill D.;1.1%;1.1%;;;9.5%;4.2%;1.1%;13.7%;12.6%;14.7%;11.6%;;7.4%;;11.6%;;;;;;;;11.6%;
;;;;;;400;21651;Karunaratne, Susitha H.;2.1%;1.1%;;;22.3%;2.1%;;11.7%;11.7%;11.7%;11.7%;;2.1%;;11.7%;;;;;;;;11.7%;
;;;;;;999;10740;Shalabi, Jill D.;1.3%;1.3%;;;1.3%;5.1%;;7.7%;15.4%;7.7%;11.5%;;9.0%;;20.5%;;;;;;;;19.2%;
;;16010;Applied Calculus I;202520;Spring 2025;101;16588;Devale, Tanmay;6.7%;;;;16.7%;10.0%;6.7%;6.7%;3.3%;;10.0%;;3.3%;;20.0%;;;;;;;;16.7%;
;;;;;;102;16583;Devale, Tanmay;10.0%;10.0%;;;16.7%;3.3%;3.3%;6.7%;3.3%;10.0%;3.3%;3.3%;;;6.7%;;;;;;;;23.3%;
;;;;;;103;15804;Ashton, Liam M.;20.7%;6.9%;3.4%;;6.9%;;17.2%;20.7%;3.4%;3.4%;3.4%;;10.3%;;;;;;;;;;3.4%;
;;;;;;104;14892;Ashton, Liam M.;20.0%;;3.3%;;13.3%;6.7%;6.7%;3.3%;6.7%;13.3%;;3.3%;3.3%;;6.7%;;;;;;;;13.3%;
;;;;;;105;15805;Oconnor, Samuel J.;8.0%;;4.0%;;16.0%;4.0%;;8.0%;;4.0%;20.0%;;4.0%;;24.0%;;;;;;;;8.0%;
;;;;;;106;14870;Oconnor, Samuel J.;6.7%;;3.3%;;10.0%;13.3%;6.7%;13.3%;3.3%;;13.3%;3.3%;;;10.0%;;;;;;;;16.7%;
;;;;;;107;14882;Wan, Hao;10.0%;13.3%;3.3%;;13.3%;13.3%;3.3%;13.3%;;6.7%;;;3.3%;;3.3%;;;;;;;;16.7%;
;;;;;;108;14881;Wan, Hao;10.3%;;6.9%;;10.3%;6.9%;6.9%;20.7%;6.9%;6.9%;6.9%;;10.3%;;;;;;;;;;6.9%;
;;;;;;109;14899;Manning, Amanda D.;20.0%;3.3%;3.3%;;20.0%;3.3%;6.7%;13.3%;10.0%;6.7%;6.7%;;3.3%;;;;;;;;;;3.3%;
;;;;;;110;14872;Manning, Amanda D.;16.7%;3.3%;;;23.3%;10.0%;13.3%;6.7%;13.3%;;3.3%;;3.3%;;;;;;;;;;6.7%;
;;;;;;700;11373;Delgado, Huimei;11.1%;4.2%;4.2%;;19.4%;2.8%;5.6%;13.9%;4.2%;5.6%;6.9%;4.2%;5.6%;;5.6%;;;;;;;;6.9%;
;;;;;;811;21661;Delworth, Timothy J.;17.4%;6.4%;4.6%;;15.6%;2.8%;4.6%;14.7%;3.7%;5.5%;11.0%;1.8%;1.8%;;2.8%;;;;;;;;7.3%;
;;;;;;812;22714;Robbins, Jakayla R.;12.6%;1.8%;1.8%;;16.2%;8.1%;2.7%;9.0%;2.7%;2.7%;9.9%;;7.2%;;9.9%;0.9%;;;;;;;14.4%;
;;;;;;813;22720;Robbins, Jakayla R.;9.5%;7.6%;3.8%;;9.5%;5.7%;5.7%;14.3%;11.4%;3.8%;4.8%;;1.9%;;7.6%;;;;;;;;14.3%;
;;;;;;814;22722;Delgado, Huimei;4.1%;5.0%;2.5%;;5.8%;3.3%;5.8%;15.7%;4.1%;5.0%;12.4%;5.8%;7.4%;;9.1%;;;;;;;;14.0%;
;;16020;Applied Calculus II;202520;Spring 2025;013;22724;Bickle, Allan E.;11.4%;4.8%;;;20.0%;7.6%;4.8%;10.5%;5.7%;4.8%;6.7%;;2.9%;;6.7%;;;;;;;;14.3%;
;;;;;;014;22725;Robbins, Jakayla R.;14.5%;1.7%;1.7%;;20.5%;7.7%;4.3%;6.8%;10.3%;8.5%;1.7%;;6.8%;;7.7%;;;;;;;;7.7%;
;;;;;;090;23095;Norris, David M.;25.0%;4.2%;2.5%;;19.2%;8.3%;3.3%;4.2%;9.2%;9.2%;4.2%;;1.7%;;4.2%;;;;;;;;5.0%;
;;;;;;101;16624;Dunaisky, Tyler J.;21.1%;2.6%;;;21.1%;2.6%;5.3%;13.2%;2.6%;7.9%;7.9%;;;;2.6%;;;;;;;;13.2%;
;;;;;;102;16616;Dunaisky, Tyler J.;9.8%;;2.4%;;7.3%;9.8%;2.4%;12.2%;14.6%;17.1%;7.3%;;4.9%;;;;;;;;;;12.2%;
;;;;;;103;16606;Capovilla-Searle, Fabio M.;11.9%;7.1%;2.4%;;16.7%;2.4%;2.4%;2.4%;9.5%;16.7%;7.1%;;;;9.5%;;;;;;;;11.9%;
;;;;;;104;16603;Capovilla-Searle, Fabio M.;26.2%;2.4%;;;14.3%;2.4%;;11.9%;2.4%;19.0%;;;2.4%;;7.1%;;;;;;;;11.9%;
;;;;;;999;10742;Norris, David M.;10.5%;5.3%;;;14.5%;9.2%;1.3%;5.3%;3.9%;7.9%;5.3%;;2.6%;;9.2%;1.3%;;;;;;;23.7%;
;;16100;Pl Anly Geo Calc I;202520;Spring 2025;101;16680;Chhawchharia, Priyal;;5.0%;5.0%;;;2.5%;10.0%;10.0%;15.0%;10.0%;10.0%;;2.5%;;15.0%;;;;;;;;15.0%;
;;;;;;102;16681;Chhawchharia, Priyal;7.7%;5.1%;7.7%;;7.7%;;5.1%;10.3%;7.7%;10.3%;7.7%;;7.7%;;7.7%;;;;;;;;15.4%;
;;;;;;105;16692;Gorripati, Meghana;2.6%;2.6%;5.1%;;7.7%;2.6%;2.6%;10.3%;5.1%;5.1%;2.6%;;12.8%;;7.7%;;;;;;;;33.3%;
;;;;;;106;16693;Gorripati, Meghana;4.9%;2.4%;2.4%;;12.2%;12.2%;4.9%;14.6%;9.8%;9.8%;2.4%;;7.3%;;7.3%;;;;;;;;9.8%;
;;;;;;107;16678;Touroude, Alexandre D.;10.0%;5.0%;2.5%;;7.5%;2.5%;;12.5%;5.0%;7.5%;2.5%;;7.5%;;7.5%;;;;;;;;30.0%;
;;;;;;108;16679;Touroude, Alexandre D.;17.5%;7.5%;10.0%;;7.5%;2.5%;;10.0%;5.0%;2.5%;5.0%;;10.0%;;5.0%;;;;;;;;17.5%;
;;;;;;109;16721;Debnath, Mithun;9.8%;9.8%;12.2%;2.4%;4.9%;4.9%;7.3%;7.3%;2.4%;12.2%;;;2.4%;;7.3%;;;;;;;;17.1%;
;;;;;;110;16719;Debnath, Mithun;5.0%;12.5%;5.0%;;;5.0%;5.0%;27.5%;10.0%;5.0%;;;5.0%;;2.5%;;;;;;;;17.5%;
;;16200;Pl Anly Geo Calc II;202520;Spring 2025;054;23767;Sunkula, Mahesh;6.8%;13.6%;4.5%;;13.6%;11.4%;5.7%;6.8%;11.4%;4.5%;4.5%;;1.1%;;8.0%;;;;;;;;8.0%;
;;;;;;101;16747;Doh, Hyungjun;8.7%;;;;4.3%;4.3%;13.0%;8.7%;8.7%;8.7%;;;8.7%;;26.1%;;;;;;;;8.7%;
;;;;;;102;16748;Doh, Hyungjun;;7.1%;3.6%;;7.1%;3.6%;3.6%;10.7%;14.3%;14.3%;7.1%;;3.6%;;17.9%;;;;;;;;7.1%;
;;;;;;103;16749;Grorud, Jesse T.;10.3%;6.9%;6.9%;;3.4%;17.2%;3.4%;13.8%;3.4%;17.2%;3.4%;;3.4%;;;;;;;;;;10.3%;
;;;;;;104;16750;Grorud, Jesse T.;10.3%;6.9%;;;6.9%;10.3%;6.9%;13.8%;10.3%;20.7%;3.4%;;6.9%;;;;;;;;;;3.4%;
;;;;;;105;16766;Sharma, Soham;6.7%;20.0%;6.7%;;10.0%;10.0%;;;3.3%;10.0%;;;16.7%;;13.3%;;;;;;;;3.3%;
;;;;;;106;16765;Sharma, Soham;3.4%;3.4%;3.4%;;3.4%;17.2%;6.9%;10.3%;10.3%;10.3%;3.4%;;3.4%;;13.8%;;;;;;;;10.3%;
;;;;;;107;16780;Mossman, Luca S.;;17.2%;3.4%;;3.4%;10.3%;17.2%;6.9%;3.4%;;6.9%;;10.3%;;10.3%;;;;;;;;10.3%;
;;;;;;108;16779;Mossman, Luca S.;17.2%;10.3%;3.4%;;17.2%;3.4%;6.9%;6.9%;17.2%;10.3%;;;3.4%;;3.4%;;;;;;;;;
;;;;;;109;16790;Shen, Leo;3.4%;;6.9%;;24.1%;10.3%;10.3%;10.3%;6.9%;3.4%;6.9%;;6.9%;;6.9%;3.4%;;;;;;;;
;;;;;;110;16782;Shen, Leo;17.2%;10.3%;6.9%;;3.4%;10.3%;;10.3%;3.4%;20.7%;3.4%;;3.4%;;6.9%;;;;;;;;3.4%;
;;;;;;111;16745;Poole, Michael B.;7.7%;;3.8%;;15.4%;15.4%;3.8%;11.5%;3.8%;11.5%;11.5%;;3.8%;;7.7%;;;;;;;;3.8%;
;;;;;;112;16740;Poole, Michael B.;3.6%;10.7%;3.6%;;3.6%;14.3%;10.7%;10.7%;;10.7%;;;14.3%;;10.7%;;;;;;;;7.1%;
;;;;;;301;23303;Cordova, Dominic A.;3.7%;3.7%;;;;7.4%;7.4%;11.1%;7.4%;18.5%;3.7%;;7.4%;;7.4%;;;;;;;;22.2%;
;;;;;;302;23304;Cordova, Dominic A.;17.2%;13.8%;6.9%;;3.4%;10.3%;;17.2%;3.4%;17.2%;;;3.4%;;6.9%;;;;;;;;;
;;;;;;303;23302;Munoz, Claudia E.;6.9%;17.2%;;;17.2%;6.9%;6.9%;6.9%;13.8%;10.3%;3.4%;;3.4%;;3.4%;;;;;;;;3.4%;
;;;;;;304;23301;Munoz, Claudia E.;7.1%;10.7%;10.7%;;10.7%;14.3%;7.1%;3.6%;7.1%;25.0%;;;3.6%;;;;;;;;;;;
;;;;;;305;23305;Nerella, Niveditha;12.0%;8.0%;4.0%;;;12.0%;;8.0%;8.0%;20.0%;12.0%;;8.0%;;4.0%;;;;;;;;4.0%;
;;;;;;306;23259;Gadre, Rishikesh R.;10.7%;7.1%;7.1%;;7.1%;14.3%;3.6%;3.6%;10.7%;14.3%;7.1%;;;;3.6%;;;;;;;;10.7%;
;;;;;;307;23260;Gadre, Rishikesh R.;7.1%;14.3%;10.7%;;14.3%;17.9%;3.6%;7.1%;3.6%;10.7%;;;3.6%;;3.6%;;;;;;;;3.6%;
;;;;;;308;23262;Nerella, Niveditha;10.3%;10.3%;;;10.3%;;17.2%;13.8%;6.9%;6.9%;10.3%;;3.4%;;6.9%;;;;;;;;3.4%;
;;;;;;309;23306;Raginsky, Juliet M.;17.2%;10.3%;17.2%;;6.9%;20.7%;6.9%;3.4%;10.3%;;;;6.9%;;;;;;;;;;;
;;;;;;310;23265;Raginsky, Juliet M.;10.3%;6.9%;3.4%;;3.4%;17.2%;6.9%;6.9%;3.4%;24.1%;;;6.9%;;10.3%;;;;;;;;;
;;;;;;311;23308;Bachmann, Gage P.;10.3%;17.2%;;;10.3%;10.3%;13.8%;10.3%;6.9%;17.2%;;;3.4%;;;;;;;;;;;
;;;;;;312;23309;Bachmann, Gage P.;10.7%;14.3%;7.1%;;7.1%;21.4%;3.6%;7.1%;3.6%;14.3%;3.6%;;3.6%;;3.6%;;;;;;;;;
;;;Pl Anly Geo Calc II-Honors;202520;Spring 2025;112;16740;Poole, Michael B.;;100.0%;;;;;;;;;;;;;;;;;;;;;;
;;16290;Data Science Labs: Calculus;202520;Spring 2025;003;19783;Rudo, Megan A.;31.3%;12.5%;25.0%;;;;;;;;;;;;6.3%;;;;;;;;25.0%;
;;;;;;004;23565;Whisner, Warren J.;41.7%;;16.7%;;;8.3%;;;;;8.3%;;;;8.3%;;;;;;;;16.7%;
;;;Data Sci Labs: Calculus-Honors;202520;Spring 2025;003;19783;Rudo, Megan A.;;;;;;;;;;;;;;;;;;;;;;;100.0%;
;;16600;Analytc Geom & Calc II;202520;Spring 2025;201;21924;Waidyarathne, Heva Rathnage Hasani S.;15.8%;13.2%;7.9%;;7.9%;10.5%;5.3%;18.4%;5.3%;7.9%;;;2.6%;;;;;;;;;;5.3%;
;;;;;;202;14851;Waidyarathne, Heva Rathnage Hasani S.;10.8%;5.4%;18.9%;;8.1%;8.1%;18.9%;5.4%;5.4%;8.1%;5.4%;;;;2.7%;;;;;;;;2.7%;
;;;;;;203;41313;Waidyarathne, Heva Rathnage Hasani S.;21.6%;10.8%;16.2%;;5.4%;16.2%;5.4%;8.1%;2.7%;5.4%;;;;;;;;;;;;;8.1%;
;;;;;;204;57872;Nathe, Joel G.;16.2%;21.6%;8.1%;;16.2%;21.6%;2.7%;5.4%;;8.1%;;;;;;;;;;;;;;
;;;;;;205;14850;Nathe, Joel G.;21.6%;8.1%;5.4%;;13.5%;2.7%;13.5%;16.2%;5.4%;5.4%;;;;;2.7%;;;;;;;;5.4%;
;;;;;;206;17934;Nathe, Joel G.;13.5%;13.5%;5.4%;;5.4%;13.5%;18.9%;16.2%;5.4%;8.1%;;;;;;;;;;;;;;
;;;;;;207;57877;Barrientos Lopez, Jose Manuel;13.5%;5.4%;8.1%;;10.8%;18.9%;18.9%;10.8%;2.7%;5.4%;2.7%;;;;;;;;;;;;2.7%;
;;;;;;208;63699;Barrientos Lopez, Jose Manuel;13.5%;16.2%;5.4%;;8.1%;8.1%;24.3%;10.8%;5.4%;5.4%;2.7%;;;;;;;;;;;;;
;;;;;;209;57870;Barrientos Lopez, Jose Manuel;16.7%;22.2%;5.6%;;13.9%;8.3%;8.3%;5.6%;2.8%;11.1%;2.8%;;;;;;;;;;;;2.8%;
;;;;;;210;23318;Vu, Thi Huong Thu;7.9%;5.3%;7.9%;;10.5%;13.2%;5.3%;18.4%;10.5%;7.9%;2.6%;;2.6%;;;;;;;;;;7.9%;
;;;;;;211;23317;Vu, Thi Huong Thu;13.2%;5.3%;7.9%;;13.2%;15.8%;13.2%;7.9%;7.9%;7.9%;;;;;;;;;;;;;7.9%;
;;;;;;212;23316;Vu, Thi Huong Thu;13.5%;10.8%;5.4%;;21.6%;10.8%;5.4%;10.8%;5.4%;16.2%;;;;;;;;;;;;;;
;;;;;;287;17935;Bruhnke, Tyler W.;21.6%;16.2%;5.4%;;21.6%;2.7%;10.8%;5.4%;2.7%;10.8%;;;;;;;;;;;;;2.7%;
;;;;;;288;21931;Bruhnke, Tyler W.;13.5%;10.8%;13.5%;;18.9%;10.8%;13.5%;2.7%;;10.8%;;;;;;;;;;;;;5.4%;
;;;;;;289;57876;Bruhnke, Tyler W.;27.0%;16.2%;5.4%;;18.9%;2.7%;10.8%;8.1%;;10.8%;;;;;;;;;;;;;;
;;;;;;290;16800;Balasubramanian, Varun;16.2%;10.8%;8.1%;;16.2%;5.4%;13.5%;10.8%;5.4%;5.4%;2.7%;;;;;;;;;;;;5.4%;
;;;;;;291;16803;Balasubramanian, Varun;16.2%;16.2%;10.8%;;2.7%;16.2%;16.2%;8.1%;2.7%;10.8%;;;;;;;;;;;;;;
;;;;;;292;16804;Balasubramanian, Varun;24.3%;10.8%;;;24.3%;8.1%;8.1%;13.5%;2.7%;5.4%;2.7%;;;;;;;;;;;;;
;;;;;;293;16807;Akdenizli, Mert;18.9%;10.8%;10.8%;;10.8%;10.8%;8.1%;16.2%;2.7%;8.1%;;;;;2.7%;;;;;;;;;
;;;;;;294;16808;Akdenizli, Mert;13.5%;8.1%;5.4%;;32.4%;10.8%;10.8%;5.4%;2.7%;5.4%;;;2.7%;;;;;;;;;;2.7%;
;;;;;;295;16809;Akdenizli, Mert;21.6%;18.9%;5.4%;;16.2%;13.5%;5.4%;8.1%;5.4%;5.4%;;;;;;;;;;;;;;
;;;;;;296;16812;Sinha, Vinit;16.2%;24.3%;10.8%;;10.8%;13.5%;2.7%;10.8%;2.7%;8.1%;;;;;;;;;;;;;;
;;;;;;297;16814;Sinha, Vinit;7.9%;28.9%;10.5%;;10.5%;2.6%;26.3%;5.3%;5.3%;2.6%;;;;;;;;;;;;;;
;;;;;;298;16816;Sinha, Vinit;7.9%;7.9%;10.5%;;10.5%;15.8%;5.3%;7.9%;10.5%;18.4%;;;;;2.6%;;;;;;;;2.6%;
;;26100;Multivariate Calculus;202520;Spring 2025;701;15831;Pathak, Mandon M.;7.7%;10.3%;7.7%;;20.5%;7.7%;2.6%;15.4%;2.6%;5.1%;;;2.6%;;5.1%;;;;;;;;12.8%;
;;;;;;702;63744;Pathak, Mandon M.;15.8%;5.3%;5.3%;;2.6%;15.8%;10.5%;15.8%;7.9%;7.9%;5.3%;;;;5.3%;;;;;;;;2.6%;
;;;;;;703;43314;Pathak, Mandon M.;10.3%;12.8%;5.1%;;23.1%;10.3%;5.1%;2.6%;7.7%;7.7%;2.6%;;2.6%;;2.6%;;;;;;;;7.7%;
;;;;;;704;13344;Ibrahim, Aly M.;10.3%;7.7%;5.1%;;15.4%;10.3%;10.3%;10.3%;7.7%;10.3%;5.1%;;;;2.6%;;;;;;;;5.1%;
;;;;;;705;13364;Ibrahim, Aly M.;12.8%;10.3%;5.1%;;10.3%;7.7%;7.7%;12.8%;5.1%;7.7%;2.6%;;;;10.3%;;;;;;;;7.7%;
;;;;;;706;22037;Ibrahim, Aly M.;17.9%;5.1%;2.6%;;15.4%;2.6%;7.7%;23.1%;10.3%;10.3%;2.6%;;;;2.6%;;;;;;;;;
;;;;;;707;13348;Pabon Cancel, Eric J.;15.4%;5.1%;;;5.1%;10.3%;2.6%;12.8%;7.7%;12.8%;10.3%;;;;5.1%;;;;;;;;12.8%;
;;;;;;708;13403;Pabon Cancel, Eric J.;7.7%;2.6%;5.1%;;12.8%;7.7%;10.3%;15.4%;10.3%;15.4%;5.1%;;;;5.1%;;;;;;;;2.6%;
;;;;;;709;15833;Pabon Cancel, Eric J.;7.7%;2.6%;5.1%;;15.4%;15.4%;5.1%;12.8%;12.8%;7.7%;5.1%;;;;5.1%;;;;;;;;5.1%;
;;;;;;710;17697;Baier, Otto C.;12.8%;10.3%;2.6%;;17.9%;;5.1%;15.4%;2.6%;12.8%;2.6%;;2.6%;;10.3%;;;;;;;;5.1%;
;;;;;;711;17700;Baier, Otto C.;12.5%;7.5%;7.5%;;10.0%;2.5%;2.5%;10.0%;10.0%;7.5%;5.0%;;;;7.5%;;;;;;;;17.5%;
;;;;;;712;17705;Baier, Otto C.;10.5%;10.5%;10.5%;;5.3%;5.3%;7.9%;15.8%;5.3%;15.8%;2.6%;;2.6%;;5.3%;;;;;;;;2.6%;
;;;;;;781;16823;Daley, Lancelot A.;2.6%;2.6%;2.6%;;23.1%;5.1%;;23.1%;7.7%;10.3%;12.8%;;5.1%;;;;;;;;;;5.1%;
;;;;;;782;16826;Daley, Lancelot A.;10.3%;7.7%;2.6%;;10.3%;10.3%;10.3%;5.1%;5.1%;17.9%;;;7.7%;;7.7%;;;;;;;;5.1%;
;;;;;;783;16831;Daley, Lancelot A.;12.8%;5.1%;2.6%;;23.1%;;7.7%;15.4%;5.1%;7.7%;2.6%;;5.1%;;2.6%;;;;;;;;10.3%;
;;;;;;784;16836;Balasubramanian Ramakrishna, Barath;10.3%;2.6%;2.6%;;7.7%;7.7%;5.1%;5.1%;10.3%;15.4%;17.9%;;5.1%;;7.7%;;;;;;;;2.6%;
;;;;;;785;16838;Balasubramanian Ramakrishna, Barath;12.8%;10.3%;7.7%;;12.8%;10.3%;2.6%;10.3%;7.7%;10.3%;2.6%;;5.1%;;;;;;;;;;7.7%;
;;;;;;786;16841;Balasubramanian Ramakrishna, Barath;15.4%;5.1%;;;25.6%;2.6%;5.1%;10.3%;7.7%;2.6%;7.7%;;5.1%;;7.7%;;;2.6%;;;;;2.6%;
;;;;;;787;16844;Somasundaram, Siva;18.4%;2.6%;7.9%;;10.5%;7.9%;5.3%;13.2%;7.9%;7.9%;7.9%;;5.3%;;;;;;;;;;5.3%;
;;;;;;788;16848;Somasundaram, Siva;12.8%;5.1%;5.1%;;12.8%;;2.6%;15.4%;12.8%;5.1%;7.7%;;5.1%;;5.1%;;;;;;;;10.3%;
;;;;;;789;16855;Somasundaram, Siva;17.9%;7.7%;5.1%;;10.3%;5.1%;12.8%;15.4%;12.8%;5.1%;;;2.6%;;2.6%;;;;;;;;2.6%;
;;;;;;790;14807;Seyedpour, Reyhaneh Sadat;12.8%;5.1%;7.7%;;15.4%;2.6%;2.6%;12.8%;17.9%;2.6%;5.1%;;;;12.8%;;;;;;;;2.6%;
;;;;;;791;14808;Seyedpour, Reyhaneh Sadat;30.8%;2.6%;7.7%;;20.5%;7.7%;;12.8%;2.6%;2.6%;2.6%;;2.6%;;2.6%;;;;;;;;5.1%;
;;;;;;792;14809;Seyedpour, Reyhaneh Sadat;15.4%;10.3%;2.6%;;15.4%;5.1%;7.7%;20.5%;2.6%;2.6%;7.7%;;2.6%;;2.6%;;;;;;;;5.1%;
;;;;;;811;25982;Thomas, Aaron D.;7.7%;5.1%;7.7%;;12.8%;2.6%;20.5%;12.8%;7.7%;2.6%;7.7%;;;;5.1%;;;;;;;;7.7%;
;;;;;;812;25986;Thomas, Aaron D.;10.3%;5.1%;5.1%;;10.3%;17.9%;2.6%;10.3%;2.6%;15.4%;5.1%;;5.1%;;5.1%;;;;;;;;5.1%;
;;;;;;813;25987;Thomas, Aaron D.;10.0%;2.5%;5.0%;;5.0%;10.0%;7.5%;22.5%;10.0%;;10.0%;;5.0%;;10.0%;;;;;;;;2.5%;
;;;;;;814;25973;Li, Yik H.;10.3%;5.1%;5.1%;;7.7%;5.1%;10.3%;15.4%;15.4%;10.3%;2.6%;;;;12.8%;;;;;;;;;
;;;;;;815;25978;Li, Yik H.;5.1%;12.8%;;;17.9%;5.1%;;10.3%;15.4%;5.1%;7.7%;;5.1%;;2.6%;;;;;;;;12.8%;
;;;;;;816;25980;Li, Yik H.;7.7%;;2.6%;;17.9%;5.1%;10.3%;15.4%;10.3%;10.3%;10.3%;;;;5.1%;;;;;;;;5.1%;
;;;;;;817;25981;Makarova, Maiia;15.4%;7.7%;;;15.4%;17.9%;10.3%;10.3%;2.6%;5.1%;5.1%;;;;5.1%;;;;;;;;5.1%;
;;;;;;818;25955;Makarova, Maiia;15.4%;10.3%;7.7%;;5.1%;5.1%;7.7%;7.7%;7.7%;2.6%;5.1%;;7.7%;;7.7%;;;;;;;;10.3%;
;;;;;;819;25964;Makarova, Maiia;13.2%;7.9%;5.3%;;7.9%;5.3%;2.6%;18.4%;13.2%;10.5%;;;2.6%;;2.6%;;;;;;;;10.5%;
;;;;;;820;25969;Yandell, Evan A.;7.7%;2.6%;12.8%;;12.8%;12.8%;2.6%;10.3%;2.6%;5.1%;15.4%;;;;5.1%;;;;;;;;10.3%;
;;;;;;831;25971;Yandell, Evan A.;18.4%;2.6%;2.6%;;10.5%;15.8%;7.9%;13.2%;7.9%;5.3%;7.9%;;;;5.3%;;;;;;;;2.6%;
;;;;;;832;25958;Yandell, Evan A.;;5.1%;10.3%;;7.7%;10.3%;7.7%;17.9%;10.3%;5.1%;5.1%;;5.1%;;10.3%;;;;;;;;5.1%;
;;;Multivariate Calculus-Honors;202520;Spring 2025;702;63744;Pathak, Mandon M.;100.0%;;;;;;;;;;;;;;;;;;;;;;;
;;;;;;787;16844;Somasundaram, Siva;;;100.0%;;;;;;;;;;;;;;;;;;;;;
;;;;;;831;25971;Yandell, Evan A.;;;;;;;;;;100.0%;;;;;;;;;;;;;;
;;26200;Lin Alg Diff Equats;202520;Spring 2025;101;12895;Burke, Tianna K.;20.0%;22.5%;7.5%;;12.5%;7.5%;20.0%;2.5%;;7.5%;;;;;;;;;;;;;;
;;;;;;102;12896;Burke, Tianna K.;22.5%;10.0%;7.5%;;12.5%;10.0%;25.0%;;;2.5%;2.5%;;;;2.5%;;;;;;;;5.0%;
;;;;;;201;12863;Tambakos, Dimitrios T.;22.5%;20.0%;12.5%;;15.0%;;12.5%;2.5%;2.5%;;7.5%;;2.5%;;2.5%;;;;;;;;;
;;;;;;202;12889;Tambakos, Dimitrios T.;23.1%;15.4%;5.1%;;12.8%;5.1%;33.3%;;;5.1%;;;;;;;;;;;;;;
;;;;;;501;14810;Barnes, Russell;10.0%;17.5%;7.5%;;12.5%;12.5%;30.0%;2.5%;;7.5%;;;;;;;;;;;;;;
;;;;;;502;14817;Barnes, Russell;12.5%;20.0%;10.0%;;12.5%;10.0%;22.5%;7.5%;;;;;2.5%;;;;;;;;;;2.5%;
;;;;;;569;14820;Gismondi, Nicholas D.;15.0%;20.0%;15.0%;;5.0%;2.5%;30.0%;2.5%;;7.5%;;;;;;;;;;;;;2.5%;
;;;;;;570;14819;Gismondi, Nicholas D.;20.0%;15.0%;12.5%;;15.0%;12.5%;15.0%;2.5%;7.5%;;;;;;;;;;;;;;;
;;;;;;573;14821;Hilmer, Kieran W.;22.5%;15.0%;15.0%;;7.5%;7.5%;17.5%;2.5%;;7.5%;;;;;;2.5%;;;;;;;2.5%;
;;;;;;574;14826;Hilmer, Kieran W.;22.5%;17.5%;10.0%;;12.5%;5.0%;15.0%;2.5%;5.0%;7.5%;;;2.5%;;;;;;;;;;;
;;;;;;578;14827;Kapsin, Nathan A.;16.0%;12.0%;;;16.0%;20.0%;24.0%;4.0%;;4.0%;4.0%;;;;;;;;;;;;;
;;;;;;579;14834;Kapsin, Nathan A.;12.8%;20.5%;12.8%;;10.3%;5.1%;17.9%;2.6%;;10.3%;2.6%;;;;2.6%;;;;;;;;2.6%;
;;;;;;589;26846;Dixon, Robert S.;17.6%;29.4%;5.9%;;11.8%;;17.6%;5.9%;;5.9%;;;;;;;;;;;;;5.9%;
;;;;;;590;26847;Dixon, Robert S.;20.0%;20.0%;5.7%;;11.4%;11.4%;22.9%;;2.9%;2.9%;;;2.9%;;;;;;;;;;;
;;;;;;598;24646;Chen, Ying;8.8%;15.0%;11.3%;;13.8%;16.3%;20.0%;6.3%;;7.5%;;;;;1.3%;;;;;;;;;
;;;;;;607;29298;Kessinger, Ethan T.;20.0%;12.5%;22.5%;;20.0%;5.0%;12.5%;2.5%;;5.0%;;;;;;;;;;;;;;
;;;;;;608;29296;Kessinger, Ethan T.;15.4%;23.1%;15.4%;;7.7%;5.1%;10.3%;10.3%;5.1%;2.6%;;;2.6%;;2.6%;;;;;;;;;
;;;;;;610;33432;Khan, Shahbaz A.;22.5%;15.0%;;;25.0%;5.0%;12.5%;7.5%;;7.5%;;;2.5%;;;;;;;;;;2.5%;
;;;;;;611;33433;Khan, Shahbaz A.;8.6%;20.0%;5.7%;;14.3%;11.4%;17.1%;2.9%;5.7%;14.3%;;;;;;;;;;;;;;
;;;Lin Alg Diff Equats-Honors;202520;Spring 2025;578;14827;Kapsin, Nathan A.;100.0%;;;;;;;;;;;;;;;;;;;;;;;
;;26500;Linear Algebra;202520;Spring 2025;172;14859;Glubokov, Andrey;14.3%;14.3%;2.4%;;19.0%;9.5%;9.5%;2.4%;4.8%;9.5%;2.4%;;7.1%;;4.8%;;;;;;;;;
;;;;;;173;13028;Le, Daniel T.;19.0%;4.8%;7.1%;;14.3%;4.8%;4.8%;11.9%;7.1%;4.8%;2.4%;;7.1%;;2.4%;;;;;;;;9.5%;
;;;;;;196;13035;Miller, Jeremy K.;9.8%;14.6%;7.3%;;7.3%;4.9%;4.9%;12.2%;12.2%;9.8%;7.3%;;;;4.9%;;;;;;;;4.9%;
;;;;;;201;13039;Chen, Ying;7.1%;9.5%;9.5%;;11.9%;14.3%;16.7%;4.8%;7.1%;7.1%;4.8%;;;;4.8%;;;;;;;;2.4%;
;;;;;;202;13044;Chen, Ying;4.8%;4.8%;2.4%;;11.9%;7.1%;19.0%;11.9%;11.9%;9.5%;4.8%;;;;4.8%;;;;;;;;7.1%;
;;;;;;213;13051;Chen, Ying;9.5%;14.3%;4.8%;;7.1%;14.3%;11.9%;11.9%;9.5%;14.3%;;;;;;;;;;;;;2.4%;
;;;;;;214;13055;Basu, Saugata;5.3%;;;;13.2%;10.5%;2.6%;5.3%;26.3%;13.2%;5.3%;;2.6%;;10.5%;;;;;;;;5.3%;
;;;;;;225;13060;Zhang, Yilong A.;14.6%;17.1%;4.9%;;2.4%;9.8%;2.4%;9.8%;4.9%;14.6%;9.8%;;;;7.3%;;;;;;;;2.4%;
;;;;;;226;13063;Zhang, Yilong A.;16.7%;11.9%;7.1%;;9.5%;;16.7%;11.9%;9.5%;4.8%;2.4%;;4.8%;;2.4%;;;;;;;;2.4%;
;;;;;;237;13065;Golich, Milana D.;12.5%;2.5%;10.0%;;2.5%;10.0%;5.0%;2.5%;10.0%;15.0%;7.5%;;5.0%;;7.5%;;;;;;;;10.0%;
;;;;;;238;13076;Golich, Milana D.;21.4%;9.5%;4.8%;;4.8%;14.3%;7.1%;11.9%;4.8%;2.4%;2.4%;;2.4%;;9.5%;;;;;;;;4.8%;
;;;;;;240;13077;Golich, Milana D.;9.5%;4.8%;9.5%;;4.8%;7.1%;14.3%;14.3%;9.5%;7.1%;;;2.4%;;4.8%;;;;;;;;11.9%;
;;;;;;241;13082;Memariansorkhabi, Soheil;11.9%;7.1%;4.8%;;14.3%;7.1%;7.1%;11.9%;4.8%;4.8%;2.4%;;9.5%;;9.5%;;;;;;;;4.8%;
;;;;;;252;13083;Memariansorkhabi, Soheil;4.8%;11.9%;2.4%;;11.9%;11.9%;4.8%;16.7%;7.1%;14.3%;2.4%;;7.1%;;;;;;;;;;4.8%;
;;;;;;253;13084;Monaco, Michael J.;9.5%;21.4%;2.4%;;7.1%;16.7%;7.1%;9.5%;7.1%;4.8%;4.8%;;2.4%;;;;;;;;;;7.1%;
;;;;;;264;13088;Monaco, Michael J.;9.5%;9.5%;;;7.1%;4.8%;4.8%;19.0%;14.3%;7.1%;4.8%;;4.8%;;2.4%;;;;;;;;11.9%;
;;;;;;265;13093;Zhang, Jiahao;21.4%;;4.8%;;9.5%;4.8%;7.1%;19.0%;4.8%;9.5%;;;4.8%;;7.1%;2.4%;;;;;;;4.8%;
;;;;;;276;13098;Zhang, Jiahao;7.3%;12.2%;4.9%;;12.2%;2.4%;7.3%;19.5%;9.8%;17.1%;;;4.9%;;;;;;;;;;2.4%;
;;;;;;277;13103;Yeh, Kuan-Ting;12.2%;7.3%;2.4%;;17.1%;9.8%;12.2%;12.2%;14.6%;4.9%;;;;;4.9%;;;;;;;;2.4%;
;;;;;;281;13111;Yeh, Kuan-Ting;9.5%;7.1%;2.4%;;26.2%;9.5%;14.3%;4.8%;7.1%;2.4%;2.4%;;4.8%;;4.8%;;;;;;;;4.8%;
;;;;;;282;20521;Prouff, Antoine H.;7.1%;16.7%;2.4%;;7.1%;;11.9%;14.3%;9.5%;9.5%;7.1%;;2.4%;;7.1%;;;;;;;;4.8%;
;;;;;;283;16865;Le, Daniel T.;9.5%;2.4%;2.4%;;11.9%;19.0%;16.7%;16.7%;2.4%;4.8%;2.4%;;;;2.4%;;;;;;;;9.5%;
;;;;;;284;16867;Miller, Jeremy K.;12.2%;17.1%;4.9%;;9.8%;12.2%;14.6%;4.9%;2.4%;4.9%;2.4%;;4.9%;;2.4%;;;;;;;;7.3%;
;;;;;;285;16869;Prouff, Antoine H.;14.3%;7.1%;;;4.8%;4.8%;2.4%;11.9%;21.4%;7.1%;4.8%;;9.5%;;7.1%;;;;;;;;4.8%;
;;;;;;287;16871;Karunaratne, Susitha H.;9.5%;21.4%;7.1%;;14.3%;14.3%;;7.1%;4.8%;11.9%;;;2.4%;;7.1%;;;;;;;;;
;;;;;;288;16876;Karunaratne, Susitha H.;16.7%;2.4%;2.4%;;9.5%;14.3%;9.5%;14.3%;11.9%;2.4%;;;;;9.5%;;;;;;;;7.1%;
;;;;;;289;20492;Hakiki, Youssef;14.3%;9.5%;;;4.8%;4.8%;9.5%;16.7%;14.3%;7.1%;;;2.4%;;9.5%;;;;;;;;7.1%;
;;;;;;298;17201;Hakiki, Youssef;9.5%;2.4%;2.4%;;21.4%;4.8%;9.5%;11.9%;7.1%;9.5%;4.8%;;;;16.7%;;;;;;;;;
;;;;;;299;23226;Zhang, Ying;18.3%;16.7%;8.3%;;5.0%;6.7%;10.0%;6.7%;10.0%;8.3%;1.7%;;1.7%;;3.3%;;;;;;;;3.3%;
;;;;;;300;23232;Zhang, Ying;15.0%;15.0%;13.3%;;11.7%;8.3%;5.0%;5.0%;6.7%;8.3%;3.3%;;3.3%;;1.7%;;;;;;;;3.3%;
;;;;;;304;29281;Xu, Ping;7.1%;14.3%;7.1%;;7.1%;7.1%;16.7%;21.4%;4.8%;7.1%;;;;;;;;;;;;;7.1%;
;;;;;;305;29282;Xu, Ping;14.3%;9.5%;4.8%;;4.8%;7.1%;7.1%;11.9%;11.9%;9.5%;2.4%;;;;7.1%;;;;;;;;9.5%;
;;;;;;306;29283;Xu, Ping;11.9%;11.9%;2.4%;;16.7%;4.8%;19.0%;14.3%;2.4%;11.9%;;;;;;;;;;;;;4.8%;
;;;;;;307;29284;Sedunova, Alisa;4.9%;;2.4%;;9.8%;14.6%;14.6%;12.2%;7.3%;14.6%;4.9%;;;;7.3%;;;;;;;;7.3%;
;;26600;Ordinary Differ Equatn;202520;Spring 2025;313;22090;Weng, Shuyi;17.5%;10.0%;2.5%;;17.5%;20.0%;2.5%;7.5%;7.5%;2.5%;2.5%;5.0%;;;2.5%;;;;;;;;2.5%;
;;;;;;314;52755;Weng, Shuyi;7.7%;10.3%;12.8%;;17.9%;2.6%;10.3%;5.1%;7.7%;10.3%;;2.6%;;;10.3%;;;;;;;;2.6%;
;;;;;;325;22091;Gao, Yuan;7.5%;10.0%;2.5%;;10.0%;12.5%;7.5%;12.5%;5.0%;5.0%;10.0%;;5.0%;;10.0%;;;;;;;;2.5%;
;;;;;;326;22096;Wang, Yi;5.1%;5.1%;5.1%;;7.7%;7.7%;15.4%;17.9%;10.3%;10.3%;7.7%;;;;7.7%;;;;;;;;;
;;;;;;337;22105;Wang, Yi;21.6%;5.4%;13.5%;;10.8%;2.7%;8.1%;8.1%;13.5%;2.7%;2.7%;2.7%;;;5.4%;;;;;;;;2.7%;
;;;;;;338;22088;Vercleyen, Gert;20.0%;10.0%;10.0%;;7.5%;2.5%;5.0%;10.0%;10.0%;10.0%;7.5%;2.5%;5.0%;;;;;;;;;;;
;;;;;;340;22093;Vercleyen, Gert;12.5%;7.5%;7.5%;;12.5%;10.0%;15.0%;10.0%;10.0%;7.5%;2.5%;;;;2.5%;;;;;;;;2.5%;
;;;;;;341;22092;Egorova, Iryna;10.8%;8.1%;5.4%;;5.4%;2.7%;10.8%;13.5%;8.1%;8.1%;8.1%;;2.7%;;16.2%;;;;;;;;;
;;;;;;352;22100;Polak, Raechel L.;17.5%;10.0%;15.0%;;12.5%;5.0%;7.5%;5.0%;15.0%;5.0%;;2.5%;2.5%;;;;;;;;;;2.5%;
;;;;;;353;22094;Egorova, Iryna;7.5%;5.0%;12.5%;;12.5%;7.5%;10.0%;15.0%;7.5%;2.5%;2.5%;;5.0%;;5.0%;;;;;;;;7.5%;
;;;;;;364;65085;Wang, Dixi;20.5%;12.8%;7.7%;;10.3%;7.7%;5.1%;;10.3%;7.7%;7.7%;2.6%;;;5.1%;;;;;;;;2.6%;
;;;;;;365;22086;Wang, Dixi;5.3%;10.5%;7.9%;;15.8%;5.3%;10.5%;7.9%;7.9%;10.5%;2.6%;;2.6%;;10.5%;;;;;;;;2.6%;
;;;;;;376;22097;Han, Yuxi;8.3%;5.6%;8.3%;;13.9%;13.9%;11.1%;8.3%;8.3%;2.8%;5.6%;;2.8%;;5.6%;;;;;;;;5.6%;
;;;;;;901;22087;Han, Yuxi;5.3%;7.9%;21.1%;;13.2%;5.3%;10.5%;2.6%;10.5%;7.9%;5.3%;;2.6%;;2.6%;;;;;;;;5.3%;
;;;;;;902;43085;Egorova, Iryna;14.3%;8.6%;;;17.1%;;11.4%;8.6%;17.1%;;;2.9%;;;14.3%;;;;;;;;5.7%;
;;;;;;903;35644;Hood, Kaitlyn T.;5.0%;5.0%;15.0%;;7.5%;7.5%;5.0%;12.5%;7.5%;17.5%;;2.5%;5.0%;;7.5%;;;;;;;;2.5%;
;;;;;;904;12452;Geng, Zhiyuan;5.1%;2.6%;10.3%;;2.6%;17.9%;7.7%;7.7%;7.7%;7.7%;5.1%;2.6%;5.1%;;7.7%;;;;;;;;10.3%;
;;;;;;905;16878;Geng, Zhiyuan;10.5%;7.9%;13.2%;;18.4%;5.3%;10.5%;13.2%;2.6%;5.3%;;;2.6%;;2.6%;;;;;;;;7.9%;
;;;;;;906;16880;Khoudari, Nour;15.0%;17.5%;15.0%;;10.0%;12.5%;2.5%;5.0%;5.0%;5.0%;5.0%;;;;5.0%;;;;;;;;2.5%;
;;;;;;915;24152;Poghotanyan, Gayane;15.3%;10.2%;3.4%;;18.6%;15.3%;;11.9%;3.4%;6.8%;8.5%;;1.7%;;3.4%;;;;;;;;1.7%;
;;;;;;916;24153;Poghotanyan, Gayane;11.7%;8.3%;10.0%;;15.0%;8.3%;10.0%;8.3%;6.7%;10.0%;5.0%;3.3%;;;1.7%;;;;;;;;1.7%;
;;;;;;922;29286;Kuo, Po Chun;6.1%;15.2%;3.0%;;9.1%;9.1%;18.2%;9.1%;;9.1%;3.0%;3.0%;;;9.1%;;;;;;;;6.1%;
;;;;;;923;29287;Kuo, Po Chun;10.3%;2.6%;15.4%;;10.3%;10.3%;10.3%;12.8%;;5.1%;;2.6%;5.1%;;12.8%;;;;;;;;2.6%;
;;;;;;924;29288;Khoudari, Nour;7.7%;12.8%;7.7%;;10.3%;10.3%;2.6%;17.9%;7.7%;7.7%;5.1%;;2.6%;;7.7%;;;;;;;;;
;;30100;Intro Proof Real Anlys;202520;Spring 2025;111;58238;Max, Brooke M.;54.3%;2.9%;;2.9%;22.9%;;;5.7%;;;2.9%;;2.9%;;2.9%;;;;;;;;2.9%;
;;30300;Diff Equa Inc Systems;202520;Spring 2025;122;10277;Wang, Changyou;23.1%;10.3%;17.9%;;10.3%;10.3%;7.7%;7.7%;;7.7%;;;2.6%;2.6%;;;;;;;;;;
;;;;;;133;10276;Volkening, Alexandria V.;6.5%;16.1%;19.4%;;19.4%;3.2%;12.9%;9.7%;3.2%;3.2%;;3.2%;;;;;;;;;;;3.2%;
;;;;;;244;10278;Wlodarczyk, Jaroslaw;23.1%;20.5%;23.1%;;7.7%;2.6%;10.3%;7.7%;;5.1%;;;;;;;;;;;;;;
;;;;;;255;13202;Wlodarczyk, Jaroslaw;23.1%;20.5%;7.7%;;15.4%;5.1%;7.7%;2.6%;;10.3%;;;2.6%;;;;;;;;;;5.1%;
;;;;;;377;10280;Wei, Ning;16.7%;13.9%;5.6%;;16.7%;13.9%;13.9%;2.8%;5.6%;2.8%;5.6%;;2.8%;;;;;;;;;;;
;;;;;;388;17648;Wei, Ning;40.0%;12.5%;7.5%;;15.0%;2.5%;7.5%;;2.5%;7.5%;5.0%;;;;;;;;;;;;;
;;;;;;411;13574;Maiti, Ayan;19.5%;17.1%;4.9%;;9.8%;17.1%;17.1%;4.9%;4.9%;2.4%;;;;;2.4%;;;;;;;;;
;;;;;;412;16885;Maiti, Ayan;11.9%;21.4%;7.1%;;21.4%;11.9%;9.5%;4.8%;4.8%;7.1%;;;;;;;;;;;;;;
;;;;;;413;16888;Michelle, Michelle A.;17.5%;17.5%;12.5%;;15.0%;5.0%;5.0%;7.5%;10.0%;5.0%;;;;;;;;;;;;;5.0%;
;;;;;;414;25535;Michelle, Michelle A.;12.8%;12.8%;12.8%;;7.7%;7.7%;12.8%;2.6%;12.8%;5.1%;;;;;5.1%;;;;;;;;7.7%;
;;;;;;415;20799;Lee, Heejin A.;12.5%;22.5%;5.0%;;2.5%;15.0%;7.5%;2.5%;5.0%;15.0%;2.5%;2.5%;2.5%;;5.0%;;;;;;;;;
;;;;;;416;20813;Lee, Heejin A.;2.9%;11.4%;5.7%;;2.9%;28.6%;5.7%;5.7%;14.3%;8.6%;;;;;5.7%;;;;;;;;8.6%;
;;32500;History Of Mathematics;202520;Spring 2025;001;29311;Kenney, Rachael H.;42.5%;15.0%;30.0%;;;;7.5%;;2.5%;;;;;;2.5%;;;;;;;;;
;;34100;Foundations Analysis;202520;Spring 2025;041;22122;Johnstone, Daniel L.;17.2%;10.3%;20.7%;;20.7%;13.8%;3.4%;;;;;;;;3.4%;3.4%;;;;;;;6.9%;
;;;;;;042;60863;Johnstone, Daniel L.;20.0%;23.3%;3.3%;;16.7%;6.7%;13.3%;;;6.7%;;;;;;;;;;;;;10.0%;
;;;;;;065;22123;Dadarlat, Marius D.;10.0%;6.7%;16.7%;;23.3%;3.3%;;13.3%;;;3.3%;;;;10.0%;;;;;;;;13.3%;
;;;;;;067;26812;Dadarlat, Marius D.;28.6%;10.7%;7.1%;;17.9%;3.6%;3.6%;10.7%;;3.6%;3.6%;;3.6%;;;;;;;;;;7.1%;
;;;;;;070;15514;Harris, Isaac;7.1%;7.1%;7.1%;;17.9%;10.7%;21.4%;3.6%;3.6%;7.1%;7.1%;7.1%;;;;;;;;;;;;
;;;;;;071;29453;Weng, Shuyi;10.7%;7.1%;17.9%;;10.7%;;7.1%;10.7%;;;17.9%;;3.6%;;3.6%;;;;;;;;10.7%;
;;;;;;072;33299;Novack, Matthew D.;10.0%;6.7%;6.7%;3.3%;;3.3%;13.3%;13.3%;6.7%;3.3%;;;3.3%;;13.3%;;;;;;;;16.7%;
;;;;;;073;33300;Novack, Matthew D.;16.7%;10.0%;6.7%;;10.0%;6.7%;3.3%;10.0%;3.3%;6.7%;;;;;6.7%;;;;;;;;20.0%;
;;34900;Signals And Systems For Math;202520;Spring 2025;001;14002;Hood, Kaitlyn T.;26.1%;8.7%;17.4%;8.7%;;8.7%;8.7%;4.3%;;4.3%;4.3%;;;;4.3%;;;4.3%;;;;;;
;;35100;Elem Linear Algebra;202520;Spring 2025;021;22126;Chen, Lyuzhou;34.2%;10.5%;13.2%;;18.4%;2.6%;15.8%;;;5.3%;;;;;;;;;;;;;;
;;;;;;022;22128;Datchev, Kiril;10.5%;15.8%;15.8%;;26.3%;;13.2%;5.3%;2.6%;5.3%;;2.6%;;;2.6%;;;;;;;;;
;;;;;;083;52757;Lie, Victor D.;9.7%;9.7%;9.7%;;3.2%;9.7%;3.2%;3.2%;12.9%;9.7%;;;3.2%;;3.2%;;;;;;;;22.6%;
;;;;;;111;58240;Ma, Linquan;8.1%;21.6%;10.8%;;16.2%;5.4%;2.7%;10.8%;2.7%;5.4%;5.4%;;2.7%;2.7%;;;;;;;;;5.4%;
;;;;;;112;58239;Ma, Linquan;5.3%;18.4%;5.3%;;10.5%;13.2%;10.5%;2.6%;2.6%;5.3%;10.5%;7.9%;2.6%;5.3%;;;;;;;;;;
;;;;;;126;15967;Sinclair, Thomas J.;35.0%;20.0%;17.5%;;7.5%;7.5%;7.5%;;;5.0%;;;;;;;;;;;;;;
;;;;;;127;16891;Lie, Victor D.;6.5%;6.5%;;;12.9%;6.5%;16.1%;12.9%;3.2%;;;;6.5%;;9.7%;;;;;;;;19.4%;
;;;;;;128;16893;Lee, Heejong;13.2%;;21.1%;;15.8%;10.5%;13.2%;2.6%;5.3%;10.5%;;;;;2.6%;;;;;;;;5.3%;
;;;;;;129;16898;Lee, Heejong;16.2%;10.8%;13.5%;;13.5%;10.8%;18.9%;;;8.1%;;;;;2.7%;;;;;;;;5.4%;
;;;;;;130;20841;Sahay, Anurag;13.2%;23.7%;15.8%;;7.9%;13.2%;7.9%;;;2.6%;5.3%;2.6%;2.6%;;5.3%;;;;;;;;;
;;;;;;131;15515;Sahay, Anurag;26.3%;26.3%;10.5%;;5.3%;10.5%;5.3%;2.6%;2.6%;5.3%;2.6%;2.6%;;;;;;;;;;;;
;;;;;;132;24102;Pandey, Vaibhav;10.5%;10.5%;7.9%;;18.4%;5.3%;13.2%;5.3%;5.3%;5.3%;2.6%;;2.6%;;2.6%;;;;;;;;10.5%;
;;;;;;135;29455;Pandey, Vaibhav;10.5%;23.7%;5.3%;;5.3%;15.8%;5.3%;5.3%;5.3%;10.5%;2.6%;;5.3%;;2.6%;;;;;;;;2.6%;
;;35301;Linear Algebra II;202520;Spring 2025;001;14057;Nariman, Sam;3.3%;6.7%;13.3%;;13.3%;10.0%;3.3%;16.7%;;;;13.3%;;;;;;;;;;;20.0%;
;;;;;;015;14062;Arapura, Donu V.;37.5%;6.3%;12.5%;;18.8%;3.1%;3.1%;6.3%;;6.3%;;;;;3.1%;;;;;;;;3.1%;
;;;;;;016;16906;Arapura, Donu V.;40.0%;13.3%;13.3%;;10.0%;6.7%;6.7%;3.3%;;;;;;;;;;;;;;;6.7%;
;;36200;Topics Vector Calculus;202520;Spring 2025;023;16912;Qi, Di;20.0%;17.1%;2.9%;;14.3%;11.4%;11.4%;5.7%;2.9%;2.9%;2.9%;;;;;;;;;;;;8.6%;
;;36600;Ord Differential Eqs;202520;Spring 2025;021;43105;Mccleerey, Nicholas J.;21.9%;12.5%;12.5%;;9.4%;15.6%;;12.5%;;3.1%;3.1%;;;;3.1%;;;;;;;;6.3%;
;;;;;;061;22134;Dong, Suchuan;20.7%;10.3%;13.8%;;10.3%;6.9%;3.4%;6.9%;3.4%;;3.4%;6.9%;3.4%;;3.4%;;;;;;;;6.9%;
;;;;;;071;22131;Torres, Monica;3.3%;10.0%;20.0%;;6.7%;6.7%;13.3%;3.3%;16.7%;6.7%;;;;;10.0%;;;;;;;;3.3%;
;;;;;;193;15974;Brown, Johnny E.;12.9%;3.2%;12.9%;;6.5%;12.9%;6.5%;9.7%;3.2%;;3.2%;;6.5%;;12.9%;;;3.2%;;;;;6.5%;
;;37300;Financial Mathematics;202520;Spring 2025;001;13820;Ray, Sally A.;14.8%;11.7%;2.3%;;6.3%;10.2%;10.9%;5.5%;6.3%;4.7%;0.8%;3.1%;5.5%;;8.6%;;;0.8%;;;;;8.6%;
;;37500;Intro Discrete Math;202520;Spring 2025;042;15835;Mummert, Philip P.;12.1%;3.0%;12.1%;;18.2%;9.1%;6.1%;9.1%;12.1%;3.0%;6.1%;;;;6.1%;;;;;;;;3.0%;
;;;;;;043;15836;Mummert, Philip P.;12.1%;12.1%;;;15.2%;12.1%;15.2%;;;6.1%;3.0%;;3.0%;;12.1%;;;3.0%;;;;;6.1%;
;;38500;Introduction To Logic;202520;Spring 2025;001;17536;Thomas, Margaret E.;15.4%;20.5%;10.3%;;5.1%;15.4%;2.6%;7.7%;7.7%;2.6%;7.7%;;;;;;;;;;;;5.1%;
;;41600;Probability;202520;Spring 2025;001;13254;Glubokov, Andrey;5.9%;23.5%;;;29.4%;11.8%;23.5%;;5.9%;;;;;;;;;;;;;;;
;;;;;;002;13259;Glubokov, Andrey;33.3%;22.2%;5.6%;;11.1%;5.6%;11.1%;;;5.6%;;;;;5.6%;;;;;;;;;
;;;;;;003;13284;Owada, Takashi;16.7%;11.1%;5.6%;;16.7%;11.1%;5.6%;5.6%;;11.1%;11.1%;;;;;;;;;;;;5.6%;
;;;;;;004;13332;Owada, Takashi;15.8%;15.8%;;;5.3%;26.3%;10.5%;5.3%;;;10.5%;;;;;;;;;;;;10.5%;
;;;;;;005;15620;Samperton, Eric G.;9.1%;18.2%;27.3%;;9.1%;9.1%;18.2%;;;9.1%;;;;;;;;;;;;;;
;;;;;;008;15632;Ju, Nianqiao;20.0%;;26.7%;;;13.3%;;20.0%;;;;;;;6.7%;;;;;;;;13.3%;
;;42500;Elem Complex Anly;202520;Spring 2025;001;14003;Bell, Steven R.;38.1%;14.3%;;;;7.1%;4.8%;9.5%;7.1%;2.4%;2.4%;;;;9.5%;;;;;;;;4.8%;
;;42800;Intro To Fourier Analysis;202520;Spring 2025;001;10703;Bell, Steven R.;38.9%;2.8%;22.2%;;11.1%;5.6%;5.6%;8.3%;;2.8%;2.8%;;;;;;;;;;;;;
;;44200;Honors Real Analysis II;202520;Spring 2025;H01;22149;Petrosyan, Arshak;37.5%;;18.8%;;25.0%;;;6.3%;;;6.3%;;;;6.3%;;;;;;;;;
;;45300;Algebra I;202520;Spring 2025;141;22150;Liu, Baiying;8.6%;14.3%;20.0%;;14.3%;5.7%;5.7%;14.3%;;8.6%;;;;;2.9%;;;;;;;;5.7%;
;;;;;;161;49761;Ulrich, Bernd;12.1%;6.1%;3.0%;;6.1%;12.1%;12.1%;6.1%;6.1%;3.0%;3.0%;;3.0%;;15.2%;;;;;;;;12.1%;
;;;;;;162;20862;Mcreynolds, David B.;17.1%;2.9%;68.6%;;2.9%;5.7%;2.9%;;;;;;;;;;;;;;;;;
;;45401;Galois Theory Honors;202520;Spring 2025;H01;16920;Shkredov, Ilia;20.0%;20.0%;6.7%;6.7%;;6.7%;;;20.0%;;6.7%;;;;;;;;;;;;13.3%;
;;48200;Adv Short Term Actuarial Math;202520;Spring 2025;001;29462;Noack, Christian J.;10.5%;15.8%;52.6%;;;;;;5.3%;5.3%;;;;;;;;;;;;;10.5%;
;;49000;Purdue Experimental Math Lab;202520;Spring 2025;004;32031;Sinclair, Thomas J.;95.8%;;;;;;;;;;;;;;;;;;;;;;4.2%;
;;49500;Introduction To Number Theory;202520;Spring 2025;001;29558;Wooley, Trevor D.;7.7%;23.1%;7.7%;;15.4%;;23.1%;;;;7.7%;;;;;;;;;;;;15.4%;
;;50400;Real Analysis;202520;Spring 2025;001;16925;Stefanov, Plamen D.;10.3%;6.9%;6.9%;;17.2%;10.3%;6.9%;;;10.3%;3.4%;;;;13.8%;;;;;;;;13.8%;
;;51000;Vector Calculus;202520;Spring 2025;001;22156;Torres, Monica;23.1%;19.2%;15.4%;;15.4%;;3.8%;;;;;;;;;;;;;;;;23.1%;
;;51100;Linear Algebra Appl;202520;Spring 2025;ONC;26928;Sunkula, Mahesh;45.0%;15.0%;12.5%;;7.5%;2.5%;12.5%;;;;;;;;;;;;;;;;5.0%;
;;;;;;WNG;10704;Sunkula, Mahesh;29.3%;9.3%;26.7%;;12.0%;5.3%;12.0%;1.3%;;2.7%;;;;;;;;;;;;;1.3%;
;;51400;Numerical Analysis;202520;Spring 2025;001;13547;Pothen, Alex;35.7%;10.7%;3.6%;;;3.6%;39.3%;;;;;;;;;;;;;;;;7.1%;
;;51900;Intro To Probability;202520;Spring 2025;001;22164;Awan, Jordan A.;33.3%;25.0%;8.3%;;8.3%;;16.7%;;;;;;;;;;;;;;;;8.3%;
;;52000;Bdry Val Prob Diff Eqs;202520;Spring 2025;001;16863;Harris, Isaac;37.5%;4.2%;8.3%;;12.5%;12.5%;12.5%;;4.2%;;;;;;4.2%;;;;;;;;4.2%;
;;52700;Adv Math Engr Phys I;202520;Spring 2025;ONC;27829;Kaufmann, Ralph M.;31.6%;15.8%;7.9%;;13.2%;;26.3%;;;;;;;;;;;;;;;;5.3%;
;;;;;;WNG;27826;Kaufmann, Ralph M.;52.9%;4.4%;10.3%;;14.7%;;11.8%;;;;;;;;;;;;;;;;5.9%;
;;52800;Adv Math Engr Phys II;202520;Spring 2025;ONC;17571;Zhang, Xiangxiong;37.9%;3.4%;37.9%;;3.4%;;17.2%;;;;;;;;;;;;;;;;;
;;;;;;WNG;12320;Zhang, Xiangxiong;20.8%;14.6%;37.5%;;6.3%;4.2%;8.3%;;;;;;;;;;;;;;;;8.3%;
;;53000;Funct Complex Vrbl I;202520;Spring 2025;001;22172;Buzzard, Gregery T.;15.4%;38.5%;7.7%;;;30.8%;7.7%;;;;;;;;;;;;;;;;;
;;53200;Elem Stochastic Proc;202520;Spring 2025;001;22175;Janjigian, Christopher;58.8%;11.8%;5.9%;;5.9%;;5.9%;;;;;;;;;;;;;;;;11.8%;
;;53800;Probability Theory I;202520;Spring 2025;001;43133;Tindel, Samy;5.9%;5.9%;5.9%;5.9%;17.6%;5.9%;5.9%;;;23.5%;5.9%;;;;5.9%;;5.9%;;;;;;5.9%;
;;54300;Ord Diff Eqs & Dyn Sys;202520;Spring 2025;001;17540;Yip, Nung Kwan;91.9%;5.4%;;;;;;;;;;;;;;;;;;;;;2.7%;
;;54400;Real Anlys Measur Thry;202520;Spring 2025;001;22177;Sa Barreto, Antonio C.;3.6%;3.6%;7.1%;10.7%;28.6%;3.6%;7.1%;3.6%;7.1%;14.3%;;;;;;;;;;;;;10.7%;
;;54600;Intro Functional Anly;202520;Spring 2025;001;15864;Datchev, Kiril;48.4%;12.9%;12.9%;9.7%;6.5%;3.2%;;;;;;;;;;;;;;;;;6.5%;
;;55300;Intro Abstract Algebra;202520;Spring 2025;001;22179;Basu, Saugata;40.0%;20.0%;6.7%;;6.7%;6.7%;13.3%;;;;;;;;;;;6.7%;;;;;;
;;55400;Linear Algebra;202520;Spring 2025;002;10705;Ulrich, Bernd;37.5%;6.3%;;;12.5%;;6.3%;12.5%;;;;;;;6.3%;;;;;;;;18.8%;
;;57200;Intro Algebra Topology;202520;Spring 2025;001;46826;Mcreynolds, David B.;91.7%;;;8.3%;;;;;;;;;;;;;;;;;;;;
;;59500;Comp OT & Generative Models;202520;Spring 2025;009;29543;Lai, Rongjie;47.1%;;5.9%;41.2%;;;;;;;;;;;;;;;;;;;5.9%;
;;;Inf Dim Lie Algebras & Apl;202520;Spring 2025;178;29564;Tsymbaliuk, Oleksandr;53.3%;6.7%;20.0%;13.3%;;;;;;;;;;;;;;;;;;;6.7%;
;;;Intro To Stochastic Calculus;202520;Spring 2025;008;29539;Janjigian, Christopher;25.9%;11.1%;;40.7%;7.4%;3.7%;;;;;;;;;;;;7.4%;;;;;3.7%;
;;;Topics In Model Theory;202520;Spring 2025;179;29565;Thomas, Margaret E.;45.5%;9.1%;27.3%;;9.1%;;;;;;;;;;;9.1%;;;;;;;;
;;59800;Math Colloquium;202520;Spring 2025;100;27446;Liu, Baiying;91.7%;;;;;;;;;;;;;;;;;;;;;;8.3%;
;;;CCAM Seminar;202520;Spring 2025;072;24830;Buzzard, Gregery T.;;;;;;;;;;;;;;;;;;87.5%;;;;;12.5%;
;;61500;Num Methods For PDEs I;202520;Spring 2025;001;16068;Cai, Zhiqiang;100.0%;;;;;;;;;;;;;;;;;;;;;;;
;;66500;Algebraic Geometry;202520;Spring 2025;001;15947;Murayama, Takumi;41.7%;16.7%;;;16.7%;16.7%;8.3%;;;;;;;;;;;;;;;;;
MCMP;MCMP-Med Chem &Molecular Pharm;54400;Drug Classes And Mechanisms;202520;Spring 2025;001;69058;Hudmon, Andy;20.0%;;10.9%;;23.6%;9.1%;12.7%;10.9%;1.8%;7.3%;1.8%;;;;1.8%;;;;;;;;;
;;57100;Disc & Dev Of Therapeut Agents;202520;Spring 2025;001;33322;Hazbun, Tony R.;85.7%;;;7.1%;7.1%;;;;;;;;;;;;;;;;;;;
;;69000;Computer Aided Drug Design;202520;Spring 2025;031;26931;Li, Jianing;27.3%;36.4%;;9.1%;9.1%;9.1%;9.1%;;;;;;;;;;;;;;;;;
ME;ME-Mechanical Engineering;19800;PMEA Leadership Program;202520;Spring 2025;001;28956;Hess, Beth J.;97.4%;;;;;;;;;;;;;;;;;;;;;;2.6%;
;;19900;How Stuff Works;202520;Spring 2025;026;12875;King, Julia D.;11.2%;7.0%;72.0%;;0.7%;0.7%;4.2%;;0.7%;;;;;;;;;;;;;;3.5%;
;;20000;Thermodynamics I;202520;Spring 2025;002;16966;Naik, Sameer V.;20.0%;8.6%;5.7%;;12.4%;7.6%;8.6%;10.5%;6.7%;3.8%;2.9%;1.9%;2.9%;;5.7%;;;;;;;;2.9%;
;;;;;;003;16970;Gore, Jay P.;3.3%;8.7%;3.3%;;13.0%;12.0%;6.5%;9.8%;7.6%;5.4%;4.3%;4.3%;6.5%;;12.0%;;;;;;;;3.3%;
;;;;;;004;16980;Schwartz, Charles J.;9.7%;6.8%;6.8%;;12.6%;9.7%;8.7%;7.8%;4.9%;8.7%;3.9%;1.9%;2.9%;;7.8%;;;;;;;;7.8%;
;;;;;;005;16981;Han, Changheon;6.3%;8.4%;5.3%;;7.4%;9.5%;14.7%;9.5%;8.4%;6.3%;1.1%;1.1%;1.1%;;7.4%;;;;;;;;13.7%;
;;;;;;014;23197;Barta, Riley B.;6.1%;10.1%;8.1%;;11.1%;11.1%;12.1%;5.1%;4.0%;3.0%;6.1%;3.0%;4.0%;;4.0%;;;;;;;;12.1%;
;;;;;;015;23199;Guildenbecher, Daniel R.;25.0%;11.0%;4.0%;;4.0%;7.0%;5.0%;11.0%;1.0%;5.0%;5.0%;5.0%;3.0%;;11.0%;;;;;;;;3.0%;
;;26300;ME Design, Innov & Entrep;202520;Spring 2025;204;69331;Murphy, Morgan D.;66.7%;25.6%;2.6%;;;;5.1%;;;;;;;;;;;;;;;;;
;;;;;;205;69332;Murphy, Morgan D.;92.3%;7.7%;;;;;;;;;;;;;;;;;;;;;;
;;;;;;206;69333;Murphy, Morgan D.;34.5%;44.8%;;;6.9%;;13.8%;;;;;;;;;;;;;;;;;
;;;;;;207;69334;Murphy, Morgan D.;82.5%;15.0%;;;;;2.5%;;;;;;;;;;;;;;;;;
;;;;;;208;69335;Murphy, Morgan D.;90.0%;5.0%;;;2.5%;;2.5%;;;;;;;;;;;;;;;;;
;;;;;;209;69336;Murphy, Morgan D.;89.7%;7.7%;2.6%;;;;;;;;;;;;;;;;;;;;;
;;;;;;210;69337;Murphy, Morgan D.;57.5%;25.0%;2.5%;;;;12.5%;;;2.5%;;;;;;;;;;;;;;
;;;;;;211;69338;Murphy, Morgan D.;85.0%;5.0%;7.5%;;;;;2.5%;;;;;;;;;;;;;;;;
;;;;;;212;69339;Murphy, Morgan D.;79.2%;16.7%;4.2%;;;;;;;;;;;;;;;;;;;;;
;;;;;;213;69340;Montalvo, Francisco J.;79.2%;12.5%;;;;;8.3%;;;;;;;;;;;;;;;;;
;;;;;;214;69341;Montalvo, Francisco J.;70.6%;17.6%;5.9%;;5.9%;;;;;;;;;;;;;;;;;;;
;;;;;;215;69342;Montalvo, Francisco J.;50.0%;27.3%;;;9.1%;4.5%;9.1%;;;;;;;;;;;;;;;;;
;;27000;Basic Mechanics I;202520;Spring 2025;001;21463;Jones, James D.;24.1%;3.8%;19.0%;;11.4%;1.3%;6.3%;6.3%;5.1%;3.8%;3.8%;5.1%;3.8%;;6.3%;;;;;;;;;
;;;;;;003;13841;Jones, James D.;27.8%;5.1%;26.6%;;6.3%;3.8%;5.1%;2.5%;1.3%;2.5%;2.5%;1.3%;5.1%;;8.9%;;;;;;;;1.3%;
;;;;;;004;12871;Jones, James D.;6.0%;4.5%;6.0%;;14.9%;7.5%;4.5%;13.4%;1.5%;3.0%;7.5%;6.0%;4.5%;;11.9%;1.5%;;;;;;;7.5%;
;;;;;;005;13507;Krest, Lily A.;13.9%;11.4%;20.3%;;12.7%;3.8%;8.9%;3.8%;3.8%;3.8%;5.1%;2.5%;2.5%;;5.1%;;;;;;;;2.5%;
;;;;;;013;24419;Dyke, Shirley J.;19.7%;9.2%;10.5%;;9.2%;5.3%;13.2%;5.3%;2.6%;6.6%;1.3%;;2.6%;;7.9%;;;;;;;;6.6%;
;;;Basic Mechanics I-Honors;202520;Spring 2025;003;13841;Jones, James D.;;;100.0%;;;;;;;;;;;;;;;;;;;;;
;;27400;Basic Mechanics II;202520;Spring 2025;001;49294;Sotelo, Luz D.;13.5%;10.8%;5.4%;;16.2%;13.5%;9.5%;6.8%;5.4%;8.1%;1.4%;2.7%;1.4%;;4.1%;;;;;;;;1.4%;
;;;;;;003;17020;Gibert, James M.;9.3%;9.3%;3.1%;;21.6%;8.2%;15.5%;7.2%;6.2%;8.2%;3.1%;;3.1%;;3.1%;;;;;;;;2.1%;
;;;;;;004;17021;Wagner, Ryan B.;15.4%;9.9%;6.6%;;18.7%;15.4%;16.5%;4.4%;3.3%;2.2%;2.2%;;1.1%;;3.3%;;;;;;;;1.1%;
;;;;;;005;29801;Krousgrill, Charles M.;20.0%;18.0%;9.0%;;9.0%;12.0%;15.0%;9.0%;2.0%;5.0%;;;1.0%;;;;;;;;;;;
;;;;;;006;14423;Ramachandran, Ashwin;11.7%;11.7%;3.2%;;14.9%;13.8%;6.4%;12.8%;3.2%;6.4%;5.3%;;4.3%;;4.3%;;;;;;;;2.1%;
;;;;;;012;24627;Krousgrill, Charles M.;16.3%;11.2%;8.2%;;17.3%;11.2%;20.4%;3.1%;1.0%;6.1%;;1.0%;1.0%;;2.0%;;;;;;;;1.0%;
;;29000;Global Engr Prof Sem;202520;Spring 2025;002;60749;Hess, Beth J.;76.5%;;;;15.7%;;;5.9%;;;2.0%;;;;;;;;;;;;;
;;29199;Cooperative Experience I;202520;Spring 2025;001;58327;King, Julia D.;;;;;;;;;;;;;;;;;;;;100.0%;;;;
;;29299;Cooperative Experience II;202520;Spring 2025;001;58328;King, Julia D.;;;;;;;;;;;;;;;;;;;;92.3%;7.7%;;;
;;29700;Graph Comm & Spatial Anlys;202520;Spring 2025;025;27234;Elliott, Jason H.;34.8%;21.7%;8.7%;;8.7%;;4.3%;4.3%;4.3%;4.3%;;;;;;;;;;;;;8.7%;
;;;;;;029;69490;Elliott, Jason H.;32.0%;16.0%;28.0%;;8.0%;;12.0%;;;4.0%;;;;;;;;;;;;;;
;;;;;;030;69491;Elliott, Jason H.;31.8%;18.2%;18.2%;;;;13.6%;4.5%;4.5%;;;;;;4.5%;;;;;;;;4.5%;
;;;;;;031;69492;Elliott, Jason H.;16.0%;32.0%;28.0%;;4.0%;;16.0%;;;4.0%;;;;;;;;;;;;;;
;;;Intro Manufacturing For Dsgn;202520;Spring 2025;048;31394;Montalvo, Francisco J.;48.6%;22.9%;;;14.3%;2.9%;11.4%;;;;;;;;;;;;;;;;;
;;;ME Soph Sem Peer Mentor Prog;202520;Spring 2025;051;31761;Hess, Beth J.;95.7%;;;4.3%;;;;;;;;;;;;;;;;;;;;
;;30000;Thermodynamics II;202520;Spring 2025;001;33843;Naik, Sameer V.;27.6%;21.8%;2.3%;;13.8%;2.3%;16.1%;6.9%;1.1%;2.3%;2.3%;1.1%;1.1%;;;;;;;;;;1.1%;
;;;;;;002;29802;Mcclain, Monique S.;5.3%;15.8%;3.5%;1.8%;24.6%;5.3%;15.8%;8.8%;7.0%;5.3%;3.5%;;;;1.8%;;;;;;;;1.8%;
;;30800;Fluid Mechanics;202520;Spring 2025;001;25219;Morris, Aaron B.;7.6%;6.3%;3.8%;;17.7%;7.6%;13.9%;10.1%;3.8%;17.7%;2.5%;1.3%;2.5%;;3.8%;;;;;;;;1.3%;
;;;;;;003;25221;Dabiri, Sadegh;9.8%;12.2%;4.9%;;24.4%;4.9%;;12.2%;4.9%;7.3%;2.4%;4.9%;2.4%;;7.3%;;;;;;;;2.4%;
;;;;;;004;24630;Davis, Aaron C.;11.8%;5.9%;2.9%;;2.9%;11.8%;20.6%;11.8%;5.9%;8.8%;5.9%;;8.8%;;2.9%;;;;;;;;;
;;30801;Fluid Mechanics Laboratory;202520;Spring 2025;013;28820;Chen, Jun;64.9%;19.7%;8.7%;;1.0%;;4.4%;;;;;;;;;1.0%;;;;;;;0.3%;
;;31500;Heat And Mass Transfer;202520;Spring 2025;001;21544;Vijayaraju Swathibanu, Devahdhanush;16.3%;12.2%;10.2%;;16.3%;12.2%;20.4%;2.0%;2.0%;4.1%;;;;;4.1%;;;;;;;;;
;;;;;;002;33797;Vijayaraju Swathibanu, Devahdhanush;4.0%;20.0%;8.0%;;8.0%;4.0%;20.0%;8.0%;12.0%;8.0%;;;;;8.0%;;;;;;;;;
;;;;;;036;69501;Warsinger, David E.;7.4%;13.0%;9.3%;;18.5%;16.7%;13.0%;9.3%;1.9%;5.6%;;;;;3.7%;;;;;;;;1.9%;
;;32300;Mechanics Of Material;202520;Spring 2025;001;11090;Chortos, Alex;21.9%;18.8%;6.3%;;9.4%;9.4%;6.3%;6.3%;3.1%;3.1%;3.1%;;3.1%;;6.3%;;;;;;;;3.1%;
;;;;;;002;17042;Zhao, Kejie;23.2%;13.4%;7.3%;;13.4%;9.8%;15.9%;6.1%;;2.4%;4.9%;;1.2%;;2.4%;;;;;;;;;
;;;;;;003;14282;Barocio Vaca, Eduardo;16.2%;16.2%;5.4%;;10.8%;10.8%;13.5%;2.7%;2.7%;2.7%;2.7%;2.7%;;;8.1%;;;;;;;;5.4%;
;;32301;Mechanics Of Materials Lab;202520;Spring 2025;004;69568;Han, Tianhong;23.1%;30.8%;30.8%;;;7.7%;7.7%;;;;;;;;;;;;;;;;;
;;;;;;008;69572;Harbin, Zachary J.;30.4%;13.0%;39.1%;;4.3%;;8.7%;;;4.3%;;;;;;;;;;;;;;
;;;;;;009;69573;Han, Tianhong;50.0%;9.1%;36.4%;;;;4.5%;;;;;;;;;;;;;;;;;
;;;;;;010;69574;Han, Tianhong;41.7%;20.8%;20.8%;;;;12.5%;;;4.2%;;;;;;;;;;;;;;
;;;;;;011;69575;Harbin, Zachary J.;38.5%;23.1%;38.5%;;;;;;;;;;;;;;;;;;;;;
;;;;;;013;69577;Sandys, Lauren;12.5%;6.3%;68.8%;;6.3%;;6.3%;;;;;;;;;;;;;;;;;
;;;;;;015;69579;Sandys, Lauren;42.9%;28.6%;28.6%;;;;;;;;;;;;;;;;;;;;;
;;35400;Machine Design;202520;Spring 2025;001;23730;Hess, Beth J.;30.0%;17.0%;18.0%;;16.0%;1.0%;11.0%;2.0%;;4.0%;;1.0%;;;;;;;;;;;;
;;;;;;002;23731;Zhao, Fu;9.1%;27.3%;3.4%;;13.6%;4.5%;20.5%;5.7%;4.5%;5.7%;1.1%;;2.3%;;1.1%;;;;;;;;1.1%;
;;;;;;003;23733;Boregowda, Satish C.;27.6%;19.4%;10.2%;;13.3%;7.1%;18.4%;2.0%;;1.0%;;;;;1.0%;;;;;;;;;
;;;;;;004;69527;Hess, Beth J.;18.8%;15.6%;3.1%;;9.4%;12.5%;12.5%;;6.3%;12.5%;3.1%;;3.1%;;3.1%;;;;;;;;;
;;;;;;006;69529;Boregowda, Satish C.;32.0%;26.0%;8.0%;;9.0%;3.0%;12.0%;5.0%;;5.0%;;;;;;;;;;;;;;
;;36500;Measure Control Systems I;202520;Spring 2025;040;13929;Zhang, Song;13.5%;17.3%;3.8%;;9.6%;9.6%;9.6%;9.6%;7.7%;7.7%;3.8%;;;;5.8%;;;;;;;;1.9%;
;;;;;;041;13930;Deng, Xinyan;13.9%;10.1%;3.8%;;12.7%;13.9%;15.2%;10.1%;5.1%;6.3%;5.1%;;;;2.5%;;;;;;;;1.3%;
;;37500;Measure Control Systems II;202520;Spring 2025;069;13988;Lillian, Todd D.;8.3%;13.3%;6.7%;;13.3%;8.3%;20.0%;11.7%;6.7%;8.3%;1.7%;;1.7%;;;;;;;;;;;
;;;;;;070;13991;Ariyur, Kartik B.;8.2%;4.1%;;2.0%;30.6%;12.2%;8.2%;16.3%;4.1%;10.2%;2.0%;;2.0%;;;;;;;;;;;
;;;;;;071;13993;Lillian, Todd D.;8.3%;6.7%;3.3%;;25.0%;10.0%;20.0%;6.7%;3.3%;15.0%;;;1.7%;;;;;;;;;;;
;;;;;;072;13997;Ariyur, Kartik B.;8.3%;10.4%;;;18.8%;16.7%;16.7%;10.4%;;10.4%;;;6.3%;;2.1%;;;;;;;;;
;;;;;;073;13998;Gu, Yan;8.3%;8.3%;1.7%;;23.3%;16.7%;8.3%;18.3%;3.3%;10.0%;;1.7%;;;;;;;;;;;;
;;;;;;092;69554;Savran, Cagri A.;5.0%;21.7%;1.7%;;15.0%;15.0%;13.3%;15.0%;1.7%;5.0%;3.3%;;1.7%;;1.7%;;;;;;;;;
;;;;;;094;69556;Cai, Jie;2.6%;10.3%;;;12.8%;17.9%;5.1%;5.1%;10.3%;23.1%;5.1%;;5.1%;;;;;;;;;;2.6%;
;;;;;;104;24467;Chen, Zeshen;12.5%;6.3%;;;18.8%;21.9%;3.1%;12.5%;12.5%;3.1%;3.1%;3.1%;;;3.1%;;;;;;;;;
;;;Measure Contr Systms II-Honors;202520;Spring 2025;104;24467;Chen, Zeshen;;;;;100.0%;;;;;;;;;;;;;;;;;;;
;;;Measure Control Sys II-Honors;202520;Spring 2025;072;13997;Ariyur, Kartik B.;;;;;100.0%;;;;;;;;;;;;;;;;;;;
;;39699;Prof Practice Internship;202520;Spring 2025;001;18535;King, Julia D.;;;;;;;;;;;;;;;;;;;;100.0%;;;;
;;41300;Noise Control;202520;Spring 2025;001;16746;Li, Junfei;8.9%;5.4%;23.2%;;;16.1%;12.5%;14.3%;7.1%;3.6%;;1.8%;1.8%;;3.6%;;;;;;;;1.8%;
;;41500;Energy Syst Engineerng;202520;Spring 2025;001;18172;Marconnet, Amy M.;25.6%;27.9%;18.6%;;14.0%;7.0%;2.3%;2.3%;;;;;;;2.3%;;;;;;;;;
;;43000;Power Engineering;202520;Spring 2025;001;17124;Ciez, Rebecca E.;17.2%;16.4%;1.7%;;13.8%;12.1%;22.4%;4.3%;5.2%;1.7%;;1.7%;0.9%;;2.6%;;;;;;;;;
;;44000;Green Eng/Clean Fuel;202520;Spring 2025;002;53092;Thomas, Doni M.;20.7%;25.9%;10.3%;;12.1%;5.2%;17.2%;1.7%;;1.7%;1.7%;;;;;;;;;;;;3.4%;
;;44400;Comp-Aided Des & Proto;202520;Spring 2025;005;23236;Liu, Min;37.2%;24.4%;12.8%;;7.0%;2.3%;9.3%;;;4.7%;;;1.2%;;;1.2%;;;;;;;;
;;;;;;010;14281;Liu, Min;32.9%;21.2%;9.4%;;16.5%;4.7%;14.1%;;;1.2%;;;;;;;;;;;;;;
;;;Comp-Aided Des & Proto-Honors;202520;Spring 2025;005;23236;Liu, Min;100.0%;;;;;;;;;;;;;;;;;;;;;;;
;;;;;;010;14281;Liu, Min;;100.0%;;;;;;;;;;;;;;;;;;;;;;
;;46300;Engineering Design;202520;Spring 2025;048;11688;Silva Salazar, Christian E.;41.7%;;8.3%;;41.7%;8.3%;;;;;;;;;;;;;;;;;;
;;;;;;060;23256;Malshe, Ajay P.;5.3%;21.1%;;;23.7%;;50.0%;;;;;;;;;;;;;;;;;
;;;;;;063;26495;Hirleman, E D.;27.5%;27.5%;10.0%;;15.0%;2.5%;17.5%;;;;;;;;;;;;;;;;;
;;;;;;064;26496;Nelson, Todd A.;46.7%;40.0%;6.7%;;;;;6.7%;;;;;;;;;;;;;;;;
;;;;;;071;69743;Wu, Benxin;60.0%;17.5%;5.0%;;5.0%;;12.5%;;;;;;;;;;;;;;;;;
;;;;;;074;24979;Bapat, Salil;2.8%;36.1%;;;19.4%;;41.7%;;;;;;;;;;;;;;;;;
;;;;;;082;32399;Zhan, Li;15.4%;30.8%;;;17.9%;12.8%;23.1%;;;;;;;;;;;;;;;;;
;;;;;;084;32401;Li, Tian;47.4%;15.8%;34.2%;;;;;;;;;;;;;;;;;;;;2.6%;
;;;;;;085;32402;Mudawar, Issam;100.0%;;;;;;;;;;;;;;;;;;;;;;;
;;;;;;086;32403;Bae, Euiwon;34.1%;43.9%;9.8%;;;;12.2%;;;;;;;;;;;;;;;;;
;;;;;;087;32404;Ruan, Xiulin;34.1%;24.4%;34.1%;;;;7.3%;;;;;;;;;;;;;;;;;
;;;;;;088;32405;Choi, Jong Hyun;62.5%;17.5%;7.5%;;2.5%;;10.0%;;;;;;;;;;;;;;;;;
;;;;;;089;32406;Holloway, Eric A.;41.5%;26.8%;17.1%;;2.4%;;12.2%;;;;;;;;;;;;;;;;;
;;;;;;090;32407;Shin, Yung C.;14.6%;24.4%;12.2%;;12.2%;19.5%;14.6%;2.4%;;;;;;;;;;;;;;;;
;;;;;;091;32408;Chang, Chun-Li;40.0%;25.0%;10.0%;;10.0%;;15.0%;;;;;;;;;;;;;;;;;
;;;;;;092;33231;Mudawar, Issam;100.0%;;;;;;;;;;;;;;;;;;;;;;;
;;47500;Automatic Control Sys;202520;Spring 2025;001;21639;Yao, Bin;41.2%;;17.6%;;17.6%;;11.8%;11.8%;;;;;;;;;;;;;;;;
;;48900;Intro To Finite Element Anlys;202520;Spring 2025;001;31756;Ballance, Tanner J.;10.9%;10.9%;50.0%;;10.9%;;13.0%;2.2%;;;;;;;;;;;;;;;2.2%;
;;49200;Technology And Values;202520;Spring 2025;001;17079;Jain, Neera;26.7%;36.7%;20.0%;;6.7%;;3.3%;;;6.7%;;;;;;;;;;;;;;
;;49601;Additive Manufacturing;202520;Spring 2025;018;25484;Sealy, Michael P.;51.5%;;21.2%;;12.1%;;12.1%;;;3.0%;;;;;;;;;;;;;;
;;;Clmt Change & Renewable Enrgy;202520;Spring 2025;012;18419;Bansal, Shubhra;27.3%;6.8%;47.7%;;11.4%;;6.8%;;;;;;;;;;;;;;;;;
;;;Succeeding As A Woman Engineer;202520;Spring 2025;019;31523;Hess, Beth J.;11.1%;;86.1%;;;;2.8%;;;;;;;;;;;;;;;;;
;;;Tools/Mth Iter Prd Dsgn & Anly;202520;Spring 2025;015;25481;Elliott, Jason H.;13.2%;23.7%;15.8%;;5.3%;5.3%;21.1%;;2.6%;5.3%;2.6%;;;;;;;;;;;;5.3%;
;;50000;Adv Thermodynamics;202520;Spring 2025;WNG;25988;Goldenstein, Christopher S.;17.0%;6.4%;2.1%;;10.6%;10.6%;31.9%;;4.3%;8.5%;4.3%;;2.1%;;;;;;;;;;2.1%;
;;50500;Intermed Heat Transfer;202520;Spring 2025;WNG;63385;Pan, Liang;12.1%;6.9%;8.6%;5.2%;13.8%;6.9%;39.7%;1.7%;1.7%;1.7%;;;;;;;;;;;;;1.7%;
;;50900;Intermed Fluid Mech;202520;Spring 2025;FNY;25640;Christov, Ivan C.;21.7%;26.1%;41.3%;;;2.2%;4.3%;2.2%;;;;;;;2.2%;;;;;;;;;
;;51000;Gas Dynamics;202520;Spring 2025;002;30426;Key, Nicole L.;22.1%;14.7%;4.4%;;8.8%;5.9%;7.4%;7.4%;11.8%;1.5%;;;1.5%;;1.5%;;;;;;;;13.2%;
;;51400;Fund Of Wind Energy;202520;Spring 2025;001;23370;Castillo, Luciano;95.1%;;;;2.4%;;;;;;;;;;;;;;;;;;2.4%;
;;52500;Combustion;202520;Spring 2025;WNG;21659;Gore, Jay P.;31.6%;36.8%;;5.3%;5.3%;;10.5%;;;5.3%;;;;;;;;;;;;;5.3%;
;;53101;Part Powd Comp Charact;202520;Spring 2025;001;22351;Ambrose, Rose Prabin K.;35.7%;21.4%;21.4%;7.1%;;;14.3%;;;;;;;;;;;;;;;;;
;;53102;Part Powd & Comp Char Lab;202520;Spring 2025;001;22353;Ambrose, Rose Prabin K.;45.5%;;27.3%;9.1%;9.1%;;9.1%;;;;;;;;;;;;;;;;;
;;55300;Product & Process Des;202520;Spring 2025;001;18072;Ramani, Karthik;41.7%;30.6%;5.6%;;2.8%;;13.9%;;;;;;;;;;;;;;;;5.6%;
;;55400;Intellectual Prop For Engrs;202520;Spring 2025;WNG;28505;Sarma, Dwadasi;61.4%;4.5%;31.8%;;;;;;;;;;;;;;;;;;;;2.3%;
;;55700;Des For Manufacturblty;202520;Spring 2025;002;31983;Panchal, Jitesh H.;38.8%;12.2%;16.3%;;12.2%;2.0%;12.2%;4.1%;;2.0%;;;;;;;;;;;;;;
;;55900;Micromechanics Of Mtrl;202520;Spring 2025;001;17053;Siegmund, Thomas H.;25.9%;14.8%;11.1%;;13.0%;3.7%;20.4%;3.7%;;3.7%;;;;;;;;;;;;;3.7%;
;;56200;Advanced Dynamics;202520;Spring 2025;WNG;41482;Bajaj, Anil K.;33.3%;2.6%;35.9%;2.6%;;2.6%;12.8%;5.1%;;;;;;;2.6%;;;;;;;;2.6%;
;;56500;Vehicle Dynamics;202520;Spring 2025;002;26811;Williams, Daniel E.;27.3%;6.8%;6.8%;22.7%;18.2%;4.5%;6.8%;2.3%;;;;;;;;;;;;;;;4.5%;
;;57900;Digital Signal Process;202520;Spring 2025;WNG;15303;Liu, Yangfan;20.7%;10.3%;10.3%;10.3%;17.2%;3.4%;13.8%;3.4%;;;;;;;;;;;;;;;10.3%;
;;58800;Mechatronics;202520;Spring 2025;001;43736;Blumenschein, Laura H.;32.0%;14.7%;36.0%;1.3%;5.3%;2.7%;8.0%;;;;;;;;;;;;;;;;;
;;59700;Autonomous Systems;202520;Spring 2025;155;30429;Mahmoudian, Nina;12.5%;15.6%;15.6%;3.1%;15.6%;9.4%;9.4%;;;3.1%;;;;;;;;;;;;;15.6%;
;;;Composite & Polymer Processing;202520;Spring 2025;119;14482;Cakmak, Mukerrem;59.1%;9.1%;18.2%;;4.5%;;9.1%;;;;;;;;;;;;;;;;;
;;;Distributed Energy Resources;202520;Spring 2025;124;14760;Kircher, Kevin J.;50.0%;11.1%;16.7%;5.6%;5.6%;;11.1%;;;;;;;;;;;;;;;;;
;;;;;;159;31659;Kircher, Kevin J.;9.4%;28.1%;;;18.8%;15.6%;12.5%;6.3%;3.1%;3.1%;;;;;;;;;;;;;3.1%;
;;;Hybrid Electric Vehicles;202520;Spring 2025;116;28915;Al-Othman, Maryam A.;16.7%;;75.0%;;;;8.3%;;;;;;;;;;;;;;;;;
;;;;;;125;16881;Al-Othman, Maryam A.;28.6%;;66.7%;;;;;;;;;;;;4.8%;;;;;;;;;
;;;Indust IoT Imple For Smart Mfg;202520;Spring 2025;094;28272;Jun, Martin Byung-Guk;66.7%;8.3%;8.3%;;4.2%;4.2%;4.2%;4.2%;;;;;;;;;;;;;;;;
;;;Intro To Ele Pkg & Hetero Intg;202520;Spring 2025;161;32023;Bansal, Shubhra;71.4%;3.6%;10.7%;;3.6%;3.6%;3.6%;;;3.6%;;;;;;;;;;;;;;
;;;Multi Flow: Fund And Comp Meth;202520;Spring 2025;171;34024;Gomez Diaz, Hector;8.3%;;66.7%;8.3%;8.3%;;;;;;;;;;;;;;;;;;8.3%;
;;;Solid Mechanics II;202520;Spring 2025;121;14490;Gonzalez, Marcial;35.3%;11.8%;35.3%;;;;17.6%;;;;;;;;;;;;;;;;;
;;60800;Num Mth Ht Ma & Mo Trf;202520;Spring 2025;003;31667;Karmakar, Avijit;53.6%;21.4%;;10.7%;;;3.6%;;;;;;;;;;;;;;;;10.7%;
;;62000;Comb Of Energetic Materials;202520;Spring 2025;002;30705;Son, Steven F.;43.8%;18.8%;12.5%;;;;25.0%;;;;;;;;;;;;;;;;;
;;65000;Computational Fracture Mech;202520;Spring 2025;001;17052;Siegmund, Thomas H.;41.7%;;8.3%;;16.7%;;;;;;;;;;;;;;;;;;33.3%;
;;68900;Adaptive Control;202520;Spring 2025;001;30456;Yao, Bin;66.7%;;;22.2%;5.6%;;;;;;;;;;;;;;;;;;5.6%;
;;69700;Adv Modelling Of Thermal Sys;202520;Spring 2025;012;30234;Ziviani, Davide;41.2%;41.2%;5.9%;11.8%;;;;;;;;;;;;;;;;;;;;
;;;Topic In Adv Sci Machine Learn;202520;Spring 2025;010;20527;Bilionis, Ilias;48.0%;4.0%;12.0%;24.0%;;;4.0%;;;;;;;;;4.0%;;;;;;;4.0%;
;;69900;Research PhD Thesis;202520;Spring 2025;046;21792;Shaver, Gregory M.;;;;;;;;;;;;;;;;;;;;100.0%;;;;
;;;;;;074;55734;Vacca, Andrea;;;;;;;;;;;;;;;;;;;;100.0%;;;;
;;;;;;090;64474;Weibel, Justin A.;;;;;;;;;;;;;;;;;;;;100.0%;;;;
;;;;;;141;22129;Mukherjee, Partha P.;;;;;;;;;;;;;;;;;;;;100.0%;;;;
;;;;;;151;23231;Warsinger, David E.;;;;;;;;;;;;;;;;;;;;100.0%;;;;
;;;;;;153;24840;Ziviani, Davide;;;;;;;;;;;;;;;;;;;;100.0%;;;;
MET;MET-Mechanical Engr Tech;10200;Prodctn Desgn&Specfctn;202520;Spring 2025;001;22314;Mcpherson, Paul B.;12.2%;20.4%;12.2%;;8.2%;8.2%;8.2%;2.0%;10.2%;10.2%;;;;;2.0%;;;;;;;;6.1%;
;;;;;;005;22313;Hughes, Kylea E.;26.5%;20.4%;12.2%;;6.1%;4.1%;8.2%;2.0%;4.1%;2.0%;;;;;4.1%;;;;;;;;10.2%;
;;11100;Applied Statics;202520;Spring 2025;001;22323;Efendy, Eddy;18.2%;;;;28.4%;;;29.5%;;;11.9%;;;;6.3%;;;;;;;;5.1%;0.6%
;;14300;Materials &Processes I;202520;Spring 2025;004;69465;Vian, Wei;31.5%;3.4%;;;38.9%;2.0%;;14.1%;1.3%;;3.4%;;;;2.0%;;;;;;;;3.4%;
;;14400;Materials And Processes II;202520;Spring 2025;001;13584;Kilaz, Gozdem;80.0%;;;;12.4%;;;3.8%;;;1.9%;;;;1.0%;;;;;;;;1.0%;
;;21100;Appl Strength Material;202520;Spring 2025;005;22359;Lee, Sunghwan;7.8%;7.8%;;;13.7%;25.5%;3.9%;15.7%;3.9%;2.0%;5.9%;;5.9%;;7.8%;;;;;;;;;
;;21300;Dynamics;202520;Spring 2025;001;61175;French, Richard M.;16.7%;;;;30.2%;;13.5%;12.5%;;14.6%;4.2%;;4.2%;;4.2%;;;;;;;;;
;;22000;Heat/Power;202520;Spring 2025;005;33491;Hutzel, William J.;5.0%;15.0%;;;20.0%;15.0%;10.0%;20.0%;;8.3%;3.3%;;1.7%;;1.7%;;;;;;;;;
;;23000;Fluid Power;202520;Spring 2025;008;22375;El breidi, Farid Y.;7.6%;8.9%;2.5%;;21.5%;10.1%;7.6%;10.1%;7.6%;11.4%;5.1%;1.3%;3.8%;;1.3%;;;;;;;;1.3%;
;;;Fluid Power-Honors;202520;Spring 2025;008;22375;El breidi, Farid Y.;;100.0%;;;;;;;;;;;;;;;;;;;;;;
;;24500;Manufacturing Systems;202520;Spring 2025;009;66669;Rakita, Milan;42.7%;10.7%;1.9%;;28.2%;1.9%;8.7%;4.9%;;;1.0%;;;;;;;;;;;;;
;;28400;Intro To Industrial Controls;202520;Spring 2025;011;57505;Richards, Grant P.;55.7%;;22.6%;;9.4%;;7.5%;1.9%;;0.9%;;;;;1.9%;;;;;;;;;
;;31300;Applied Fluid Mechanics;202520;Spring 2025;001;22407;Lucietto, Anne M.;90.9%;;;;6.1%;;;1.5%;;;;;;;1.5%;;;;;;;;;
;;31400;Appl Of Mach Elements;202520;Spring 2025;001;22752;Zhang, Haiyan H.;50.0%;10.4%;12.5%;;16.7%;4.2%;4.2%;2.1%;;;;;;;;;;;;;;;;
;;31500;Ap Mech Kinematics & Dynamics;202520;Spring 2025;001;14628;Diao, Xiumin;2.3%;2.3%;;;11.6%;9.3%;4.7%;20.9%;11.6%;2.3%;2.3%;4.7%;4.7%;;14.0%;;;;;;;;9.3%;
;;31601;Mechanics Of Machine Design;202520;Spring 2025;001;21464;Gan, Dongming;14.3%;;;;71.4%;;;9.5%;;;4.8%;;;;;;;;;;;;;
;;31700;Machine Diagnostics;202520;Spring 2025;001;22408;Nicholson, Dale C.;40.6%;;;3.1%;43.8%;;;3.1%;;;;;;;;;;;;;;;9.4%;
;;32000;Applied Thermodynamics;202520;Spring 2025;001;22412;Sheffield, John W.;29.8%;17.9%;23.8%;;11.9%;;11.9%;1.2%;1.2%;2.4%;;;;;;;;;;;;;;
;;33400;Advanced Fluid Power;202520;Spring 2025;003;60684;Durango-Cogollo, Marvin R.;23.7%;10.5%;5.3%;;18.4%;5.3%;15.8%;5.3%;2.6%;5.3%;;;;;2.6%;;;;;;;;5.3%;
;;34600;Adv Matls In Manufact;202520;Spring 2025;007;43012;Wang, Xiaoming;13.6%;13.6%;6.8%;;18.6%;13.6%;18.6%;3.4%;5.1%;1.7%;;5.1%;;;;;;;;;;;;
;;38200;Cntrl&Instrmtn Automtn;202520;Spring 2025;005;58810;Zhang, Haiyan H.;40.0%;12.0%;10.0%;;32.0%;;4.0%;;;2.0%;;;;;;;;;;;;;;
;;41100;Intro Finite Elmnt Mth;202520;Spring 2025;002;23381;Mao, Huachao;52.4%;;;4.8%;33.3%;;;4.8%;;;;;;;;;;;;;;;4.8%;
;;42200;Power Plnts&Energy Con;202520;Spring 2025;001;17562;Lucietto, Anne M.;94.7%;;;;5.3%;;;;;;;;;;;;;;;;;;;
;;42600;Internal Combust Eng;202520;Spring 2025;012;30859;Ostanek, Jason K.;22.2%;;;;44.4%;;;33.3%;;;;;;;;;;;;;;;;
;;43200;Hydraulic Motion Cntrl;202520;Spring 2025;004;22382;Azzam, Israa;29.6%;11.1%;14.8%;;22.2%;3.7%;7.4%;;3.7%;3.7%;;;;;;;;;;;;;3.7%;
;;45100;Manufact Qualty Contrl;202520;Spring 2025;002;19833;Mcpherson, Paul B.;95.7%;;;;;;4.3%;;;;;;;;;;;;;;;;;
;;45200;Advanced GD&T And Product Qual;202520;Spring 2025;001;20227;Mcpherson, Paul B.;78.6%;7.1%;7.1%;;;;7.1%;;;;;;;;;;;;;;;;;
;;50300;Applied Optimization;202520;Spring 2025;004;22207;French, Richard M.;31.3%;31.3%;;;12.5%;;25.0%;;;;;;;;;;;;;;;;;
;;52700;Tech Global Perspect;202520;Spring 2025;004;23409;Dunlap, Duane D.;45.0%;20.0%;5.0%;;10.0%;5.0%;15.0%;;;;;;;;;;;;;;;;;
MFET;MFET-Manufacturing Engr Tech;10301;Geometric Modeling Applcations;202520;Spring 2025;004;68913;Fuerst, Travis J.;30.8%;;;;23.1%;;;15.4%;;;3.3%;;;;8.8%;;;;;;;;18.7%;
;;11301;Product Data Management;202520;Spring 2025;003;14953;Ewing, David L.;14.3%;23.8%;14.3%;;4.8%;4.8%;14.3%;;;4.8%;;;;;4.8%;;;;;;;;14.3%;
;;16300;Graphical Comm & Spatial Anly;202520;Spring 2025;029;68880;Fuerst, Travis J.;80.0%;;;;8.7%;;;3.4%;;;0.8%;;;;2.3%;;;;;;;;4.9%;
;;;;;;054;25765;Fuerst, Travis J.;79.3%;;;;10.4%;;;4.4%;;;0.4%;;;;2.6%;;;;;;;;3.0%;
;;24800;Industrial Robot Prog And App;202520;Spring 2025;002;20228;Rakita, Milan;52.8%;8.3%;5.6%;;13.9%;1.4%;11.1%;4.2%;;;;;2.8%;;;;;;;;;;;
;;37400;Mfg Integration I;202520;Spring 2025;002;10797;Richards, Grant P.;48.9%;;22.2%;;8.9%;;11.1%;2.2%;;;;;2.2%;;4.4%;;;;;;;;;
;;39200;Advanced Projects;202520;Spring 2025;001;33786;Richards, Grant P.;86.7%;;;;;;;;;;;;;;6.7%;;;;;;;;6.7%;
;;41000;Intro To Additive Mfg;202520;Spring 2025;001;14652;Mao, Huachao;45.5%;;;;54.5%;;;;;;;;;;;;;;;;;;;
;;44200;ROS Programming;202520;Spring 2025;002;27076;Deng, Yuelin;19.6%;19.6%;11.8%;;9.8%;7.8%;5.9%;;;3.9%;5.9%;5.9%;2.0%;;2.0%;;;;;;;;5.9%;
MGMT;MGMT-Management;17300;Data Mining Lab;202520;Spring 2025;001;19870;Zhu, Zhiwei;9.1%;21.8%;;;21.8%;12.7%;27.3%;;;1.8%;;;;;;;;;;;;;5.5%;
;;;;;;002;32572;Cordeiro Moreira, Davi;18.8%;;4.2%;;22.9%;6.3%;35.4%;4.2%;;4.2%;;;;;;;;;;;;;4.2%;
;;;;;;003;32573;Cordeiro Moreira, Davi;12.8%;14.9%;17.0%;;12.8%;4.3%;27.7%;2.1%;;;2.1%;;2.1%;;;;;;;;;;4.3%;
;;;;;;004;32574;Cordeiro Moreira, Davi;17.8%;8.9%;6.7%;;15.6%;4.4%;37.8%;;2.2%;2.2%;2.2%;;2.2%;;;;;;;;;;;
;;17500;Info Strategies For Management;202520;Spring 2025;001;26466;Bochenek, Annette H.;30.0%;10.0%;50.0%;;3.3%;;;;;3.3%;;;;;;;;;;;;;3.3%;
;;19700;Careers In Acct & Finance;202520;Spring 2025;002;25755;Karan, James J.;83.5%;;;;9.9%;;;3.3%;;;;;;;;;;;;;;;3.3%;
;;20000;Intro Accounting;202520;Spring 2025;002;22494;Maienbrook, Terra D.;28.4%;9.3%;;;10.2%;11.1%;12.9%;5.8%;3.1%;6.7%;3.1%;0.9%;4.0%;;2.7%;;;;;;;;1.8%;
;;;;;;003;11639;Maienbrook, Terra D.;29.0%;10.7%;;;17.4%;7.6%;12.9%;8.5%;4.5%;5.4%;0.4%;0.4%;0.4%;;0.9%;;;;;;;;1.8%;
;;;;;;006;17177;Maienbrook, Terra D.;33.6%;11.2%;;;12.1%;7.2%;12.1%;5.8%;5.8%;5.4%;0.9%;0.4%;1.3%;;1.8%;;;;;;;;2.2%;
;;;;;;008;69178;Choi, Diana;5.5%;10.9%;10.9%;;5.5%;5.5%;12.7%;16.4%;;16.4%;1.8%;1.8%;1.8%;;;;;;;;;;10.9%;
;;;;;;009;69179;Choi, Diana;;6.1%;8.2%;;6.1%;8.2%;14.3%;18.4%;;14.3%;4.1%;;4.1%;;4.1%;;;;;;;;12.2%;
;;;;;;010;19873;Eagan, John T.;10.3%;15.6%;3.6%;;17.4%;9.8%;9.4%;7.6%;3.6%;9.4%;2.2%;0.9%;2.2%;;1.8%;0.4%;;;;;;;5.8%;
;;;;;;SC1;22501;Maienbrook, Terra D.;25.9%;15.6%;;;11.6%;10.7%;14.3%;7.1%;5.4%;4.5%;0.9%;;1.8%;;0.9%;;;;;;;;1.3%;
;;;Intro Accounting-Honors;202520;Spring 2025;003;11639;Maienbrook, Terra D.;;;;;;100.0%;;;;;;;;;;;;;;;;;;
;;;;;;006;17177;Maienbrook, Terra D.;100.0%;;;;;;;;;;;;;;;;;;;;;;;
;;;;;;010;19873;Eagan, John T.;100.0%;;;;;;;;;;;;;;;;;;;;;;;
;;;;;;H01;15015;Choi, Diana;8.3%;14.6%;27.1%;;6.3%;8.3%;4.2%;6.3%;2.1%;8.3%;;;2.1%;;;;;;;;;;12.5%;
;;;;;;SC1;22501;Maienbrook, Terra D.;100.0%;;;;;;;;;;;;;;;;;;;;;;;
;;20100;Mgmt Accounting I;202520;Spring 2025;001;17325;Sorensen, R S.;18.3%;11.5%;1.8%;;24.3%;9.6%;7.8%;8.7%;3.7%;7.3%;0.9%;0.5%;0.5%;;1.4%;0.5%;;;;;;;3.2%;
;;;;;;002;17324;Karan, James J.;22.2%;18.3%;;;6.3%;16.7%;14.3%;6.3%;1.6%;5.6%;;1.6%;0.8%;;2.4%;;;;;;;;4.0%;
;;;;;;003;17181;Karan, James J.;29.6%;21.1%;;;12.6%;8.5%;12.1%;3.6%;2.2%;2.7%;0.4%;1.3%;1.3%;;1.8%;;;;;;;;2.7%;
;;;;;;004;19875;Karan, James J.;23.8%;20.6%;;;10.3%;13.9%;11.2%;3.1%;2.7%;7.2%;1.8%;1.3%;0.9%;;1.3%;;;;;;;;1.8%;
;;;Mgmt Accounting I-Honors;202520;Spring 2025;001;17325;Sorensen, R S.;;50.0%;;;50.0%;;;;;;;;;;;;;;;;;;;
;;;;;;002;17324;Karan, James J.;50.0%;;;;50.0%;;;;;;;;;;;;;;;;;;;
;;;;;;003;17181;Karan, James J.;66.7%;33.3%;;;;;;;;;;;;;;;;;;;;;;
;;;;;;004;19875;Karan, James J.;100.0%;;;;;;;;;;;;;;;;;;;;;;;
;;21200;Business Accounting;202520;Spring 2025;001;20436;Nondorf, Mark P.;35.9%;10.8%;;;6.3%;7.2%;11.7%;4.5%;3.6%;7.6%;1.3%;1.3%;1.8%;;2.7%;;;;;;;;5.4%;
;;22000;Making The Business Case;202520;Spring 2025;001;15892;Randich, David M.;47.6%;14.3%;;;9.5%;4.8%;9.5%;;;4.8%;4.8%;;;;;;;;;;;;4.8%;
;;;;;;002;22713;Randich, David M.;53.3%;26.7%;;;10.0%;3.3%;3.3%;;;;3.3%;;;;;;;;;;;;;
;;24200;Pers Fin Minorities;202520;Spring 2025;002;28238;Henry, Darren L.;32.4%;23.5%;38.2%;;;;5.9%;;;;;;;;;;;;;;;;;
;;25400;Legal Found Business;202520;Spring 2025;001;69999;Harper, Cecelia M.;9.6%;11.5%;1.9%;;17.3%;17.3%;17.3%;9.6%;1.9%;7.7%;1.9%;;;;3.8%;;;;;;;;;
;;;;;;002;10002;Ficht, Linda S.;5.6%;9.3%;3.7%;;29.6%;11.1%;22.2%;11.1%;1.9%;;;;1.9%;;;;;;;;;;3.7%;
;;;;;;003;10016;Ficht, Linda S.;27.3%;10.9%;3.6%;;14.5%;5.5%;16.4%;9.1%;1.8%;1.8%;;1.8%;;;5.5%;;;;;;;;1.8%;
;;;;;;004;10022;Fisher, Clifford D.;20.4%;7.4%;9.3%;;7.4%;7.4%;14.8%;7.4%;1.9%;18.5%;;;;;1.9%;;;;;;;;3.7%;
;;;;;;005;17185;Fisher, Clifford D.;18.2%;10.9%;7.3%;;10.9%;10.9%;14.5%;3.6%;1.8%;12.7%;1.8%;;;;1.8%;;;;;;;;5.5%;
;;;;;;006;17193;Gavia, Miltina A.;7.1%;12.5%;1.8%;;17.9%;16.1%;28.6%;1.8%;;7.1%;;;1.8%;;;;;;;;;;5.4%;
;;;;;;007;22711;Gavia, Miltina A.;14.5%;10.9%;1.8%;;27.3%;9.1%;16.4%;12.7%;1.8%;;;;1.8%;;1.8%;;;;;;;;1.8%;
;;;;;;008;69180;Gavia, Miltina A.;7.4%;13.0%;1.9%;;27.8%;13.0%;13.0%;9.3%;7.4%;3.7%;1.9%;;;;1.9%;;;;;;;;;
;;;Legal Found Business-Honors;202520;Spring 2025;001;69999;Harper, Cecelia M.;;;;;100.0%;;;;;;;;;;;;;;;;;;;
;;;;;;008;69180;Gavia, Miltina A.;;100.0%;;;;;;;;;;;;;;;;;;;;;;
;;25500;Found Of Business Ethics;202520;Spring 2025;002;20453;Ficht, Linda S.;51.6%;12.9%;8.1%;;4.8%;1.6%;8.1%;;1.6%;1.6%;;;;;;;;;;;;;9.7%;
;;;;;;003;20456;Ficht, Linda S.;22.8%;24.6%;1.8%;;12.3%;5.3%;15.8%;1.8%;;1.8%;;;;;3.5%;;;;;;;;10.5%;
;;;;;;004;20458;Ficht, Linda S.;20.8%;22.9%;;;12.5%;4.2%;16.7%;2.1%;2.1%;;4.2%;;;;4.2%;;;;;;;;10.4%;
;;;;;;005;32571;Harper, Cecelia M.;15.4%;30.8%;;;15.4%;11.5%;13.5%;;;7.7%;1.9%;1.9%;1.9%;;;;;;;;;;;
;;26100;Intro To Supply Chain Mgmt;202520;Spring 2025;001;25705;David, Amy B.;27.3%;30.9%;3.6%;;12.7%;9.1%;16.4%;;;;;;;;;;;;;;;;;
;;28800;Prog Business Applications;202520;Spring 2025;001;16315;Crowe, Marta A.;45.0%;;7.5%;;22.5%;;7.5%;2.5%;;;2.5%;;;;;;;;;;;;12.5%;
;;;;;;002;23726;Crowe, Marta A.;37.5%;;20.0%;;20.0%;;7.5%;2.5%;;7.5%;2.5%;;;;;;;;;;;;2.5%;
;;28900;Doster Leadership Conf Brd Exp;202520;Spring 2025;001;25275;Zipay, Katelyn P.;100.0%;;;;;;;;;;;;;;;;;;;;;;;
;;29130;Int Bus & Eng Seminar III;202520;Spring 2025;001;18378;Liu, Yuchen;24.0%;56.0%;;;;;8.0%;;;;4.0%;;;;4.0%;;;;;;;;4.0%;
;;;;;;003;18381;Liu, Yuchen;48.0%;32.0%;;;4.0%;;12.0%;4.0%;;;;;;;;;;;;;;;;
;;;;;;004;69183;Stef-Praun, Ana-Maria L.;;66.7%;;;;;29.2%;;4.2%;;;;;;;;;;;;;;;
;;;;;;005;20738;Woodson, Aryca P.;16.0%;32.0%;;;20.0%;;20.0%;;4.0%;4.0%;;;;;;;;;;;;;4.0%;
;;29450;Women In Leadership;202520;Spring 2025;SC1;28561;Gulker, Jill E.;23.8%;14.3%;33.3%;;4.8%;4.8%;9.5%;;;;;;;;;;;;;;;;9.5%;
;;29500;Career Readiness & Expl-Honors;202520;Spring 2025;H20;19856;Deckard Dawson, Kristin E.;75.8%;10.6%;;;;;9.1%;;;;;;1.5%;;3.0%;;;;;;;;;
;;;Career Readiness & Explor;202520;Spring 2025;003;17197;Pedley, Storie P.;71.6%;6.2%;;;6.2%;1.2%;6.2%;1.2%;;2.5%;;1.2%;;;1.2%;;;;;;;;2.5%;
;;;;;;011;13428;Pedley, Storie P.;64.9%;11.7%;;;9.1%;2.6%;;1.3%;;;;;2.6%;;5.2%;;;;;;;;2.6%;
;;;;;;014;13442;Pedley, Storie P.;68.4%;10.1%;;;1.3%;3.8%;5.1%;1.3%;3.8%;;;;1.3%;;1.3%;;;;;;;;3.8%;
;;;;;;015;13443;Pedley, Storie P.;63.3%;11.4%;;;8.9%;3.8%;1.3%;2.5%;;3.8%;;;;;;;;;;;;;5.1%;
;;;;;;016;13446;Pedley, Storie P.;72.2%;5.1%;;;1.3%;1.3%;7.6%;2.5%;2.5%;2.5%;;;;;3.8%;;;;;;;;1.3%;
;;;;;;020;15266;Holbrook, Charles F.;68.2%;4.5%;;;5.7%;2.3%;3.4%;;2.3%;3.4%;1.1%;;1.1%;;5.7%;;;;;;;;2.3%;
;;;;;;022;15272;McCord, Sarah E.;83.3%;;;;7.1%;;;2.4%;;;2.4%;;;;1.2%;;;;;;;;3.6%;
;;;;;;026;23358;Johnson, Juna R.;67.4%;4.7%;;;5.8%;2.3%;9.3%;2.3%;;1.2%;1.2%;;2.3%;;1.2%;;;;;;;;2.3%;
;;;;;;027;23359;Easley, Emily B.;69.3%;4.5%;;;4.5%;2.3%;9.1%;;2.3%;1.1%;;;;;;;;;;;;;6.8%;
;;30400;Intro To Financial Management;202520;Spring 2025;001;59343;Han, Weitong;16.2%;16.2%;;;12.1%;12.1%;14.2%;6.1%;9.3%;8.1%;;;;;;;;0.4%;;;;;5.3%;
;;30500;Business Statistics;202520;Spring 2025;002;54086;Wolanski, Adrian H.;17.5%;4.8%;4.8%;;19.0%;9.5%;7.9%;11.1%;3.2%;9.5%;1.6%;;;;3.2%;;;;;;;;7.9%;
;;;;;;003;59265;Wolanski, Adrian H.;28.1%;9.4%;3.1%;;14.1%;4.7%;7.8%;10.9%;7.8%;9.4%;1.6%;;;;;;;;;;;;3.1%;
;;;;;;004;54084;Wolanski, Adrian H.;7.8%;14.1%;7.8%;;18.8%;12.5%;10.9%;9.4%;4.7%;9.4%;1.6%;;;;;;;;;;;;3.1%;
;;;;;;005;17200;Wolanski, Adrian H.;15.6%;15.6%;4.7%;;25.0%;3.1%;6.3%;6.3%;3.1%;14.1%;1.6%;;;;1.6%;;;;;;;;3.1%;
;;;;;;006;23574;Wang, Xing;17.7%;6.5%;9.7%;;32.3%;4.8%;3.2%;9.7%;6.5%;6.5%;1.6%;;;;;;;;;;;;1.6%;
;;;;;;007;13452;Wang, Xing;10.9%;9.4%;4.7%;;35.9%;6.3%;6.3%;3.1%;6.3%;3.1%;;;1.6%;;1.6%;;;;;;;;10.9%;
;;;;;;008;20922;Cordeiro Moreira, Davi;5.3%;13.2%;5.3%;;15.8%;34.2%;21.1%;;5.3%;;;;;;;;;;;;;;;
;;;;;;011;31700;Mo, Weibin;10.9%;10.9%;15.2%;;28.3%;2.2%;4.3%;4.3%;2.2%;10.9%;4.3%;;2.2%;;;;;;;;;;4.3%;
;;;;;;012;32536;Mo, Weibin;4.5%;9.1%;;;40.9%;4.5%;9.1%;4.5%;4.5%;9.1%;;;;;9.1%;;;;;;;;4.5%;
;;;;;;013;33065;Cordeiro Moreira, Davi;6.8%;9.1%;;;25.0%;15.9%;25.0%;4.5%;;4.5%;;2.3%;;;2.3%;;;;;;;;4.5%;
;;30600;Management Science;202520;Spring 2025;001;22529;Alexander, Arthur A.;29.4%;;;;32.4%;;5.9%;11.8%;5.9%;5.9%;;;;;2.9%;;;;;;;;5.9%;
;;;;;;002;22532;Alexander, Arthur A.;25.0%;6.3%;1.6%;;29.7%;;4.7%;20.3%;9.4%;1.6%;;;;;1.6%;;;;;;;;;
;;;;;;004;18087;Wang, Alex L.;14.3%;17.5%;6.3%;;15.9%;9.5%;7.9%;9.5%;1.6%;4.8%;3.2%;;;;4.8%;;;;;;;;4.8%;
;;;;;;005;13693;Wang, Alex L.;30.8%;26.9%;;;7.7%;11.5%;11.5%;;;;3.8%;;;;7.7%;;;;;;;;;
;;;;;;006;21112;Jaiswal, Prateek;20.3%;6.3%;1.6%;;28.1%;3.1%;9.4%;7.8%;4.7%;15.6%;;;;;;;;;;;;;3.1%;
;;;;;;007;21162;Jaiswal, Prateek;26.0%;;4.0%;;18.0%;6.0%;2.0%;6.0%;10.0%;20.0%;;;4.0%;;;;;;;;;;4.0%;
;;;;;;008;21193;Sunick, Kanishka;31.6%;5.3%;;;15.8%;5.3%;5.3%;15.8%;10.5%;5.3%;;;;;;;;;;;;;5.3%;
;;31000;Financial Mgmt;202520;Spring 2025;001;63404;Hansen, Peter G.;16.7%;18.3%;5.0%;;20.0%;8.3%;13.3%;10.0%;3.3%;3.3%;;;;;;1.7%;;;;;;;;
;;;;;;002;54252;Hansen, Peter G.;8.3%;11.7%;5.0%;;26.7%;6.7%;13.3%;13.3%;8.3%;5.0%;;;;;;;;;;;;;1.7%;
;;;;;;003;54253;Hansen, Peter G.;13.6%;13.6%;6.8%;;18.6%;11.9%;6.8%;11.9%;8.5%;6.8%;1.7%;;;;;;;;;;;;;
;;;;;;004;14443;Baeza, Phillip G.;14.1%;17.2%;1.6%;;21.9%;6.3%;20.3%;1.6%;6.3%;9.4%;1.6%;;;;;;;;;;;;;
;;;;;;005;54254;Baeza, Phillip G.;18.5%;16.9%;7.7%;;12.3%;7.7%;18.5%;4.6%;3.1%;4.6%;1.5%;;1.5%;;;;;;;;;;3.1%;
;;;;;;007;22953;Yatsenko, Valeriia;13.2%;3.8%;;;11.3%;24.5%;18.9%;1.9%;;13.2%;;;;;1.9%;;;;;;;;11.3%;
;;;;;;010;18345;Yatsenko, Valeriia;29.1%;3.6%;;;18.2%;20.0%;16.4%;;;10.9%;;;;;;;;;;;;;1.8%;
;;;;;;011;18346;Yatsenko, Valeriia;19.2%;7.7%;;;15.4%;11.5%;19.2%;3.8%;3.8%;7.7%;;;;;;;;;;;;;11.5%;
;;;;;;012;69184;Yatsenko, Valeriia;17.9%;3.6%;;;8.9%;19.6%;19.6%;1.8%;3.6%;16.1%;;;;;1.8%;;;;;;;;7.1%;
;;;Financial Mgmt-Honors;202520;Spring 2025;H13;21194;Boquist, Alexander W.;12.5%;14.6%;;;45.8%;6.3%;18.8%;;;;;;;;;2.1%;;;;;;;;
;;32300;Principles Of Marketing;202520;Spring 2025;001;22540;Downey, Laura A.;44.7%;;;;48.8%;;;2.4%;;;0.8%;;;;;;;1.6%;;;;;1.6%;
;;;;;;002;17202;Downey, Laura A.;35.8%;;;;50.0%;;;8.3%;;;2.5%;;;;1.7%;;;;;;;;1.7%;
;;32400;Marketing Mgmt;202520;Spring 2025;001;22544;Berbeglia, Franco;5.5%;7.3%;;;29.1%;18.2%;25.5%;1.8%;1.8%;9.1%;;;1.8%;;;;;;;;;;;
;;;;;;002;22542;Berbeglia, Franco;5.5%;12.7%;1.8%;;21.8%;14.5%;29.1%;3.6%;;7.3%;;;1.8%;;;;;;;;;;1.8%;
;;;;;;003;22546;Nowak, Daniel P.;48.1%;5.6%;;;14.8%;5.6%;16.7%;3.7%;1.9%;1.9%;;;;;;;;;;;;;1.9%;
;;;;;;004;22545;Zhang, Tongxiao;26.9%;;;;55.8%;;;15.4%;;;;;;;;1.9%;;;;;;;;
;;;;;;005;16356;Zhang, Tongxiao;20.0%;;;;67.3%;;;9.1%;;;;;;;;;;;;;;;3.6%;
;;;;;;006;13697;Jo, Wooyong;14.5%;21.8%;;;20.0%;9.1%;23.6%;3.6%;1.8%;3.6%;1.8%;;;;;;;;;;;;;
;;;;;;007;69188;Lu, Siyun;64.8%;3.7%;14.8%;;7.4%;;5.6%;1.9%;;;;;;;;;;;;;;;1.9%;
;;;;;;008;21195;Jo, Wooyong;7.7%;13.5%;1.9%;;15.4%;30.8%;15.4%;5.8%;1.9%;7.7%;;;;;;;;;;;;;;
;;;;;;009;21196;Zhang, Tongxiao;33.3%;;;;46.3%;;;16.7%;;;1.9%;;;;1.9%;;;;;;;;;
;;;;;;010;21197;Zhang, Tongxiao;29.1%;;;;52.7%;;;12.7%;;;1.8%;;;;;;;;;;;;3.6%;
;;;;;;011;21198;Leitch, Stephen R.;;15.4%;;;23.1%;;46.2%;;7.7%;;;;;;;;;;;;;;7.7%;
;;;;;;013;21201;Leitch, Stephen R.;4.9%;45.9%;;;6.6%;;31.1%;4.9%;;4.9%;;;;;1.6%;;;;;;;;;
;;;Marketing Mgmt-Honors;202520;Spring 2025;004;22545;Zhang, Tongxiao;;;;;100.0%;;;;;;;;;;;;;;;;;;;
;;;;;;013;21201;Leitch, Stephen R.;33.3%;33.3%;;;33.3%;;;;;;;;;;;;;;;;;;;
;;33200;Business World Problem Solving;202520;Spring 2025;001;24781;Randich, David M.;53.3%;23.3%;;;13.3%;3.3%;6.7%;;;;;;;;;;;;;;;;;
;;;;;;002;27701;Randich, David M.;63.3%;23.3%;;;3.3%;;10.0%;;;;;;;;;;;;;;;;;
;;33500;Strategic Business Writing;202520;Spring 2025;001;13702;Roberson, Kasie M.;4.3%;39.1%;;;26.1%;;26.1%;;;;;;;;;;;;;;;;4.3%;
;;;;;;002;13703;Roberson, Kasie M.;;25.0%;;;20.8%;8.3%;37.5%;;;4.2%;;;;;4.2%;;;;;;;;;
;;;;;;003;69190;Roberson, Kasie M.;;25.0%;;;20.8%;;50.0%;;;;;;;;;;;;;;;;4.2%;
;;;;;;004;69191;Liu, Yuchen;20.8%;45.8%;;;8.3%;;16.7%;;4.2%;;;;4.2%;;;;;;;;;;;
;;;;;;005;69192;Woodson, Aryca P.;8.7%;26.1%;;;30.4%;4.3%;26.1%;;;;;;;;;;;;;;;;4.3%;
;;;;;;006;69719;Woodson, Aryca P.;8.3%;41.7%;;;8.3%;;33.3%;;;4.2%;;;;;;;;;;;;;4.2%;
;;;;;;007;21689;Stef-Praun, Ana-Maria L.;4.2%;16.7%;;;25.0%;8.3%;45.8%;;;;;;;;;;;;;;;;;
;;;;;;008;21690;Stef-Praun, Ana-Maria L.;4.2%;41.7%;;;12.5%;8.3%;33.3%;;;;;;;;;;;;;;;;;
;;;;;;009;21701;Stef-Praun, Ana-Maria L.;4.8%;28.6%;;;4.8%;23.8%;33.3%;;;4.8%;;;;;;;;;;;;;;
;;;;;;010;21707;Stef-Praun, Ana-Maria L.;8.7%;13.0%;;;21.7%;17.4%;21.7%;;;4.3%;;;;;8.7%;;;;;;;;4.3%;
;;;;;;011;21342;Woodson, Aryca P.;4.3%;52.2%;;;8.7%;4.3%;26.1%;4.3%;;;;;;;;;;;;;;;;
;;;;;;012;21367;Liu, Yuchen;12.5%;45.8%;;;12.5%;8.3%;12.5%;;;4.2%;4.2%;;;;;;;;;;;;;
;;;;;;013;21384;Liu, Yuchen;16.7%;37.5%;;;16.7%;4.2%;8.3%;;;4.2%;8.3%;;;;;;;;;;;;4.2%;
;;;Strat Business Writing-Honors;202520;Spring 2025;001;13702;Roberson, Kasie M.;;;;;;;;;;;;;;;;;;;;;;;100.0%;
;;;;;;002;13703;Roberson, Kasie M.;;100.0%;;;;;;;;;;;;;;;;;;;;;;
;;;;;;009;21701;Stef-Praun, Ana-Maria L.;;100.0%;;;;;;;;;;;;;;;;;;;;;;
;;34900;Acct Analysis & Modeling;202520;Spring 2025;001;21467;Goodman, Theodore H.;16.7%;11.1%;11.1%;5.6%;5.6%;11.1%;22.2%;;;5.6%;;;;;;5.6%;;;;;;;5.6%;
;;;;;;002;21469;Goodman, Theodore H.;10.8%;29.7%;18.9%;;5.4%;8.1%;5.4%;8.1%;5.4%;2.7%;;;;;;;;;;;;;5.4%;
;;35000;Intermediate Acctg I;202520;Spring 2025;001;22548;Oh, Junhyeog;10.6%;10.6%;12.8%;;4.3%;6.4%;6.4%;14.9%;2.1%;14.9%;;;4.3%;;;;;;;;;;12.8%;
;;;;;;002;11194;Oh, Junhyeog;11.3%;5.7%;9.4%;;15.1%;13.2%;11.3%;7.5%;;9.4%;;;;;;;;;;;;;17.0%;
;;;;;;003;69193;Oh, Junhyeog;9.4%;7.5%;9.4%;;9.4%;9.4%;7.5%;18.9%;1.9%;5.7%;;;1.9%;;;;;;;;;;18.9%;
;;35100;Intermediate Acctg II;202520;Spring 2025;001;15420;Seo, Hojun;33.3%;6.7%;;;13.3%;6.7%;6.7%;;20.0%;6.7%;;;;;;;;;;;;;6.7%;
;;;;;;002;15422;Seo, Hojun;14.3%;18.4%;16.3%;;8.2%;6.1%;8.2%;8.2%;12.2%;6.1%;;;;;;;;;;;;;2.0%;
;;;;;;003;69194;Seo, Hojun;10.4%;14.6%;4.2%;;25.0%;4.2%;12.5%;6.3%;14.6%;6.3%;;;;;;;;;;;;;2.1%;
;;35200;Strategic Management;202520;Spring 2025;002;10060;Klapper, Helge J.;2.0%;4.0%;4.0%;;32.0%;26.0%;22.0%;2.0%;;8.0%;;;;;;;;;;;;;;
;;;;;;003;10065;Gibbs, Ralph A.;4.0%;14.0%;4.0%;;30.0%;12.0%;26.0%;2.0%;4.0%;2.0%;2.0%;;;;;;;;;;;;;
;;;;;;004;10066;Byun, Heejung;12.0%;28.0%;4.0%;;20.0%;16.0%;14.0%;;2.0%;;;;;;;;;;;;;;4.0%;
;;;;;;005;10069;Byun, Heejung;7.0%;28.1%;5.3%;;35.1%;8.8%;14.0%;;;1.8%;;;;;;;;;;;;;;
;;;;;;006;17899;Byun, Heejung;7.3%;27.3%;5.5%;;29.1%;;27.3%;;;;;1.8%;;;;;;;;;;;1.8%;
;;;;;;007;17204;Grigoriou, Konstantinos;15.1%;35.8%;3.8%;;7.5%;3.8%;24.5%;1.9%;1.9%;3.8%;;;;;;;;;;;;;1.9%;
;;;;;;008;69196;Klapper, Helge J.;2.0%;12.0%;;;30.0%;18.0%;28.0%;;;10.0%;;;;;;;;;;;;;;
;;;;;;009;69197;Gibbs, Ralph A.;3.8%;13.2%;5.7%;;26.4%;9.4%;20.8%;5.7%;1.9%;11.3%;;;;;;;;;;;;;1.9%;
;;;;;;010;21476;Basak, Preetika;14.5%;14.5%;3.6%;;30.9%;18.2%;12.7%;;;3.6%;;;;;;;;;;;;;1.8%;
;;;Strategic Management-Honors;202520;Spring 2025;003;10065;Gibbs, Ralph A.;50.0%;;;;;;50.0%;;;;;;;;;;;;;;;;;
;;35300;Int Acct For Non Acct Maj;202520;Spring 2025;002;69198;Sorensen, R S.;14.8%;11.1%;7.4%;;27.8%;14.8%;3.7%;11.1%;1.9%;;1.9%;;;;;;;;;;;;5.6%;
;;;;;;003;69199;Sorensen, R S.;14.5%;3.6%;7.3%;;21.8%;10.9%;9.1%;14.5%;3.6%;5.5%;1.8%;;3.6%;;;;;;;;;;3.6%;
;;;Int Acct Fr Non Acct Maj-Honor;202520;Spring 2025;002;69198;Sorensen, R S.;;100.0%;;;;;;;;;;;;;;;;;;;;;;
;;35500;Consulting Tools And Skills;202520;Spring 2025;001;24789;Burr, John F.;12.2%;29.3%;;;7.3%;4.9%;26.8%;;;2.4%;2.4%;;2.4%;;7.3%;;;;;;;;4.9%;
;;36100;Operations Management;202520;Spring 2025;001;33909;Wang, Yang;16.1%;12.9%;;;19.4%;6.5%;16.1%;14.5%;1.6%;9.7%;;;;;;;;;;;;;3.2%;
;;;;;;002;33906;Wang, Yang;15.9%;7.9%;1.6%;;20.6%;6.3%;20.6%;11.1%;3.2%;7.9%;;;;;1.6%;;;;;;;;3.2%;
;;;;;;004;16374;Shi, Pengyi;19.4%;9.7%;6.5%;;30.6%;8.1%;12.9%;3.2%;;;3.2%;1.6%;;;1.6%;;;;;;;;3.2%;
;;;;;;005;19270;Shi, Pengyi;17.2%;6.3%;3.1%;;34.4%;12.5%;9.4%;7.8%;3.1%;3.1%;;;;;1.6%;;;;;;;;1.6%;
;;;;;;006;13705;Yang, Yang;6.6%;18.0%;4.9%;;11.5%;27.9%;9.8%;8.2%;4.9%;4.9%;;1.6%;;;;;;;;;;;1.6%;
;;;;;;007;21477;Senicheva, Olga R.;21.2%;28.8%;;;11.5%;11.5%;5.8%;3.8%;9.6%;7.7%;;;;;;;;;;;;;;
;;;;;;008;33084;Wang, Yang;14.8%;14.8%;1.9%;;27.8%;7.4%;11.1%;11.1%;;5.6%;;;1.9%;;;1.9%;;;;;;;1.9%;
;;;Operations Management-Honors;202520;Spring 2025;006;13705;Yang, Yang;;100.0%;;;;;;;;;;;;;;;;;;;;;;
;;;;;;007;21477;Senicheva, Olga R.;;;100.0%;;;;;;;;;;;;;;;;;;;;;
;;37000;Real Estate Fund;202520;Spring 2025;001;16940;Relihan, Lindsay E.;25.0%;5.0%;20.0%;;;5.0%;35.0%;;5.0%;;5.0%;;;;;;;;;;;;;
;;;;;;002;16291;Relihan, Lindsay E.;12.5%;;25.0%;;;6.3%;12.5%;6.3%;;12.5%;6.3%;;12.5%;;6.3%;;;;;;;;;
;;;;;;003;28853;Stokes, Jeffrey R.;28.6%;7.1%;;;7.1%;;14.3%;;14.3%;14.3%;;7.1%;;;;;;;;;;;7.1%;
;;;Real Estate Fund-Honors;202520;Spring 2025;001;16940;Relihan, Lindsay E.;;;100.0%;;;;;;;;;;;;;;;;;;;;;
;;37300;Acct Inf Sys & Data Anlyt;202520;Spring 2025;001;21480;Conroy, Paula J.;12.2%;14.3%;14.3%;;18.4%;6.1%;30.6%;;;2.0%;;;;;;;;;;;;;2.0%;
;;;;;;002;21481;Conroy, Paula J.;30.6%;22.4%;20.4%;;12.2%;2.0%;10.2%;;;;;;;;;;;;;;;;2.0%;
;;37500;Real Estate Law;202520;Spring 2025;001;13706;Harper, Cecelia M.;26.7%;16.7%;3.3%;;10.0%;26.7%;13.3%;;;3.3%;;;;;;;;;;;;;;
;;38200;Mgmt & Informatn Systm;202520;Spring 2025;001;22566;Vardi, Shai P.;3.1%;23.1%;4.6%;;15.4%;15.4%;24.6%;4.6%;4.6%;3.1%;;;;;1.5%;;;;;;;;;
;;;;;;002;18493;Vardi, Shai P.;6.7%;11.7%;5.0%;;15.0%;16.7%;25.0%;6.7%;6.7%;3.3%;;;1.7%;;;;;;;;;;1.7%;
;;;;;;003;22565;Wang, Fangyan;15.1%;39.6%;5.7%;;13.2%;1.9%;18.9%;;;5.7%;;;;;;;;;;;;;;
;;;;;;005;17209;Mazur, Lawrence J.;18.2%;23.6%;5.5%;;10.9%;3.6%;25.5%;1.8%;1.8%;7.3%;;;;;;;;;;;;;1.8%;
;;;;;;006;17211;Mazur, Lawrence J.;15.2%;15.2%;12.1%;;13.6%;7.6%;16.7%;9.1%;1.5%;3.0%;1.5%;1.5%;1.5%;;;;;;;;;;1.5%;
;;;;;;007;69203;Dejoie, Roy M.;13.6%;13.6%;1.7%;;23.7%;3.4%;10.2%;13.6%;1.7%;10.2%;;;5.1%;;1.7%;;;;;;;;1.7%;
;;;;;;008;69207;Wang, Yang;6.7%;15.6%;;;26.7%;4.4%;20.0%;8.9%;;15.6%;;;;;;;;;;;;;2.2%;
;;;;;;010;21482;Zou, Qinqin;24.6%;16.9%;;;21.5%;;26.2%;3.1%;3.1%;1.5%;;1.5%;1.5%;;;;;;;;;;;
;;;;;;011;33169;Wang, Yang;16.7%;16.7%;;;18.5%;16.7%;9.3%;11.1%;;9.3%;;;;;;1.9%;;;;;;;;
;;;Mgmt & Informatn Systm-Honors;202520;Spring 2025;005;17209;Mazur, Lawrence J.;;;100.0%;;;;;;;;;;;;;;;;;;;;;
;;38800;Python For Business;202520;Spring 2025;001;14950;Khan, Shoaib A.;19.0%;13.8%;5.2%;;10.3%;12.1%;25.9%;5.2%;;6.9%;;;;;;;;;;;;;1.7%;
;;;;;;002;21483;Khan, Shoaib A.;26.2%;13.8%;6.2%;;16.9%;9.2%;20.0%;;;6.2%;;;;;;;;;;;;;1.5%;
;;;;;;003;33072;Ferdousi, Bushra;11.7%;15.0%;1.7%;;20.0%;6.7%;41.7%;;;;1.7%;;;;;;;;;;;;1.7%;
;;38900;Using R For Business Analytics;202520;Spring 2025;001;21501;Lanham, Matthew A.;40.0%;16.0%;36.0%;;4.0%;;4.0%;;;;;;;;;;;;;;;;;
;;39100;Strat Think & Decision Making;202520;Spring 2025;002;23907;Lucas, Deana;58.3%;8.3%;;;8.3%;8.3%;16.7%;;;;;;;;;;;;;;;;;
;;40100;Exec Forum;202520;Spring 2025;001;22574;Hatch, Andrea M.;19.8%;11.0%;29.7%;;8.8%;2.2%;9.9%;2.2%;;5.5%;1.1%;;2.2%;;1.1%;;;;;;;;6.6%;
;;40500;Six Sigma And Quality;202520;Spring 2025;001;17212;Mercado Velasco, Gary;9.2%;29.2%;;;13.8%;16.9%;18.5%;;4.6%;6.2%;1.5%;;;;;;;;;;;;;
;;41100;Investments Management;202520;Spring 2025;001;22576;Silva, Dejanir H.;19.3%;14.0%;10.5%;;10.5%;8.8%;31.6%;;;1.8%;;;;;1.8%;;;;;;;;1.8%;
;;;;;;002;22578;Silva, Dejanir H.;10.9%;12.7%;12.7%;;14.5%;3.6%;38.2%;;;3.6%;;;;;;;;;;;;;3.6%;
;;;;;;003;19300;Liu, Ping;14.8%;14.8%;;;40.7%;5.6%;24.1%;;;;;;;;;;;;;;;;;
;;;;;;004;22955;Liu, Ping;7.9%;17.5%;1.6%;;49.2%;3.2%;19.0%;;;1.6%;;;;;;;;;;;;;;
;;;;;;005;69218;Liu, Ping;11.1%;7.4%;3.7%;;37.0%;7.4%;31.5%;;;;;;;;;;;;;;;;1.9%;
;;;Investments Management-Honors;202520;Spring 2025;003;19300;Liu, Ping;100.0%;;;;;;;;;;;;;;;;;;;;;;;
;;;;;;005;69218;Liu, Ping;;50.0%;;;;;50.0%;;;;;;;;;;;;;;;;;
;;41150;Futures And Options;202520;Spring 2025;001;22726;Boquist, Alexander W.;5.4%;21.4%;;;26.8%;3.6%;32.1%;5.4%;;5.4%;;;;;;;;;;;;;;
;;;;;;002;69220;Boquist, Alexander W.;16.1%;5.4%;;;28.6%;7.1%;30.4%;1.8%;;5.4%;;;;;;;;;;;;;5.4%;
;;41250;Fixed Income Securities;202520;Spring 2025;001;19301;Zeng, Lulu;26.6%;9.4%;12.5%;;10.9%;6.3%;14.1%;6.3%;9.4%;3.1%;1.6%;;;;;;;;;;;;;
;;;;;;002;19302;Zeng, Lulu;20.3%;4.7%;18.8%;;7.8%;12.5%;9.4%;7.8%;6.3%;7.8%;1.6%;1.6%;;;;;;;;;;;1.6%;
;;41300;Corporate Finance;202520;Spring 2025;001;22581;Brown, Craig;18.0%;8.2%;1.6%;;8.2%;9.8%;36.1%;;3.3%;3.3%;6.6%;;;;;;;;;;;;4.9%;
;;;;;;002;69222;Brown, Craig;15.0%;16.7%;1.7%;;15.0%;8.3%;21.7%;6.7%;3.3%;5.0%;3.3%;;;;;;;;;;;;3.3%;
;;;;;;003;69223;D'Almeida, Fabricio R.;29.5%;19.7%;1.6%;;11.5%;6.6%;16.4%;4.9%;4.9%;3.3%;;;;;;;;;;;;;1.6%;
;;41310;Financial Modeling;202520;Spring 2025;002;25005;Zeng, Lulu;18.3%;5.4%;16.1%;;18.3%;11.8%;10.8%;5.4%;5.4%;4.3%;1.1%;2.2%;;;1.1%;;;;;;;;;
;;;;;;003;33402;Zeng, Lulu;22.5%;7.5%;35.0%;;15.0%;2.5%;5.0%;;2.5%;7.5%;;;;;;;;;;;;;2.5%;
;;41350;Venture Capital;202520;Spring 2025;001;19320;D'Almeida, Fabricio R.;20.3%;23.7%;1.7%;;11.9%;3.4%;30.5%;3.4%;1.7%;;;;1.7%;;;;;;;;;;1.7%;
;;;;;;002;19321;D'Almeida, Fabricio R.;25.0%;8.9%;1.8%;;14.3%;16.1%;25.0%;3.6%;1.8%;1.8%;;;;;1.8%;;;;;;;;;
;;41500;Intl Financial Mgmt;202520;Spring 2025;003;16174;Faccio, Mara;18.8%;15.6%;9.4%;;21.9%;7.8%;20.3%;1.6%;;1.6%;;;;;1.6%;;;;;;;;1.6%;
;;;;;;004;13719;Faccio, Mara;18.8%;20.3%;1.6%;;20.3%;14.1%;20.3%;;;1.6%;1.6%;;;;1.6%;;;;;;;;;
;;;;;;005;21507;Faccio, Mara;12.5%;25.0%;1.6%;;21.9%;14.1%;18.8%;;;6.3%;;;;;;;;;;;;;;
;;41601;Corp Mergers & Acquisitions;202520;Spring 2025;001;21515;Chernenko, Sergiy;9.1%;9.1%;3.6%;;18.2%;12.7%;36.4%;;1.8%;7.3%;;;;;;;;;;;;;1.8%;
;;41650;Financial Engineering;202520;Spring 2025;001;21522;Atmaz, Adem;6.5%;17.4%;;;19.6%;32.6%;19.6%;;;;;;;;;;;;;;;;4.3%;
;;42000;Consumer Analytics;202520;Spring 2025;001;21529;Jo, Wooyong;21.3%;17.0%;4.3%;;14.9%;8.5%;29.8%;;;;;;;;;;;;;;;;4.3%;
;;42110;Marketing Analytics;202520;Spring 2025;001;16240;Berbeglia, Franco;20.4%;30.6%;;;16.3%;20.4%;4.1%;2.0%;;6.1%;;;;;;;;;;;;;;
;;42210;International Marketing;202520;Spring 2025;001;16444;Allred, Chad R.;10.7%;19.6%;;;23.2%;8.9%;28.6%;1.8%;;7.1%;;;;;;;;;;;;;;
;;;;;;002;16445;Allred, Chad R.;7.3%;36.4%;;;18.2%;1.8%;32.7%;;1.8%;1.8%;;;;;;;;;;;;;;
;;42500;Marketing Research-Honors;202520;Spring 2025;001;21539;Leitch, Stephen R.;100.0%;;;;;;;;;;;;;;;;;;;;;;;
;;;Marketing Research;202520;Spring 2025;001;21539;Leitch, Stephen R.;;10.6%;;;23.4%;14.9%;36.2%;4.3%;;8.5%;;;;;;;;;;;;;2.1%;
;;42710;Digital Marketing Strategy;202520;Spring 2025;001;16448;Lee, Jinsuh;1.8%;36.4%;1.8%;;10.9%;12.7%;27.3%;;3.6%;5.5%;;;;;;;;;;;;;;
;;;;;;002;69803;Lee, Jinsuh;3.6%;14.3%;3.6%;;21.4%;14.3%;42.9%;;;;;;;;;;;;;;;;;
;;42910;Experiential Marketing;202520;Spring 2025;001;16242;Allred, Chad R.;29.6%;33.3%;;;11.1%;3.7%;18.5%;;;3.7%;;;;;;;;;;;;;;
;;;;;;002;21549;Leitch, Stephen R.;8.0%;44.0%;24.0%;;8.0%;4.0%;8.0%;;;4.0%;;;;;;;;;;;;;;
;;43700;Social Media Marketing;202520;Spring 2025;001;21554;Nowak, Daniel P.;62.5%;12.5%;;;2.1%;2.1%;8.3%;2.1%;4.2%;;4.2%;;;;;;;;;;;;2.1%;
;;;;;;002;33261;Nowak, Daniel P.;64.5%;9.7%;;;3.2%;16.1%;3.2%;;;;3.2%;;;;;;;;;;;;;
;;43800;Pricing Strategies;202520;Spring 2025;001;17214;Rossi, Federico;14.5%;18.2%;;;40.0%;9.1%;18.2%;;;;;;;;;;;;;;;;;
;;43901;Real Estate Inv & Dev;202520;Spring 2025;001;13667;Eriksen, Michael D.;38.2%;2.9%;;;38.2%;5.9%;2.9%;;;2.9%;;;;;5.9%;;;;;;;;2.9%;
;;43905;Real Est Ind Proj;202520;Spring 2025;001;16295;Stokes, Jeffrey R.;29.6%;25.9%;;;25.9%;7.4%;;3.7%;3.7%;3.7%;;;;;;;;;;;;;;
;;44301;Management Of Human Resources;202520;Spring 2025;001;11952;Williams, Henry E.;60.0%;17.1%;4.3%;;3.6%;3.6%;9.3%;;;1.4%;;;;;;0.7%;;;;;;;;
;;;;;;002;13444;Williams, Henry E.;62.7%;17.3%;4.7%;;7.3%;2.7%;3.3%;0.7%;;0.7%;;;;;;;;;;;;;0.7%;
;;44362;Leadership In A Changing World;202520;Spring 2025;002;69229;Zipay, Katelyn P.;50.0%;20.0%;;;7.5%;10.0%;10.0%;;;;;;;;2.5%;;;;;;;;;
;;44428;Human Resources Mgmt;202520;Spring 2025;001;11812;Munoz, Joel;2.9%;14.3%;;;12.9%;21.4%;14.3%;10.0%;5.7%;12.9%;1.4%;;1.4%;;;;;;;;;;2.9%;
;;44429;Talent Management;202520;Spring 2025;001;15282;Chupp, Brian K.;20.8%;7.5%;;;20.8%;5.7%;17.0%;3.8%;13.2%;7.5%;;;3.8%;;;;;;;;;;;
;;44431;Compensation: Total Rewards;202520;Spring 2025;001;19327;Williams, Henry E.;53.2%;25.5%;2.1%;;2.1%;6.4%;10.6%;;;;;;;;;;;;;;;;;
;;44630;Innovation Mgmt;202520;Spring 2025;001;21573;Klapper, Helge J.;3.7%;14.8%;;;29.6%;7.4%;33.3%;;;7.4%;;;;;;;;;;;;;3.7%;
;;44673;Larsen Retreat;202520;Spring 2025;004;23383;Alge, Bradley J.;64.7%;;;;5.9%;;;;;;;;;;;;;;;;;;29.4%;
;;;Teambuldng & Managing Cnflct;202520;Spring 2025;002;20718;Alge, Bradley J.;96.0%;;;;;;;;;;;;;;;;;;;;;;4.0%;
;;44690;Negotiation & Decision Making;202520;Spring 2025;001;25195;Schneider, Natalie M.;7.8%;23.5%;;;33.3%;7.8%;19.6%;2.0%;;3.9%;;;;;;;;;;;;;2.0%;
;;;;;;002;25196;Schneider, Natalie M.;9.3%;33.3%;3.7%;;11.1%;11.1%;20.4%;1.9%;1.9%;1.9%;1.9%;;;;1.9%;;;;;;;;1.9%;
;;44710;Competitive Strategy;202520;Spring 2025;002;69231;Burr, John F.;23.9%;13.0%;;;28.3%;8.7%;17.4%;2.2%;;6.5%;;;;;;;;;;;;;;
;;44810;Technology Strategy;202520;Spring 2025;001;69232;Rios, Luis A.;16.7%;33.3%;5.6%;;11.1%;8.3%;25.0%;;;;;;;;;;;;;;;;;
;;;;;;002;21576;Rios, Luis A.;7.1%;42.9%;3.6%;;17.9%;;28.6%;;;;;;;;;;;;;;;;;
;;45500;Legal Bkgrnd Bus I;202520;Spring 2025;001;22600;Gavia, Miltina A.;5.8%;10.4%;1.9%;;33.8%;9.7%;13.6%;9.1%;3.2%;9.7%;;;;;;0.6%;;;;;;;1.9%;
;;;Legal Bkgrnd Bus I-Honors;202520;Spring 2025;001;22600;Gavia, Miltina A.;;;100.0%;;;;;;;;;;;;;;;;;;;;;
;;45600;Legal Foundatns Bus II;202520;Spring 2025;001;22602;Harper, Cecelia M.;10.0%;23.3%;3.3%;;16.7%;20.0%;20.0%;;;3.3%;;;;;;;;;;;;;3.3%;
;;45900;International Mangemnt;202520;Spring 2025;001;17216;Chiu, Wan Ting;;21.8%;10.9%;;10.9%;9.1%;25.5%;1.8%;3.6%;5.5%;;;;;5.5%;;;;;;;;5.5%;
;;;;;;002;17219;Chiu, Wan Ting;;27.3%;29.1%;;10.9%;5.5%;12.7%;;;3.6%;;;;;5.5%;;;;;;;;5.5%;
;;46300;Supply Chain Analytics;202520;Spring 2025;001;16318;Haskell, William B.;11.8%;25.5%;;;17.6%;11.8%;21.6%;3.9%;2.0%;5.9%;;;;;;;;;;;;;;
;;;;;;002;16319;Haskell, William B.;31.4%;29.4%;3.9%;;5.9%;7.8%;15.7%;3.9%;2.0%;;;;;;;;;;;;;;;
;;;;;;003;21586;Haskell, William B.;11.8%;17.6%;5.9%;;11.8%;20.6%;17.6%;;;8.8%;;;;;2.9%;;;;;;;;2.9%;
;;46400;Logistics: Concepts & Models;202520;Spring 2025;001;23844;Senicheva, Olga R.;17.1%;24.4%;;;9.8%;24.4%;14.6%;2.4%;2.4%;4.9%;;;;;;;;;;;;;;
;;46600;Project Management;202520;Spring 2025;001;23846;Senicheva, Olga R.;13.7%;21.6%;;;19.6%;7.8%;21.6%;3.9%;;11.8%;;;;;;;;;;;;;;
;;46800;Supply Chain Technology;202520;Spring 2025;001;21587;Senicheva, Olga R.;14.3%;18.4%;;;20.4%;8.2%;24.5%;6.1%;4.1%;;;;;;;;;;;;;;4.1%;
;;47200;Adv Spreadsheet Mod & Sim;202520;Spring 2025;001;12447;Jaiswal, Prateek;25.5%;3.6%;1.8%;;30.9%;12.7%;7.3%;7.3%;3.6%;7.3%;;;;;;;;;;;;;;
;;;;;;002;12446;Li, Yanjun;38.2%;12.7%;1.8%;;16.4%;3.6%;12.7%;5.5%;;5.5%;;;;;3.6%;;;;;;;;;
;;;;;;003;69718;Nguyen, Thanh T.;17.9%;14.3%;;;28.6%;;26.8%;5.4%;1.8%;;;;;;;;;;;;;;5.4%;
;;47300;Data Mining;202520;Spring 2025;001;18575;Zhu, Zhiwei;13.6%;15.9%;;;25.0%;11.4%;18.2%;2.3%;;6.8%;;;;;2.3%;;;;;;;;4.5%;
;;;;;;002;69233;Zhu, Zhiwei;14.5%;20.0%;;;16.4%;9.1%;21.8%;1.8%;;10.9%;;;;;1.8%;;;;;;;;3.6%;
;;47400;Predictive Analytics;202520;Spring 2025;001;28954;Cordeiro Moreira, Davi;15.8%;5.3%;47.4%;;10.5%;5.3%;7.9%;;;5.3%;;;;;;;;;;;;;2.6%;
;;;;;;002;21609;Cordeiro Moreira, Davi;10.0%;5.0%;62.5%;;7.5%;7.5%;2.5%;;;5.0%;;;;;;;;;;;;;;
;;47500;Machine Learning For Business;202520;Spring 2025;001;13798;Zhang, Yichen;22.9%;22.9%;4.2%;;;;50.0%;;;;;;;;;;;;;;;;;
;;47800;Experiential Proj In Analytics;202520;Spring 2025;003;16868;Dejoie, Roy M.;50.0%;22.2%;;;11.1%;;11.1%;;;;;;;;;;;;;;;;5.6%;
;;;;;;004;16870;Wang, Xing;32.0%;16.0%;44.0%;;;4.0%;4.0%;;;;;;;;;;;;;;;;;
;;47900;Data Visualization;202520;Spring 2025;003;28196;Wei, Zaiyan;16.3%;10.2%;2.0%;;16.3%;18.4%;22.4%;4.1%;;10.2%;;;;;;;;;;;;;;
;;;;;;004;28198;Kim, Sung Joo;28.6%;28.6%;18.4%;;4.1%;2.0%;16.3%;;;2.0%;;;;;;;;;;;;;;
;;48400;Mgmt Entrepreneurial Ventures;202520;Spring 2025;002;69703;Chakravarty, Sugato;20.5%;20.5%;;;15.4%;12.8%;28.2%;;;;;;;;;;;;;;;;2.6%;
;;;;;;003;21610;Lynall, Matthew D.;25.0%;10.0%;;;20.0%;;40.0%;;;;;;;;;;;;;;;;5.0%;
;;49400;IBE Capstone;202520;Spring 2025;001;21790;Lynall, Matthew D.;20.0%;66.7%;;;;;13.3%;;;;;;;;;;;;;;;;;
;;;;;;002;21800;Grigoriou, Konstantinos;17.1%;11.4%;54.3%;;5.7%;;11.4%;;;;;;;;;;;;;;;;;
;;;IBE Capstone-Honors;202520;Spring 2025;002;21800;Grigoriou, Konstantinos;;;;;;;100.0%;;;;;;;;;;;;;;;;;
;;50300;Advanced Accounting;202520;Spring 2025;001;57688;Kregar, Michael;15.9%;11.4%;2.3%;;11.4%;11.4%;11.4%;6.8%;9.1%;20.5%;;;;;;;;;;;;;;
;;;;;;002;57689;Kregar, Michael;9.1%;18.2%;3.6%;;21.8%;5.5%;20.0%;5.5%;3.6%;9.1%;;;;;;;;;;;;;3.6%;
;;50400;Tax Accounting;202520;Spring 2025;002;22617;Eagan, John T.;30.9%;10.9%;32.7%;;7.3%;7.3%;3.6%;1.8%;1.8%;1.8%;1.8%;;;;;;;;;;;;;
;;;;;;003;19879;Eagan, John T.;30.9%;18.2%;16.4%;;3.6%;3.6%;16.4%;;1.8%;;1.8%;1.8%;;;1.8%;1.8%;;;;;;;1.8%;
;;50500;Mgmt Accounting II;202520;Spring 2025;001;22618;Sorensen, R S.;15.8%;17.5%;7.0%;;12.3%;5.3%;21.1%;7.0%;;8.8%;1.8%;;;;1.8%;;;;;;;;1.8%;
;;50600;Auditing;202520;Spring 2025;001;68691;Conroy, Paula J.;12.7%;21.8%;3.6%;;16.4%;5.5%;29.1%;;3.6%;7.3%;;;;;;;;;;;;;;
;;;;;;002;22620;Conroy, Paula J.;15.7%;25.5%;;;21.6%;11.8%;19.6%;;;5.9%;;;;;;;;;;;;;;
;;50900;International Accountg;202520;Spring 2025;001;21623;Kregar, Michael;15.8%;26.3%;2.6%;;13.2%;15.8%;15.8%;2.6%;;5.3%;;;;;;;;;;;;;2.6%;
;;51100;Fixed Income Security;202520;Spring 2025;001;15216;Atmaz, Adem;10.7%;3.6%;3.6%;;35.7%;17.9%;28.6%;;;;;;;;;;;;;;;;;
;;51300;Managed Investment Fund;202520;Spring 2025;001;69234;Boquist, Alexander W.;;;;;;;;;;;;;;;;;;94.7%;;;;;5.3%;
;;52710;Digital Marketing Applications;202520;Spring 2025;001;17249;Liu, Qiang;4.5%;54.5%;;;18.2%;4.5%;18.2%;;;;;;;;;;;;;;;;;
;;52800;Customer Analytics;202520;Spring 2025;001;22531;Zhu, Ting;25.6%;20.5%;5.1%;;23.1%;7.7%;5.1%;5.1%;2.6%;;;;;;;;;;;;;;5.1%;
;;52850;Consumer Behavior & Marketing;202520;Spring 2025;001;22577;Zhu, Ting;10.0%;37.5%;;;22.5%;5.0%;25.0%;;;;;;;;;;;;;;;;;
;;;;;;002;22579;Zhu, Ting;19.4%;41.7%;;;5.6%;2.8%;27.8%;;;;;;;;;;;2.8%;;;;;;
;;52900;Marketing Consulting;202520;Spring 2025;001;16927;Lee, Jinsuh;35.7%;7.1%;;;50.0%;;7.1%;;;;;;;;;;;;;;;;;
;;;;;;002;13742;Huang, Guofang;50.0%;14.3%;;;14.3%;;21.4%;;;;;;;;;;;;;;;;;
;;54400;Database Mgmt Systems;202520;Spring 2025;001;10291;Ferdousi, Bushra;20.0%;16.4%;10.9%;;10.9%;1.8%;21.8%;9.1%;;7.3%;;;1.8%;;;;;;;;;;;
;;;;;;002;21622;Ferdousi, Bushra;30.9%;3.6%;14.5%;;14.5%;3.6%;12.7%;10.9%;3.6%;;;;1.8%;;;;;;;;;;3.6%;
;;54500;Systems Development;202520;Spring 2025;002;25128;Elliott, Robert E.;35.9%;17.9%;;;20.5%;7.7%;12.8%;5.1%;;;;;;;;;;;;;;;;
;;55360;Industrial Relations I;202520;Spring 2025;002;23290;Dworkin, James B.;29.2%;20.8%;;;41.7%;4.2%;4.2%;;;;;;;;;;;;;;;;;
;;56900;Ethical And Sustainable SCM;202520;Spring 2025;001;17607;Esenduran, Gokce;33.3%;18.5%;;;11.1%;;25.9%;3.7%;;7.4%;;;;;;;;;;;;;;
;;57000;Spreadsht Modl & Simul;202520;Spring 2025;001;65512;Mercado Velasco, Gary;34.8%;34.8%;13.0%;;8.7%;2.2%;4.3%;;2.2%;;;;;;;;;;;;;;;
;;;;;;002;65511;Mercado Velasco, Gary;38.8%;20.4%;12.2%;;14.3%;8.2%;4.1%;;2.0%;;;;;;;;;;;;;;;
;;57300;Opt Mod With Spreadsheets;202520;Spring 2025;001;69356;Wang, Alex L.;37.0%;25.9%;;;18.5%;;14.8%;;;3.7%;;;;;;;;;;;;;;
;;58500;IT Project Management;202520;Spring 2025;001;69281;Elliott, Robert E.;21.7%;26.1%;;;23.9%;15.2%;8.7%;2.2%;;;;;;;;;;;;;;;2.2%;
;;;;;;002;69282;Elliott, Robert E.;26.2%;16.4%;;;29.5%;11.5%;13.1%;;;3.3%;;;;;;;;;;;;;;
;;59000;Big Data And MLOps;202520;Spring 2025;147;69530;Khan, Shoaib A.;59.5%;16.7%;11.9%;;2.4%;;4.8%;;;;;;;;;;;;;;;;4.8%;
;;;Computing For Analytics;202520;Spring 2025;144;69365;Vardi, Shai P.;14.9%;12.8%;40.4%;;10.6%;8.5%;8.5%;;;;;;;;4.3%;;;;;;;;;
;;;Emerging Tech & Business;202520;Spring 2025;MBT;23268;Aggarwal, Rohit;55.2%;37.9%;;;3.4%;;3.4%;;;;;;;;;;;;;;;;;
;;;Financial Tax & Est Planning;202520;Spring 2025;179;32158;Lagrange, Neil C.;15.4%;34.6%;;;30.8%;3.8%;15.4%;;;;;;;;;;;;;;;;;
;;;Machine Learning;202520;Spring 2025;103;25425;Zhang, Yichen;11.1%;37.0%;7.4%;;3.7%;;40.7%;;;;;;;;;;;;;;;;;
;;;;;;146;69407;Zhang, Yichen;5.6%;33.3%;5.6%;;11.1%;;38.9%;;;;;;;;;;;;;;;;5.6%;
;;;Practicum In Finance;202520;Spring 2025;155;23643;D'Almeida, Fabricio R.;33.3%;25.9%;;;14.8%;;22.2%;;;3.7%;;;;;;;;;;;;;;
;;;Sales Mgmt For Finance Prof;202520;Spring 2025;178;32132;Ryffel, Richard A.;35.0%;35.0%;;;5.0%;5.0%;20.0%;;;;;;;;;;;;;;;;;
;;;Student Managed Venture Fund;202520;Spring 2025;012;18655;D'Almeida, Fabricio R.;18.2%;18.2%;;;18.2%;;45.5%;;;;;;;;;;;;;;;;;
;;;;;;154;19995;D'Almeida, Fabricio R.;25.0%;25.0%;;;30.0%;5.0%;15.0%;;;;;;;;;;;;;;;;;
;;;Tech Governance & Regulations;202520;Spring 2025;160;23472;Mazur, Lawrence J.;25.0%;8.3%;25.0%;;25.0%;;16.7%;;;;;;;;;;;;;;;;;
;;;VITA;202520;Spring 2025;159;23289;Karan, James J.;100.0%;;;;;;;;;;;;;;;;;;;;;;;
;;59100;Launching Global Leaders;202520;Spring 2025;001;17283;Chupp, Brian K.;;;;;;;;;;;;;;;;;;;;96.7%;;;3.3%;
;;;;;;002;32244;D'Almeida, Fabricio R.;;;;;;;;;;;;;;;;;;;;100.0%;;;;
;;59200;Contracts For Managers;202520;Spring 2025;001;25039;Fisher, Clifford D.;19.0%;4.8%;14.3%;;19.0%;;28.6%;;;;;;;;;;;;;;;;14.3%;
;;63350;Accounting Data Analytics;202520;Spring 2025;001;24911;Janes, Troy D.;34.5%;24.1%;1.7%;;15.5%;1.7%;19.0%;;;;;;;;;;;;;;;;3.4%;
;;63410;Communications For Accountnt;202520;Spring 2025;001;24913;Pruim, Douglas E.;23.8%;38.1%;;;14.3%;;23.8%;;;;;;;;;;;;;;;;;
;;;;;;002;14045;Pruim, Douglas E.;41.0%;33.3%;;;15.4%;2.6%;7.7%;;;;;;;;;;;;;;;;;
;;63650;Accounting Ethics;202520;Spring 2025;001;14050;Harper, Cecelia M.;24.4%;26.8%;2.4%;;;22.0%;22.0%;;;2.4%;;;;;;;;;;;;;;
;;63750;Advanced Taxation;202520;Spring 2025;001;14053;Karan, James J.;11.5%;38.5%;;;26.9%;7.7%;15.4%;;;;;;;;;;;;;;;;;
;;63800;Pricing Strategy & Analysis;202520;Spring 2025;001;19405;Rossi, Federico;25.5%;14.9%;;;34.0%;8.5%;17.0%;;;;;;;;;;;;;;;;;
;;;;;;002;18709;Rossi, Federico;25.5%;16.4%;;;25.5%;5.5%;21.8%;;;;;;;;;;;;;;;;5.5%;
;;63900;Adv Audit And Analytics;202520;Spring 2025;001;14056;Janes, Troy D.;27.1%;35.6%;;;6.8%;1.7%;28.8%;;;;;;;;;;;;;;;;;
;;64000;Financial Modeling;202520;Spring 2025;001;69438;Zeng, Lulu;41.2%;;23.5%;;17.6%;11.8%;5.9%;;;;;;;;;;;;;;;;;
;;64300;Financial Risk Mgmt;202520;Spring 2025;001;69439;Zeng, Lulu;20.7%;20.7%;6.9%;;10.3%;20.7%;17.2%;;3.4%;;;;;;;;;;;;;;;
;;64700;Financial Engineering;202520;Spring 2025;001;18755;Atmaz, Adem;3.6%;10.7%;;;39.3%;;46.4%;;;;;;;;;;;;;;;;;
;;65000;Strategic Management I;202520;Spring 2025;001;65412;Ozmel Yavuz, Umit;19.4%;22.2%;2.8%;;13.9%;;36.1%;;;;;;;;;;;;;;;;5.6%;
;;;;;;002;22702;Ozmel Yavuz, Umit;30.6%;25.0%;;;22.2%;;2.8%;;;;;;;;2.8%;;;;;;;;16.7%;
;;;;;;003;26349;Reuer, Jeffrey J.;13.8%;20.7%;;;27.6%;6.9%;27.6%;;;;;;;;;;;;;;;;3.4%;
;;65420;Leadership;202520;Spring 2025;MBT;22709;Schoorman, F D.;35.0%;10.0%;;;20.0%;;20.0%;5.0%;;5.0%;;;;;;;;;;;;;5.0%;
;;65430;Negotiatns In Organztn;202520;Spring 2025;001;26004;Dineen, Brian R.;27.5%;12.5%;;;15.0%;10.0%;32.5%;2.5%;;;;;;;;;;;;;;;;
;;;;;;002;26005;Dineen, Brian R.;7.9%;21.1%;;;23.7%;2.6%;15.8%;13.2%;;15.8%;;;;;;;;;;;;;;
;;;;;;003;23550;Schoorman, F D.;25.0%;25.0%;;;33.3%;;16.7%;;;;;;;;;;;;;;;;;
;;65440;Change Management;202520;Spring 2025;001;31986;Dunford, Benjamin B.;21.6%;16.2%;;;10.8%;8.1%;37.8%;;;2.7%;;;;;;;;;;;;;2.7%;
;;;;;;002;31987;Dunford, Benjamin B.;18.9%;13.5%;5.4%;;16.2%;18.9%;24.3%;;;;;;;;;;;;;;;;2.7%;
;;65470;Talent Management;202520;Spring 2025;001;20493;Chupp, Brian K.;21.2%;36.4%;;;15.2%;;21.2%;;3.0%;;;;;;;;;;;;;;3.0%;
;;65480;Total Rewards;202520;Spring 2025;001;31988;Clark, James R.;24.1%;31.0%;;;17.2%;;27.6%;;;;;;;;;;;;;;;;;
;;65500;Competitive Strategy;202520;Spring 2025;001;23478;Chiu, Wan Ting;;22.2%;66.7%;;;;;;;;;;;;5.6%;;;;;;;;5.6%;
;;65700;Manufact Strat & Process Innov;202520;Spring 2025;001;12926;Brush, Thomas H.;23.3%;20.0%;;;36.7%;;20.0%;;;;;;;;;;;;;;;;;
;;65730;Technology Strategy;202520;Spring 2025;001;22716;Rios, Luis A.;5.3%;36.8%;;;5.3%;;52.6%;;;;;;;;;;;;;;;;;
;;65810;Corp Consulting Experiential;202520;Spring 2025;001;31762;Burr, John F.;43.3%;26.7%;20.0%;;;6.7%;3.3%;;;;;;;;;;;;;;;;;
;;66000;Intro To Operations Management;202520;Spring 2025;001;22721;Shi, Pengyi;14.3%;8.6%;5.7%;;31.4%;17.1%;5.7%;2.9%;2.9%;;;;;;;;;;;;;;11.4%;
;;66400;Supply Chain Management;202520;Spring 2025;002;17352;Madan, Manohar S.;32.6%;18.6%;;;32.6%;4.7%;11.6%;;;;;;;;;;;;;;;;;
;;69000;Accounting Scandals;202520;Spring 2025;077;27233;Janes, Troy D.;54.7%;20.8%;;;9.4%;;15.1%;;;;;;;;;;;;;;;;;
;;;Adv Financial Analytics;202520;Spring 2025;084;17594;Baeza, Phillip G.;16.7%;25.0%;4.2%;;12.5%;;37.5%;;;;;;;;;;;;;;;;4.2%;
;;;CPA Capstone;202520;Spring 2025;113;32628;Maienbrook, Terra D.;23.9%;;;;76.1%;;;;;;;;;;;;;;;;;;;
;;;Industry Practicum;202520;Spring 2025;091;69460;Khan, Shoaib A.;100.0%;;;;;;;;;;;;;;;;;;;;;;;
;;;;;;111;32523;Khan, Shoaib A.;76.2%;23.8%;;;;;;;;;;;;;;;;;;;;;;
;;;;;;B30;21686;Lanham, Matthew A.;64.9%;8.1%;16.2%;;;8.1%;2.7%;;;;;;;;;;;;;;;;;
;;;;;;B38;19181;Mercado Velasco, Gary;56.5%;30.4%;8.7%;;;;4.3%;;;;;;;;;;;;;;;;;
;;;Supply Chain Analytics In SAS;202520;Spring 2025;115;33021;David, Amy B.;65.0%;;;;20.0%;;;;;;;;;;;15.0%;;;;;;;;
;;;Team Performance;202520;Spring 2025;080;14780;Dunford, Benjamin B.;19.0%;28.6%;;;23.8%;9.5%;19.0%;;;;;;;;;;;;;;;;;
MSE;MSE-Materials Engineering;23000;Struc & Prop Of Mat;202520;Spring 2025;001;11451;Marinero-Caceres, Esteban E.;16.7%;;6.7%;;22.0%;;12.0%;17.3%;;8.0%;10.7%;;4.0%;;;;;;;;;;2.7%;
;;;;;;014;16389;Marinero-Caceres, Esteban E.;16.7%;;1.6%;;16.7%;;10.9%;19.0%;;13.6%;12.4%;;5.8%;;;0.4%;;;;;;;3.1%;
;;23500;Mat Properties Lab;202520;Spring 2025;001;20108;Johnson, David R.;26.3%;23.7%;;;13.2%;13.2%;13.2%;;;2.6%;2.6%;;;;;;;;;;;;5.3%;
;;25000;Physical Prop In Engr Systems;202520;Spring 2025;001;17618;Trice, Rodney W.;11.8%;20.6%;5.9%;;17.6%;8.8%;11.8%;20.6%;;;2.9%;;;;;;;;;;;;;
;;26000;Thermodynamics Of Materials;202520;Spring 2025;001;49580;Piercey, Davin G.;20.5%;13.6%;20.5%;;13.6%;6.8%;13.6%;2.3%;;2.3%;;4.5%;;;;;;;;;;;2.3%;
;;27000;Atomistic Materials Science;202520;Spring 2025;001;41367;Zbib, Mohamad B.;35.1%;8.8%;24.6%;;5.3%;5.3%;12.3%;1.8%;3.5%;3.5%;;;;;;;;;;;;;;
;;33000;Process & Prop Of Materials;202520;Spring 2025;001;41370;Erk, Kendra A.;41.4%;34.5%;;;6.9%;5.7%;6.9%;;;2.3%;;;;;;;;1.1%;;;;;1.1%;
;;33500;Mat Character Lab;202520;Spring 2025;001;19368;Okuniewski, Maria A.;2.8%;38.9%;;;19.4%;16.7%;19.4%;;;2.8%;;;;;;;;;;;;;;
;;34000;Transport Phenomena;202520;Spring 2025;001;19561;Garcia, R Edwin;16.2%;;10.8%;;16.2%;16.2%;10.8%;13.5%;8.1%;;5.4%;;;;;;;;;;;;2.7%;
;;36700;Materials Process Lab;202520;Spring 2025;005;18955;Heichel, Danielle L.;22.0%;26.8%;9.8%;;19.5%;2.4%;4.9%;4.9%;;2.4%;;;;;7.3%;;;;;;;;;
;;38200;Mech Response Material;202520;Spring 2025;001;22816;Strachan, Alejandro H;16.9%;4.8%;6.0%;;26.5%;19.3%;4.8%;10.8%;7.2%;1.2%;1.2%;;;;1.2%;;;;;;;;;
;;39000;Materials Engr Seminar;202520;Spring 2025;001;22817;Islam, Raisul;;;;;;;;;;;;;;;;;;;;88.5%;;11.5%;;
;;;;;;002;10571;Islam, Raisul;;;;;;;;;;;;;;;;;;;;91.9%;;6.8%;1.4%;
;;44000;Mat Process Design II;202520;Spring 2025;001;18865;Gildemeister, David R.;23.8%;33.3%;3.2%;;11.1%;3.2%;20.6%;;1.6%;1.6%;;;;;1.6%;;;;;;;;;
;;49700;Python For Materials Data Sci;202520;Spring 2025;001;31627;Mannodi Kanakkithodi, Arun Kumar;7.7%;7.7%;61.5%;;;7.7%;;7.7%;;;;;;;;;;;;;;;7.7%;
;;49900;Independent Research;202520;Spring 2025;001;19888;Johnson, David R.;78.6%;;10.7%;;3.6%;;;;;;3.6%;;;;;;;;;;;;3.6%;
;;;;;;002;19889;Johnson, David R.;94.4%;;;;;;;;;;;;;;;;;;;;;;5.6%;
;;;;;;003;19893;Johnson, David R.;88.2%;;5.9%;;;;;;;;;;;;;5.9%;;;;;;;;
;;50200;Defects In Solids;202520;Spring 2025;001;64869;Bansal, Shubhra;18.5%;29.6%;7.4%;;7.4%;3.7%;11.1%;3.7%;;3.7%;;;;;3.7%;;;;;;;;11.1%;
;;51000;Micro Charac Technique;202520;Spring 2025;WNG;18823;Mao, Scott X.;50.0%;5.3%;5.3%;2.6%;18.4%;;13.2%;;;;;;;;2.6%;;;;;;;;2.6%;
;;51700;Materials For Hypersonics;202520;Spring 2025;001;31849;Trice, Rodney W.;26.7%;6.7%;10.0%;;40.0%;3.3%;13.3%;;;;;;;;;;;;;;;;;
;;52500;Struct-Prop Eng Polymr;202520;Spring 2025;001;17923;Youngblood, Jeffrey P.;18.2%;24.2%;6.1%;9.1%;18.2%;12.1%;6.1%;;;3.0%;;;;;;;;;;;;;3.0%;
;;52700;Biomaterials;202520;Spring 2025;001;28614;Stanciu-Gregory, Lia A.;44.7%;;2.1%;;44.7%;;;2.1%;;;;;;;;;;4.3%;;;;;2.1%;
;;53000;Mtls Procs Mfg;202520;Spring 2025;001;28616;Gildemeister, David R.;8.3%;16.7%;8.3%;;8.3%;8.3%;25.0%;;;8.3%;8.3%;;8.3%;;;;;;;;;;;
;;;;;;002;32178;Gildemeister, David R.;9.1%;18.2%;;;18.2%;36.4%;18.2%;;;;;;;;;;;;;;;;;
;;53500;Lean Manufacturing;202520;Spring 2025;001;28617;Mort, Paul R.;27.0%;33.8%;;;8.1%;;28.4%;;;1.4%;;;;;;;;;;;;;1.4%;
;;;;;;002;32515;Mort, Paul R.;10.0%;35.0%;;;25.0%;2.5%;22.5%;2.5%;;2.5%;;;;;;;;;;;;;;
;;55500;Def Mech Crystl Solids;202520;Spring 2025;001;30468;Chawla, Nikhilesh;15.4%;;;;15.4%;7.7%;23.1%;23.1%;15.4%;;;;;;;;;;;;;;;
;;56200;Soft Materials;202520;Spring 2025;001;25829;Martinez, Carlos J.;16.2%;5.4%;13.5%;;8.1%;16.2%;16.2%;2.7%;;10.8%;;;;;;;;2.7%;;;;;8.1%;
;;56800;Additive Manuf Of Materials;202520;Spring 2025;001;28619;Zhang, Xinghang;26.5%;26.5%;22.4%;;6.1%;2.0%;10.2%;6.1%;;;;;;;;;;;;;;;;
;;57000;Materials Modeling Informatics;202520;Spring 2025;001;14848;Mannodi Kanakkithodi, Arun Kumar;37.0%;;7.4%;;14.8%;;25.9%;3.7%;;;;;;;3.7%;;;;;;;;7.4%;
;;59700;Intro To Ele Pkg & Hetero Intg;202520;Spring 2025;026;32024;Bansal, Shubhra;46.2%;15.4%;;;7.7%;7.7%;15.4%;;;;7.7%;;;;;;;;;;;;;
;;;Superalloys - High Temperature;202520;Spring 2025;022;30129;Titus, Michael S.;75.0%;;15.0%;;;;;10.0%;;;;;;;;;;;;;;;;
;;69000;Semnr Materials Engr;202520;Spring 2025;001;34178;Bahr, David F.;;;;;;;;;;;;;;;;;;;;93.6%;;6.4%;;
;;69700;Materls Engr Teach Experience;202520;Spring 2025;003;37858;Howarter, John A.;100.0%;;;;;;;;;;;;;;;;;;;;;;;
;;69900;Research PhD Thesis;202520;Spring 2025;041;21005;Wang, Haiyan;;;;;;;;;;;;;;;;;;;;100.0%;;;;
;;;;;;044;23209;Zhang, Xinghang;;;;;;;;;;;;;;;;;;;;100.0%;;;;
MSL;MSL-Military Science & Ldrshp;10200;Foundations Of Leadership;202520;Spring 2025;004;38309;Churchill, Michael D.;23.8%;4.8%;57.1%;;;;;;;;;;;;;;;;;;;;;14.3%
;;20200;Army Doctrine Decision Making;202520;Spring 2025;001;22892;Dirienzo, Sam A.;22.7%;27.3%;40.9%;;;;;;;;;;;;;;;;;;;;;9.1%
;;;;;;003;22894;Dirienzo, Sam A.;29.4%;29.4%;35.3%;;;5.9%;;;;;;;;;;;;;;;;;;
;;30200;Applied Ldrshp In Sm Unit Ops;202520;Spring 2025;001;22897;Duncan, Jared W.;42.9%;;50.0%;;;;;;;;;;;;;;;;;;;;;7.1%
;;;;;;002;22898;Duncan, Jared W.;21.4%;21.4%;57.1%;;;;;;;;;;;;;;;;;;;;;
;;40200;Company Grade Leadership;202520;Spring 2025;006;14373;Bashant, Amie;20.0%;37.1%;;;11.4%;8.6%;17.1%;;;2.9%;;;;;;;;;;;;;2.9%;
MUS;MUS-Music History & Theory;10100;Discovery Forum;202520;Spring 2025;001;14488;Bulow, Harry T.;;;;;;;;;;;;;;;;;;;;92.9%;;;7.1%;
;;11200;Fundamentals Of Music;202520;Spring 2025;001;14417;Cox, Drew M.;25.8%;9.7%;32.3%;;16.1%;;3.2%;3.2%;;;3.2%;;;;3.2%;;;;;;;;3.2%;
;;13200;Music Theory I;202520;Spring 2025;001;10113;Bodine, Gerald B.;8.3%;8.3%;12.5%;;4.2%;4.2%;8.3%;16.7%;;4.2%;;;;;;;;4.2%;;;;;29.2%;
;;;;;;004;10120;Yun, Yeon Ji;29.2%;25.0%;8.3%;;4.2%;12.5%;4.2%;;4.2%;4.2%;;;;;4.2%;;;;;;;;4.2%;
;;;;;;005;24042;Mccullough, Allen T.;4.0%;16.0%;8.0%;;12.0%;4.0%;12.0%;;;12.0%;;4.0%;;;8.0%;;;;;;;;20.0%;
;;13300;Music Theory II;202520;Spring 2025;001;14530;Bodine, Gerald B.;41.2%;8.8%;8.8%;;2.9%;5.9%;17.6%;;;8.8%;;;;;2.9%;;;;;;;;2.9%;
;;16100;Class Piano I;202520;Spring 2025;001;14321;Bulow, Ellen;62.5%;;;;25.0%;;;;;;;;;;;;;;;;;;12.5%;
;;;;;;002;22844;Bulow, Ellen;53.3%;;;;13.3%;;;20.0%;;;;;;;6.7%;;;;;;;;6.7%;
;;;;;;003;15061;Bulow, Ellen;37.5%;;;;50.0%;;;;;;;;;;;;;;;;;;12.5%;
;;16200;Class Piano II;202520;Spring 2025;001;14323;Bulow, Ellen;62.5%;;;;18.8%;;;6.3%;;;6.3%;;;;6.3%;;;;;;;;;
;;25000;Music Appreciation;202520;Spring 2025;003;17469;Yun, Yeon Ji;37.3%;11.8%;19.6%;;2.0%;9.8%;11.8%;;2.0%;;;;;;2.0%;;;2.0%;;;;;2.0%;
;;;;;;004;14536;Fortier, Jacqueline A.;37.8%;;16.2%;;10.8%;10.8%;8.1%;;2.7%;2.7%;;;;;5.4%;;;;;;;;5.4%;
;;;;;;005;14537;Fortier, Jacqueline A.;30.0%;13.3%;26.7%;;;3.3%;3.3%;13.3%;;;;;;;3.3%;;;3.3%;;;;;3.3%;
;;;;;;Y01;15117;Monical, Dwight L.;69.2%;;;;11.5%;;;5.8%;;;;;;;5.8%;;;1.9%;;;;;5.8%;
;;27000;Computer Skills In Music;202520;Spring 2025;001;13869;Taylor, Monte H.;12.5%;18.8%;43.8%;;;;;;6.3%;;;6.3%;;;12.5%;;;;;;;;;
;;;;;;002;22592;Taylor, Monte H.;18.8%;;37.5%;;;6.3%;;6.3%;6.3%;12.5%;;;;;;;;6.3%;;;;;6.3%;
;;29200;Music, Media, And Technology;202520;Spring 2025;001;29319;Cayari, Christopher P.;40.5%;;13.5%;;21.6%;;;5.4%;;;2.7%;;;;5.4%;;;;;;;;10.8%;
;;;Music, Media, And Tech-Honors;202520;Spring 2025;001;29319;Cayari, Christopher P.;;;100.0%;;;;;;;;;;;;;;;;;;;;;
;;32400;Teach Music Elem Schl;202520;Spring 2025;003;14435;Dubikovsky, Nadya Nadegda N.;73.3%;;;;13.3%;;;;;;;;;;13.3%;;;;;;;;;
;;;;;;004;17473;Dubikovsky, Nadya Nadegda N.;66.7%;;;;16.7%;;;5.6%;;;;;;;5.6%;;;;;;;;5.6%;
;;;;;;005;14921;Cayari, Christopher P.;30.0%;;;;25.0%;;;30.0%;;;;;;;;;;;;;;;15.0%;
;;;Teach Music Elem Schl-Honors;202520;Spring 2025;004;17473;Dubikovsky, Nadya Nadegda N.;100.0%;;;;;;;;;;;;;;;;;;;;;;;
;;34500;History Of Rock Music;202520;Spring 2025;001;27820;Taylor, Emma M.;66.7%;7.8%;15.7%;;2.0%;2.0%;2.0%;;;3.9%;;;;;;;;;;;;;;
;;35200;Studio Voice;202520;Spring 2025;001;16182;Anderson, Elizabeth R.;76.9%;;;;;;15.4%;;;7.7%;;;;;;;;;;;;;;
;;37600;World Music;202520;Spring 2025;001;27819;Warden, Nolan M.;26.1%;4.3%;8.7%;;21.7%;4.3%;13.0%;13.0%;4.3%;;;;;;;;;;;;;;4.3%;
;;37800;Jazz History;202520;Spring 2025;002;22927;Cox, Drew M.;31.3%;15.6%;31.3%;;3.1%;6.3%;3.1%;6.3%;;3.1%;;;;;;;;;;;;;;
;;;;;;003;14457;Harris, Jarrard L.;22.6%;;61.3%;;6.5%;;;;;;3.2%;;;;;;;;;;;;6.5%;
;;49000;Music Tech Event Production;202520;Spring 2025;011;32078;Park, Tae Hong;23.1%;7.7%;69.2%;;;;;;;;;;;;;;;;;;;;;
;;;Studio Cello & Double Bass;202520;Spring 2025;007;16947;Yun, Yeon Ji;;;100.0%;;;;;;;;;;;;;;;;;;;;;
NRES;NRES-Natural Res & Environ Sci;12500;Environmental Scienc & Conserv;202520;Spring 2025;001;10296;Ruhl, Patrick J.;17.4%;21.7%;13.0%;;8.7%;13.0%;21.7%;;4.3%;;;;;;;;;;;;;;;
;;23000;Survey Of Meteorology;202520;Spring 2025;001;12078;Orton, Andrea E.;22.2%;7.4%;18.5%;;14.8%;3.7%;14.8%;7.4%;3.7%;7.4%;;;;;;;;;;;;;;
;;;Survey Of Meteorology-Honors;202520;Spring 2025;001;12078;Orton, Andrea E.;;;100.0%;;;;;;;;;;;;;;;;;;;;;
;;25500;Soil Science;202520;Spring 2025;001;38264;Rahmani, Shams Rahman R.;53.8%;;;;15.4%;;11.5%;7.7%;;3.8%;3.8%;;3.8%;;;;;;;;;;;
;;33800;Environmental Field Skills;202520;Spring 2025;001;20746;Shee, Christie N.;45.0%;20.0%;20.0%;;;5.0%;10.0%;;;;;;;;;;;;;;;;;
;;;;;;002;22585;Shee, Christie N.;52.6%;5.3%;26.3%;;5.3%;;5.3%;;;;;;5.3%;;;;;;;;;;;
;;;;;;003;13754;Shee, Christie N.;33.3%;11.1%;50.0%;;;;5.6%;;;;;;;;;;;;;;;;;
;;;;;;004;13761;Shee, Christie N.;31.6%;15.8%;36.8%;;;;15.8%;;;;;;;;;;;;;;;;;
;;38010;Hazardous Waste Handling;202520;Spring 2025;001;28657;Doyle, Eric M.;28.2%;10.3%;51.3%;;2.6%;;7.7%;;;;;;;;;;;;;;;;;
;;49700;NRES Current Topics;202520;Spring 2025;001;25647;Shee, Christie N.;29.2%;4.2%;62.5%;;2.1%;;2.1%;;;;;;;;;;;;;;;;;
NS;NS-Naval Science;20200;Naval Science Laboratory;202520;Spring 2025;003;22934;Shinholster, Rafeal;51.5%;12.9%;26.7%;;2.0%;1.0%;4.0%;;;;;;;;;;;;;;;;2.0%;
;;21200;Naval Ship Systems-Weapons;202520;Spring 2025;001;54678;Wood, Joseph D.;40.0%;17.5%;;;7.5%;7.5%;17.5%;;;10.0%;;;;;;;;;;;;;;
;;;;;;002;29380;Wood, Joseph D.;37.5%;32.5%;;;5.0%;10.0%;12.5%;;;;;;;;;;;;;;;;2.5%;
;;21300;Sea Power & Maritm Aff;202520;Spring 2025;003;43625;Hudson, Scott C.;24.1%;;75.9%;;;;;;;;;;;;;;;;;;;;;
;;;;;;004;14548;Hudson, Scott C.;7.4%;;88.9%;;;;3.7%;;;;;;;;;;;;;;;;;
;;;Sea Power & Maritm Aff-Honors;202520;Spring 2025;003;43625;Hudson, Scott C.;;;100.0%;;;;;;;;;;;;;;;;;;;;;
;;31000;Naval Navigation;202520;Spring 2025;003;43659;Kraft, Alex M.;50.0%;25.0%;;;12.5%;6.3%;6.3%;;;;;;;;;;;;;;;;;
;;41300;Naval Leadership & Ethics;202520;Spring 2025;001;17349;Lee, Paul J.;41.7%;25.0%;16.7%;;;;16.7%;;;;;;;;;;;;;;;;;
;;;;;;002;17350;Lee, Paul J.;66.7%;16.7%;;;;;16.7%;;;;;;;;;;;;;;;;;
;;44000;Fundamentals Maneuver Warfare;202520;Spring 2025;002;23373;Calderon, Joshua A.;9.1%;63.6%;9.1%;;9.1%;;9.1%;;;;;;;;;;;;;;;;;
NUCL;NUCL-Nuclear Engineering;20000;Intro Nucl Engineering;202520;Spring 2025;001;22983;Taleyarkhan, Rusi P.;8.6%;16.4%;26.7%;;11.2%;7.8%;6.0%;6.0%;5.2%;3.4%;1.7%;1.7%;;1.7%;1.7%;;;;;;;;1.7%;
;;20500;Nucl Eng Undergr Lab I;202520;Spring 2025;014;26816;Chatzidakis, Stylianos;43.5%;5.8%;31.9%;;5.8%;1.4%;1.4%;1.4%;7.2%;1.4%;;;;;;;;;;;;;;
;;27300;Mechanics Of Materials;202520;Spring 2025;001;22992;Choi, Chan K.;17.6%;;;;48.4%;;;26.6%;;;4.3%;;;;2.1%;;;;;;;;1.1%;
;;29800;Sophomore Seminar;202520;Spring 2025;001;22995;Kim, Seungjin;;;;;;;;;;;;;;;;;;;;100.0%;;;;
;;31000;Intro To Neutron Trans;202520;Spring 2025;002;35724;Xu, Yunlin;25.0%;26.8%;8.9%;;14.3%;1.8%;14.3%;1.8%;1.8%;3.6%;;;;;1.8%;;;;;;;;;
;;35100;Nucl Therm-Hydraul II;202520;Spring 2025;001;18433;Bindra, Hitesh;7.0%;8.8%;;;17.5%;28.1%;22.8%;7.0%;;3.5%;1.8%;;;;;;;;;;;;3.5%;
;;35500;NUCL Thermohydra Lab;202520;Spring 2025;001;15982;Revankar, Shripad T.;20.0%;27.3%;1.8%;;12.7%;5.5%;7.3%;5.5%;5.5%;9.1%;;;;;1.8%;;;;;;;;3.6%;
;;39800;Junior Seminar;202520;Spring 2025;001;38304;Kim, Seungjin;;;;;;;;;;;;;;;;;;;;98.0%;;2.0%;;
;;45000;Des In Nucl Engr;202520;Spring 2025;003;35709;Bindra, Hitesh;53.1%;43.8%;;;;;;;;;;;;;3.1%;;;;;;;;;
;;46000;Intro Thermonuc Fusion;202520;Spring 2025;003;36669;Choi, Chan K.;15.4%;30.8%;;;23.1%;15.4%;;;;;;;;;7.7%;;;;;;;;7.7%;
;;49800;Senior Seminar;202520;Spring 2025;001;38305;Kim, Seungjin;;;;;;;;;;;;;;;;;;;;94.1%;;5.9%;;
;;51000;Nuclear React Theo I;202520;Spring 2025;002;14266;Taleyarkhan, Rusi P.;43.8%;18.8%;;;18.8%;;15.6%;;;;;;;;3.1%;;;;;;;;;
;;52000;Radiation Effects;202520;Spring 2025;WNG;66330;Lou, Xiaoyuan;28.6%;4.8%;19.0%;;28.6%;;9.5%;;;;;;4.8%;;4.8%;;;;;;;;;
;;57000;Fuzzy Approach Engr;202520;Spring 2025;FNY;35712;Tsoukalas, Lefteri;5.9%;;94.1%;;;;;;;;;;;;;;;;;;;;;
;;69600;Nuclear Engr Sem;202520;Spring 2025;001;15556;Kim, Seungjin;;;;;;;;;;;;;;;;;;;;100.0%;;;;
;;69700;Pulsed Pwr & Vacuum Electrncs;202520;Spring 2025;005;21673;Garner, Allen L.;72.7%;;18.2%;9.1%;;;;;;;;;;;;;;;;;;;;
NUPH;NUPH-Nuclear Pharmacy;49100;Intro To Nuclear Pharmacy;202520;Spring 2025;001;10375;Weatherman, Kara D.;83.1%;;;;14.1%;;;2.8%;;;;;;;;;;;;;;;;
;;49300;Reg Considerations NP Practice;202520;Spring 2025;001;27609;Weatherman, Kara D.;97.7%;;;;;;;2.3%;;;;;;;;;;;;;;;;
;;49400;Clinical Asp Of NP Practice;202520;Spring 2025;002;17330;Weatherman, Kara D.;100.0%;;;;;;;;;;;;;;;;;;;;;;;
NUR;NUR-Nursing;10900;Intro To Nursing II - Honors;202520;Spring 2025;010;17690;Loomis, Ann L.;;;100.0%;;;;;;;;;;;;;;;;;;;;;
;;;;;;LC1;22829;Loomis, Ann L.;50.0%;;50.0%;;;;;;;;;;;;;;;;;;;;;
;;;Introduction To Nursing II;202520;Spring 2025;002;11678;Jones, Christine M.;9.5%;9.5%;73.8%;;7.1%;;;;;;;;;;;;;;;;;;;
;;;;;;004;17510;Loomis, Ann L.;8.9%;2.2%;86.7%;;2.2%;;;;;;;;;;;;;;;;;;;
;;;;;;010;17690;Loomis, Ann L.;9.1%;4.5%;86.4%;;;;;;;;;;;;;;;;;;;;;
;;;;;;LC1;22829;Loomis, Ann L.;17.8%;4.4%;75.6%;;;;;2.2%;;;;;;;;;;;;;;;;
;;22001;Essentials Of Nur Practice II;202520;Spring 2025;174;15387;DeWitt, Tasha M.;11.1%;21.5%;;;27.4%;8.9%;28.1%;;0.7%;1.5%;;;;;;;;;;;;;0.7%;
;;22101;Pathopharmacology II;202520;Spring 2025;001;63169;Ailor, Mark A.;21.7%;29.6%;;;17.1%;5.3%;21.7%;;;3.9%;;;;;;;;;;;;;0.7%;
;;22201;Population Health;202520;Spring 2025;002;15390;Grantz, Lia T.;69.2%;10.3%;20.5%;;;;;;;;;;;;;;;;;;;;;
;;;;;;003;17578;Salahshoor, Shima;64.7%;11.8%;20.6%;;;;;;;;;;;;;;;;;;;;;2.9%
;;22301;Research And EBP;202520;Spring 2025;002;17581;Hoying, Mary E.;80.6%;8.3%;11.1%;;;;;;;;;;;;;;;;;;;;;
;;;;;;003;17582;Adeola, Mopelola T.;77.1%;8.6%;11.4%;;;;;;;;;;;;;;;;;;;;;2.9%
;;31401;Adult Nursing I;202520;Spring 2025;025;17609;Grammer, Karen J.;10.0%;32.5%;;;12.5%;6.3%;37.5%;;;1.3%;;;;;;;;;;;;;;
;;;Adult Nursing I-Honors;202520;Spring 2025;025;17609;Grammer, Karen J.;;100.0%;;;;;;;;;;;;;;;;;;;;;;
;;31501;Nur Childbearing Families;202520;Spring 2025;001;69157;Batts, Cherish A.;34.6%;32.1%;2.5%;;9.9%;;21.0%;;;;;;;;;;;;;;;;;
;;31601;Integration Seminar I;202520;Spring 2025;001;11948;Nagle, Amy M.;40.7%;18.5%;37.0%;;1.2%;;2.5%;;;;;;;;;;;;;;;;;
;;31701;Adult Nursing II;202520;Spring 2025;020;21409;Brandenburg, Guinevere J.;28.6%;42.9%;;;7.1%;;21.4%;;;;;;;;;;;;;;;;;
;;;;;;023;21412;Brandenburg, Guinevere J.;21.4%;7.1%;;;7.1%;;57.1%;;;;;;;;;7.1%;;;;;;;;
;;;;;;056;23572;Brandenburg, Guinevere J.;18.0%;28.0%;;;14.0%;2.0%;32.0%;;4.0%;;2.0%;;;;;;;;;;;;;
;;31801;Psy & Mental Health Nursing;202520;Spring 2025;006;69195;Jones, Elizabeth A.;67.3%;12.7%;5.5%;;7.3%;1.8%;5.5%;;;;;;;;;;;;;;;;;
;;;;;;031;21387;Jones, Elizabeth A.;92.9%;;7.1%;;;;;;;;;;;;;;;;;;;;;
;;;;;;034;21393;Jones, Elizabeth A.;78.6%;14.3%;7.1%;;;;;;;;;;;;;;;;;;;;;
;;31901;Integration Seminar II;202520;Spring 2025;002;11978;King, Melissa A.;20.5%;6.0%;68.7%;;1.2%;1.2%;;;1.2%;;;;1.2%;;;;;;;;;;;
;;33001;Nursing Peer Mentors;202520;Spring 2025;001;69279;Loomis, Ann L.;;;96.4%;;;;3.6%;;;;;;;;;;;;;;;;;
;;39900;Holistic Nur Theory & Practice;202520;Spring 2025;032;25387;Dye, Deborah K.;25.0%;;66.7%;;;;8.3%;;;;;;;;;;;;;;;;;
;;;Wartime Influence On Hlthcare;202520;Spring 2025;031;23745;Hoying, Mary E.;14.3%;4.8%;76.2%;;;;4.8%;;;;;;;;;;;;;;;;;
;;41001;Issues In Professional Nursing;202520;Spring 2025;001;13054;Adeola, Mopelola T.;61.4%;9.1%;25.0%;;;;4.5%;;;;;;;;;;;;;;;;;
;;;;;;002;25238;Bednarski, Jenna E.;54.5%;4.5%;40.9%;;;;;;;;;;;;;;;;;;;;;
;;41401;Pediatric Nursing;202520;Spring 2025;025;20407;Bowling, Heather R.;65.6%;30.0%;2.2%;;;;2.2%;;;;;;;;;;;;;;;;;
;;41501;Public Health Nursing;202520;Spring 2025;001;11022;Johnson, Rebecca C.;75.6%;14.4%;6.7%;;;1.1%;1.1%;;;;;;;;;;;;;;;;1.1%;
;;41701;Leadership In Nursing;202520;Spring 2025;003;11135;Walker, Mallori R.;13.6%;47.7%;;;5.7%;1.1%;30.7%;;;1.1%;;;;;;;;;;;;;;
;;42001;Nursing Transition;202520;Spring 2025;002;13261;Jones, Christine M.;29.5%;4.5%;61.4%;;;;3.4%;;;1.1%;;;;;;;;;;;;;;
;;43001;NCLEX Review;202520;Spring 2025;001;69617;Ward, Amanda E.;18.8%;5.8%;61.7%;;2.6%;;5.8%;;0.6%;1.3%;;;;;1.9%;;;;;;;;1.3%;
;;50200;Pharm For APN;202520;Spring 2025;001;23627;Gallegos, Julian L.;97.5%;;;;;;;;;;;;;;2.5%;;;;;;;;;
;;50300;Adv Health Assessment;202520;Spring 2025;001;23628;Abebe, Sheila Y.;72.2%;;;;16.7%;;;2.8%;;;;;;;5.6%;;;;;;;;2.8%;
;;50500;Sociocultural Nursing;202520;Spring 2025;002;16494;Ahmed, Azza H.;81.1%;;;;16.2%;;;;;;;;;;2.7%;;;;;;;;;
;;51000;Research&Evid Based Nurs Pract;202520;Spring 2025;001;16840;Ahmed, Azza H.;81.8%;;;;9.1%;;;9.1%;;;;;;;;;;;;;;;;
;;51601;Clinical Apps In Pharm FNP;202520;Spring 2025;002;17706;Santiago Banuelos, Yadira;100.0%;;;;;;;;;;;;;;;;;;;;;;;
;;51700;DNP Project Seminar;202520;Spring 2025;001;29320;Gallegos, Julian L.;;;;;;;;;;;;;;;;;;;;100.0%;;;;
;;52200;Psychopharmacology;202520;Spring 2025;002;22809;Kersey, Susan J.;58.3%;;;;33.3%;;;8.3%;;;;;;;;;;;;;;;;
;;52500;Informatics In Nursing;202520;Spring 2025;001;69614;Jo, Soo Jung;82.6%;;;4.3%;13.0%;;;;;;;;;;;;;;;;;;;
;;55200;Chronc Ill:Ped Hlth Pr;202520;Spring 2025;001;29829;Coddington, Jennifer A.;100.0%;;;;;;;;;;;;;;;;;;;;;;;
;;55300;Chronc Ill:Preceptrshp;202520;Spring 2025;004;22536;Bednarski, Jenna E.;100.0%;;;;;;;;;;;;;;;;;;;;;;;
;;60400;PhD Seminar;202520;Spring 2025;001;69688;Richards, Elizabeth A.;;;;;;;;;;;;;;;;;;;;93.3%;;;;6.7%
;;64000;Human Factors Healthcare Engr;202520;Spring 2025;001;27414;Karagory, Pamela M.;78.6%;;;;21.4%;;;;;;;;;;;;;;;;;;;
;;67300;DNP Hlth Pol Residency;202520;Spring 2025;001;31718;Abebe, Sheila Y.;100.0%;;;;;;;;;;;;;;;;;;;;;;;
NUTR;NUTR-Nutrition Science;12500;Food Safety Cert & Career Dev;202520;Spring 2025;001;62604;Allsopp Castillo, Marie A.;19.4%;12.9%;16.1%;;9.7%;6.5%;32.3%;;;;;;3.2%;;;;;;;;;;;
;;20500;Food Science I;202520;Spring 2025;010;17841;Furiya, Alvin J.;26.7%;13.3%;20.0%;;13.3%;6.7%;6.7%;6.7%;;6.7%;;;;;;;;;;;;;;
;;24500;Rookie Exp In Sports Nutrition;202520;Spring 2025;001;12730;Clark, Rachel A.;;;;;;;;;;;;;;;;;5.3%;94.7%;;;;;;
;;30300;Essentials Of Nutr;202520;Spring 2025;005;15367;Burgess, John R.;24.7%;3.4%;47.2%;;3.4%;3.4%;6.7%;2.2%;2.2%;1.1%;;;;;3.4%;;;;;;;;2.2%;
;;;;;;006;15368;Burgess, John R.;25.3%;3.4%;58.6%;;5.7%;3.4%;1.1%;;1.1%;;;;;;1.1%;;;;;;;;;
;;;;;;007;15369;Baker, Selena L.;28.9%;8.9%;37.8%;;2.2%;4.4%;7.8%;2.2%;1.1%;;1.1%;1.1%;2.2%;;;;;;;;;;2.2%;
;;;;;;008;15370;Burgess, John R.;24.4%;12.2%;42.2%;;5.6%;3.3%;6.7%;;;4.4%;;;;;1.1%;;;;;;;;;
;;;;;;009;15374;Baker, Selena L.;30.8%;5.5%;41.8%;;4.4%;1.1%;8.8%;;1.1%;2.2%;;2.2%;;;;;;;;;;;2.2%;
;;;;;;010;15375;Burgess, John R.;22.5%;9.0%;41.6%;;5.6%;3.4%;14.6%;;;3.4%;;;;;;;;;;;;;;
;;;;;;Y01;15006;Allsopp Castillo, Marie A.;22.5%;10.0%;57.5%;;;;;2.5%;;2.5%;;;;;;;;;;;;;5.0%;
;;;;;;Y02;15009;Allsopp Castillo, Marie A.;12.8%;2.6%;82.1%;;;;2.6%;;;;;;;;;;;;;;;;;
;;;;;;Y03;15014;Allsopp Castillo, Marie A.;12.5%;10.0%;62.5%;;5.0%;2.5%;2.5%;;2.5%;;;;;;;;;;;;;;2.5%;
;;;;;;Y04;15016;Allsopp Castillo, Marie A.;12.5%;2.5%;72.5%;;2.5%;2.5%;5.0%;;2.5%;;;;;;;;;;;;;;;
;;;;;;Y05;15020;Panjwani, Anita A.;30.0%;10.0%;45.0%;;2.5%;2.5%;;;;5.0%;;;;;;;;;;;;;5.0%;
;;;;;;Y06;15022;Panjwani, Anita A.;26.8%;;51.2%;;4.9%;;2.4%;;2.4%;2.4%;;2.4%;;;4.9%;;;;;;;;2.4%;
;;;;;;Y07;15037;Kistler, Brandon M.;37.7%;3.3%;16.4%;;9.8%;4.9%;11.5%;4.9%;1.6%;6.6%;;;;;3.3%;;;;;;;;;
;;;Essentials Of Nutr-Honors;202520;Spring 2025;005;15367;Burgess, John R.;50.0%;;50.0%;;;;;;;;;;;;;;;;;;;;;
;;;;;;006;15368;Burgess, John R.;50.0%;50.0%;;;;;;;;;;;;;;;;;;;;;;
;;;;;;009;15374;Baker, Selena L.;100.0%;;;;;;;;;;;;;;;;;;;;;;;
;;;;;;Y02;15009;Allsopp Castillo, Marie A.;;;100.0%;;;;;;;;;;;;;;;;;;;;;
;;31500;Fund Of Nutrition;202520;Spring 2025;001;62620;Ramakrishnan, Monica;49.0%;9.8%;19.6%;;9.8%;7.8%;2.0%;;;;;;;;2.0%;;;;;;;;;
;;33000;Diet Select & Planning;202520;Spring 2025;001;23658;Furiya, Alvin J.;14.8%;22.2%;11.1%;;3.7%;11.1%;18.5%;7.4%;3.7%;3.7%;;;3.7%;;;;;;;;;;;
;;;Diet Select & Planning-Honors;202520;Spring 2025;001;23658;Furiya, Alvin J.;;100.0%;;;;;;;;;;;;;;;;;;;;;;
;;33200;Nutrition Counseling;202520;Spring 2025;001;19782;Clark, Rachel A.;65.4%;3.8%;;;7.7%;7.7%;15.4%;;;;;;;;;;;;;;;;;
;;34500;Cont Experience In Sports Nutr;202520;Spring 2025;001;12732;Clark, Rachel A.;;;;;;;;;;;;;;;;;;94.4%;;;;;5.6%;
;;36500;Phys & Nutr During Life Cycle;202520;Spring 2025;001;17843;Biruete, Annabel;23.0%;18.9%;32.4%;;9.5%;5.4%;9.5%;;;1.4%;;;;;;;;;;;;;;
;;42400;Com Tech In Fd & Nutr;202520;Spring 2025;003;62661;Allsopp Castillo, Marie A.;26.7%;20.0%;50.0%;;3.3%;;;;;;;;;;;;;;;;;;;
;;;Com Tech In Fd & Nutr-Honors;202520;Spring 2025;003;62661;Allsopp Castillo, Marie A.;;;100.0%;;;;;;;;;;;;;;;;;;;;;
;;43000;Public Health Nutrition;202520;Spring 2025;001;10039;Panjwani, Anita A.;10.0%;36.0%;10.0%;;16.0%;8.0%;14.0%;;;6.0%;;;;;;;;;;;;;;
;;43600;Nutrition Assessment;202520;Spring 2025;002;11710;Wolf, Patricia M.;72.9%;3.4%;;;10.2%;;10.2%;;;1.7%;1.7%;;;;;;;;;;;;;
;;43700;Macronutrient Metab;202520;Spring 2025;001;62666;Cross, Tzu Wen L.;20.0%;2.5%;;;7.5%;2.5%;10.0%;2.5%;2.5%;5.0%;2.5%;;;;7.5%;;;;;;;;37.5%;
;;44200;Food Serv Sys Mgmt;202520;Spring 2025;002;62668;Zoss, Donna L.;11.4%;18.2%;2.3%;;20.5%;6.8%;36.4%;;;4.5%;;;;;;;;;;;;;;
;;48800;Topic Nutr Fitns & Hlth;202520;Spring 2025;001;11603;Campbell, Wayne W.;40.0%;13.3%;;;6.7%;6.7%;13.3%;;;13.3%;;;;;6.7%;;;;;;;;;
;;51100;Applied Nutrition Counseling;202520;Spring 2025;001;13680;Clark, Rachel A.;73.7%;21.1%;;;;5.3%;;;;;;;;;;;;;;;;;;
;;52100;Adv Medical Nutrition Therapy;202520;Spring 2025;001;15217;Zoss, Donna L.;15.8%;10.5%;;;21.1%;26.3%;26.3%;;;;;;;;;;;;;;;;;
;;52300;Trends In Nutr & Dietetics;202520;Spring 2025;001;15220;Baker, Selena L.;73.7%;10.5%;5.3%;;;;10.5%;;;;;;;;;;;;;;;;;
;;54200;Engagement Experience;202520;Spring 2025;002;30055;Dalder, Dinah C.;90.9%;;;;;;;;;;;;;;;9.1%;;;;;;;;
;;59000;Gut Microbiome And Nutrition;202520;Spring 2025;027;30043;Cross, Tzu Wen L.;64.3%;7.1%;7.1%;7.1%;;7.1%;7.1%;;;;;;;;;;;;;;;;;
;;;PICR Dual Title Seminar;202520;Spring 2025;035;31749;Teegarden, Dorothy;100.0%;;;;;;;;;;;;;;;;;;;;;;;
;;69500;INP Seminar;202520;Spring 2025;002;62730;Murray-Kolb, Laura E.;;;;;;;;;;;;;;;;;;;;96.4%;;;3.6%;
OBHR;OBHR-Orgnztnl Bhvr &Hum Resrce;33000;Intro To Org Behavior;202520;Spring 2025;001;23685;Hahn, Rachel S.;33.3%;18.8%;;;14.5%;4.3%;21.7%;4.3%;;;;1.4%;1.4%;;;;;;;;;;;
;;;;;;002;23687;Munoz, Joel;8.6%;24.3%;1.4%;;18.6%;14.3%;12.9%;2.9%;;7.1%;;1.4%;2.9%;;2.9%;;;;;;;;2.9%;
;;;;;;003;23684;Munoz, Joel;10.0%;28.6%;;;12.9%;14.3%;18.6%;1.4%;4.3%;5.7%;1.4%;;;;;;;;;;;;2.9%;
;;;;;;004;16737;Munoz, Joel;7.5%;26.9%;3.0%;;16.4%;14.9%;13.4%;4.5%;;7.5%;;1.5%;1.5%;;3.0%;;;;;;;;;
;;;;;;005;17902;Dennerlein, Tobias;3.6%;5.5%;7.3%;;9.1%;3.6%;29.1%;16.4%;9.1%;5.5%;;3.6%;;;1.8%;;;;;;;;5.5%;
;;;;;;006;17906;Dennerlein, Tobias;17.1%;8.6%;5.7%;;12.9%;8.6%;38.6%;;2.9%;2.9%;;;;;;;;;;;;;2.9%;
;;;;;;008;22712;Dennerlein, Tobias;31.4%;8.6%;14.3%;;2.9%;2.9%;31.4%;;2.9%;1.4%;;;;;;;;;;;;;4.3%;
;;;;;;009;28473;Munoz, Joel;15.7%;20.0%;;;12.9%;8.6%;18.6%;2.9%;;12.9%;2.9%;2.9%;;;1.4%;;;;;;;;1.4%;
;;;;;;010;28477;Schneider, Natalie M.;4.3%;23.2%;;;13.0%;13.0%;20.3%;7.2%;7.2%;8.7%;1.4%;;;;;;;;;;;;1.4%;
;;;Intro To Org Behavior-Honors;202520;Spring 2025;H09;21270;Schoorman, F D.;26.7%;10.0%;;;26.7%;3.3%;26.7%;;;6.7%;;;;;;;;;;;;;;
;;65200;Org Devel And Consulting;202520;Spring 2025;001;10581;Campion, Michael A.;29.4%;17.6%;;;35.3%;;17.6%;;;;;;;;;;;;;;;;;
OLS;OLS-Organiz Ldrshp&Supervision;37800;Labor/Mgmt Relations;202520;Spring 2025;001;25613;Kim, Jihyeon;30.8%;20.5%;7.7%;;10.3%;5.1%;23.1%;;;;;;;;;;;;;;;;2.6%;
;;38600;Ldrshp For Org Change;202520;Spring 2025;014;28068;Gamez-Djokic, Monica;27.8%;46.8%;1.3%;;5.1%;1.3%;15.2%;;;1.3%;;;;;1.3%;;;;;;;;;
;;45000;Advanced Project Management;202520;Spring 2025;001;22994;Bittinger, Christopher N.;14.7%;17.6%;47.1%;;;;8.8%;;2.9%;8.8%;;;;;;;;;;;;;;
;;45400;Gender & Diversity Mgt;202520;Spring 2025;001;29368;Hammoud, Abrar;32.1%;17.9%;17.9%;;10.7%;3.6%;7.1%;3.6%;;;;;;;7.1%;;;;;;;;;
;;48400;Ldrshp Strat Qlty&Prod;202520;Spring 2025;001;28142;Grant, Brandon C.;64.9%;;35.1%;;;;;;;;;;;;;;;;;;;;;
;;48700;Leadership Philosophy;202520;Spring 2025;001;25614;Linvill, Jennifer S.;13.3%;;80.0%;;;;;;;;;3.3%;;;3.3%;;;;;;;;;
;;58300;Coaching And Mentoring;202520;Spring 2025;002;29948;Bittinger, Christopher N.;22.2%;22.2%;25.9%;;11.1%;3.7%;11.1%;;;3.7%;;;;;;;;;;;;;;
PES;PES-Physical Education Skills;11400;Air Force ROTC Conditioning;202520;Spring 2025;002;59973;Rose, Derek M.;63.8%;19.1%;;;2.1%;2.1%;7.8%;;;;;;;;;;;;;;;;5.0%;
;;;Army ROTC Conditioning;202520;Spring 2025;001;57021;Bashant, Amie;8.0%;4.0%;82.4%;;;0.8%;3.2%;;;;;;;;;;;;;;;;1.6%;
;;11500;Bowling;202520;Spring 2025;001;47471;Wiedman, Douglas L.;10.0%;6.7%;76.7%;;3.3%;;;;;;;;;;;;;;;;;;3.3%;
;;;;;;002;23895;Wiedman, Douglas L.;3.3%;3.3%;83.3%;;;;;;;;;;;;;;;3.3%;;;;;6.7%;
;;;;;;003;23890;Wiedman, Douglas L.;6.7%;;93.3%;;;;;;;;;;;;;;;;;;;;;
;;;;;;004;23891;Wiedman, Douglas L.;20.7%;;69.0%;;;;;;;;;;;;3.4%;;;3.4%;;;;;3.4%;
;;;;;;005;23894;Wiedman, Douglas L.;;10.0%;83.3%;;;;;;;;;;;;;;;3.3%;;;;;3.3%;
;;;;;;006;23887;Wiedman, Douglas L.;;;93.3%;;;;;;;;;;;;;;;3.3%;;;;;3.3%;
;;;;;;007;23892;Wiedman, Douglas L.;6.9%;;89.7%;;;;;;;;;;;;;;;;;;;;3.4%;
;;;;;;008;23888;Wiedman, Douglas L.;3.3%;;90.0%;;3.3%;;;;;;;;;;;;;3.3%;;;;;;
;;;;;;009;23889;Wiedman, Douglas L.;3.4%;;96.6%;;;;;;;;;;;;;;;;;;;;;
;;;;;;010;23893;Wiedman, Douglas L.;3.4%;;93.1%;;;;;;;;;;3.4%;;;;;;;;;;;
;;;;;;011;69226;Wiedman, Douglas L.;6.9%;;79.3%;;3.4%;3.4%;;3.4%;;;;;;;;;;3.4%;;;;;;
;;;;;;012;69227;Wiedman, Douglas L.;3.4%;3.4%;82.8%;;;3.4%;;;;;;;;;;;;;;;;;6.9%;
;;11600;Beginning Tennis & Pickleball;202520;Spring 2025;T11;21320;Braden, Joseph M.;8.0%;;84.0%;;;;;;;;;;;;;;;4.0%;;;;;4.0%;
;;;;;;T12;23915;Braden, Joseph M.;;;92.0%;;;;;;;;;;;;;;;;;;;;8.0%;
;;;;;;T13;54467;Braden, Joseph M.;4.2%;;79.2%;4.2%;;;;;;;;;;;;;;4.2%;;;;;8.3%;
;;;Golf;202520;Spring 2025;001;11588;Ross, Daniel M.;46.7%;20.0%;23.3%;;;;3.3%;;;;;;;;3.3%;;;;;;;;3.3%;
;;;;;;003;11573;Ross, Daniel M.;50.0%;10.0%;30.0%;;3.3%;;3.3%;;;;;;;;3.3%;;;;;;;;;
;;;;;;005;25120;Ross, Daniel M.;53.3%;16.7%;30.0%;;;;;;;;;;;;;;;;;;;;;
;;;;;;007;23911;Ross, Daniel M.;44.8%;37.9%;6.9%;;;;3.4%;;;;;;;;;;;3.4%;;;;;3.4%;
;;;;;;009;23902;Ross, Daniel M.;85.2%;;;;;;;;;;;;;;3.7%;;;;;;;;11.1%;
;;;;;;011;21173;Ross, Daniel M.;82.8%;6.9%;;;3.4%;;;;;;;;;;6.9%;;;;;;;;;
;;;;;;013;68257;Ross, Daniel M.;73.3%;13.3%;3.3%;;;;6.7%;;;;;;;;3.3%;;;;;;;;;
;;;;;;015;21188;Ross, Daniel M.;63.3%;10.0%;20.0%;;;;;;;;;;;;3.3%;;;3.3%;;;;;;
;;;;;;017;11297;Ross, Daniel M.;63.3%;20.0%;6.7%;3.3%;;;3.3%;;;;;;;;;;;;;;;;3.3%;
;;;;;;019;68264;Ross, Daniel M.;56.7%;10.0%;30.0%;;;;;;;;;;;;;;;;;;;;3.3%;
;;;;;;021;22423;Ross, Daniel M.;57.1%;17.9%;14.3%;;7.1%;;3.6%;;;;;;;;;;;;;;;;;
;;;;;;023;65874;Ross, Daniel M.;84.6%;;;;;;11.5%;;;;;;;;;;;;;;;;3.8%;
;;;;;;025;21200;Ross, Daniel M.;48.4%;3.2%;35.5%;;3.2%;3.2%;;;;;;;;;;;;;;;;;6.5%;
;;;;;;027;68259;Ross, Daniel M.;46.7%;10.0%;40.0%;;;;3.3%;;;;;;;;;;;;;;;;;
;;;;;;029;26632;Ross, Daniel M.;88.5%;3.8%;;;;;;;;;;;;;;;;;;;;;7.7%;
;;;Intermed Tennis  & Pickleball;202520;Spring 2025;T21;46377;Braden, Joseph M.;;;95.2%;;;;;;;;;;;;;;;;;;;;4.8%;
;;;;;;T22;66158;Braden, Joseph M.;;4.3%;87.0%;;4.3%;;;4.3%;;;;;;;;;;;;;;;;
;;;Advanced Tennis;202520;Spring 2025;T31;34162;Braden, Joseph M.;;;100.0%;;;;;;;;;;;;;;;;;;;;;
;;14600;Advanced Golf Applications;202520;Spring 2025;001;21215;Ross, Daniel M.;100.0%;;;;;;;;;;;;;;;;;;;;;;;
;;;;;;003;33427;Ross, Daniel M.;100.0%;;;;;;;;;;;;;;;;;;;;;;;
PHIL;PHIL-Philosophy;11000;Big Questions: Intro To Phil;202520;Spring 2025;002;16020;Wheatley, Paul F.;24.0%;16.0%;8.0%;;24.0%;;12.0%;4.0%;4.0%;4.0%;;;;;4.0%;;;;;;;;;
;;;;;;003;16024;Wheatley, Paul F.;28.0%;24.0%;4.0%;;8.0%;8.0%;8.0%;;;;;;4.0%;;4.0%;;;;;;;;12.0%;
;;;;;;004;16032;Wheatley, Paul F.;36.4%;31.8%;4.5%;;;;;9.1%;;4.5%;;;4.5%;;;;;;;;;;9.1%;
;;;;;;021;23375;Stein, Zoe A.;34.6%;23.1%;11.5%;;3.8%;7.7%;;3.8%;;;;;;;3.8%;;;;;;;;11.5%;
;;;;;;022;23376;Stein, Zoe A.;23.1%;23.1%;11.5%;;19.2%;3.8%;7.7%;;3.8%;3.8%;;;;;;;;;;;;;3.8%;
;;;;;;023;23377;Stein, Zoe A.;23.1%;23.1%;19.2%;;;3.8%;7.7%;7.7%;;;;;;;7.7%;;;;;;;;7.7%;
;;11005;Intro Phil Through Video Games;202520;Spring 2025;002;19165;Vrabely, Alex T.;28.3%;8.7%;37.0%;;6.5%;10.9%;4.3%;2.2%;;;;;;;;;;;;;;;2.2%;
;;;;;;003;24312;Vrabely, Alex T.;25.0%;8.3%;41.7%;;6.3%;;4.2%;2.1%;2.1%;;2.1%;;;;2.1%;;;2.1%;;;;;4.2%;
;;11100;Introduction To Ethics;202520;Spring 2025;016;23985;Kain, Patrick P.;11.7%;12.7%;2.9%;;18.5%;12.7%;6.3%;8.3%;3.4%;6.3%;2.0%;0.5%;2.9%;;1.5%;;;;;;;;10.2%;
;;11400;Global Moral Issues;202520;Spring 2025;001;20061;Davis, Taylor T.;6.2%;13.7%;0.7%;;18.5%;17.1%;21.9%;6.2%;;8.9%;;;0.7%;;1.4%;;;;;;;;4.8%;
;;;Global Moral Issues-Honors;202520;Spring 2025;001;20061;Davis, Taylor T.;33.3%;;33.3%;;;33.3%;;;;;;;;;;;;;;;;;;
;;11500;Philsphy: What To Do With That;202520;Spring 2025;001;26791;Ooley, Samantha L.;;;;;;;;;;;;;;;;;26.3%;57.9%;;;;;15.8%;
;;15000;Principles Of Logic;202520;Spring 2025;001;17956;Tulodziecki, Dana;41.0%;20.5%;2.6%;;15.4%;2.6%;5.1%;2.6%;2.6%;2.6%;;;;;2.6%;;;2.6%;;;;;;
;;20700;Eth For Tech,Engr,Design-Honor;202520;Spring 2025;001;16933;Davis, Taylor T.;50.0%;;;;50.0%;;;;;;;;;;;;;;;;;;;
;;;;;;002;28861;Davis, Taylor T.;66.7%;;33.3%;;;;;;;;;;;;;;;;;;;;;
;;;Ethics For Tech, Engr, Design;202520;Spring 2025;001;16933;Davis, Taylor T.;26.4%;15.3%;2.8%;;8.3%;5.6%;16.7%;2.8%;2.8%;2.8%;;1.4%;4.2%;;5.6%;;;;;;;;5.6%;
;;;;;;002;28861;Davis, Taylor T.;46.9%;15.6%;6.3%;;6.3%;;9.4%;;;;;;;;9.4%;;;;;;;;6.3%;
;;;;;;007;31541;Emery, James R.;60.0%;14.3%;14.3%;;5.7%;2.9%;;;;;;;;;2.9%;;;;;;;;;
;;20800;Ethics Of Data Science;202520;Spring 2025;001;28860;Resto Quinones, Jashiel E.;30.3%;21.2%;;;9.1%;;18.2%;3.0%;;6.1%;;;;;6.1%;;;3.0%;;;;;3.0%;
;;;Ethics Of Data Science-Honors;202520;Spring 2025;001;28860;Resto Quinones, Jashiel E.;50.0%;;;;;;;;;50.0%;;;;;;;;;;;;;;
;;21900;Phil & The Meaning Of Life;202520;Spring 2025;001;29247;Smith, Daniel W.;38.2%;8.8%;5.9%;;17.6%;;17.6%;;;;;;;;2.9%;;;;;;;;8.8%;
;;22100;Intro Philosophy Sci;202520;Spring 2025;001;19707;Murgueitio Ramirez, Sebastian;17.1%;11.4%;17.1%;;8.6%;20.0%;20.0%;;;5.7%;;;;;;;;;;;;;;
;;22700;Science And Religion;202520;Spring 2025;001;19716;Draper, Paul R.;10.7%;10.7%;;;7.1%;14.3%;10.7%;14.3%;3.6%;10.7%;;;3.6%;;7.1%;;;;;;;;7.1%;
;;23000;Religions Of The East;202520;Spring 2025;001;25514;Ryba, Thomas W.;26.3%;5.3%;15.8%;;10.5%;26.3%;15.8%;;;;;;;;;;;;;;;;;
;;23100;Religions Of The West;202520;Spring 2025;001;10243;Ryba, Thomas W.;17.6%;23.5%;11.8%;;11.8%;17.6%;11.8%;;;;;;;;;;;;;;;;5.9%;
;;24000;Social And Polit Phil;202520;Spring 2025;001;28869;Kogelmann, Brian J.;33.3%;27.8%;;;11.1%;5.6%;11.1%;5.6%;;;;;;;5.6%;;;;;;;;;
;;25701;Moral Minds: Nat Right & Wrong;202520;Spring 2025;001;29233;Westra, Evan E.;35.7%;32.1%;3.6%;;7.1%;;7.1%;;;;;;;;;3.6%;;3.6%;;;;;7.1%;
;;29300;Fun & Other Untimely Values;202520;Spring 2025;001;16946;Kelly, Daniel R.;25.0%;15.0%;20.0%;;10.0%;;5.0%;10.0%;;10.0%;;;;;;;;;;;;;5.0%;
;;30100;Ancient Philosophy;202520;Spring 2025;004;28938;Schroeder, Lea A.;16.7%;22.2%;13.9%;;8.3%;11.1%;5.6%;2.8%;;11.1%;;;;;;;;;;;;;8.3%;
;;;;;;005;28978;Marina, Jacqueline;27.3%;9.1%;6.1%;;24.2%;3.0%;18.2%;6.1%;;;;;;;;3.0%;;;;;;;3.0%;
;;30300;Hist Of Modern Phil;202520;Spring 2025;002;19762;Cover, Jan A.;3.0%;9.1%;;;36.4%;12.1%;15.2%;3.0%;;12.1%;;;;;;;;;;;;;9.1%;
;;;;;;003;20111;Jacovides, Michael L.;19.4%;41.7%;2.8%;2.8%;2.8%;;22.2%;;;;;;;;2.8%;;;;;;;;5.6%;
;;31000;Classical Chinese Philosophy;202520;Spring 2025;001;31630;Brasovan, Nicholas S.;62.5%;;;;18.8%;;;;;;;;;;6.3%;;;6.3%;;;;;6.3%;
;;32200;Philosophy Of Technology;202520;Spring 2025;001;28944;Smith, Daniel W.;42.9%;28.6%;4.8%;;14.3%;;4.8%;;;;;;;;4.8%;;;;;;;;;
;;;Philosophy Of Technlgy-Honors;202520;Spring 2025;001;28944;Smith, Daniel W.;;;100.0%;;;;;;;;;;;;;;;;;;;;;
;;35000;Phil & Probability;202520;Spring 2025;001;29254;Draper, Paul R.;3.3%;6.7%;10.0%;;30.0%;6.7%;10.0%;13.3%;3.3%;6.7%;;;;;3.3%;;;;;;;;6.7%;
;;41100;Modern Ethical Theory;202520;Spring 2025;001;28952;Kain, Patrick P.;55.0%;20.0%;;;10.0%;;10.0%;;5.0%;;;;;;;;;;;;;;;
;;42100;Philosophy Of Science;202520;Spring 2025;001;28953;Murgueitio Ramirez, Sebastian;;10.0%;5.0%;;45.0%;5.0%;15.0%;;;10.0%;;;;;10.0%;;;;;;;;;
;;42400;Recent Ethical Theory;202520;Spring 2025;001;16953;Vrabely, Alex T.;23.8%;14.3%;19.0%;;9.5%;;23.8%;;;4.8%;;;;;4.8%;;;;;;;;;
;;49000;Adv Topics In Philosophy Of AI;202520;Spring 2025;003;16987;Karlan, Brett A.;47.4%;21.1%;5.3%;;10.5%;;10.5%;;;5.3%;;;;;;;;;;;;;;
;;;Spinoza;202520;Spring 2025;002;16955;Jacovides, Michael L.;25.0%;37.5%;12.5%;;6.3%;;;6.3%;;;;;;;;;;;;;;;12.5%;
;;53200;Studies In Theory Know;202520;Spring 2025;001;28957;Bergmann, Michael A.;;36.4%;9.1%;9.1%;9.1%;;27.3%;;;;;;;;;;;;;;;;9.1%;
PHPR;PHPR-Pharmacy Practice;42700;Pham Leadership Sem;202520;Spring 2025;001;33292;Scott, Steven A.;100.0%;;;;;;;;;;;;;;;;;;;;;;;
;;49000;Self-Care Pharmacy Practice;202520;Spring 2025;031;30777;Newton, Gail D.;86.7%;;;;;;;6.7%;;;;;;;;;;6.7%;;;;;;
;;;Veterinary Pharmacotherapy;202520;Spring 2025;028;16373;Anderson, Melinda J.;81.0%;;;;4.8%;;;;;;;;;;;;;;;;;;14.3%;
PHRM;PHRM-Pharmacy;31600;Drug Abuse/Addiction Education;202520;Spring 2025;001;64492;Krause, Jane E.;100.0%;;;;;;;;;;;;;;;;;;;;;;;
;;40500;Mindfulness;202520;Spring 2025;001;21631;Koh-Knox Sharp, Cynthia P.;94.4%;;;;5.6%;;;;;;;;;;;;;;;;;;;
;;;Mindfulness-Honors;202520;Spring 2025;001;21631;Koh-Knox Sharp, Cynthia P.;100.0%;;;;;;;;;;;;;;;;;;;;;;;
;;42500;PHARM Lead & Innovate Forum;202520;Spring 2025;001;18069;Darbishire, Patricia L.;96.7%;;;;;;;;;;;;;;;;;3.3%;;;;;;
;;;;;;002;18070;Darbishire, Patricia L.;90.3%;;;;3.2%;3.2%;;;;;;;;;3.2%;;;;;;;;;
;;42700;Conversat About Death & Dying;202520;Spring 2025;001;31390;Baker, Chelsea M.;100.0%;;;;;;;;;;;;;;;;;;;;;;;
;;43900;Vulnrable & Undersrvd Pat Care;202520;Spring 2025;001;22390;Illingworth, Kimberly S.;94.4%;;;;;;;;;;;;;;;;;;;;;;5.6%;
;;49000;Excelling Postgraduate Apps I;202520;Spring 2025;032;24622;Miller, Monica L.;96.1%;;;;;;;;;;;;;;;;;2.0%;;;;;2.0%;
;;;Intro Ldrshp In Pharmacy Pract;202520;Spring 2025;024;15960;Degnan, Daniel D.;100.0%;;;;;;;;;;;;;;;;;;;;;;;
;;;Intro To Emergncy Med Pharmacy;202520;Spring 2025;031;21638;Graczyk, Spencer A.;87.1%;;;;9.7%;;;;;;;;;;;;;;;;;;3.2%;
;;;Spanish Comm For Phrm Students;202520;Spring 2025;033;31525;Gonzalvo, Jasmine D.;;;91.7%;;;;;;;;;;;;;;;8.3%;;;;;;
;;;PUP Teaching Assistant;202520;Spring 2025;035;32374;Koch, Kaitlyn T.;;;;;;;;;;;;;;;;;;100.0%;;;;;;
;;69500;Intro Pharm Science Research;202520;Spring 2025;001;13492;Hazbun, Tony R.;100.0%;;;;;;;;;;;;;;;;;;;;;;;
;;82100;Professional Skills Lab II;202520;Spring 2025;001;62451;Woodyard, Jamie L.;97.4%;;;;;;;;;;;;;;;;;;;;;;2.6%;
;;;;;;002;62454;Woodyard, Jamie L.;97.1%;;;;2.9%;;;;;;;;;;;;;;;;;;;
;;;;;;003;62452;Woodyard, Jamie L.;100.0%;;;;;;;;;;;;;;;;;;;;;;;
;;;;;;004;62453;Woodyard, Jamie L.;94.1%;;;;5.9%;;;;;;;;;;;;;;;;;;;
;;82200;Pharm Skills & Patient Counsel;202520;Spring 2025;009;18079;Koch, Kaitlyn T.;59.5%;;;;21.6%;;;18.9%;;;;;;;;;;;;;;;;
;;;;;;LP2;64447;Koch, Kaitlyn T.;57.9%;;;;31.6%;;;10.5%;;;;;;;;;;;;;;;;
;;82500;Integr Pharmther I;202520;Spring 2025;001;63346;Park, Chiwook;12.2%;6.8%;;;19.7%;13.6%;10.2%;21.1%;;12.2%;;;;2.0%;2.0%;;;;;;;;;
;;82900;Dosage Forms II;202520;Spring 2025;001;62852;Yeo, Yoon;8.5%;9.2%;20.3%;;15.0%;13.1%;7.2%;15.0%;;8.5%;0.7%;;2.0%;;;;;;;;;;0.7%;
;;83500;Principles Of Pharmacokinetics;202520;Spring 2025;001;15855;Jeong, Hyunyoung;11.1%;9.0%;18.8%;;19.4%;11.1%;11.1%;9.7%;;9.0%;;;;;0.7%;;;;;;;;;
;;83900;Interprofessional Education II;202520;Spring 2025;001;10761;Weber, Zachary A.;;;;;;;;;;;;;;;;;;100.0%;;;;;;
;;84100;Prof Skills Lab IV;202520;Spring 2025;001;68999;Baker, Chelsea M.;86.8%;;;;13.2%;;;;;;;;;;;;;;;;;;;
;;;;;;002;69000;Baker, Chelsea M.;89.5%;;;;10.5%;;;;;;;;;;;;;;;;;;;
;;;;;;003;68996;Baker, Chelsea M.;63.9%;;;;33.3%;;;2.8%;;;;;;;;;;;;;;;;
;;;;;;004;68998;Baker, Chelsea M.;71.1%;;;;28.9%;;;;;;;;;;;;;;;;;;;
;;84500;Integrated Pharmacotherapy III;202520;Spring 2025;001;68993;Campbell, Noll L.;13.3%;11.3%;;;17.3%;8.7%;16.0%;17.3%;;14.0%;;;;;1.3%;;;;;;;;0.7%;
;;84700;Pharmacogenomics;202520;Spring 2025;001;68994;Overholser, Brian R.;20.0%;17.3%;;;22.0%;6.0%;19.3%;8.7%;;6.7%;;;;;;;;;;;;;;
;;84900;Population Health Mgmt;202520;Spring 2025;001;68995;Scott, Steven A.;41.2%;;;;54.1%;;;4.7%;;;;;;;;;;;;;;;;
;;85500;Interprofessional Education IV;202520;Spring 2025;001;21309;Weber, Zachary A.;;;;;;;;;;;;;;;;;;100.0%;;;;;;
;;86100;Professional Skills Lab VI;202520;Spring 2025;001;10364;Hultgren, Kyle E.;100.0%;;;;;;;;;;;;;;;;;;;;;;;
;;;;;;002;10360;Hultgren, Kyle E.;97.1%;;;;;;;;;;;;;;2.9%;;;;;;;;;
;;;;;;003;10367;Hultgren, Kyle E.;97.4%;;;;2.6%;;;;;;;;;;;;;;;;;;;
;;;;;;004;10366;Hultgren, Kyle E.;100.0%;;;;;;;;;;;;;;;;;;;;;;;
;;86500;Integrated Pharmacotherapy V;202520;Spring 2025;001;10370;Isaacs, Alex N.;14.5%;14.5%;;;15.9%;15.9%;10.9%;15.9%;;10.9%;;;;0.7%;0.7%;;;;;;;;;
;;86700;Intro To Adv Pharm Pract Exper;202520;Spring 2025;002;23120;Shepler, Brian M.;;;;;;;;;;;;;;;;;;100.0%;;;;;;
;;86900;Pract Mgmt And Marketing;202520;Spring 2025;001;10372;Hultgren, Kyle E.;100.0%;;;;;;;;;;;;;;;;;;;;;;;
;;87100;Jurisprudence;202520;Spring 2025;002;22032;Ades, Ryan S.;40.6%;;;;52.2%;;;6.5%;;;;;;;0.7%;;;;;;;;;
;;88000;Adv Pharm Practice Exp;202520;Spring 2025;009;60034;Faculty, TBA;;;;;;;;;;;;;;;;;;100.0%;;;;;;
;;;;;;010;60035;Shepler, Brian M.;;;;;;;;;;;;;;;;;;100.0%;;;;;;
;;;;;;011;60037;Shepler, Brian M.;;;;;;;;;;;;;;;;;;100.0%;;;;;;
;;;;;;012;60038;Shepler, Brian M.;;;;;;;;;;;;;;;;;1.0%;99.0%;;;;;;
PHSC;PHSC-Pharmaceutical Science;20400;Organic Chem I;202520;Spring 2025;001;24920;Dykhuizen, Emily C.;17.4%;15.1%;17.0%;;7.8%;6.4%;5.5%;7.8%;4.6%;5.0%;6.4%;;;;2.8%;;;;;;;;4.1%;
;;20401;Organic Chem I Lab;202520;Spring 2025;001;24922;Holladay, Susan R.;20.0%;5.0%;55.0%;;15.0%;;5.0%;;;;;;;;;;;;;;;;;
;;;;;;002;24938;Holladay, Susan R.;55.0%;;25.0%;;5.0%;;10.0%;;;;;;;;;;;;;;;;5.0%;
;;;;;;003;24939;Holladay, Susan R.;27.3%;;31.8%;;4.5%;;22.7%;4.5%;;;;;;;;;;;;;;;9.1%;
;;;;;;004;24940;Holladay, Susan R.;35.0%;;50.0%;;5.0%;;;;;;;;;;5.0%;;;;;;;;5.0%;
;;;;;;005;24944;Holladay, Susan R.;50.0%;;30.0%;;15.0%;;;;;;;;;;5.0%;;;;;;;;;
;;;;;;006;24946;Holladay, Susan R.;54.5%;;27.3%;;4.5%;;4.5%;;;9.1%;;;;;;;;;;;;;;
;;;;;;007;24947;Holladay, Susan R.;45.0%;;45.0%;;5.0%;;5.0%;;;;;;;;;;;;;;;;;
;;;;;;008;24951;Holladay, Susan R.;25.0%;;65.0%;;5.0%;;;;;;;;;;;;;;;;;;5.0%;
;;;;;;009;24959;Holladay, Susan R.;35.0%;;45.0%;;;;10.0%;5.0%;;5.0%;;;;;;;;;;;;;;
;;;;;;010;24961;Holladay, Susan R.;30.0%;;50.0%;;20.0%;;;;;;;;;;;;;;;;;;;
;;;;;;011;24963;Holladay, Susan R.;35.7%;;50.0%;;7.1%;;;;;;;;;;;;;;;;;;7.1%;
;;20800;Biochemistry For Pharm Science;202520;Spring 2025;001;24866;Krusemark, Casey J.;6.6%;6.0%;0.7%;;16.6%;12.6%;7.3%;17.9%;7.3%;15.9%;5.3%;;;;1.3%;;;;;;;;2.6%;
;;42200;Immunology;202520;Spring 2025;001;24889;Lim, Seung-Oe;29.1%;;;;30.5%;;12.6%;11.9%;;8.6%;6.0%;;;;0.7%;;;;;;;;0.7%;
;;42900;Dosage Forms II;202520;Spring 2025;001;24918;Matosevic, Sandro;5.4%;8.1%;10.8%;;13.5%;6.8%;4.1%;16.2%;;5.4%;6.8%;1.4%;8.1%;;13.5%;;;;;;;;;
;;46100;Drug Discovery & Developmt II;202520;Spring 2025;001;24991;Byrn, Stephen R.;92.5%;;;;1.9%;3.8%;;1.9%;;;;;;;;;;;;;;;;
;;48500;Intercult & Global Hlth Issues;202520;Spring 2025;001;24992;Koh-Knox Sharp, Cynthia P.;86.9%;;;;6.6%;;;3.3%;;;;;;;3.3%;;;;;;;;;
PHYS;PHYS-Physics;17200;Modern Mechanics;202520;Spring 2025;068;18262;Walther, Valentin;19.4%;14.6%;23.3%;0.5%;6.3%;3.9%;13.6%;2.9%;1.0%;8.3%;1.5%;0.5%;0.5%;;1.0%;;;;;;;;2.9%;
;;;;;;069;18264;Walther, Valentin;32.0%;12.1%;23.5%;;8.5%;3.7%;7.0%;2.2%;0.7%;5.1%;0.7%;0.4%;0.4%;;1.1%;;;;;;;;2.6%;
;;;;;;070;18267;Nie, Laimei;22.1%;14.5%;23.2%;;9.8%;6.2%;11.2%;1.1%;0.7%;6.5%;;0.7%;;;2.2%;;;;;;;;1.8%;
;;;;;;071;18268;Pushkar, Yulia N.;19.5%;13.0%;18.0%;;11.0%;9.0%;14.5%;2.0%;;7.5%;0.5%;;1.0%;;1.0%;;;;;;;;3.0%;
;;;;;;072;18271;Pushkar, Yulia N.;23.4%;13.1%;15.9%;;9.9%;5.6%;12.3%;5.2%;3.2%;5.6%;;0.8%;0.8%;;2.0%;0.4%;;;;;;;2.0%;
;;;;;;073;18272;Klehfoth, Mark G.;24.5%;10.3%;19.4%;;11.0%;7.7%;9.2%;5.1%;2.6%;5.1%;0.4%;;0.4%;;0.7%;;;;;;;;3.7%;
;;;;;;105;20180;Klehfoth, Mark G.;18.5%;15.2%;17.8%;;9.3%;6.7%;13.0%;4.8%;0.7%;7.0%;;0.4%;1.5%;;2.2%;;;;;;;;3.0%;
;;21400;The Nature Of Physics;202520;Spring 2025;001;25673;Austin, Robert A.;7.3%;4.9%;2.4%;;4.9%;19.5%;9.8%;;14.6%;17.1%;2.4%;7.3%;2.4%;;4.9%;;;;;;;;2.4%;
;;22000;Gen Physics;202520;Spring 2025;001;25707;Zhu, Tiancong;4.0%;8.4%;7.5%;;6.2%;7.5%;14.2%;11.5%;5.3%;14.6%;1.8%;1.8%;7.1%;;4.0%;;;0.4%;;;;;5.8%;
;;;;;;002;25708;Route, Matthew P.;6.6%;6.2%;4.9%;;11.5%;10.2%;7.5%;8.8%;8.8%;11.1%;3.1%;1.8%;9.7%;;2.2%;;0.4%;1.8%;;;;;5.3%;
;;;;;;003;11270;Route, Matthew P.;5.4%;6.3%;6.3%;;12.2%;8.1%;10.8%;7.7%;9.9%;9.5%;4.1%;2.3%;6.3%;;4.5%;;;;;;;;6.8%;
;;22100;Gen Physics;202520;Spring 2025;001;25728;Route, Matthew P.;4.6%;10.1%;3.2%;;11.0%;6.9%;17.9%;5.5%;4.6%;15.6%;2.8%;1.4%;6.0%;;5.0%;;;;;;;;5.5%;
;;;;;;002;25729;Liu, Miaoyuan;5.6%;11.6%;3.2%;;13.9%;13.9%;17.9%;4.8%;2.8%;12.4%;1.6%;1.2%;4.0%;;4.4%;0.4%;;;;;;;2.4%;
;;23000;Physical Sci For Elem Educ;202520;Spring 2025;001;22997;Rebello, Nobel S.;9.1%;18.2%;21.2%;;3.0%;9.1%;21.2%;3.0%;;9.1%;;;;;6.1%;;;;;;;;;
;;;Physcl Sci For Elem Educ-Honor;202520;Spring 2025;001;22997;Rebello, Nobel S.;;;100.0%;;;;;;;;;;;;;;;;;;;;;
;;23300;Physics For Life Sci I;202520;Spring 2025;001;13026;Arnold, Ian A.;12.5%;6.3%;12.5%;;;12.5%;31.3%;;6.3%;6.3%;6.3%;;6.3%;;;;;;;;;;;
;;23400;Physics For Life Sci II;202520;Spring 2025;001;13216;Arnold, Ian A.;33.0%;19.5%;9.3%;;10.2%;7.4%;11.2%;3.3%;0.5%;4.7%;;;;;0.5%;0.5%;;;;;;;;
;;23500;Seminar Career In Phys;202520;Spring 2025;001;18320;Arnold, Ian A.;;;;;;;;;;;;;;;;;;100.0%;;;;;;
;;24100;Electricity Optics;202520;Spring 2025;001;25748;Urba, Laura G.;21.5%;;4.3%;;30.0%;;;20.2%;;;10.3%;;;;3.4%;;;;;;;;10.3%;
;;;;;;043;18335;Pyrak-Nolte, Laura J.;17.9%;;7.1%;;25.0%;;;25.0%;;;10.7%;;;;;;;;;;;;14.3%;
;;25200;Electr Optics Lab;202520;Spring 2025;010;12158;Razzouk, Ralph;;16.7%;50.0%;;;;16.7%;;8.3%;;;;;;;;;;;;;;8.3%;
;;;;;;012;12160;Razzouk, Ralph;27.3%;9.1%;45.5%;;;18.2%;;;;;;;;;;;;;;;;;;
;;27200;E&M Interactions;202520;Spring 2025;007;25780;Peterson, John R.;18.0%;11.9%;16.5%;;12.6%;8.4%;10.0%;3.4%;4.6%;8.0%;0.8%;;2.3%;;0.4%;0.4%;;;;;;;2.7%;
;;;;;;008;11664;Urba, Laura G.;18.8%;10.0%;19.9%;;12.6%;6.1%;9.2%;5.4%;1.9%;5.7%;3.4%;1.1%;2.7%;;0.4%;;;;;;;;2.7%;
;;;;;;047;21310;Urba, Laura G.;16.5%;11.5%;17.7%;;9.6%;8.1%;11.2%;5.8%;1.9%;6.9%;0.8%;;4.6%;;1.9%;0.8%;;;;;;;2.7%;
;;;E&M Interactions-Honors;202520;Spring 2025;H01;25787;Zeng, Yihang;16.2%;15.2%;8.1%;;12.1%;13.1%;15.2%;5.1%;2.0%;7.1%;;;2.0%;;1.0%;;;;;;;;3.0%;
;;30700;Math Methods Phys II;202520;Spring 2025;001;60703;Caffee, Marc W.;57.1%;11.9%;;;9.5%;7.1%;4.8%;4.8%;;;2.4%;;;;;;;;;;;;2.4%;
;;32400;Research In Big Data II;202520;Spring 2025;SC1;23021;Milisavljevic, Danny;6.5%;;74.2%;;3.2%;;12.9%;;;;;;;;;;;;;;;;3.2%;
;;33000;Interm Elect & Magnet;202520;Spring 2025;001;28558;Xie, Wei;20.4%;22.4%;16.3%;;8.2%;6.1%;6.1%;4.1%;;6.1%;4.1%;;;;;2.0%;;;;;;;4.1%;
;;34000;Modern Physics Lab;202520;Spring 2025;001;59536;Tuncer, Hasan;54.5%;18.2%;18.2%;;;;;;;;;;;;9.1%;;;;;;;;;
;;;;;;002;64431;Alsurdi, Duha H.;18.2%;9.1%;54.5%;;;;;;;;;;;;18.2%;;;;;;;;;
;;;;;;003;13504;Alsurdi, Duha H.;35.7%;14.3%;42.9%;;;;;;;;;;;;;;;;;;;;7.1%;
;;34202;Intro To Quantum Science;202520;Spring 2025;001;21475;Robicheaux, Francis J.;34.6%;1.9%;1.9%;;26.9%;3.8%;3.8%;15.4%;;1.9%;3.8%;;;;1.9%;1.9%;;;;;;;1.9%;
;;36000;Quantum Mechanics;202520;Spring 2025;001;25807;Durbin, Stephen M.;14.2%;;8.4%;0.6%;15.5%;;16.1%;15.5%;;12.9%;7.7%;;;;6.5%;0.6%;;;;;;;1.9%;
;;41100;Phys Mech II Honors;202520;Spring 2025;H01;25808;Nolte, David D.;46.2%;;15.4%;7.7%;15.4%;;7.7%;7.7%;;;;;;;;;;;;;;;;
;;45000;Intermediate Laboratory;202520;Spring 2025;002;25812;Hirisave Shivaram, Niranjan;11.5%;7.7%;30.8%;;3.8%;3.8%;;;7.7%;3.8%;3.8%;;3.8%;;7.7%;;;;;;;;15.4%;
;;46100;Quantu Mech II Honors;202520;Spring 2025;H01;43493;Kaufmann, Erika B.;73.3%;;;6.7%;20.0%;;;;;;;;;;;;;;;;;;;
;;51500;Thermal & Stat Physics;202520;Spring 2025;001;53914;Banerjee, Arnab;22.5%;27.5%;7.5%;;5.0%;7.5%;17.5%;5.0%;;;5.0%;;;;;;;2.5%;;;;;;
;;53600;Electronic Tchnq Rsrch;202520;Spring 2025;001;25816;Jones, Timothy M.;40.0%;;;;35.0%;;;15.0%;;;;;;;5.0%;;;;;;;;5.0%;
;;54500;Solid State Physics;202520;Spring 2025;001;25820;Malis, Oana;15.0%;10.0%;17.5%;22.5%;2.5%;5.0%;7.5%;;;2.5%;;;2.5%;;;;;;;;;;15.0%;
;;57000;Quantum Gases;202520;Spring 2025;015;31628;Zhou, Qi;73.3%;13.3%;;6.7%;;;;;;;;;;;;;;;;;;;6.7%;
;;;Superconducting Quantum Info;202520;Spring 2025;016;32375;Ma, Ruichao;27.8%;27.8%;;22.2%;;;;;;;;;;;;;;;;;;;22.2%;
;;58000;Computational Physics;202520;Spring 2025;002;26007;Wang, Fuqiang;35.3%;8.8%;11.8%;;11.8%;2.9%;14.7%;2.9%;;;;;;;2.9%;;;;;;;;8.8%;
;;60100;Methods Theoret II;202520;Spring 2025;001;25850;Giannios, Dimitrios;6.3%;18.8%;18.8%;;18.8%;;12.5%;6.3%;;12.5%;;;;;;;;;;;;;6.3%;
;;61700;Statistical Mechanics;202520;Spring 2025;001;25851;Duffell, Paul C.;31.6%;;21.1%;;10.5%;10.5%;21.1%;;;;;;;;;5.3%;;;;;;;;
;;63000;Adv Theo Elec Magnet;202520;Spring 2025;001;25852;Lyutikov, Maxim Y.;37.0%;18.5%;7.4%;;18.5%;3.7%;14.8%;;;;;;;;;;;;;;;;;
;;66000;Quantum Mechanics I;202520;Spring 2025;001;25855;Kruczenski, Luis M.;;15.0%;35.0%;;10.0%;20.0%;15.0%;;;;;;;;;;;;;;;;5.0%;
;;66100;Quantum Mechanics II;202520;Spring 2025;001;25856;Vayrynen, Jukka I.;8.7%;8.7%;60.9%;;4.3%;4.3%;;4.3%;4.3%;;;;;;;;;;;;;;4.3%;
;;66300;Quantum Field Theo II;202520;Spring 2025;001;19229;Lashkari, Nima;63.6%;9.1%;;18.2%;9.1%;;;;;;;;;;;;;;;;;;;
;;69600;Intro To Physics Research;202520;Spring 2025;001;16688;Csathy, Gabor A.;;;;;;;;;;;;;;;;;2.5%;97.5%;;;;;;
POL;POL-Political Science;10100;American Government;202520;Spring 2025;008;18362;Walker, Christina P.;19.6%;13.0%;10.9%;;2.2%;13.0%;10.9%;8.7%;6.5%;4.3%;;;;;8.7%;;;;;;;;2.2%;
;;;;;;010;25839;Carter, Darrell J.;15.6%;15.6%;;;9.8%;7.4%;18.9%;6.6%;2.5%;10.7%;0.8%;;;;9.0%;;;;;;;;3.3%;
;;12000;Intr Pub Pol-Pub Admin;202520;Spring 2025;001;11574;Brownstein, Michael R.;9.8%;8.2%;4.9%;;11.5%;13.1%;9.8%;6.6%;8.2%;9.8%;;1.6%;3.3%;;1.6%;;;;;;;;11.5%;
;;13000;Intro To Int Reltns;202520;Spring 2025;004;11328;Haynes, Kyle E.;16.0%;13.3%;;;16.0%;12.0%;13.3%;5.3%;5.3%;8.0%;1.3%;1.3%;2.7%;;;2.7%;;;;;;;2.7%;
;;;;;;009;30241;Dory, William A.;30.0%;17.0%;9.5%;;15.0%;3.5%;15.5%;1.5%;1.0%;0.5%;0.5%;0.5%;1.5%;;1.5%;0.5%;;0.5%;;;;;1.5%;
;;14100;Govts Of The World;202520;Spring 2025;004;22680;Dory, William A.;12.9%;14.3%;;;18.6%;5.7%;12.9%;5.7%;5.7%;11.4%;2.9%;;;;4.3%;;;;;;;;5.7%;
;;;;;;005;33955;Trinh, Minh D.;6.8%;6.8%;6.8%;;15.9%;2.3%;13.6%;2.3%;2.3%;;11.4%;;4.5%;;6.8%;2.3%;;;;;;;18.2%;
;;15000;Intro To Pol Thought;202520;Spring 2025;009;30392;Scudder, Mary F.;39.5%;10.5%;;;13.2%;5.3%;10.5%;;;;;;2.6%;;5.3%;;;;;;;;13.2%;
;;20000;Intro Study Pol Sci;202520;Spring 2025;001;30250;Woods, Dwayne;40.6%;18.0%;38.3%;;;0.8%;;0.8%;;;;;;;;;;;;;;;1.6%;
;;22200;Wom Pol And Publ Pol;202520;Spring 2025;001;16281;Clawson, Rosalee A.;37.8%;26.2%;4.3%;;12.2%;2.4%;12.2%;1.2%;;1.2%;0.6%;;;;1.2%;;;;;;;;0.6%;
;;22300;Intr Environmental Pol;202520;Spring 2025;005;22682;Kurtz, Reed M.;43.2%;14.8%;;;9.9%;3.7%;17.3%;;1.2%;2.5%;;1.2%;;;2.5%;;;;;;;;3.7%;
;;;;;;007;25835;Yu, Jae Hoon David;35.1%;23.4%;;;6.5%;7.8%;9.1%;2.6%;2.6%;3.9%;;;;;1.3%;;;;;;;;7.8%;
;;22800;Data Sci & Public Policy-Honor;202520;Spring 2025;SC1;28935;Schiff, Kaylyn J.;100.0%;;;;;;;;;;;;;;;;;;;;;;;
;;;Data Science And Public Policy;202520;Spring 2025;SC1;28935;Schiff, Kaylyn J.;50.0%;10.5%;;;10.5%;2.6%;15.8%;;;;;;;;;;;2.6%;;;;;7.9%;
;;22900;Social And Polit Phil;202520;Spring 2025;001;28868;Kogelmann, Brian J.;;29.4%;;;17.6%;5.9%;41.2%;;;5.9%;;;;;;;;;;;;;;
;;23100;Intro U S For Policy;202520;Spring 2025;001;13977;Carter, Darrell J.;43.5%;17.4%;;;13.0%;2.2%;10.9%;;;6.5%;;;;;2.2%;;;;;;;;4.3%;
;;;;;;002;30251;Carter, Darrell J.;18.5%;29.1%;;;14.6%;4.6%;17.9%;4.0%;1.3%;2.6%;;;;;3.3%;0.7%;;;;;;;3.3%;
;;;Intro U S For Policy-Honors;202520;Spring 2025;001;13977;Carter, Darrell J.;100.0%;;;;;;;;;;;;;;;;;;;;;;;
;;23400;The Politics Of Terrorism;202520;Spring 2025;001;21607;Will, Melissa C.;21.9%;17.7%;5.2%;;9.4%;10.4%;12.5%;5.2%;2.1%;8.3%;1.0%;1.0%;1.0%;;1.0%;;;1.0%;;;;;2.1%;
;;23500;Rich And Poor Nations;202520;Spring 2025;002;27605;Girard, Tyler J.;12.9%;19.4%;8.1%;;11.3%;12.9%;9.7%;4.8%;3.2%;8.1%;;;;;;;;;;;;;9.7%;
;;23700;Mod Weapons & Intl Rel;202520;Spring 2025;001;10785;Shimko, Keith L.;16.3%;21.1%;;;19.3%;9.6%;10.2%;6.0%;1.8%;10.2%;0.6%;;1.2%;;1.2%;;;0.6%;;;;;1.8%;
;;30000;Intro Polit Analysis;202520;Spring 2025;005;69958;Waltenburg, Eric N.;17.9%;11.9%;9.5%;;9.5%;4.8%;13.1%;3.6%;3.6%;4.8%;1.2%;;;;10.7%;;;;;;;;9.5%;
;;;Intro Polit Analysis-Honors;202520;Spring 2025;005;69958;Waltenburg, Eric N.;;;100.0%;;;;;;;;;;;;;;;;;;;;;
;;32700;Global Green Politics;202520;Spring 2025;004;24375;Kurtz, Reed M.;39.2%;28.0%;;;8.8%;;13.6%;0.8%;;0.8%;0.8%;;1.6%;;1.6%;;;0.8%;;;;;4.0%;
;;;;;;005;14662;Kurtz, Reed M.;74.5%;10.5%;;;2.0%;1.0%;5.0%;1.5%;0.5%;1.0%;1.0%;;;;2.0%;;;0.5%;;;;;0.5%;
;;33500;China Globalization;202520;Spring 2025;001;30254;Woods, Dwayne;55.0%;6.3%;36.3%;;;;1.3%;1.3%;;;;;;;;;;;;;;;;
;;36000;Women And The Law;202520;Spring 2025;001;25859;Kampe, Linda L.;31.8%;18.2%;6.1%;;12.1%;3.0%;15.2%;4.5%;;3.0%;;;;;6.1%;;;;;;;;;
;;;Women And The Law-Honors;202520;Spring 2025;001;25859;Kampe, Linda L.;100.0%;;;;;;;;;;;;;;;;;;;;;;;
;;37200;Indiana Gov & Politics;202520;Spring 2025;001;22741;Kulesza, Christopher F.;44.8%;10.3%;5.2%;;10.3%;1.7%;10.3%;5.2%;1.7%;3.4%;;;;;3.4%;;;;;;;;3.4%;
;;40200;AI For The Social Scientist;202520;Spring 2025;001;30731;Dietrich, Bryce J.;40.0%;6.7%;13.3%;;6.7%;;20.0%;;;;6.7%;;;;;;;;;;;;6.7%;
;;40300;Field Exper In Pol Sci;202520;Spring 2025;005;32892;Waltenburg, Eric N.;;;;;;;;;;;;;;;;;;100.0%;;;;;;
;;40302;Self-Initiated Intern Pol Sci;202520;Spring 2025;003;32893;Waltenburg, Eric N.;90.9%;;;;;;;;;;;;;;;9.1%;;;;;;;;
;;41300;Analysis Of Political Behavior;202520;Spring 2025;002;30256;Brownstein, Michael R.;12.8%;10.3%;33.3%;;10.3%;12.8%;10.3%;;2.6%;2.6%;;;;;2.6%;;;;;;;;2.6%;
;;41500;US Politic & The Media;202520;Spring 2025;001;12711;Hoewe, Jennifer E.;21.4%;42.9%;;;14.3%;7.1%;14.3%;;;;;;;;;;;;;;;;;
;;;US Politic & The Media-Honors;202520;Spring 2025;001;12711;Hoewe, Jennifer E.;;100.0%;;;;;;;;;;;;;;;;;;;;;;
;;42300;Intl Envir Policy;202520;Spring 2025;001;27532;Kurtz, Reed M.;58.5%;7.3%;;;2.4%;4.9%;14.6%;2.4%;2.4%;;2.4%;;;;4.9%;;;;;;;;;
;;;Intl Envir Policy-Honors;202520;Spring 2025;001;27532;Kurtz, Reed M.;;100.0%;;;;;;;;;;;;;;;;;;;;;;
;;42800;Politics Of Regulation;202520;Spring 2025;001;14311;Strother, Logan R.;18.2%;13.6%;;;4.5%;9.1%;29.5%;11.4%;6.8%;2.3%;;;2.3%;;;;;;;;;;2.3%;
;;42900;Research Collaboratory;202520;Spring 2025;004;29788;Waltenburg, Eric N.;;;;;;;;;;;;;;;;;6.1%;90.9%;;;;;3.0%;
;;43000;Counter Terrorism;202520;Spring 2025;002;14004;Hustedt, Anthony D.;34.7%;14.3%;22.4%;;6.1%;6.1%;4.1%;2.0%;;2.0%;;;;;2.0%;;;;;;;;6.1%;
;;;Counter Terrorism-Honors;202520;Spring 2025;002;14004;Hustedt, Anthony D.;;;100.0%;;;;;;;;;;;;;;;;;;;;;
;;43801;International Human Rights;202520;Spring 2025;001;18387;Dory, William A.;17.8%;33.3%;2.2%;;4.4%;6.7%;17.8%;;2.2%;2.2%;2.2%;;;;4.4%;;;;;;;;6.7%;
;;46100;Constitutional Law I;202520;Spring 2025;001;28461;Kampe, Linda L.;40.0%;8.9%;44.4%;2.2%;;;;;;;2.2%;;;;2.2%;;;;;;;;;
;;46200;Constitutional Law II;202520;Spring 2025;003;23540;Kampe, Linda L.;28.6%;8.6%;45.7%;;8.6%;;2.9%;;;;;;2.9%;;;;;;;;;;2.9%;
;;;Constitutional Law II-Honors;202520;Spring 2025;003;23540;Kampe, Linda L.;;;100.0%;;;;;;;;;;;;;;;;;;;;;
;;49100;Supreme Court In Amer POL;202520;Spring 2025;004;14008;Strother, Logan R.;26.3%;15.8%;;;15.8%;10.5%;5.3%;;10.5%;;;5.3%;;;5.3%;;;;;;;;5.3%;
;;52601;Tech, AI, Ethics In Policy;202520;Spring 2025;002;33275;Schiff, Daniel S.;13.3%;6.7%;6.7%;6.7%;6.7%;6.7%;6.7%;6.7%;;;;;;;26.7%;;;;;;;;13.3%;
;;52701;Tech, Data, AI Governance;202520;Spring 2025;003;32944;Srivastava, Swati;64.7%;11.8%;;;11.8%;;5.9%;5.9%;;;;;;;;;;;;;;;;
;;53200;Nuclear Strat & Proliferation;202520;Spring 2025;001;18067;Shimko, Keith L.;18.8%;62.5%;;;;;6.3%;;;;;;;;6.3%;;;;;;;;6.3%;
;;60800;Qual Methods In Pol Sci;202520;Spring 2025;001;21516;Girard, Tyler J.;41.7%;33.3%;8.3%;;;;16.7%;;;;;;;;;;;;;;;;;
;;62000;Proseminar Public Pol;202520;Spring 2025;001;21534;Zhou, Shan;36.4%;18.2%;9.1%;;27.3%;;9.1%;;;;;;;;;;;;;;;;;
PSY;PSY-Psychological Sciences;12000;Elementary Psychology;202520;Spring 2025;005;14926;Ward, Erin S.;44.1%;4.7%;43.7%;;0.7%;0.5%;0.5%;;0.2%;0.5%;0.2%;;;;0.2%;3.8%;;;;;;;0.9%;
;;;;;;007;15168;Malone, Caroline K.;30.0%;14.7%;;;14.7%;8.7%;7.9%;6.3%;1.4%;5.8%;1.2%;1.0%;1.0%;;2.4%;1.7%;;;;;;;3.4%;
;;;;;;009;16501;Hollich, George J.;34.7%;4.3%;46.3%;;3.2%;0.9%;1.4%;1.4%;;0.7%;0.9%;;0.2%;;2.7%;2.0%;;;;;;;1.4%;
;;;Elementary Psychology-Honors;202520;Spring 2025;005;14926;Ward, Erin S.;20.0%;;80.0%;;;;;;;;;;;;;;;;;;;;;
;;;;;;007;15168;Malone, Caroline K.;90.9%;9.1%;;;;;;;;;;;;;;;;;;;;;;
;;;;;;009;16501;Hollich, George J.;33.3%;;66.7%;;;;;;;;;;;;;;;;;;;;;
;;20000;Intro Cogn Psych;202520;Spring 2025;007;18431;Helie, Sebastien;49.0%;7.1%;;;5.0%;5.4%;10.9%;1.7%;2.5%;5.0%;1.3%;;1.3%;;2.9%;;;;;;;;7.9%;
;;;;;;008;23200;Francis, Gregory S.;3.6%;7.1%;;;14.2%;9.5%;8.3%;12.4%;4.7%;5.9%;4.7%;0.6%;1.2%;;9.5%;;0.6%;;;;;;17.8%;
;;;Intro Cogn Psych-Honors;202520;Spring 2025;007;18431;Helie, Sebastien;75.0%;25.0%;;;;;;;;;;;;;;;;;;;;;;
;;20100;Intro To Stat In Psych;202520;Spring 2025;003;26387;Lim-Kessler, Corrinne C.;41.8%;22.4%;9.0%;;10.4%;3.0%;6.0%;4.5%;;;1.5%;;;;;;;;;;;;1.5%;
;;;;;;004;18434;Swisher, Melissa J.;27.3%;;;;29.5%;;2.3%;20.5%;;;9.1%;;;;4.5%;;;;;;;;6.8%;
;;;;;;010;14929;Lim-Kessler, Corrinne C.;41.8%;22.4%;4.5%;;10.4%;4.5%;9.0%;4.5%;1.5%;;;;;;;;;;;;;;1.5%;
;;20300;Intro Res Meth In Psy;202520;Spring 2025;010;18459;Swisher, Melissa J.;53.6%;;2.4%;;28.6%;;3.6%;1.2%;;2.4%;;;1.2%;;4.8%;;;;;;;;2.4%;
;;;;;;011;14946;Swisher, Melissa J.;57.1%;;;;32.1%;;1.2%;4.8%;;2.4%;;;;;;1.2%;;;;;;;1.2%;
;;;Intro Res Meth In Psy-Honors;202520;Spring 2025;010;18459;Swisher, Melissa J.;100.0%;;;;;;;;;;;;;;;;;;;;;;;
;;22200;Intro Behvr Neurosci;202520;Spring 2025;001;69747;Lim-Kessler, Corrinne C.;49.6%;27.9%;6.7%;;3.8%;3.8%;5.4%;;0.4%;2.1%;0.4%;;;;;;;;;;;;;
;;23500;Child Psychology;202520;Spring 2025;006;21183;Hollich, George J.;33.3%;5.9%;43.5%;;2.7%;1.6%;2.2%;;0.5%;2.2%;0.5%;;0.5%;;3.2%;1.1%;;;;;;;2.7%;
;;;;;;007;27691;Hollich, George J.;37.3%;2.9%;45.1%;;5.9%;;2.0%;2.0%;1.0%;;;;;;;;;;;;;;3.9%;
;;;Child Psychology-Honors;202520;Spring 2025;006;21183;Hollich, George J.;100.0%;;;;;;;;;;;;;;;;;;;;;;;
;;24000;Intro Social Psych;202520;Spring 2025;001;18464;Gulker, Jill E.;13.1%;26.6%;1.0%;;12.6%;14.6%;14.6%;2.5%;9.0%;3.0%;0.5%;0.5%;0.5%;;0.5%;;;;;;;;1.0%;
;;;;;;002;22951;Gulker, Jill E.;17.5%;27.8%;2.1%;0.4%;11.5%;8.5%;13.7%;3.4%;3.4%;4.7%;0.4%;0.4%;1.3%;;1.3%;0.4%;;;;;;;3.0%;
;;;Intro Social Psych-Honors;202520;Spring 2025;001;18464;Gulker, Jill E.;;100.0%;;;;;;;;;;;;;;;;;;;;;;
;;;;;;002;22951;Gulker, Jill E.;50.0%;12.5%;;;;;37.5%;;;;;;;;;;;;;;;;;
;;27200;Intro To Ind-Org Psych;202520;Spring 2025;002;22067;Wang, Victoria S.;29.2%;15.5%;5.5%;;17.4%;7.3%;8.2%;3.2%;2.3%;3.2%;0.9%;;;;2.3%;;;0.5%;;;;;4.6%;
;;;Intro To Ind-Org Psych-Honors;202520;Spring 2025;002;22067;Wang, Victoria S.;100.0%;;;;;;;;;;;;;;;;;;;;;;;
;;30600;Understanding & Analyzing Exp;202520;Spring 2025;001;69702;Arriaga, Ximena B.;6.3%;18.8%;25.0%;;12.5%;;18.8%;;;;;;;;12.5%;;;;;;;;6.3%;
;;32400;Intro Cog Neurosci;202520;Spring 2025;002;23951;Sereno, Anne B.;32.7%;23.1%;;;11.5%;3.8%;19.2%;1.9%;1.9%;3.8%;;;;;;;;;;;;;1.9%;
;;32700;Psychology Of Helping;202520;Spring 2025;001;23747;Ward, Erin S.;50.6%;20.3%;13.9%;;1.3%;3.8%;5.1%;;;1.3%;;;1.3%;;1.3%;;;;;;;;1.3%;
;;;Psychology Of Helping-Honors;202520;Spring 2025;001;23747;Ward, Erin S.;100.0%;;;;;;;;;;;;;;;;;;;;;;;
;;33500;Stereotyping And Prej;202520;Spring 2025;001;17625;Ward, Erin S.;46.9%;11.1%;22.2%;;2.5%;1.2%;7.4%;1.2%;;1.2%;2.5%;;;;1.2%;;;;;;;;2.5%;
;;35000;Abnormal Psychology;202520;Spring 2025;007;23744;William, Colin T.;17.8%;16.3%;;;15.9%;9.1%;12.0%;5.8%;3.6%;6.9%;0.7%;1.1%;0.4%;;1.8%;;;;;;;;8.7%;
;;;;;;009;23748;Bucher, Meredith A.;67.9%;9.8%;7.3%;;3.3%;1.6%;3.3%;0.8%;0.8%;0.8%;;0.4%;0.4%;;2.0%;;;;;;;;1.6%;
;;;Abnormal Psychology-Honors;202520;Spring 2025;007;23744;William, Colin T.;42.9%;28.6%;;;;;;14.3%;;;;;;;;;;;;;;;14.3%;
;;;;;;009;23748;Bucher, Meredith A.;100.0%;;;;;;;;;;;;;;;;;;;;;;;
;;;;;;H10;33278;Eckhardt, Christopher I.;72.2%;5.6%;11.1%;;11.1%;;;;;;;;;;;;;;;;;;;
;;35400;Close Relationships;202520;Spring 2025;001;22952;Gulker, Jill E.;16.3%;20.9%;2.3%;;9.3%;11.6%;10.5%;3.5%;4.7%;5.8%;1.2%;1.2%;1.2%;;7.0%;;;;;;;;4.7%;
;;36700;Adult Devel & Aging;202520;Spring 2025;001;23201;Malone, Caroline K.;17.5%;12.5%;;;11.3%;17.5%;20.0%;5.0%;2.5%;3.8%;1.3%;;2.5%;;5.0%;;;;;;;;1.3%;
;;37600;Attention & Cognitive Control;202520;Spring 2025;001;17742;Schneider, Darryl W.;9.0%;3.0%;;;25.4%;4.5%;3.0%;10.4%;3.0%;4.5%;4.5%;3.0%;3.0%;;11.9%;;;;;;;;14.9%;
;;38000;Behavior Change Methds;202520;Spring 2025;001;69370;Swisher, Melissa J.;59.7%;;3.9%;;14.3%;;2.6%;11.7%;;1.3%;2.6%;;;;;;;;;;;;3.9%;
;;39000;Res Exper In Psych;202520;Spring 2025;038;12696;Redick, Thomas S.;83.3%;;;;;;;;;;;;;;;;;8.3%;;;;;8.3%;
;;39200;Cultural Psychology;202520;Spring 2025;011;23203;Lim-Kessler, Corrinne C.;29.1%;26.6%;16.5%;;3.8%;6.3%;6.3%;3.8%;2.5%;;1.3%;;1.3%;;1.3%;;;;;;;;1.3%;
;;;Judgement And Decision Making;202520;Spring 2025;001;15073;Broomell, Stephen B.;20.4%;25.9%;9.3%;;13.0%;3.7%;18.5%;;1.9%;5.6%;;;;;;;;;;;;;1.9%;
;;;Neurodevelopmental Differences;202520;Spring 2025;018;26670;Karalunas, Sarah;15.2%;6.5%;52.2%;;;6.5%;8.7%;;4.3%;;;;;;;;;;;;;;6.5%;
;;;Neurogenetic Syndromes;202520;Spring 2025;012;23205;Kelleher, Bridgette L.;66.7%;12.5%;;;8.3%;;4.2%;;;;6.3%;;;;;;;;;;;;2.1%;
;;;Psychology Of Trauma;202520;Spring 2025;010;69783;Noll, James P.;12.2%;10.2%;;;22.4%;8.2%;;6.1%;6.1%;16.3%;8.2%;;2.0%;;4.1%;;;;;;;;4.1%;
;;;Spec Data Topics In Psy;202520;Spring 2025;013;23255;Kelleher, Bridgette L.;40.0%;20.0%;;;20.0%;6.7%;;6.7%;;;;;;;6.7%;;;;;;;;;
;;;Neurodevel Differences-Honors;202520;Spring 2025;018;26670;Karalunas, Sarah;;;100.0%;;;;;;;;;;;;;;;;;;;;;
;;40300;Psycholinguistics;202520;Spring 2025;001;28394;Kaganovich, Natalya B.;44.4%;;;;33.3%;;;5.6%;;;11.1%;;;;5.6%;;;;;;;;;
;;41800;Understanding Autism;202520;Spring 2025;001;31674;Keehn, Brandon M.;29.2%;18.8%;2.1%;;12.5%;6.3%;6.3%;2.1%;6.3%;8.3%;;2.1%;4.2%;;;;;;;;;;2.1%;
;;;Understanding Autism-Honors;202520;Spring 2025;001;31674;Keehn, Brandon M.;;100.0%;;;;;;;;;;;;;;;;;;;;;;
;;42100;Alcohol Use And Disorders;202520;Spring 2025;001;23210;Chester, Julia A.;20.8%;4.2%;47.9%;;6.3%;2.1%;2.1%;10.4%;;4.2%;;;;;;;;;;;;;2.1%;
;;43200;Social Psychology In Film;202520;Spring 2025;001;23218;Agnew, Christopher R.;35.6%;33.3%;;;6.7%;8.9%;8.9%;;;4.4%;;;2.2%;;;;;;;;;;;
;;51300;Intro To Comp Cog Neuroscience;202520;Spring 2025;001;32324;Han, Zhixian;81.8%;;;9.1%;;;;;;;;;;;;;;;;;;;9.1%;
;;51500;Neuroscience Of Consciousness;202520;Spring 2025;001;23220;Fox, Edward A.;85.7%;;7.1%;;;;;;;;;;;;;;;;;;;;7.1%;
;;59100;Teaching Psychology;202520;Spring 2025;002;19125;Hollich, George J.;;;100.0%;;;;;;;;;;;;;;;;;;;;;
;;61501;Systems & Behvl Neuroscience;202520;Spring 2025;003;29848;Foti, Daniel J.;87.0%;;;;13.0%;;;;;;;;;;;;;;;;;;;
;;63000;Sterotyping And Prejudice;202520;Spring 2025;001;25154;Monteith, Margo J.;46.2%;;53.8%;;;;;;;;;;;;;;;;;;;;;
;;63100;Multiple Regression Analysis;202520;Spring 2025;001;22956;Lynam, Donald R.;68.8%;;;;25.0%;;;6.3%;;;;;;;;;;;;;;;;
;;63300;Pro Seminar Cognitive;202520;Spring 2025;001;26527;Schneider, Darryl W.;;;;;;;;;;;;;;;;;;100.0%;;;;;;
;;69200;Cog & Affectve Bases Of Beh;202520;Spring 2025;015;23243;Foti, Daniel J.;96.2%;;;;;;;;;;;;;;;3.8%;;;;;;;;
;;;Pro-Sem Clinical Psy;202520;Spring 2025;002;26686;Lynam, Donald R.;;;;;;;;;;;;;;;;;;100.0%;;;;;;
PTGS;PTGS-Portuguese;10200;Portuguese Level II;202520;Spring 2025;002;18515;Quiroga Varon, Jhon H.;16.7%;41.7%;;8.3%;25.0%;;;;;;;;;;8.3%;;;;;;;;;
PUBH;PUBH-Public Health;10001;Intro To Public Health;202520;Spring 2025;001;14333;Solari Williams, Kayce D.;14.3%;11.4%;34.3%;;11.4%;;11.4%;2.9%;;5.7%;;;;;2.9%;;;;;;;;5.7%;
;;20500;Basic Public Health Studies;202520;Spring 2025;001;21311;Bailey, Kelley C.;51.9%;5.8%;11.5%;;17.3%;;5.8%;3.8%;1.9%;1.9%;;;;;;;;;;;;;;
;;23000;Community Cultur Hlth Perspect;202520;Spring 2025;001;69749;Chang Alexander, Stewart C.;13.3%;6.7%;60.0%;;4.4%;4.4%;4.4%;4.4%;;;;;;;2.2%;;;;;;;;;
;;30500;Health Educ Elem Sch;202520;Spring 2025;001;21316;Bailey, Kelley C.;38.3%;10.6%;4.3%;;14.9%;2.1%;8.5%;10.6%;;4.3%;;;;;6.4%;;;;;;;;;
;;;Health Educ Elem Sch-Honors;202520;Spring 2025;001;21316;Bailey, Kelley C.;100.0%;;;;;;;;;;;;;;;;;;;;;;;
;;32000;Hlth Behavior Promo;202520;Spring 2025;001;69760;Stigar, Lorraine V.;32.1%;10.7%;;;28.6%;7.1%;7.1%;7.1%;3.6%;;;;;;3.6%;;;;;;;;;
;;32500;Meth Hlth Promo & Ed;202520;Spring 2025;001;21324;Bailey, Kelley C.;48.0%;20.0%;;;4.0%;4.0%;20.0%;;;4.0%;;;;;;;;;;;;;;
;;36500;Public Health Research Methods;202520;Spring 2025;001;69761;Laroche, Kathryn J.;20.0%;12.5%;25.0%;;12.5%;5.0%;10.0%;;2.5%;12.5%;;;;;;;;;;;;;;
;;40000;Human Diseases Disord;202520;Spring 2025;001;21326;Walker, Beth A.;71.6%;13.5%;8.1%;;5.4%;;1.4%;;;;;;;;;;;;;;;;;
;;40500;Principle Epidemiology;202520;Spring 2025;001;21327;Banda, Jorge A.;12.8%;12.8%;23.1%;;7.7%;15.4%;20.5%;;7.7%;;;;;;;;;;;;;;;
;;48000;Internship Public Health;202520;Spring 2025;001;21329;Walker, Beth A.;21.3%;2.1%;70.2%;;4.3%;;;;;;;;;;;2.1%;;;;;;;;
;;50100;Intro To Health Equity;202520;Spring 2025;001;14483;Mahaffey, Carlos C.;21.4%;14.3%;64.3%;;;;;;;;;;;;;;;;;;;;;
;;59000;Applied Regression For PUBH;202520;Spring 2025;044;32534;Cao, Pianpian;5.9%;23.5%;47.1%;;;;5.9%;;;;;;;;;;;;;;;;17.6%;
;;;;;;045;32535;Cao, Pianpian;5.9%;23.5%;47.1%;;;;5.9%;;;;;;;;;;;;;;;;17.6%;
;;;Qualitative Methods For PH;202520;Spring 2025;032;69773;Ruiz, Yumary;93.3%;;;;;;;;;;;;;;;;;;;;;;6.7%;
;;60000;Prof Development PH Seminar;202520;Spring 2025;001;30152;Stapleton, Shauna S.;;;;;;;;;;;;;;;;;;;;100.0%;;;;
;;60400;Public Health Administration;202520;Spring 2025;002;20475;Mullen, Cody J.;76.9%;;19.2%;;;;3.8%;;;;;;;;;;;;;;;;;
;;60600;Design/Anlys Public Health;202520;Spring 2025;003;28435;Garrison, Michelle M.;26.3%;5.3%;55.3%;;;;13.2%;;;;;;;;;;;;;;;;;
;;60800;Culminating Experience;202520;Spring 2025;002;17004;Stigar, Lorraine V.;89.5%;;;;;5.3%;5.3%;;;;;;;;;;;;;;;;;
;;69400;Grad Seminar In Public Health;202520;Spring 2025;001;30137;Banda, Jorge A.;;;;;;;;;;;;;;;;;;;;100.0%;;;;
REL;REL-Religious Studies;23000;Religions Of The East;202520;Spring 2025;001;25515;Ryba, Thomas W.;12.5%;6.3%;12.5%;;18.8%;18.8%;6.3%;;;18.8%;;;;;;;;;;;;;6.3%;
;;23100;Religions Of The West;202520;Spring 2025;001;10592;Ryba, Thomas W.;;26.7%;13.3%;;6.7%;20.0%;6.7%;;;20.0%;;;6.7%;;;;;;;;;;;
;;31800;Bible & Early Intrpret;202520;Spring 2025;001;18521;Dodson, Joseph R.;11.1%;5.6%;38.9%;;11.1%;11.1%;11.1%;5.6%;;;;5.6%;;;;;;;;;;;;
;;;Bible & Early Intrpret-Honors;202520;Spring 2025;001;18521;Dodson, Joseph R.;50.0%;50.0%;;;;;;;;;;;;;;;;;;;;;;
;;45100;Christology;202520;Spring 2025;001;30628;Ryba, Thomas W.;40.0%;26.7%;13.3%;;;;6.7%;;;;;;;;;;;;;;;;13.3%;
RUSS;RUSS-Russian;10200;Russian Level II;202520;Spring 2025;001;15010;Kuleshova, Deliya P.;13.3%;6.7%;26.7%;13.3%;13.3%;6.7%;6.7%;6.7%;;;;;;;;;;;;;;;6.7%;
;;;;;;002;15011;Kuleshova, Deliya P.;6.7%;6.7%;40.0%;;33.3%;6.7%;6.7%;;;;;;;;;;;;;;;;;
;;20200;Russian Level IV;202520;Spring 2025;001;14519;Dick, Ekaterina D.;20.0%;46.7%;20.0%;;;6.7%;6.7%;;;;;;;;;;;;;;;;;
;;30200;Russian Level VI;202520;Spring 2025;001;26776;Gabrielov, Amina;25.0%;;75.0%;;;;;;;;;;;;;;;;;;;;;
;;38100;Russian Culture & Civ II;202520;Spring 2025;001;30261;Gabrielov, Amina;45.5%;;45.5%;;;;;9.1%;;;;;;;;;;;;;;;;
;;49700;Novels By Dostoevsky & Tolstoy;202520;Spring 2025;011;30274;Gabrielov, Amina;30.0%;;60.0%;;;;;10.0%;;;;;;;;;;;;;;;;
;;;Novls Dostoevsky&Tolstoy-Honor;202520;Spring 2025;011;30274;Gabrielov, Amina;;;100.0%;;;;;;;;;;;;;;;;;;;;;
SCI;SCI-General Science;19500;Women In Science Program;202520;Spring 2025;001;15207;Kaspar, Constance;;;;65.8%;;;;0.8%;;;;;;;0.8%;;1.7%;30.8%;;;;;;
;;;;;;LC4;28515;Kaspar, Constance;;;;1.1%;;;;;;;;;;;;;2.2%;96.7%;;;;;;
;;;Women In Sci Program-Honors;202520;Spring 2025;001;15207;Kaspar, Constance;;;;;;;;;;;;;;;;;;100.0%;;;;;;
SCLA;SCLA-Studies Coll Liberal Arts;10100;Crit Think & Com I;202520;Spring 2025;001;15134;Wedow, Lindsey K.;33.3%;23.3%;10.0%;;3.3%;3.3%;16.7%;3.3%;;3.3%;;;;;3.3%;;;;;;;;;
;;;;;;002;15135;Wedow, Lindsey K.;33.3%;36.7%;13.3%;;;3.3%;13.3%;;;;;;;;;;;;;;;;;
;;;;;;005;15141;Wedow, Lindsey K.;30.0%;20.0%;16.7%;;;;26.7%;;;;;;;;;;;;;;;;6.7%;
;;;;;;006;15142;Wedow, Lindsey K.;30.0%;30.0%;23.3%;;6.7%;;3.3%;;;;;;;;;;;;;;;;6.7%;
;;;;;;038;15706;Nichols, Michael D.;21.4%;28.6%;;;17.9%;3.6%;14.3%;3.6%;;3.6%;3.6%;;;;;;;;;;;;3.6%;
;;;;;;040;15708;Nichols, Michael D.;23.3%;20.0%;;;6.7%;3.3%;20.0%;6.7%;;;3.3%;;;;3.3%;;;;;;;;13.3%;
;;;;;;042;20622;Nichols, Michael D.;36.7%;23.3%;;;23.3%;;3.3%;3.3%;;;3.3%;;;;;;;;;;;;6.7%;
;;;;;;044;21420;Hauske, Matthew R.;23.3%;16.7%;3.3%;;20.0%;3.3%;6.7%;;3.3%;3.3%;3.3%;;3.3%;;3.3%;;;;;;;;10.0%;
;;;;;;065;25756;Hauske, Matthew R.;28.6%;7.1%;25.0%;;3.6%;;17.9%;;3.6%;;;;7.1%;;;;;3.6%;;;;;3.6%;
;;;;;;067;25758;Hauske, Matthew R.;43.3%;6.7%;16.7%;;16.7%;3.3%;6.7%;;;;;;;;3.3%;;;;;;;;3.3%;
;;;;;;075;26888;Cuthbertson, Tara L.;10.7%;39.3%;;;14.3%;;21.4%;3.6%;;;;;7.1%;;3.6%;;;;;;;;;
;;;;;;077;26890;Cuthbertson, Tara L.;31.0%;24.1%;;;10.3%;;24.1%;;;;;;;;10.3%;;;;;;;;;
;;;;;;082;26895;Heth, Raleigh C.;39.3%;14.3%;10.7%;;7.1%;3.6%;;;;;3.6%;;;;14.3%;;;;;;;;7.1%;
;;;;;;083;26896;Heth, Raleigh C.;20.0%;36.7%;30.0%;;;;10.0%;;;;;;;;;;;;;;;;3.3%;
;;;;;;106;29813;Frank, Daniel H.;41.4%;27.6%;;;24.1%;;;;;;;;;;3.4%;;;;;;;;3.4%;
;;;;;;107;20959;Chen, Huiying;43.3%;13.3%;6.7%;;3.3%;10.0%;13.3%;;3.3%;3.3%;;;;;3.3%;;;;;;;;;
;;;;;;108;20968;Chen, Huiying;63.3%;10.0%;13.3%;;;3.3%;3.3%;;3.3%;;;;;;3.3%;;;;;;;;;
;;;;;;109;20973;Parrish, Lynn;53.3%;3.3%;30.0%;;3.3%;3.3%;;;;;;;;;6.7%;;;;;;;;;
;;;;;;110;20996;Parrish, Lynn;56.7%;;33.3%;;6.7%;;;;;;;;;;;;;;;;;;3.3%;
;;;;;;111;21002;Parrish, Lynn;53.3%;3.3%;23.3%;;3.3%;;;3.3%;;;;;;;6.7%;;;;;;;;6.7%;
;;;;;;114;21009;Graham, Sebastian R.;26.7%;20.0%;20.0%;;;;10.0%;6.7%;;10.0%;;;;;3.3%;;;;;;;;3.3%;
;;;;;;115;21013;Asay, Jamin F.;50.0%;16.7%;;;6.7%;3.3%;20.0%;;;;;;;;3.3%;;;;;;;;;
;;;;;;116;21014;Asay, Jamin F.;50.0%;16.7%;;;3.3%;13.3%;6.7%;;;;3.3%;;;;6.7%;;;;;;;;;
;;;;;;117;21016;Woodward, Elizabeth J.;30.0%;23.3%;3.3%;;10.0%;3.3%;20.0%;3.3%;;;;;;;3.3%;;;;;;;;3.3%;
;;;;;;118;21018;Hamm, Lindsay M.;23.3%;30.0%;26.7%;;;3.3%;3.3%;;;3.3%;;;3.3%;;3.3%;;;;;;;;3.3%;
;;;;;;119;21019;Frketich, Elise F.;16.7%;20.0%;;;6.7%;10.0%;16.7%;;6.7%;3.3%;3.3%;;10.0%;;;;;;;;;;6.7%;
;;;;;;124;22392;Frketich, Elise F.;26.7%;40.0%;;;10.0%;3.3%;13.3%;;;;;;3.3%;;3.3%;;;;;;;;;
;;;;;;125;22403;Frketich, Elise F.;17.2%;13.8%;;;24.1%;17.2%;17.2%;;3.4%;6.9%;;;;;;;;;;;;;;
;;;;;;126;22421;Frketich, Elise F.;46.4%;21.4%;;;7.1%;3.6%;14.3%;;7.1%;;;;;;;;;;;;;;;
;;;;;;137;23313;Hauske, Matthew R.;30.0%;10.0%;16.7%;;10.0%;3.3%;6.7%;6.7%;3.3%;3.3%;6.7%;;;;;;;;;;;;3.3%;
;;;;;;162;17032;Renfro, Joshua S.;22.2%;7.4%;;;14.8%;14.8%;7.4%;7.4%;11.1%;;;;7.4%;;;;;;;;;;7.4%;
;;;;;;163;17037;Bennett, Samuel C.;3.3%;16.7%;;;20.0%;16.7%;16.7%;6.7%;6.7%;3.3%;;;;;6.7%;;;;;;;;3.3%;
;;;;;;164;17038;Renfro, Joshua S.;20.7%;31.0%;;;10.3%;6.9%;13.8%;;;3.4%;;;;;10.3%;;;;;;;;3.4%;
;;;;;;165;17039;Bennett, Samuel C.;3.4%;6.9%;;;27.6%;6.9%;20.7%;6.9%;3.4%;6.9%;;;;;6.9%;;;;;;;;10.3%;
;;;;;;166;17040;Bennett, Samuel C.;10.0%;10.0%;;;13.3%;16.7%;20.0%;3.3%;;3.3%;;3.3%;;;3.3%;;;;;;;;16.7%;
;;;;;;168;17043;Renfro, Joshua S.;16.7%;26.7%;3.3%;;6.7%;6.7%;30.0%;;;10.0%;;;;;;;;;;;;;;
;;;;;;169;17044;Renfro, Joshua S.;20.0%;26.7%;3.3%;;6.7%;13.3%;10.0%;;13.3%;6.7%;;;;;;;;;;;;;;
;;;;;;174;19692;Robson, Thomas M.;30.0%;20.0%;3.3%;;6.7%;;10.0%;6.7%;;10.0%;;;3.3%;;;;;;;;;;10.0%;
;;;;;;175;19693;Robson, Thomas M.;28.6%;28.6%;3.6%;;3.6%;10.7%;17.9%;;7.1%;;;;;;;;;;;;;;;
;;;;;;188;30112;Czader, Justyna;17.4%;17.4%;8.7%;;;;4.3%;;13.0%;;;;4.3%;;13.0%;;;;;;;;21.7%;
;;;;;;190;30114;Czader, Justyna;26.9%;23.1%;3.8%;;7.7%;;19.2%;;3.8%;;;3.8%;;;3.8%;;;;;;;;7.7%;
;;;;;;191;30115;Goldsmith, Zachary R.;20.0%;20.0%;;;20.0%;3.3%;20.0%;3.3%;;13.3%;;;;;;;;;;;;;;
;;;;;;192;30116;Robson, Thomas M.;43.3%;33.3%;;;3.3%;;6.7%;3.3%;6.7%;;;;;;;;;;;;;;3.3%;
;;;;;;193;30117;Rdzak, Brandon W.;33.3%;13.3%;40.0%;;3.3%;3.3%;;;3.3%;3.3%;;;;;;;;;;;;;;
;;;;;;194;30118;Goldsmith, Zachary R.;13.3%;16.7%;;;20.0%;10.0%;20.0%;6.7%;;3.3%;;;;;6.7%;;;;;;;;3.3%;
;;;;;;196;30121;Rdzak, Brandon W.;33.3%;10.0%;10.0%;;6.7%;;10.0%;6.7%;3.3%;6.7%;;3.3%;;;3.3%;;;;;;;;6.7%;
;;;;;;197;30122;Kantor, Alon;36.7%;13.3%;36.7%;;;;3.3%;3.3%;;;;;;;;;;;;;;;6.7%;
;;;;;;198;30123;Rdzak, Brandon W.;26.7%;23.3%;26.7%;;3.3%;;6.7%;10.0%;;;;;;;;;;;;;;;3.3%;
;;;;;;199;30124;Robson, Thomas M.;46.7%;16.7%;6.7%;;6.7%;;;6.7%;3.3%;3.3%;3.3%;;;;;;;3.3%;;;;;3.3%;
;;;;;;200;30125;Czader, Justyna;24.1%;10.3%;17.2%;;;3.4%;13.8%;3.4%;;3.4%;6.9%;;;;3.4%;;;;;;;;13.8%;
;;;;;;203;30130;Pinto, Rhodes L.;23.3%;10.0%;;;16.7%;6.7%;6.7%;3.3%;6.7%;13.3%;;;3.3%;;;;;;;;;;10.0%;
;;;;;;204;30132;Pinto, Rhodes L.;10.3%;24.1%;;;27.6%;13.8%;17.2%;;;6.9%;;;;;;;;;;;;;;
;;;;;;205;30133;Pinto, Rhodes L.;13.3%;13.3%;;;26.7%;3.3%;13.3%;6.7%;3.3%;6.7%;;3.3%;6.7%;;;;;;;;;;3.3%;
;;;;;;206;30134;Goldsmith, Zachary R.;10.7%;25.0%;;;42.9%;;3.6%;;;3.6%;3.6%;;;;3.6%;3.6%;;;;;;;3.6%;
;;;;;;207;30135;Pinto, Rhodes L.;10.0%;16.7%;;;26.7%;6.7%;16.7%;3.3%;3.3%;6.7%;;3.3%;;;;;;;;;;;6.7%;
;;;;;;208;30136;Goldsmith, Zachary R.;14.8%;44.4%;;;14.8%;3.7%;3.7%;3.7%;;3.7%;3.7%;;;;;;;;;;;;7.4%;
;;;;;;209;30296;Heth, Raleigh C.;20.7%;17.2%;34.5%;;3.4%;6.9%;6.9%;3.4%;3.4%;;3.4%;;;;;;;;;;;;;
;;;;;;210;30297;Elliott, George D.;36.7%;13.3%;33.3%;;3.3%;6.7%;3.3%;;;;;;;;3.3%;;;;;;;;;
;;;;;;211;30298;Heth, Raleigh C.;26.7%;13.3%;30.0%;;13.3%;3.3%;6.7%;;;3.3%;;;;;3.3%;;;;;;;;;
;;;;;;212;30299;Elliott, George D.;33.3%;26.7%;13.3%;;;6.7%;3.3%;;;3.3%;;;;;3.3%;;;3.3%;;;;;6.7%;
;;;;;;213;30300;Elliott, George D.;40.0%;26.7%;10.0%;;3.3%;13.3%;;;3.3%;;;;;;;;;;;;;;3.3%;
;;;;;;214;30301;Elliott, George D.;28.6%;21.4%;14.3%;;3.6%;7.1%;14.3%;;;;;;3.6%;;;;;;;;;;7.1%;
;;;;;;215;30302;Cuthbertson, Tara L.;13.8%;41.4%;;;13.8%;;17.2%;;;6.9%;3.4%;;;;;;;;;;;;3.4%;
;;;;;;216;30303;Cuthbertson, Tara L.;10.3%;27.6%;;;27.6%;;20.7%;3.4%;;;;;3.4%;;6.9%;;;;;;;;;
;;;;;;217;30304;Graham, Sebastian R.;33.3%;10.0%;6.7%;;6.7%;3.3%;23.3%;3.3%;;6.7%;;;;;;;;6.7%;;;;;;
;;;;;;218;30305;Graham, Sebastian R.;36.7%;16.7%;10.0%;;6.7%;;16.7%;;;;;;;;6.7%;;;;;;;;6.7%;
;;;;;;223;30310;Riesbeck, David J.;50.0%;6.7%;23.3%;;;;6.7%;;;3.3%;;3.3%;;;3.3%;;;;;;;;3.3%;
;;;;;;224;30311;Riesbeck, David J.;56.7%;6.7%;33.3%;;;;;;;;;;;;3.3%;;;;;;;;;
;;;;;;225;30312;Riesbeck, David J.;46.7%;16.7%;26.7%;;;3.3%;;3.3%;;;;;;;3.3%;;;;;;;;;
;;;;;;226;30313;Riesbeck, David J.;40.0%;13.3%;26.7%;;3.3%;3.3%;10.0%;;;;;;;;3.3%;;;;;;;;;
;;;;;;227;30398;Sampson, Eric T.;26.7%;20.0%;16.7%;;3.3%;6.7%;3.3%;3.3%;;;;3.3%;3.3%;;10.0%;;;;;;;;3.3%;
;;;;;;228;30399;Sampson, Eric T.;26.7%;33.3%;13.3%;;;;6.7%;;3.3%;3.3%;;;;;10.0%;;;;;;;;3.3%;
;;;;;;230;32488;Czader, Justyna;28.6%;10.7%;7.1%;;17.9%;7.1%;;3.6%;;3.6%;3.6%;;;;7.1%;;;;;;;;10.7%;
;;;Crit Think & Com I-Honors;202520;Spring 2025;164;17038;Renfro, Joshua S.;;100.0%;;;;;;;;;;;;;;;;;;;;;;
;;;;;;209;30296;Heth, Raleigh C.;;;100.0%;;;;;;;;;;;;;;;;;;;;;
;;;;;;214;30301;Elliott, George D.;100.0%;;;;;;;;;;;;;;;;;;;;;;;
;;10200;Crit Think & Com II;202520;Spring 2025;032;15650;White, William;17.2%;31.0%;;;20.7%;10.3%;6.9%;6.9%;3.4%;3.4%;;;;;;;;;;;;;;
;;;;;;033;15651;White, William;34.5%;37.9%;;;10.3%;3.4%;3.4%;3.4%;;;;;;;;;;;;;;;6.9%;
;;;;;;034;15652;White, William;34.5%;10.3%;;;6.9%;3.4%;13.8%;10.3%;6.9%;;;;3.4%;;;;;;;;;;10.3%;
;;;;;;035;15653;White, William;26.7%;23.3%;;;10.0%;10.0%;13.3%;;;6.7%;;3.3%;;;;;;;;;;;6.7%;
;;;;;;036;15684;Barnum, Miriam M.;26.7%;6.7%;10.0%;;10.0%;3.3%;13.3%;6.7%;13.3%;3.3%;;3.3%;3.3%;;;;;;;;;;;
;;;;;;038;15688;Canete Jurado, Vanesa M.;36.7%;20.0%;10.0%;;3.3%;6.7%;6.7%;3.3%;3.3%;;;;;;3.3%;;;;;;;;6.7%;
;;;;;;113;14564;Sklar, Jeremy F.;10.0%;;86.7%;;;;3.3%;;;;;;;;;;;;;;;;;
;;;;;;117;15881;Sklar, Jeremy F.;3.3%;3.3%;90.0%;;3.3%;;;;;;;;;;;;;;;;;;;
;;;;;;147;25799;Carter, Darrell J.;40.0%;30.0%;;;6.7%;6.7%;;3.3%;;10.0%;;;;;;;;;;;;;3.3%;
;;;;;;156;25813;Barnum, Miriam M.;33.3%;30.0%;6.7%;;3.3%;;13.3%;;;3.3%;;;;;3.3%;;;;;;;;6.7%;
;;;;;;177;26829;Collier, Jessica R.;33.3%;36.7%;6.7%;;13.3%;3.3%;6.7%;;;;;;;;;;;;;;;;;
;;;;;;178;26830;Lande, Jonathan S.;41.4%;20.7%;;;20.7%;;6.9%;;;3.4%;;;3.4%;;;;;;;;;;3.4%;
;;;;;;179;26831;Azar Denecken, Ariel R.;37.9%;3.4%;55.2%;;;;3.4%;;;;;;;;;;;;;;;;;
;;;;;;180;26832;Haughton, Chantel N.;63.3%;20.0%;;;6.7%;3.3%;;;;;;;;;3.3%;;;;;;;;3.3%;
;;;;;;181;26833;Byrd, Gabrielle A.;10.7%;10.7%;3.6%;;39.3%;;21.4%;3.6%;;3.6%;3.6%;3.6%;;;;;;;;;;;;
;;;;;;183;26835;Kane, Danielle;93.3%;3.3%;;;;;3.3%;;;;;;;;;;;;;;;;;
;;;;;;202;21083;Ewing, Christopher B.;17.2%;37.9%;;;3.4%;6.9%;20.7%;;;10.3%;;;;;;;;;;;;;3.4%;
;;;;;;203;21099;Wittekind, Courtney T.;23.3%;26.7%;26.7%;;3.3%;;10.0%;;;6.7%;;;;;;;;;;;;;3.3%;
;;;;;;215;21142;Watkins, Peter;40.0%;26.7%;10.0%;;10.0%;;10.0%;;;;;;;;3.3%;;;;;;;;;
;;;;;;218;21153;Watkins, Peter;42.9%;17.9%;3.6%;;21.4%;3.6%;7.1%;3.6%;;;;;;;;;;;;;;;;
;;;;;;219;21154;Watkins, Peter;69.0%;13.8%;3.4%;;3.4%;;3.4%;;;;;;;;3.4%;;;;;;;;3.4%;
;;;;;;220;21155;Watkins, Peter;40.0%;26.7%;20.0%;;10.0%;3.3%;;;;;;;;;;;;;;;;;;
;;;;;;221;21156;Docot, Dada;60.0%;10.0%;10.0%;;13.3%;;;;;3.3%;;;;;;3.3%;;;;;;;;
;;;;;;222;21160;Catalano, Charles S.;33.3%;20.0%;20.0%;;3.3%;3.3%;13.3%;3.3%;3.3%;;;;;;;;;;;;;;;
;;;;;;225;21171;Carreras Timoneda, Joan;31.0%;24.1%;3.4%;;6.9%;6.9%;20.7%;;;;;;;;;;;;;;;;6.9%;
;;;;;;226;21186;Carreras Timoneda, Joan;82.1%;;10.7%;;;;7.1%;;;;;;;;;;;;;;;;;
;;;;;;227;22158;Mann, Marcus L.;56.7%;16.7%;3.3%;;6.7%;3.3%;6.7%;;;;;;;;3.3%;;;;;;;;3.3%;
;;;;;;234;23352;Cooper, Austin R.;33.3%;18.5%;14.8%;;7.4%;3.7%;18.5%;;;;3.7%;;;;;;;;;;;;;
;;;;;;235;23356;Maxson, Kathryn G.;40.0%;30.0%;;;3.3%;;20.0%;3.3%;;;;;3.3%;;;;;;;;;;;
;;;;;;236;23361;Issa, Elsayed S.;16.7%;20.0%;53.3%;;;;3.3%;;;;;;;;3.3%;;;;;;;;3.3%;
;;;;;;237;23362;Renkert, Sarah R.;35.7%;3.6%;42.9%;;3.6%;3.6%;;3.6%;;;;;;;;;;;;;;;7.1%;
;;;;;;238;23363;Renkert, Sarah R.;57.1%;7.1%;21.4%;;;3.6%;;3.6%;3.6%;;;;;;;;;;;;;;3.6%;
;;;;;;239;23364;Cong, Yan;79.3%;3.4%;13.8%;;;;;3.4%;;;;;;;;;;;;;;;;
;;;;;;247;23717;Zhou, Shan;15.4%;23.1%;11.5%;;7.7%;3.8%;19.2%;3.8%;;;;3.8%;;;3.8%;;;;;;;;7.7%;
;;;;;;273;30142;Seagraves, Troy D.;42.9%;42.9%;;;;;10.7%;;;3.6%;;;;;;;;;;;;;;
;;;;;;274;30143;Seagraves, Troy D.;17.9%;39.3%;;;14.3%;;25.0%;;;;;;;;;;;;;;;;3.6%;
;;;;;;275;30144;Seagraves, Troy D.;27.6%;41.4%;;;10.3%;6.9%;10.3%;;;;;;;;;;;;;;;;3.4%;
;;;;;;276;30145;Seagraves, Troy D.;13.8%;48.3%;;;13.8%;3.4%;17.2%;3.4%;;;;;;;;;;;;;;;;
;;;;;;277;30287;Crosson, Jesse D.;33.3%;26.7%;;;;10.0%;10.0%;;3.3%;3.3%;;;3.3%;;3.3%;;;;;;;;6.7%;
;;;;;;278;30289;Crosson, Jesse D.;69.0%;13.8%;;;3.4%;;6.9%;;;;;;;;3.4%;;;;;;;;3.4%;
;;;;;;279;30290;Messina, James P.;30.8%;19.2%;7.7%;;7.7%;3.8%;19.2%;;;3.8%;3.8%;;;;;;;;;;;;3.8%;
;;;;;;280;30291;Messina, James P.;40.0%;24.0%;;;12.0%;4.0%;4.0%;;;;;;;;;;;;;;;;16.0%;
;;;;;;281;30292;Mollison, James A.;20.0%;26.7%;;;10.0%;6.7%;20.0%;;;6.7%;3.3%;;;;;3.3%;;;;;;;3.3%;
;;;;;;282;30293;Mollison, James A.;22.2%;18.5%;;;14.8%;3.7%;29.6%;;3.7%;;;;;;3.7%;;;;;;;;3.7%;
;;;;;;283;30294;Mollison, James A.;25.0%;14.3%;;;10.7%;14.3%;17.9%;7.1%;;;3.6%;;;;7.1%;;;;;;;;;
;;;;;;284;30295;Mollison, James A.;11.1%;40.7%;;;11.1%;;11.1%;3.7%;3.7%;3.7%;3.7%;;;;3.7%;;;;;;;;7.4%;
;;;;;;285;30812;Sartore, William G.;65.5%;;31.0%;;3.4%;;;;;;;;;;;;;;;;;;;
;;;;;;286;30814;Dory, William A.;44.8%;20.7%;;;10.3%;3.4%;3.4%;;;6.9%;;;;;3.4%;;;;;;;;6.9%;
;;;;;;287;30815;William, Jennifer M.;50.0%;7.1%;3.6%;;17.9%;7.1%;10.7%;;;;;;;;;3.6%;;;;;;;;
;;;;;;288;31863;Goldsmith, Zachary R.;8.0%;36.0%;;;20.0%;4.0%;20.0%;4.0%;;4.0%;;;;;;;;;;;;;4.0%;
;;;;;;289;32558;Malone, Michael J.;41.4%;34.5%;6.9%;;6.9%;;10.3%;;;;;;;;;;;;;;;;;
;;;;;;290;32559;Malone, Michael J.;60.0%;13.3%;16.7%;;;;6.7%;;;;;;;;;;;;;;;;3.3%;
;;;;;;291;32560;Malone, Michael J.;46.7%;13.3%;10.0%;;10.0%;3.3%;16.7%;;;;;;;;;;;;;;;;;
;;;;;;292;32561;Mason, Claire E.;36.7%;3.3%;26.7%;;16.7%;;10.0%;;;3.3%;;;;;;;;;;;;;3.3%;
;;;;;;293;32562;Malone, Michael J.;46.7%;13.3%;23.3%;;6.7%;3.3%;3.3%;3.3%;;;;;;;;;;;;;;;;
;;;;;;294;32563;Mason, Claire E.;23.3%;6.7%;23.3%;;6.7%;10.0%;20.0%;3.3%;3.3%;;;;;;;;;;;;;;3.3%;
;;;;;;295;32564;Mason, Claire E.;20.7%;20.7%;34.5%;;3.4%;3.4%;13.8%;;;;;;;;;;;;;;;;3.4%;
;;;;;;296;32565;Watkins, Jody R.;6.7%;43.3%;;;13.3%;6.7%;20.0%;3.3%;;3.3%;;;;;;;;;;;;;3.3%;
;;;;;;297;32566;Watkins, Jody R.;31.0%;24.1%;;;10.3%;6.9%;13.8%;;;3.4%;;;;;10.3%;;;;;;;;;
;;;;;;298;32567;Watkins, Jody R.;23.3%;36.7%;;;10.0%;3.3%;23.3%;;;;;;;;;;;;;;;;3.3%;
;;;;;;299;32568;Watkins, Jody R.;20.0%;46.7%;;;3.3%;6.7%;16.7%;;3.3%;;;;3.3%;;;;;;;;;;;
;;;;;;300;33235;Mason, Claire E.;40.0%;;36.7%;;3.3%;3.3%;13.3%;;;;;;;;;;;;;;;;3.3%;
;;;;;;301;33242;Graham, Sebastian R.;31.8%;22.7%;9.1%;;18.2%;;4.5%;;4.5%;4.5%;;;;;4.5%;;;;;;;;;
;;;;;;302;33248;Wijeyeratne, Nissanka S.;26.7%;36.7%;13.3%;;3.3%;10.0%;10.0%;;;;;;;;;;;;;;;;;
;;;;;;303;33645;Johnston, Michael R.;17.9%;25.0%;;;14.3%;;17.9%;;;3.6%;;3.6%;7.1%;;3.6%;;;;;;;;7.1%;
;;;;;;DB1;15690;Canete Jurado, Vanesa M.;33.3%;23.3%;13.3%;;;3.3%;13.3%;;;6.7%;;;3.3%;;;;;;;;;;3.3%;
;;;;;;DB2;15691;Lewis, William W.;36.7%;26.7%;3.3%;;3.3%;3.3%;10.0%;10.0%;;;;;;;;;;;;;;;6.7%;
;;;;;;DB3;30485;Irvine, Tina A.;21.4%;32.1%;7.1%;;7.1%;;17.9%;7.1%;;3.6%;;;;;3.6%;;;;;;;;;
;;;;;;DB4;21073;Irvine, Tina A.;37.9%;17.2%;3.4%;;;10.3%;20.7%;;;3.4%;;3.4%;;;;;;;;;;;3.4%;
;;;;;;DB5;21076;Ewing, Christopher B.;20.0%;32.0%;;;8.0%;4.0%;32.0%;;;;;;;;;;;;;;;;4.0%;
;;;;;;DB6;22191;Cohen, Mollie J.;66.7%;10.0%;;;10.0%;;6.7%;;3.3%;;;;;;3.3%;;;;;;;;;
;;;;;;DB7;23343;Frost, Jacqueline L.;43.3%;20.0%;30.0%;;;3.3%;;;;;;;;;3.3%;;;;;;;;;
;;;;;;DB8;23344;Frost, Jacqueline L.;44.8%;6.9%;37.9%;;3.4%;;3.4%;3.4%;;;;;;;;;;;;;;;;
;;;;;;DB9;23349;Cooper, Austin R.;32.0%;20.0%;12.0%;;;4.0%;16.0%;;;4.0%;;;;;4.0%;;;;;;;;8.0%;
;;;Crit Think & Com II-Honors;202520;Spring 2025;237;23362;Renkert, Sarah R.;;;100.0%;;;;;;;;;;;;;;;;;;;;;
;;;;;;238;23363;Renkert, Sarah R.;;;100.0%;;;;;;;;;;;;;;;;;;;;;
;;;;;;284;30295;Mollison, James A.;;100.0%;;;;;;;;;;;;;;;;;;;;;;
;;;;;;285;30812;Sartore, William G.;;;100.0%;;;;;;;;;;;;;;;;;;;;;
;;;;;;287;30815;William, Jennifer M.;;;100.0%;;;;;;;;;;;;;;;;;;;;;
;;;;;;300;33235;Mason, Claire E.;100.0%;;;;;;;;;;;;;;;;;;;;;;;
;;11000;LACE I: Self In Context;202520;Spring 2025;007;24110;Sorell, Clyde J.;8.3%;;;;16.7%;8.3%;25.0%;8.3%;;;8.3%;8.3%;;;16.7%;;;;;;;;;
;;;;;;009;24112;Hass, Margaret E.;69.2%;7.7%;;;7.7%;;;7.7%;;;;;;;7.7%;;;;;;;;;
;;;;;;010;24114;Sorell, Clyde J.;9.1%;45.5%;18.2%;;;;;;;9.1%;;;;;9.1%;;;;;;;;9.1%;
;;11100;LACE II: Texts And Contexts;202520;Spring 2025;001;24116;Kim, Minsun;53.3%;33.3%;6.7%;;;;6.7%;;;;;;;;;;;;;;;;;
;;;;;;002;24117;Kim, Minsun;69.2%;;7.7%;;;7.7%;15.4%;;;;;;;;;;;;;;;;;
;;;;;;003;24118;Climer, Ty C.;60.0%;6.7%;;;6.7%;6.7%;;6.7%;6.7%;;;;;;6.7%;;;;;;;;;
;;;;;;004;24119;Kim, Minsun;50.0%;16.7%;16.7%;;;8.3%;8.3%;;;;;;;;;;;;;;;;;
;;;;;;007;24125;Bras, Heejeon K.;54.5%;45.5%;;;;;;;;;;;;;;;;;;;;;;
;;;;;;010;24133;Affricano, Armand E.;66.7%;6.7%;20.0%;;;;6.7%;;;;;;;;;;;;;;;;;
;;;;;;011;24140;Affricano, Armand E.;61.5%;23.1%;7.7%;;7.7%;;;;;;;;;;;;;;;;;;;
;;;;;;015;24171;Spears, Jacob R.;60.0%;13.3%;;;6.7%;;;;;13.3%;;;;;;;;;;;;;6.7%;
;;;;;;016;24177;Goodrich, Negin H.;25.0%;18.8%;12.5%;;12.5%;6.3%;12.5%;;;;;6.3%;;;;;;;;;;;6.3%;
;;;;;;017;24181;Goodrich, Negin H.;18.2%;27.3%;9.1%;;18.2%;;18.2%;;;9.1%;;;;;;;;;;;;;;
;;;;;;018;24182;Pimenova, Nadezda;72.7%;;9.1%;;9.1%;;9.1%;;;;;;;;;;;;;;;;;
;;;;;;019;24183;Li, Haiyan;75.0%;12.5%;;;;;6.3%;;;;;;;;;;;;;;;;6.3%;
;;;;;;020;24184;Spears, Jacob R.;53.8%;38.5%;;;;;7.7%;;;;;;;;;;;;;;;;;
;;;;;;021;24185;Goodrich, Negin H.;43.8%;43.8%;12.5%;;;;;;;;;;;;;;;;;;;;;
;;30000;Liberal Arts Influentials;202520;Spring 2025;001;10126;Foster, Kristy N.;12.9%;5.9%;32.7%;;11.9%;10.9%;5.9%;2.0%;5.0%;3.0%;;1.0%;4.0%;;3.0%;;;;;;;;2.0%;
;;39000;Cartagena Revols & Reclms;202520;Spring 2025;001;33404;Ebarb, Joel R.;45.5%;9.1%;36.4%;;9.1%;;;;;;;;;;;;;;;;;;;
;;;Cartagena Revols&Reclms-Honors;202520;Spring 2025;001;33404;Ebarb, Joel R.;50.0%;;50.0%;;;;;;;;;;;;;;;;;;;;;
;;49105;Liberal Arts UG Research Exp;202520;Spring 2025;001;26161;Sartore, William G.;;;;;;;;;;;;;;;;;;;;100.0%;;;;
SFS;SFS-Sustainable Food&Farm Sys;21000;Small Farm Experience I;202520;Spring 2025;001;22436;Bilenky, Moriah T.;55.0%;15.0%;15.0%;;;;15.0%;;;;;;;;;;;;;;;;;
;;;Small Farm Experience I-Honors;202520;Spring 2025;001;22436;Bilenky, Moriah T.;100.0%;;;;;;;;;;;;;;;;;;;;;;;
;;30200;Principles Of Sustainability;202520;Spring 2025;001;11681;Hallett, Steven G.;96.4%;;;;3.6%;;;;;;;;;;;;;;;;;;;
;;31500;Principles Of Permaculture;202520;Spring 2025;001;23345;Hallett, Steven G.;87.5%;;;;8.3%;;;;;;;;;;;;;;;;;;4.2%;
;;41100;Structural Racism In US Ag;202520;Spring 2025;001;23421;Hallett, Steven G.;100.0%;;;;;;;;;;;;;;;;;;;;;;;
;;41300;Cultures And Agricultures US;202520;Spring 2025;001;23440;Orvis, Kathryn S.;5.9%;11.8%;70.6%;;5.9%;;;;;;;;;;;;;;;;;;5.9%;
SLHS;SLHS-Speech, Lang&Hear Science;11500;Intro Comm Disorders;202520;Spring 2025;001;10479;Masters, Christi M.;45.7%;13.0%;10.9%;;4.3%;8.7%;8.7%;2.2%;;;;;;;;;;;;;;;6.5%;
;;;Intro Comm Disorders-Honors;202520;Spring 2025;001;10479;Masters, Christi M.;;;100.0%;;;;;;;;;;;;;;;;;;;;;
;;22700;Elements Linguistics;202520;Spring 2025;001;11614;Kaganovich, Natalya B.;62.2%;;;;28.4%;;;4.1%;;;4.1%;;;;;;;;;;;;1.4%;
;;30200;Hearing Science;202520;Spring 2025;012;18999;Mondul, Jane A.;28.9%;18.4%;13.2%;;5.3%;18.4%;7.9%;;2.6%;;2.6%;;2.6%;;;;;;;;;;;
;;;;;;014;23735;Krishnan, Ananthanarayan;12.1%;9.1%;33.3%;;3.0%;12.1%;21.2%;;;;3.0%;3.0%;;;;;;;;;;;3.0%;
;;;Hearing Science-Honors;202520;Spring 2025;012;18999;Mondul, Jane A.;;100.0%;;;;;;;;;;;;;;;;;;;;;;
;;30300;Anat&Phys Of Spch Mechanism;202520;Spring 2025;001;17332;Malandraki, Georgia;23.4%;10.4%;22.1%;;10.4%;9.1%;13.0%;1.3%;;2.6%;;1.3%;;;1.3%;;;;;;;;5.2%;
;;30600;Intro To Phonetics;202520;Spring 2025;001;27035;Krok, Windi C.;40.6%;15.6%;6.3%;;9.4%;6.3%;7.8%;;6.3%;4.7%;;;;;1.6%;;;;;;;;1.6%;
;;;Intro To Phonetics-Honors;202520;Spring 2025;001;27035;Krok, Windi C.;100.0%;;;;;;;;;;;;;;;;;;;;;;;
;;30900;Language Development;202520;Spring 2025;001;12014;Krok, Windi C.;26.9%;19.4%;6.0%;;9.0%;11.9%;9.0%;3.0%;;3.0%;;;3.0%;;3.0%;;;;;;;;6.0%;
;;;Language Development-Honors;202520;Spring 2025;001;12014;Krok, Windi C.;50.0%;;50.0%;;;;;;;;;;;;;;;;;;;;;
;;40200;Intro Hear Loss Treat & Mgmt;202520;Spring 2025;001;20044;Shader, Maureen J.;65.5%;;34.5%;;;;;;;;;;;;;;;;;;;;;
;;40300;Psycholinguistics;202520;Spring 2025;001;23662;Kaganovich, Natalya B.;58.3%;;;;25.0%;;;16.7%;;;;;;;;;;;;;;;;
;;;Psycholinguistics-Honors;202520;Spring 2025;001;23662;Kaganovich, Natalya B.;;;;;100.0%;;;;;;;;;;;;;;;;;;;
;;40800;Intro Voice Up AW & Swall D/O;202520;Spring 2025;001;69010;Kruse, Lydia R.;61.5%;;2.6%;;25.6%;2.6%;5.1%;;;2.6%;;;;;;;;;;;;;;
;;40900;Intro Neural Bases Speech/Hear;202520;Spring 2025;001;69011;Kim, Kwang Seob;11.1%;8.9%;80.0%;;;;;;;;;;;;;;;;;;;;;
;;41800;Understanding Autism;202520;Spring 2025;001;31675;Keehn, Brandon M.;36.4%;24.2%;;;9.1%;12.1%;12.1%;;;3.0%;3.0%;;;;;;;;;;;;;
;;;Understanding Autism-Honors;202520;Spring 2025;001;31675;Keehn, Brandon M.;100.0%;;;;;;;;;;;;;;;;;;;;;;;
;;42000;Intr Dev Spch Lang Dis;202520;Spring 2025;001;12719;Brosseau-Lapre, Francoise;36.3%;15.0%;8.8%;;12.5%;11.3%;8.8%;;2.5%;5.0%;;;;;;;;;;;;;;
;;44400;IntroRes In ComSci&Dis;202520;Spring 2025;001;20256;Krok, Windi C.;78.9%;5.3%;10.5%;;5.3%;;;;;;;;;;;;;;;;;;;
;;44900;Intro Cln Prac Com Dis;202520;Spring 2025;001;53842;Gritt, Anne M.;32.7%;21.8%;25.5%;;5.5%;;12.7%;;;;;;;;;;;;;;;;1.8%;
;;;Intro Cln Prac Com Dis-Honors;202520;Spring 2025;001;53842;Gritt, Anne M.;;;;;100.0%;;;;;;;;;;;;;;;;;;;
;;49800;Undergrad Res Exper;202520;Spring 2025;009;44118;Borovsky, Arielle;100.0%;;;;;;;;;;;;;;;;;;;;;;;
;;53100;Lang Dis In Adults;202520;Spring 2025;001;16305;Lee, Jiyeon;61.3%;32.3%;;;3.2%;;3.2%;;;;;;;;;;;;;;;;;
;;53200;Voice Disorders;202520;Spring 2025;001;16276;Schaser, Allison J.;;;96.7%;3.3%;;;;;;;;;;;;;;;;;;;;
;;53800;Motor Disorders Of Speech;202520;Spring 2025;001;23425;Gutek, Joanne M.;29.0%;3.2%;67.7%;;;;;;;;;;;;;;;;;;;;;
;;54001;Aug & Alt Communication;202520;Spring 2025;001;26148;Gutmann, Michelle L.;48.5%;15.2%;33.3%;;;;3.0%;;;;;;;;;;;;;;;;;
;;54600;Clin Seminar Speech-Lang Path;202520;Spring 2025;001;20477;Loudermill, Chenell;;;100.0%;;;;;;;;;;;;;;;;;;;;;
;;55300;Implantable Devices;202520;Spring 2025;001;22703;Shader, Maureen J.;85.7%;7.1%;;7.1%;;;;;;;;;;;;;;;;;;;;
;;57900;Clinical Practice Aud;202520;Spring 2025;057;44780;Simpson, Jennifer M.;92.3%;7.7%;;;;;;;;;;;;;;;;;;;;;;
;;;;;;149;60534;Newell, Melissa D.;100.0%;;;;;;;;;;;;;;;;;;;;;;;
;;58800;Eval Res In Evid-Based Prac;202520;Spring 2025;001;69023;Krok, Windi C.;90.9%;4.5%;4.5%;;;;;;;;;;;;;;;;;;;;;
;;61900;Scientific Writing;202520;Spring 2025;014;23743;Leonard, Laurence B.;100.0%;;;;;;;;;;;;;;;;;;;;;;;
;;;Seminars In Hearing Research;202520;Spring 2025;010;16293;Shader, Maureen J.;94.1%;5.9%;;;;;;;;;;;;;;;;;;;;;;
;;;Res & Prof Issues;202520;Spring 2025;005;11651;Schaser, Allison J.;;;;;;;;;;;;;;;;;;100.0%;;;;;;
;;;PhD Professional Development;202520;Spring 2025;013;18718;Malandraki, Georgia;;;;;;;;;;;;;;;;;;;;100.0%;;;;
;;64800;SLP Education Extern;202520;Spring 2025;003;17992;Loudermill, Chenell;;;;;;;;;;;;;;;;;;100.0%;;;;;;
;;64900;Slp Healthcare Extern;202520;Spring 2025;007;17994;Bauer Malandraki, Jaime L.;;;;;;;;;;;;;;;;;;100.0%;;;;;;
;;65900;Aud Practice Mgmt;202520;Spring 2025;001;19305;Van Hyfte, Shannon M.;15.8%;5.3%;78.9%;;;;;;;;;;;;;;;;;;;;;
;;66100;Advanced Medical Audiology;202520;Spring 2025;001;28914;Nelson, Theresa L.;10.5%;;89.5%;;;;;;;;;;;;;;;;;;;;;
;;67000;Integrative AuD Grand Rounds;202520;Spring 2025;001;30089;Simpson, Jennifer M.;91.3%;;;;4.3%;;;4.3%;;;;;;;;;;;;;;;;
SOC;SOC-Sociology;10000;Intro Sociology;202520;Spring 2025;003;19089;Ganser, Brittany N.;24.8%;11.4%;34.1%;;8.1%;3.9%;6.5%;1.2%;0.9%;0.5%;0.5%;1.4%;0.9%;;3.0%;;;;;;;;2.8%;
;;;;;;054;23641;Tong, Kooi Chin;21.3%;9.3%;26.7%;;9.3%;6.0%;10.0%;4.7%;2.7%;2.0%;3.3%;0.7%;0.7%;;1.3%;;;;;;;;2.0%;
;;;;;;057;25222;Tong, Kooi Chin;10.0%;13.3%;42.0%;;6.0%;2.7%;8.7%;2.0%;0.7%;5.3%;1.3%;0.7%;2.0%;;1.3%;;;;;;;;4.0%;
;;;;;;059;16346;Pawson, Mark P.;28.0%;20.0%;7.0%;;14.0%;3.0%;6.0%;5.0%;2.0%;3.0%;2.0%;1.0%;;;2.0%;;;;;;;;7.0%;
;;;;;;067;10927;Pawson, Mark P.;24.0%;14.0%;5.0%;;11.0%;9.0%;15.0%;2.0%;2.0%;9.0%;4.0%;;1.0%;;;;;;;;;;4.0%;
;;;;;;076;19979;Feld, Scott L.;20.8%;5.2%;61.5%;;4.2%;1.0%;3.1%;2.1%;;;;;;;1.0%;;;1.0%;;;;;;
;;;;;;077;25575;Renzulli, Linda A.;44.4%;20.0%;24.4%;;2.2%;;2.2%;;2.2%;4.4%;;;;;;;;;;;;;;
;;;;;;078;25576;Grigorovicius, Mantas;91.1%;2.2%;2.2%;;2.2%;2.2%;;;;;;;;;;;;;;;;;;
;;;;;;079;25577;Ren, Jinnan;37.2%;25.6%;14.0%;;7.0%;7.0%;7.0%;;;;;;;;;;;;;;;;2.3%;
;;;;;;080;25578;Kotanko, Adam;95.6%;;;;2.2%;;;;;;;;2.2%;;;;;;;;;;;
;;;;;;082;25586;Kearney, Caitlin E.;65.0%;6.7%;23.3%;;1.7%;;1.7%;;;;;;;;1.7%;;;;;;;;;
;;;;;;083;31150;Ganser, Brittany N.;27.0%;7.9%;54.6%;;2.0%;1.3%;2.6%;2.0%;;0.7%;;;0.7%;;0.7%;;;0.7%;;;;;;
;;;Intro Sociology-Honors;202520;Spring 2025;003;19089;Ganser, Brittany N.;;;100.0%;;;;;;;;;;;;;;;;;;;;;
;;;;;;076;19979;Feld, Scott L.;;;100.0%;;;;;;;;;;;;;;;;;;;;;
;;;;;;083;31150;Ganser, Brittany N.;;;100.0%;;;;;;;;;;;;;;;;;;;;;
;;22000;Social Problems;202520;Spring 2025;006;19152;Hamm, Lindsay M.;12.1%;8.2%;56.8%;;3.0%;4.5%;3.5%;0.9%;0.6%;0.9%;0.2%;;0.4%;;3.2%;;;0.2%;;;;;5.4%;
;;;;;;008;19156;Steinhour, Michael W.;29.5%;13.0%;29.5%;;9.0%;6.5%;5.5%;1.5%;0.5%;1.0%;;;;;1.5%;;;;;;;;2.5%;
;;;;;;011;23428;Steinhour, Michael W.;33.6%;15.2%;27.2%;;9.6%;2.4%;3.2%;3.2%;0.8%;0.8%;0.8%;;;;0.8%;;;;;;;;2.4%;
;;;;;;013;25632;Hudgens, Baylee D.;46.7%;11.1%;20.0%;;4.4%;2.2%;6.7%;2.2%;;;2.2%;2.2%;;;;;;;;;;;2.2%;
;;;;;;014;25633;Frame, Nicole M.;64.4%;11.1%;;;2.2%;2.2%;8.9%;;2.2%;2.2%;;;2.2%;;;;2.2%;;;;;;2.2%;
;;32400;Criminology;202520;Spring 2025;006;22763;Ganser, Brittany N.;30.7%;5.3%;37.3%;;8.0%;;5.3%;1.3%;1.3%;2.7%;;1.3%;;;1.3%;;;;;;;;5.3%;
;;;;;;007;24654;Ganser, Brittany N.;29.3%;17.3%;41.3%;;4.0%;;4.0%;;;2.7%;;;1.3%;;;;;;;;;;;
;;32800;Criminal Justice;202520;Spring 2025;001;19182;Coghill, William M.;56.7%;15.0%;8.3%;;3.3%;;11.7%;1.7%;;;;1.7%;;;;;;;;;;;1.7%;
;;;;;;002;23715;Galloway, Scott D.;40.8%;31.2%;;;2.4%;5.6%;12.0%;1.6%;0.8%;4.0%;;;0.8%;;0.8%;;;;;;;;;
;;34000;Gen Social Psychology;202520;Spring 2025;002;13894;Steinhour, Michael W.;33.6%;15.1%;26.1%;;6.7%;4.2%;7.6%;2.5%;3.4%;;;;;;0.8%;;;;;;;;;
;;35200;Drugs,Culture,&Society;202520;Spring 2025;002;26330;Pawson, Mark P.;14.8%;14.8%;1.6%;;18.0%;8.2%;9.8%;8.2%;6.6%;14.8%;1.6%;;;;;;;;;;;;1.6%;
;;35600;Hate And Violence;202520;Spring 2025;001;19213;Einwohner, Rachel L.;51.7%;21.7%;;;16.7%;;5.0%;;;1.7%;;;;;;;;;;;;;3.3%;
;;38200;Intro Statistics In Sociology;202520;Spring 2025;008;21533;Sennott, Christie A.;35.6%;8.9%;4.4%;;13.3%;4.4%;6.7%;4.4%;;11.1%;2.2%;;;;2.2%;2.2%;;;;;;;4.4%;
;;;;;;010;25805;Reynolds, Jeremy E.;6.8%;6.8%;4.5%;;22.7%;18.2%;15.9%;2.3%;6.8%;6.8%;;2.3%;2.3%;;2.3%;;;;;;;;2.3%;
;;38300;Intro Research Methods In Soc;202520;Spring 2025;006;19265;Pawson, Mark P.;20.9%;25.6%;9.3%;;;;20.9%;2.3%;4.7%;7.0%;;;;;2.3%;;;;;;;;7.0%;
;;;;;;008;23987;Feld, Scott L.;15.0%;15.0%;32.5%;;10.0%;5.0%;2.5%;2.5%;5.0%;5.0%;;;;;2.5%;;;;;;;;5.0%;
;;;;;;009;31580;Stainback, Kevin M.;18.6%;11.6%;4.7%;;7.0%;18.6%;11.6%;2.3%;4.7%;;4.7%;;2.3%;;4.7%;;;;;;;;9.3%;
;;39100;Criminal Law;202520;Spring 2025;003;16354;Charters, Leslie A.;25.0%;15.0%;28.3%;;13.3%;1.7%;11.7%;;;5.0%;;;;;;;;;;;;;;
;;;Social Demography;202520;Spring 2025;005;30818;Tropf, Felix C.;27.3%;15.2%;30.3%;;3.0%;;;;;;;6.1%;;;6.1%;3.0%;;;;;;;9.1%;
;;;Sociology Of Policing;202520;Spring 2025;001;25117;Coghill, William M.;46.5%;14.0%;;;16.3%;7.0%;9.3%;;;2.3%;2.3%;;;;;;;;;;;;2.3%;
;;40200;Sociological Theory;202520;Spring 2025;003;26129;Winchester, Daniel A.;21.3%;2.1%;2.1%;;14.9%;10.6%;10.6%;12.8%;;6.4%;4.3%;4.3%;;;2.1%;;;;;;;;8.5%;
;;;;;;004;26130;Stainback, Kevin M.;35.3%;17.6%;;;3.9%;2.0%;21.6%;2.0%;;2.0%;;;2.0%;;2.0%;;;;;;;;11.8%;
;;;Sociological Theory-Honors;202520;Spring 2025;003;26129;Winchester, Daniel A.;50.0%;;50.0%;;;;;;;;;;;;;;;;;;;;;
;;41100;Social Inequality;202520;Spring 2025;001;25303;Hamm, Lindsay M.;5.0%;25.0%;62.5%;;2.5%;;;;;;;;;;2.5%;;;;;;;;2.5%;
;;41900;Sociology Of Law;202520;Spring 2025;004;18031;Hoffmann, Elizabeth A.;16.4%;21.8%;34.5%;;;7.3%;14.5%;1.8%;;1.8%;;;;;1.8%;;;;;;;;;
;;;;;;005;23990;Mcelhattan, David R.;49.1%;9.4%;18.9%;;5.7%;1.9%;3.8%;;3.8%;3.8%;;;;;1.9%;;;;;;;;1.9%;
;;;Sociology Of Law-Honors;202520;Spring 2025;005;23990;Mcelhattan, David R.;50.0%;50.0%;;;;;;;;;;;;;;;;;;;;;;
;;42300;Field Pract Soc And Law & Soc;202520;Spring 2025;001;43710;Coghill, William M.;46.2%;;53.8%;;;;;;;;;;;;;;;;;;;;;
;;45000;Gender Roles Mod Soc;202520;Spring 2025;005;13246;Rudel, Daniel G.;43.9%;17.5%;17.5%;;8.8%;1.8%;1.8%;;1.8%;1.8%;;1.8%;;;1.8%;;;;;;;;1.8%;
;;;Gender Roles Mod Soc-Honors;202520;Spring 2025;005;13246;Rudel, Daniel G.;33.3%;;66.7%;;;;;;;;;;;;;;;;;;;;;
;;68000;Adv Social Res Meth;202520;Spring 2025;001;26416;Reynolds, Jeremy E.;28.6%;14.3%;42.9%;;;;7.1%;;;;;;;;7.1%;;;;;;;;;
;;68100;Sel Prob Soc Research;202520;Spring 2025;001;30822;Mize, Trenton D.;90.9%;;;9.1%;;;;;;;;;;;;;;;;;;;;
SPAN;SPAN-Spanish;10100;Spanish Level I;202520;Spring 2025;012;14543;Viracacha Suarez, Juan Diego;30.8%;11.5%;11.5%;3.8%;7.7%;;7.7%;7.7%;7.7%;;3.8%;;;;;;;;;;;;7.7%;
;;;;;;013;19328;Viracacha Suarez, Juan Diego;30.8%;26.9%;11.5%;;3.8%;;;7.7%;3.8%;;11.5%;;;;;;;;;;;;3.8%;
;;;;;;014;22834;Pranaya, Pranaya;23.1%;15.4%;7.7%;;11.5%;3.8%;7.7%;15.4%;;;;;;;3.8%;;;;;;;;11.5%;
;;;;;;016;22853;Pranaya, Pranaya;26.9%;23.1%;3.8%;;7.7%;7.7%;7.7%;7.7%;;;;;;;3.8%;;;3.8%;;;;;7.7%;
;;;;;;017;28588;Brito Santos, Thiago;19.2%;15.4%;;;11.5%;3.8%;7.7%;11.5%;3.8%;;11.5%;3.8%;;;3.8%;;;;;;;;7.7%;
;;10200;Spanish Level II;202520;Spring 2025;005;15522;Esparza-Rivera, Rodrigo E.;16.7%;25.0%;8.3%;;8.3%;;8.3%;8.3%;;8.3%;;;;;;;;;;;;;16.7%;
;;;;;;006;15527;O'Donnell, Mary E.;26.1%;13.0%;4.3%;;21.7%;8.7%;8.7%;8.7%;;4.3%;;;;;;;;;;;;;4.3%;
;;;;;;008;15530;Aubeneau, Nelida;26.9%;26.9%;7.7%;;11.5%;7.7%;3.8%;3.8%;;;;;;;3.8%;;;;;;;;7.7%;
;;;;;;009;19341;Honeycutt, Regan M.;23.1%;30.8%;;;15.4%;3.8%;3.8%;7.7%;3.8%;;;;;;3.8%;;;;;;;;7.7%;
;;;;;;010;19353;Honeycutt, Regan M.;23.1%;26.9%;;;26.9%;7.7%;7.7%;3.8%;;;;;;;3.8%;;;;;;;;;
;;;;;;011;19363;Kotanko, Claudia C.;26.9%;19.2%;;;15.4%;7.7%;;3.8%;11.5%;7.7%;3.8%;3.8%;;;;;;;;;;;;
;;;;;;012;28403;Carmona, Anderson C.;13.6%;9.1%;;;22.7%;;13.6%;4.5%;;;9.1%;4.5%;;;9.1%;;;;;;;;13.6%;
;;;;;;014;28409;Esparza-Rivera, Rodrigo E.;50.0%;6.3%;12.5%;;12.5%;;12.5%;;;;;;;;;;;6.3%;;;;;;
;;;;;;015;28410;O'Donnell, Mary E.;20.0%;8.0%;;;20.0%;12.0%;4.0%;16.0%;;;4.0%;;;;8.0%;;;;;;;;8.0%;
;;10500;Accelerated Basic Spanish;202520;Spring 2025;001;26328;Quinones, Agustin;7.7%;15.4%;7.7%;;7.7%;15.4%;7.7%;;;;;;;;30.8%;;;;;;;;7.7%;
;;11200;Elem Spanish Conversation;202520;Spring 2025;001;19396;Quiroga Varon, Jhon H.;7.1%;28.6%;50.0%;;7.1%;;;;;;;7.1%;;;;;;;;;;;;
;;20100;Spanish Level III;202520;Spring 2025;001;52522;Warden, Nolan M.;61.9%;9.5%;;;14.3%;9.5%;;;;;;;;;;;;;;;;;4.8%;
;;;;;;003;52524;Dorribo, Elizabeth Z.;19.2%;23.1%;;;3.8%;3.8%;23.1%;3.8%;3.8%;;3.8%;;;;11.5%;;;;;;;;3.8%;
;;;;;;005;52526;Sanz Giraldo, Laura Lucia;42.3%;3.8%;11.5%;;19.2%;7.7%;3.8%;11.5%;;;;;;;;;;;;;;;;
;;;;;;013;52534;Dorribo, Elizabeth Z.;23.1%;42.3%;;;3.8%;3.8%;7.7%;7.7%;7.7%;3.8%;;;;;;;;;;;;;;
;;;;;;016;52537;Warden, Nolan M.;40.0%;12.0%;4.0%;;12.0%;8.0%;12.0%;;;;;4.0%;4.0%;;4.0%;;;;;;;;;
;;;;;;018;57984;White, Melinda D.;16.0%;24.0%;;;16.0%;12.0%;4.0%;12.0%;;;;;;;16.0%;;;;;;;;;
;;;;;;021;63928;Quinones, Agustin;20.8%;25.0%;4.2%;;29.2%;;4.2%;;4.2%;;4.2%;4.2%;;;4.2%;;;;;;;;;
;;;;;;022;63929;Warden, Nolan M.;36.4%;22.7%;;;4.5%;4.5%;13.6%;4.5%;;;;4.5%;;;4.5%;;;;;;;;4.5%;
;;;;;;023;22625;Sanz Giraldo, Laura Lucia;56.5%;4.3%;8.7%;;4.3%;4.3%;;4.3%;;;4.3%;;;;8.7%;;;;;;;;4.3%;
;;;;;;024;19397;Alvim Ferreira, Carolina;45.8%;50.0%;;;;;4.2%;;;;;;;;;;;;;;;;;
;;;;;;026;31323;Guzman Ruiz, Miluska;36.0%;12.0%;;;;4.0%;16.0%;16.0%;12.0%;4.0%;;;;;;;;;;;;;;
;;20200;Spanish Level IV;202520;Spring 2025;017;31025;Jimenez Flechas, Angela Liliana;32.0%;4.0%;12.0%;;20.0%;12.0%;8.0%;8.0%;;;4.0%;;;;;;;;;;;;;
;;;;;;029;19398;Alvim Ferreira, Carolina;57.7%;7.7%;;;19.2%;3.8%;3.8%;3.8%;;;;;;;;;;;;;;;3.8%;
;;;;;;030;19413;Alvim Ferreira, Carolina;42.3%;19.2%;;;7.7%;11.5%;3.8%;11.5%;;;;;;;3.8%;;;;;;;;;
;;;;;;031;19418;Rojas, Adriana D.;42.3%;19.2%;;;23.1%;;;11.5%;;;;;;;3.8%;;;;;;;;;
;;;;;;032;17179;Baquero Sierra, Manuel Jose A.;35.7%;28.6%;;;3.6%;7.1%;7.1%;;;7.1%;;;;;7.1%;;;;;;;;3.6%;
;;;;;;033;17187;Baquero Sierra, Manuel Jose A.;42.3%;3.8%;;;11.5%;7.7%;11.5%;11.5%;3.8%;;;;;;;;;;;;;;7.7%;
;;;;;;034;17196;Cabrera De Morales, Blanca L.;58.3%;16.7%;;;16.7%;;;;;;;;;;;;;;;;;;8.3%;
;;;;;;035;17199;Cabrera De Morales, Blanca L.;50.0%;11.5%;15.4%;;3.8%;;3.8%;3.8%;;3.8%;3.8%;;;;;;;3.8%;;;;;;
;;21200;Intermed Spanish Conversation;202520;Spring 2025;001;19447;Quiroga Varon, Jhon H.;13.3%;;80.0%;;;;6.7%;;;;;;;;;;;;;;;;;
;;22400;Span Lev IV Bus Span;202520;Spring 2025;002;23001;Cabrera De Morales, Blanca L.;96.0%;;;;4.0%;;;;;;;;;;;;;;;;;;;
;;24100;Intro To Hispanic Lit;202520;Spring 2025;009;17724;Obando Taborda, Andres M.;18.8%;18.8%;31.3%;;6.3%;6.3%;18.8%;;;;;;;;;;;;;;;;;
;;;;;;010;17017;Kim, Yonsoo;57.1%;28.6%;;;;;7.1%;;7.1%;;;;;;;;;;;;;;;
;;;;;;011;17018;Sanchez-Llama, Inigo;22.2%;;66.7%;;5.6%;;5.6%;;;;;;;;;;;;;;;;;
;;30100;Spanish Level V;202520;Spring 2025;017;10413;Papiashvili, Megi;40.0%;20.0%;20.0%;;5.0%;5.0%;10.0%;;;;;;;;;;;;;;;;;
;;;;;;018;19457;Dorribo, Elizabeth Z.;17.6%;41.2%;;;;11.8%;23.5%;;;5.9%;;;;;;;;;;;;;;
;;;;;;019;19463;Dorribo, Elizabeth Z.;11.8%;23.5%;5.9%;;23.5%;;11.8%;;;;;;;;;;;;;;;;23.5%;
;;;;;;020;19467;Papiashvili, Megi;50.0%;5.6%;22.2%;;11.1%;5.6%;5.6%;;;;;;;;;;;;;;;;;
;;;;;;030;28366;Paez Urbano, Kely Y.;53.3%;26.7%;6.7%;;13.3%;;;;;;;;;;;;;;;;;;;
;;30200;Spanish Level VI;202520;Spring 2025;005;27642;Aubeneau, Nelida;42.1%;15.8%;21.1%;;5.3%;;5.3%;;;5.3%;;;;;;;;;;;;;5.3%;
;;;;;;006;27643;Arango Hernandez, Natalia;52.6%;5.3%;26.3%;;10.5%;;5.3%;;;;;;;;;;;;;;;;;
;;;;;;008;27645;Aubeneau, Nelida;35.0%;30.0%;20.0%;;5.0%;;10.0%;;;;;;;;;;;;;;;;;
;;;;;;010;19488;Arango Hernandez, Natalia;40.0%;15.0%;30.0%;;5.0%;;5.0%;;;;;;;;;;;;;;;;5.0%;
;;;;;;011;26763;Aubeneau, Nelida;55.0%;20.0%;5.0%;;10.0%;5.0%;;;;;;;;;;;;;;;;;5.0%;
;;;;;;013;28369;Paez Urbano, Kely Y.;55.0%;10.0%;35.0%;;;;;;;;;;;;;;;;;;;;;
;;;;;;014;32583;Paez Urbano, Kely Y.;30.0%;5.0%;35.0%;;15.0%;10.0%;5.0%;;;;;;;;;;;;;;;;;
;;30801;Adv Span For Heritage Spkrs;202520;Spring 2025;003;29909;Castillo Revelo, Santiago;36.0%;;56.0%;;4.0%;;;;;4.0%;;;;;;;;;;;;;;
;;31200;Advanced Spanish Conversation;202520;Spring 2025;001;19500;Quiroga Varon, Jhon H.;9.1%;;81.8%;;;;;;;;;;;;;;;;;;;;9.1%;
;;32100;Intro Spanish For Professions;202520;Spring 2025;001;14534;Papiashvili, Megi;45.0%;20.0%;25.0%;;5.0%;;;;;;;;;;;;;;;;;;5.0%;
;;;;;;002;14535;Papiashvili, Megi;52.6%;5.3%;42.1%;;;;;;;;;;;;;;;;;;;;;
;;;;;;003;30768;Brito Santos, Thiago;61.9%;19.0%;9.5%;;4.8%;;4.8%;;;;;;;;;;;;;;;;;
;;32200;Spanish For Hlth Professions;202520;Spring 2025;007;19504;Pina Palacio, Lorena;65.0%;10.0%;20.0%;;;;;;;;;;;;;;;;;;;;5.0%;
;;;;;;008;30767;Tenorio, Cecilia I.;42.1%;15.8%;31.6%;;10.5%;;;;;;;;;;;;;;;;;;;
;;32300;Global Sustainable Engineering;202520;Spring 2025;002;23063;Rios-Rojas, Gabriel O.;25.0%;8.3%;50.0%;;16.7%;;;;;;;;;;;;;;;;;;;
;;33000;Span Latin Amer Cinema;202520;Spring 2025;002;28804;No, Song I.;36.7%;23.3%;16.7%;;;3.3%;10.0%;;;;;;;;6.7%;;;;;;;;3.3%;
;;34200;Hispanic Lit II;202520;Spring 2025;001;16482;Sanchez-Llama, Inigo;35.0%;5.0%;60.0%;;;;;;;;;;;;;;;;;;;;;
;;36200;Struc Spanish II;202520;Spring 2025;002;17816;Cuza-Blanco, Alejandro;38.9%;5.6%;27.8%;;16.7%;5.6%;5.6%;;;;;;;;;;;;;;;;;
;;;;;;003;23076;Cuza-Blanco, Alejandro;35.0%;15.0%;20.0%;;10.0%;;15.0%;;;;;;;;;;;;;;;;;5.0%
;;;Struc Spanish II-Honors;202520;Spring 2025;002;17816;Cuza-Blanco, Alejandro;100.0%;;;;;;;;;;;;;;;;;;;;;;;
;;40100;Spanish Level VII;202520;Spring 2025;001;17765;Hamad Zahonero, Nuur;61.5%;23.1%;7.7%;;;;7.7%;;;;;;;;;;;;;;;;;
;;;;;;002;28399;Hamad Zahonero, Nuur;71.4%;7.1%;;;7.1%;;;7.1%;7.1%;;;;;;;;;;;;;;;
;;41500;Spanish Trans & Interpreting;202520;Spring 2025;001;28398;Canete Jurado, Vanesa M.;40.0%;40.0%;13.3%;;;;;;6.7%;;;;;;;;;;;;;;;
;;;;;;002;32448;Canete Jurado, Vanesa M.;35.7%;35.7%;14.3%;;;;14.3%;;;;;;;;;;;;;;;;;
;;42400;Business Spanish;202520;Spring 2025;003;26764;Cabrera De Morales, Blanca L.;95.0%;;;;;;;5.0%;;;;;;;;;;;;;;;;
;;48100;Spanish Culture;202520;Spring 2025;001;28391;Kim, Yonsoo;64.3%;7.1%;21.4%;;;;7.1%;;;;;;;;;;;;;;;;;
STAT;STAT-Statistics;11300;Statistics & Society;202520;Spring 2025;100;27712;Crabill, Cheryl L.;23.0%;1.6%;16.4%;;18.0%;;8.2%;13.1%;;1.6%;;;;;11.5%;;;;;;;;6.6%;
;;;;;;200;27713;Crabill, Cheryl L.;26.1%;2.5%;11.8%;;26.1%;5.0%;6.7%;6.7%;;5.0%;1.7%;;2.5%;;2.5%;;;;;;;;3.4%;
;;;;;;205;16948;Crabill, Cheryl L.;20.7%;6.0%;5.2%;;28.4%;1.7%;6.9%;9.5%;;6.0%;5.2%;;;;4.3%;;;;;;;;6.0%;
;;25000;Problem Solving In Probability;202520;Spring 2025;001;47167;Garner, Julia A.;10.0%;10.0%;10.0%;;5.0%;5.0%;;15.0%;5.0%;5.0%;;10.0%;5.0%;;;;;10.0%;;;;;10.0%;
;;30100;Elem Stat Meth;202520;Spring 2025;005;23710;Rendall, Joshua D.;8.9%;10.7%;3.6%;;7.1%;12.5%;17.9%;10.7%;3.6%;1.8%;;1.8%;7.1%;;8.9%;;;;;;;;5.4%;
;;;;;;010;15492;Sharabati, Walid K.;5.1%;15.3%;3.4%;;16.9%;15.3%;16.9%;5.1%;5.1%;8.5%;;3.4%;1.7%;;1.7%;;;;;;;;1.7%;
;;;;;;014;22747;Rendall, Joshua D.;10.2%;8.5%;10.2%;;6.8%;16.9%;11.9%;11.9%;6.8%;1.7%;1.7%;1.7%;3.4%;;5.1%;;;;;;;;3.4%;
;;;;;;210;15480;Solomon, Bruce P.;15.0%;10.0%;10.0%;;8.3%;20.0%;11.7%;1.7%;10.0%;5.0%;;;1.7%;;5.0%;;;;;;;;1.7%;
;;;;;;280;15481;Solomon, Bruce P.;11.9%;22.0%;8.5%;;13.6%;13.6%;5.1%;1.7%;10.2%;;;1.7%;1.7%;;6.8%;;;;;;;;3.4%;
;;;;;;350;15482;Solomon, Bruce P.;12.1%;15.5%;10.3%;;5.2%;15.5%;10.3%;1.7%;1.7%;5.2%;;;1.7%;;12.1%;;;;;;;;8.6%;
;;;;;;420;15483;Solomon, Bruce P.;11.7%;26.7%;11.7%;;11.7%;15.0%;6.7%;1.7%;3.3%;5.0%;;;3.3%;;3.3%;;;;;;;;;
;;;;;;490;15484;Sharabati, Walid K.;11.7%;23.3%;8.3%;;6.7%;18.3%;15.0%;1.7%;1.7%;6.7%;;1.7%;1.7%;;1.7%;;;;;;;;1.7%;
;;;;;;560;15485;Sharabati, Walid K.;16.7%;23.3%;6.7%;;5.0%;10.0%;11.7%;11.7%;1.7%;1.7%;1.7%;;6.7%;;1.7%;;;;;;;;1.7%;
;;;;;;630;15486;Jung, Jiwon;11.9%;18.6%;11.9%;;6.8%;6.8%;22.0%;5.1%;3.4%;6.8%;1.7%;;1.7%;;;;;;;;;;3.4%;
;;;;;;700;15487;Jung, Jiwon;15.0%;18.3%;18.3%;;8.3%;10.0%;18.3%;3.3%;5.0%;;;1.7%;;;1.7%;;;;;;;;;
;;;;;;770;15488;Mercier, William C.;10.9%;14.5%;5.5%;;18.2%;14.5%;14.5%;3.6%;1.8%;10.9%;;1.8%;;;1.8%;;;;;;;;1.8%;
;;;;;;840;15489;Mercier, William C.;8.5%;10.2%;10.2%;;18.6%;20.3%;6.8%;1.7%;1.7%;5.1%;1.7%;3.4%;1.7%;;3.4%;;;;;;;;6.8%;
;;;;;;910;15490;Wu, Chenzhong;6.8%;18.6%;5.1%;;10.2%;13.6%;13.6%;5.1%;1.7%;8.5%;;1.7%;;;6.8%;;;;;;;;8.5%;
;;;;;;980;15491;Wu, Chenzhong;11.9%;11.9%;6.8%;;10.2%;16.9%;10.2%;11.9%;3.4%;8.5%;3.4%;1.7%;1.7%;;;;;;;;;;1.7%;
;;;;;;982;13472;Sharabati, Walid K.;11.7%;20.0%;6.7%;;10.0%;13.3%;11.7%;3.3%;5.0%;10.0%;1.7%;;;;;;;1.7%;;;;;5.0%;
;;;;;;983;13473;Rendall, Joshua D.;13.6%;8.5%;16.9%;;16.9%;6.8%;6.8%;6.8%;3.4%;8.5%;;1.7%;3.4%;;;;;;;;;;6.8%;
;;;;;;D01;10334;Munson, Christina E.;16.2%;19.7%;16.2%;;7.5%;8.7%;12.7%;2.3%;2.9%;1.7%;2.3%;1.2%;1.2%;;4.0%;;;;;;;;3.5%;
;;;;;;IMA;15478;Munson, Christina E.;12.8%;12.8%;10.3%;;17.9%;15.4%;10.3%;5.1%;5.1%;;;;;;5.1%;;;;;;;;5.1%;
;;;;;;IMB;15479;Munson, Christina E.;12.5%;22.5%;12.5%;;7.5%;5.0%;12.5%;2.5%;10.0%;5.0%;2.5%;2.5%;2.5%;;;;;;;;;;2.5%;
;;;Elem Stat Meth-Honors;202520;Spring 2025;770;15488;Mercier, William C.;;100.0%;;;;;;;;;;;;;;;;;;;;;;
;;;;;;D01;10334;Munson, Christina E.;;;100.0%;;;;;;;;;;;;;;;;;;;;;
;;30301;Prob & Stat For Business;202520;Spring 2025;100;21560;Porterfield, Pamela F.;19.3%;1.7%;;;21.9%;1.7%;1.3%;24.0%;1.3%;6.0%;9.9%;0.4%;;;3.9%;;;;;;;;8.6%;
;;;;;;200;21561;Porterfield, Pamela F.;9.5%;1.2%;0.4%;;25.8%;1.2%;1.6%;32.1%;1.2%;4.0%;11.5%;0.4%;;;4.4%;;;;;;;;6.7%;
;;;;;;214;27604;Porterfield, Pamela F.;16.4%;;;;18.1%;3.4%;3.4%;19.0%;;6.9%;14.7%;;;;5.2%;;;;;;;;12.9%;
;;31100;Intro Probability;202520;Spring 2025;001;27841;Findsen, Leonore A.;14.8%;3.7%;22.2%;;37.0%;;;3.7%;;;;;;;11.1%;;;;;;;;7.4%;
;;35000;Intro To Statistics;202520;Spring 2025;100;42907;Shin, Halin;22.4%;5.2%;;;19.0%;3.4%;10.3%;15.5%;5.2%;3.4%;6.9%;;1.7%;;3.4%;;;;;;;;3.4%;
;;;;;;200;27846;Reese, Timothy G.;24.1%;8.6%;3.4%;;19.0%;5.2%;10.3%;6.9%;3.4%;6.9%;1.7%;;;;3.4%;;;;;;;;6.9%;
;;;;;;400;14966;Ahn, Heekyung;18.6%;10.2%;;;22.0%;13.6%;5.1%;6.8%;3.4%;1.7%;6.8%;1.7%;1.7%;;5.1%;;;;;;;;3.4%;
;;;;;;500;14964;Matangi, Evidence S.;18.3%;5.0%;;;18.3%;8.3%;6.7%;18.3%;5.0%;3.3%;1.7%;1.7%;;;3.3%;;;;;;;;10.0%;
;;;;;;600;16228;Matangi, Evidence S.;33.3%;5.0%;1.7%;;18.3%;6.7%;16.7%;3.3%;;6.7%;1.7%;;;;3.3%;;;;;;;;3.3%;
;;;;;;700;25204;Matangi, Evidence S.;23.3%;5.0%;1.7%;;15.0%;6.7%;5.0%;16.7%;10.0%;1.7%;1.7%;1.7%;;;3.3%;;;;;;;;8.3%;
;;;;;;999;12211;Reese, Timothy G.;15.6%;2.8%;1.7%;;21.2%;2.2%;6.7%;8.4%;6.1%;5.0%;5.6%;;;;7.3%;;;;;;;;17.3%;
;;35500;Stat For Data Science-Honors;202520;Spring 2025;002;17014;Keaton, Timothy J.;100.0%;;;;;;;;;;;;;;;;;;;;;;;
;;;Statistics For Data Science;202520;Spring 2025;002;17014;Keaton, Timothy J.;19.2%;11.5%;19.2%;;11.5%;3.8%;15.4%;3.8%;3.8%;7.7%;3.8%;;;;;;;;;;;;;
;;;;;;003;27606;Keaton, Timothy J.;15.8%;21.1%;15.8%;;10.5%;10.5%;;5.3%;5.3%;5.3%;5.3%;;;;5.3%;;;;;;;;;
;;41600;Probability;202520;Spring 2025;001;13255;Glubokov, Andrey;9.3%;14.0%;2.3%;;32.6%;9.3%;18.6%;7.0%;2.3%;4.7%;;;;;;;;;;;;;;
;;;;;;002;13262;Glubokov, Andrey;4.8%;28.6%;;;28.6%;14.3%;14.3%;;;4.8%;;;2.4%;;2.4%;;;;;;;;;
;;;;;;003;13325;Owada, Takashi;5.3%;7.9%;2.6%;;15.8%;15.8%;10.5%;5.3%;;21.1%;5.3%;;;;2.6%;;;;;;;;7.9%;
;;;;;;004;13379;Owada, Takashi;12.8%;5.1%;;;25.6%;17.9%;5.1%;;;12.8%;7.7%;2.6%;;;5.1%;;;;;;;;5.1%;
;;;;;;005;15624;Samperton, Eric G.;18.8%;12.5%;6.3%;;12.5%;6.3%;12.5%;12.5%;;9.4%;3.1%;3.1%;;;;;;;;;;;3.1%;
;;;;;;006;15626;Samperton, Eric G.;12.5%;18.8%;6.3%;;9.4%;9.4%;12.5%;3.1%;3.1%;6.3%;;3.1%;6.3%;;3.1%;;;;;;;;6.3%;
;;;;;;007;15630;Ju, Nianqiao;15.6%;9.4%;6.3%;;6.3%;6.3%;3.1%;12.5%;;;12.5%;9.4%;;;;;;;;;;;18.8%;
;;;;;;008;15633;Ju, Nianqiao;20.0%;8.0%;8.0%;;4.0%;16.0%;4.0%;8.0%;;;4.0%;12.0%;;;;;4.0%;;;;;;12.0%;
;;41700;Statistical Theory;202520;Spring 2025;002;42902;Xu, Mengyi;6.9%;3.4%;3.4%;;10.3%;20.7%;10.3%;3.4%;3.4%;17.2%;10.3%;3.4%;3.4%;;;;;;;;;;3.4%;
;;;;;;005;29858;Yarger, Andrew N.;24.0%;12.0%;;;20.0%;8.0%;14.0%;14.0%;2.0%;2.0%;;;2.0%;;;;;;;;;;2.0%;
;;;;;;006;22976;Lin, Dennis K.;27.5%;7.5%;7.5%;;10.0%;15.0%;17.5%;10.0%;;;;;;;;2.5%;;;;;;;2.5%;
;;;;;;SC1;15858;Xu, Mengyi;5.9%;8.8%;8.8%;;20.6%;5.9%;8.8%;5.9%;11.8%;5.9%;;;2.9%;;5.9%;;;;;;;;8.8%;
;;42000;Intro Time Series;202520;Spring 2025;001;27851;Pasupathy, Raghu;7.7%;13.5%;;;23.1%;11.5%;7.7%;13.5%;;15.4%;;;;1.9%;;1.9%;;;;;;;3.8%;
;;;;;;002;42903;Liu, Haibo;15.0%;11.7%;30.0%;;16.7%;;3.3%;10.0%;;8.3%;;1.7%;;;;;;;;;;;3.3%;
;;47201;Fund Long Term Actuarial Math;202520;Spring 2025;001;23986;Ray, Sally A.;28.6%;14.3%;5.4%;;12.5%;7.1%;8.9%;3.6%;;5.4%;1.8%;3.6%;;;7.1%;;;;;;;;1.8%;
;;47301;Intro To Derivatives Pricing;202520;Spring 2025;SC1;15138;Rubin, Daniel E.;20.0%;12.5%;17.5%;;10.0%;15.0%;7.5%;5.0%;2.5%;2.5%;;;2.5%;;2.5%;;;2.5%;;;;;;
;;47401;Statistics For Risk Modeling I;202520;Spring 2025;001;20162;Liu, Haibo;29.7%;2.7%;16.2%;;5.4%;10.8%;10.8%;2.7%;2.7%;10.8%;2.7%;2.7%;2.7%;;;;;;;;;;;
;;47902;Fund Short Term Actuarial Math;202520;Spring 2025;001;13464;Noack, Christian J.;11.7%;;51.7%;;3.3%;;13.3%;3.3%;;5.0%;1.7%;3.3%;;;3.3%;;;;;;;;3.3%;
;;49000;Actuarial Sci Capstone-Honors;202520;Spring 2025;002;20303;Rubin, Daniel E.;50.0%;;50.0%;;;;;;;;;;;;;;;;;;;;;
;;;Actuarial Science Capstone;202520;Spring 2025;002;20303;Rubin, Daniel E.;76.9%;7.7%;7.7%;;7.7%;;;;;;;;;;;;;;;;;;;
;;50100;Experimental Stat I;202520;Spring 2025;001;58500;Findsen, Leonore A.;47.8%;13.0%;13.0%;;10.9%;2.2%;6.5%;2.2%;;;;;;;;2.2%;;;;;;;2.2%;
;;50300;Stat Methods Biology;202520;Spring 2025;002;27858;Xing, Yan;17.5%;14.0%;8.8%;;10.5%;15.8%;12.3%;3.5%;;8.8%;;;3.5%;;1.8%;;;;;;;;3.5%;
;;;;;;004;27859;Xing, Yan;21.1%;10.5%;5.3%;;17.5%;1.8%;10.5%;8.8%;3.5%;8.8%;3.5%;1.8%;;;3.5%;;;;;;;;3.5%;
;;;;;;Y01;12324;Xing, Yan;10.3%;9.2%;3.4%;;13.8%;6.9%;20.7%;8.0%;3.4%;5.7%;3.4%;1.1%;1.1%;;1.1%;;;;;;;;11.5%;
;;50600;Stat Programming;202520;Spring 2025;001;27863;Colver, Tadd N.;44.1%;;;;39.0%;;;6.8%;;;1.7%;;;;5.1%;;;;;;;;3.4%;
;;51100;Statistical Methods;202520;Spring 2025;003;27864;Qu, Yuan;41.7%;3.3%;1.7%;;50.0%;;;;;1.7%;;;;;;;;;;;;;1.7%;
;;;;;;005;53197;Qu, Yuan;45.0%;;1.7%;;38.3%;3.3%;3.3%;8.3%;;;;;;;;;;;;;;;;
;;;;;;006;10682;Zhang, Tonglin;31.1%;8.2%;13.1%;;13.1%;1.6%;21.3%;8.2%;;1.6%;;;;;;;;;;;;;1.6%;
;;;;;;008;19588;Zhang, Lingsong;17.9%;8.9%;3.6%;;23.2%;8.9%;3.6%;8.9%;7.1%;8.9%;7.1%;;;;;;;;;;;;1.8%;
;;;;;;009;27942;Chakraborty, Antik;54.2%;;;;13.6%;;22.0%;1.7%;1.7%;3.4%;;;3.4%;;;;;;;;;;;
;;;;;;010;13209;Wu, Chenzhong;1.8%;8.8%;3.5%;;14.0%;3.5%;10.5%;15.8%;8.8%;15.8%;12.3%;;;;3.5%;;;;;;;;1.8%;
;;;;;;011;31792;Zhang, Lingsong;33.9%;11.9%;27.1%;;;5.1%;10.2%;1.7%;;5.1%;;;;;3.4%;1.7%;;;;;;;;
;;51200;Appl Regr Analysis;202520;Spring 2025;001;27870;Qin, Tiantian;6.1%;6.1%;;;45.5%;6.1%;6.1%;15.2%;;6.1%;;;3.0%;;3.0%;;;;;;;;3.0%;
;;;;;;003;27869;Qin, Tiantian;11.4%;15.9%;;;34.1%;2.3%;6.8%;13.6%;2.3%;9.1%;;;2.3%;;2.3%;;;;;;;;;
;;;;;;Y01;18360;Qin, Tiantian;8.3%;8.3%;;1.2%;26.2%;13.1%;6.0%;15.5%;1.2%;3.6%;2.4%;4.8%;2.4%;;;;;;;;;;7.1%;
;;51300;Stat Quality Control;202520;Spring 2025;001;42862;Lin, Dennis K.;30.6%;9.7%;;;25.0%;6.9%;11.1%;11.1%;;;2.8%;;;;;;;;;;;;2.8%;
;;51400;Design Of Experiment;202520;Spring 2025;001;27875;Xi, Bowei;57.6%;18.2%;15.2%;;;;9.1%;;;;;;;;;;;;;;;;;
;;;;;;003;18586;Xi, Bowei;34.4%;18.8%;31.3%;3.1%;9.4%;;3.1%;;;;;;;;;;;;;;;;;
;;51600;Basic Probability Appl;202520;Spring 2025;001;27879;Gao, Boran;4.5%;9.1%;54.5%;;13.6%;4.5%;13.6%;;;;;;;;;;;;;;;;;
;;51700;Statistical Inference;202520;Spring 2025;001;22281;Chakraborty, Antik;50.0%;;;;11.1%;5.6%;22.2%;;;5.6%;;;;;;;;;;;;;5.6%;
;;51900;Intro To Probability;202520;Spring 2025;001;42858;Awan, Jordan A.;5.9%;17.6%;11.8%;5.9%;11.8%;5.9%;11.8%;;;5.9%;;;11.8%;;;;;;;;;;11.8%;
;;52000;Time Series Applic;202520;Spring 2025;002;14460;Levine, Michael;42.1%;5.3%;;10.5%;31.6%;;;;;;;;;;;;;;;;;;10.5%;
;;52200;Sampling Design And Analysis;202520;Spring 2025;002;14473;Craig, Bruce A.;33.3%;3.3%;;3.3%;30.0%;3.3%;10.0%;10.0%;3.3%;3.3%;;;;;;;;;;;;;;
;;52600;Adv Stat Methodology;202520;Spring 2025;001;27886;Song, Qifan;44.7%;;;2.6%;39.5%;;2.6%;;;;;;;;;;;;;;;;10.5%;
;;52800;Intro Math Stat;202520;Spring 2025;001;27887;Dasgupta, Anirban;;18.2%;;;18.2%;27.3%;9.1%;;;;;9.1%;;;;;;;;;;;18.2%;
;;53200;Elem Stochastic Proc;202520;Spring 2025;001;43058;Janjigian, Christopher;60.0%;15.0%;;;15.0%;;;;;;;;;;;;;;;;;;10.0%;
;;54000;Computation Finance I;202520;Spring 2025;005;23708;Lee, Kiseop;70.0%;;10.0%;5.0%;5.0%;;;5.0%;;;;;;;;;;;;;;;5.0%;
;;54500;Intro Comp Statistics;202520;Spring 2025;001;29460;Bhadra, Anindya;14.3%;11.4%;22.9%;8.6%;8.6%;5.7%;14.3%;5.7%;2.9%;;;;;;;;;;;;;;5.7%;
;;55300;Linear Models;202520;Spring 2025;001;35744;Zhu, Yu Michael;12.0%;16.0%;16.0%;16.0%;20.0%;4.0%;8.0%;;;;;;;;;;;;;;;;8.0%;
;;59700;Stat Consulting Seminar;202520;Spring 2025;001;27896;Craig, Bruce A.;75.0%;25.0%;;;;;;;;;;;;;;;;;;;;;;
;;59800;Data Science Finance Seminar;202520;Spring 2025;508;23371;Lee, Kiseop;82.1%;;17.9%;;;;;;;;;;;;;;;;;;;;;
;;;Machine Learning I;202520;Spring 2025;101;23903;Chan, Stanley H.;38.2%;11.8%;2.9%;8.8%;5.9%;8.8%;;2.9%;;;;;;;2.9%;;;5.9%;;;;;8.8%;2.9%
;;69100;Probability Seminar;202520;Spring 2025;001;15605;Janjigian, Christopher;;;;;;;;;;;;;;;;;;100.0%;;;;;;
;;69200;Research Colloquium;202520;Spring 2025;SC1;47574;Yarger, Andrew N.;;;;;;;;;;;;;;;;;1.5%;96.9%;;;;;1.5%;
;;69500;Causal Inference Rubin Model;202520;Spring 2025;002;31649;Sabbaghi, Arman;81.8%;;;9.1%;;;;;;;;;;;;;;;;;;;9.1%;
;;;Differential Privacy;202520;Spring 2025;001;30472;Awan, Jordan A.;12.5%;18.8%;43.8%;25.0%;;;;;;;;;;;;;;;;;;;;
SYS;SYS-Purdue Sys Collaboratory;30000;Address Global Challngs-Honors;202520;Spring 2025;H01;11228;Karabiyik, Tugba;35.6%;13.6%;20.3%;;10.2%;5.1%;11.9%;3.4%;;;;;;;;;;;;;;;;
;;35000;Systems Methods;202520;Spring 2025;001;22961;Karabiyik, Tugba;35.0%;11.7%;40.0%;;1.7%;1.7%;6.7%;3.3%;;;;;;;;;;;;;;;;
;;40000;Systems Praxis;202520;Spring 2025;001;22969;Mall, Kshitij;17.1%;;80.0%;;;;2.9%;;;;;;;;;;;;;;;;;
;;53000;Practical Systems Thinking;202520;Spring 2025;001;29312;Reinhardt, Jason C.;6.7%;13.3%;73.3%;;6.7%;;;;;;;;;;;;;;;;;;;
;;;;;;WNG;13876;Reinhardt, Jason C.;35.1%;5.4%;56.8%;;;;2.7%;;;;;;;;;;;;;;;;;
TDM;TDM-The Data Mine;10200;The Data Mine Seminar II;202520;Spring 2025;008;28531;Ward, Mark D.;27.1%;1.1%;48.4%;;8.5%;1.1%;1.7%;2.6%;0.1%;0.6%;2.4%;0.4%;;;2.9%;0.1%;;;;;;;2.9%;
;;;;;;SC1;19799;Ward, Mark D.;27.6%;3.4%;58.6%;;;;3.4%;;;;3.4%;;;;3.4%;;;;;;;;;
;;;;;;SC2;19803;Ward, Mark D.;25.0%;3.1%;53.1%;;9.4%;;3.1%;;;;3.1%;;;;3.1%;;;;;;;;;
;;;;;;SC3;19810;Ward, Mark D.;25.7%;;51.4%;;8.6%;;;2.9%;;;;2.9%;;;2.9%;;;;;;;;5.7%;
;;;;;;SC4;19841;Ward, Mark D.;25.3%;0.6%;51.2%;;7.2%;;3.0%;4.8%;0.6%;1.2%;;;0.6%;;3.0%;;;;;;;;2.4%;
;;20200;The Data Mine Seminar IV;202520;Spring 2025;003;19811;Ward, Mark D.;38.5%;;46.2%;;7.7%;;;;;;;;;;;;;;;;;;7.7%;
;;;;;;004;19842;Ward, Mark D.;25.8%;2.5%;48.3%;;9.2%;0.8%;1.7%;4.2%;0.8%;2.5%;1.7%;;;;2.5%;;;;;;;;;
;;;;;;008;28529;Ward, Mark D.;34.9%;1.6%;36.4%;;12.4%;0.8%;3.9%;1.6%;;0.8%;1.6%;;;;3.1%;;;;;;;;3.1%;
;;;;;;SC1;19800;Ward, Mark D.;53.8%;;23.1%;;7.7%;;;;;;;;;;7.7%;;;;;;;;7.7%;
;;30200;The Data Mine Seminar VI;202520;Spring 2025;004;19843;Ward, Mark D.;13.6%;4.5%;45.5%;;9.1%;;;9.1%;;;;;;;4.5%;;;;;;;;13.6%;
;;;;;;008;28532;Ward, Mark D.;16.7%;;50.0%;;8.3%;;;8.3%;;;;;;;8.3%;;;;;;;;8.3%;
TECH;TECH-Technology;12000;Design Thinking In Technology;202520;Spring 2025;001;64774;Waqar, Hassaan A.;70.3%;10.8%;;;5.4%;;5.4%;;2.7%;5.4%;;;;;;;;;;;;;;
;;;;;;004;64815;Owen, Silas M.;26.3%;18.4%;;;7.9%;7.9%;15.8%;;5.3%;5.3%;;2.6%;;;2.6%;;;;;;;;7.9%;
;;;;;;006;64817;Ayokanmi, Damilola B.;51.4%;24.3%;;;8.1%;5.4%;2.7%;2.7%;;5.4%;;;;;;;;;;;;;;
;;;;;;009;64820;Ruiz Castro, Angel G.;53.8%;15.4%;;;7.7%;2.6%;7.7%;;2.6%;5.1%;;2.6%;;;;;;;;;;;2.6%;
;;;;;;011;19484;Waqar, Hassaan A.;53.8%;10.3%;;;7.7%;5.1%;10.3%;2.6%;2.6%;;;2.6%;;;2.6%;;;;;;;;2.6%;
;;;;;;012;19485;Abraham, Ivy;41.0%;20.5%;;;15.4%;2.6%;2.6%;2.6%;2.6%;7.7%;;;;;;;;;;;;;5.1%;
;;;;;;013;19486;Owen, Silas M.;64.1%;17.9%;;;5.1%;;2.6%;2.6%;;;;;;;5.1%;;;;;;;;2.6%;
;;;;;;014;19490;Ruiz Castro, Angel G.;48.6%;8.6%;;;5.7%;2.9%;11.4%;5.7%;;8.6%;;;;;5.7%;;;;;;;;2.9%;
;;;;;;015;19528;Ayokanmi, Damilola B.;70.0%;7.5%;;;7.5%;2.5%;5.0%;;;2.5%;;;;;;;;;;;;;5.0%;
;;;;;;016;19533;Ruiz Castro, Angel G.;53.7%;17.1%;;;4.9%;4.9%;4.9%;2.4%;4.9%;2.4%;;;;;2.4%;;;;;;;;2.4%;
;;;;;;017;19536;Abraham, Ivy;35.9%;15.4%;;;17.9%;5.1%;12.8%;2.6%;;;;;2.6%;;2.6%;;;;;;;;5.1%;
;;;;;;018;19537;Kotha, Eswarya;59.0%;;;;7.7%;5.1%;5.1%;2.6%;;5.1%;;;5.1%;;2.6%;;;;;;;;7.7%;
;;;;;;019;16266;Ayokanmi, Damilola B.;57.5%;15.0%;;;10.0%;;7.5%;;;5.0%;;;;;2.5%;;;;;;;;2.5%;
;;;;;;020;16267;Farrington, Shawn W.;60.0%;10.0%;;;2.5%;2.5%;5.0%;10.0%;;5.0%;;;;;2.5%;;;;;;;;2.5%;
;;;;;;021;16268;Taha, .;56.4%;12.8%;;;7.7%;10.3%;2.6%;2.6%;;2.6%;;2.6%;;;2.6%;;;;;;;;;
;;;;;;035;24937;Kotha, Eswarya;66.7%;5.1%;;;5.1%;7.7%;10.3%;2.6%;2.6%;;;;;;;;;;;;;;;
;;;;;;037;13780;Taha, .;55.0%;15.0%;;;17.5%;;7.5%;;;5.0%;;;;;;;;;;;;;;
;;22000;Design Technology For People;202520;Spring 2025;001;19822;Farrington, Shawn W.;35.1%;5.4%;29.7%;;2.7%;5.4%;16.2%;;;2.7%;;;;;2.7%;;;;;;;;;
;;33000;Tech And The Global Society;202520;Spring 2025;001;64767;Hammoud, Abrar;24.1%;5.6%;31.5%;;16.7%;1.9%;3.7%;11.1%;;3.7%;1.9%;;;;;;;;;;;;;
;;;;;;030;30379;Hammoud, Abrar;30.8%;7.7%;42.3%;;3.8%;3.8%;;3.8%;;;3.8%;;;;3.8%;;;;;;;;;
;;34000;Prototyping Tech For People;202520;Spring 2025;002;23885;Lucas, Deana;63.4%;9.8%;;;7.3%;2.4%;;7.3%;;7.3%;;2.4%;;;;;;;;;;;;
;;60300;Graduate Seminar - Planning;202520;Spring 2025;002;32473;Elliott, Stephen J.;;;83.3%;;;8.3%;8.3%;;;;;;;;;;;;;;;;;
;;69900;Research PhD Thesis;202520;Spring 2025;022;27967;Chen, Yingjie;;;;;;;;;;;;;;;;;;;;100.0%;;;;
THTR;THTR-Theatre;13300;Acting I;202520;Spring 2025;003;27976;Paulino Adames, Sophia;;16.7%;75.0%;;8.3%;;;;;;;;;;;;;;;;;;;
;;;;;;015;34270;Hinckley, Margaret A.;83.3%;;;;16.7%;;;;;;;;;;;;;;;;;;;
;;;;;;020;16083;Mejia Restrepo, Juanita M.;8.3%;8.3%;75.0%;;;;;;8.3%;;;;;;;;;;;;;;;
;;;;;;021;19663;Fulkerson, John G.;;;75.0%;;;8.3%;;;;;;;;;8.3%;;;;;;;;8.3%;
;;15003;Intro To Rigging For Theatre;202520;Spring 2025;001;18573;Gillette, Adam J.;14.3%;;71.4%;;;;;;;;;;;;;;;;;;;;14.3%;
;;16000;Intro Scene Des/Tech;202520;Spring 2025;001;27981;Isquith, Rosalind C.;30.8%;15.4%;;;7.7%;;;15.4%;;;7.7%;;;7.7%;;;;;;;;;15.4%;
;;16100;Intro Costume Des/Tech;202520;Spring 2025;001;27984;Rosolowski, Emily L.;7.1%;;64.3%;;;;;;;;;7.1%;;;7.1%;;;;;;;;14.3%;
;;16200;Intro Light Des/Tech;202520;Spring 2025;001;27987;Clark, Sierra K.;14.3%;;64.3%;;;;;;;;;;;;7.1%;;;;;;;;14.3%;
;;16300;Intro Sound Des/Tech;202520;Spring 2025;001;27989;Clouse, Jacob E.;7.1%;;92.9%;;;;;;;;;;;;;;;;;;;;;
;;20100;Theatre Appreciation;202520;Spring 2025;001;63400;Mcnamara, Michael J.;84.2%;;;;5.3%;;;2.6%;;;;;;;7.9%;;;;;;;;;
;;23300;Acting II;202520;Spring 2025;001;27998;Damman, Anne M.;92.3%;;;;;;;;;;;;;;;7.7%;;;;;;;;
;;25600;Stage Make-Up;202520;Spring 2025;002;24088;Davey, Caitlin E.;7.7%;;76.9%;;;;;;;7.7%;;;;;;;;;;;;;7.7%;
;;26300;Intro To Sound Studios;202520;Spring 2025;001;28009;Kim, SuJin;90.9%;;;;;;;9.1%;;;;;;;;;;;;;;;;
;;35300;Thtr Audio Tech I;202520;Spring 2025;001;24097;Aplin, Mercer M.;37.5%;6.3%;31.3%;;12.5%;;6.3%;;;6.3%;;;;;;;;;;;;;;
;;35400;Painting For The Stage;202520;Spring 2025;001;24089;Isquith, Rosalind C.;92.3%;7.7%;;;;;;;;;;;;;;;;;;;;;;
;;38100;Theatre Historiography;202520;Spring 2025;001;34291;Lewis, William W.;45.5%;27.3%;;;;;;;9.1%;;;9.1%;;;;;;;;;;;9.1%;
;;53600;Midsummer;202520;Spring 2025;001;28034;Damman, Anne M.;100.0%;;;;;;;;;;;;;;;;;;;;;;;
;;59000;Voice Over And Narration;202520;Spring 2025;001;28449;Damman, Anne M.;90.5%;9.5%;;;;;;;;;;;;;;;;;;;;;;
TLI;TLI-Technology Ldrshp Innovatn;11200;Foundations Of Org Leadership;202520;Spring 2025;030;14527;Plaskoff, Joshua A.;56.1%;10.6%;;;6.7%;8.3%;9.4%;0.6%;1.7%;0.6%;;;0.6%;;3.9%;;;;;;;;1.7%;
;;;;;;031;14528;Plaskoff, Joshua A.;58.5%;11.9%;;;4.3%;4.7%;7.6%;2.2%;0.7%;2.5%;;0.7%;1.8%;;2.9%;;;;;;;;2.2%;
;;;Foundatns Of Org Ldrsp-Honors;202520;Spring 2025;031;14528;Plaskoff, Joshua A.;100.0%;;;;;;;;;;;;;;;;;;;;;;;
;;15200;Business Prin Org Leadership;202520;Spring 2025;001;15815;Jones, Matthew D.;73.9%;;;;18.5%;;;4.2%;;;;;;;0.8%;;;;;;;;2.5%;
;;;;;;003;24790;Jones, Matthew D.;81.2%;;;;12.0%;;;2.6%;;;;;;;4.3%;;;;;;;;;
;;20000;Org Leadership Exploration;202520;Spring 2025;001;28152;Linvill, Jennifer S.;35.6%;26.7%;15.6%;;2.2%;2.2%;6.7%;;2.2%;2.2%;;;;;4.4%;;;;;;;;2.2%;
;;21300;Project Management;202520;Spring 2025;002;18206;Bittinger, Christopher N.;28.3%;15.0%;43.3%;;1.7%;1.7%;3.3%;;1.7%;3.3%;;;;;;;;;;;;;1.7%;
;;;;;;005;19752;Bittinger, Christopher N.;15.3%;8.5%;62.7%;;1.7%;5.1%;3.4%;;1.7%;;;;;;;;;;;;;;1.7%;
;;31400;Leading Innovation In Orgs;202520;Spring 2025;001;19795;Gamez-Djokic, Monica;50.0%;31.3%;2.1%;;4.2%;2.1%;6.3%;;;2.1%;;;;;2.1%;;;;;;;;;
;;35520;Organization Dev And Change;202520;Spring 2025;001;19812;Kim, Jihyeon;37.5%;31.3%;12.5%;;12.5%;;6.3%;;;;;;;;;;;;;;;;;
;;35530;Strategic Planning In HR;202520;Spring 2025;001;15561;Akdere, Mesut;53.3%;33.3%;;;6.7%;;6.7%;;;;;;;;;;;;;;;;;
;;;Stratgic Planning In HR-Honors;202520;Spring 2025;001;15561;Akdere, Mesut;100.0%;;;;;;;;;;;;;;;;;;;;;;;
;;35580;Organizational Performance;202520;Spring 2025;001;28197;Park, Cho Hyun;50.0%;;50.0%;;;;;;;;;;;;;;;;;;;;;
;;45560;Internship In HR;202520;Spring 2025;002;17619;Akdere, Mesut;56.8%;5.4%;35.1%;;2.7%;;;;;;;;;;;;;;;;;;;
;;45590;Human Resources Capstone;202520;Spring 2025;001;15588;Akdere, Mesut;59.1%;27.3%;;;9.1%;;4.5%;;;;;;;;;;;;;;;;;
;;45800;Leadership For Competitive Adv;202520;Spring 2025;001;20245;Plaskoff, Joshua A.;71.1%;15.8%;;;;;7.9%;;;;;2.6%;;;;;;;;;;;2.6%;
VCS;VCS-Veterinary Clinical Sci;22400;Small Animal Nursing I;202520;Spring 2025;001;59820;Thomovsky, Elizabeth J.;31.3%;;;;56.3%;;;9.4%;;;;;;;3.1%;;;;;;;;;
;;22500;Large Animal Nursing I;202520;Spring 2025;001;59823;Giroux, Rose P.;68.8%;;;;28.1%;;;;;;;;;;3.1%;;;;;;;;;
;;22600;Principles Of Anesthesia-VN;202520;Spring 2025;001;59826;Huffman, Amy B.;3.0%;;;;57.6%;;;33.3%;;;3.0%;;;;3.0%;;;;;;;;;
;;25200;Diagnostic Imaging-VN;202520;Spring 2025;004;59912;Fulkerson, Caroline V.;6.3%;;;;50.0%;;;40.6%;;;;;;;3.1%;;;;;;;;;
;;60400;Animal Models Trans Res;202520;Spring 2025;001;22583;Risselada, Marije;100.0%;;;;;;;;;;;;;;;;;;;;;;;
;;61000;Clinical Training;202520;Spring 2025;023;56182;Lescun, Timothy B.;63.4%;7.3%;;;12.2%;;17.1%;;;;;;;;;;;;;;;;;
;;62000;Sem Clin Med/Surg;202520;Spring 2025;001;23998;Lescun, Timothy B.;44.4%;16.7%;;;;5.6%;16.7%;;;;;;;;;16.7%;;;;;;;;
;;62100;Topics Adv Medicine;202520;Spring 2025;003;27990;Bolton, Timothy A.;100.0%;;;;;;;;;;;;;;;;;;;;;;;
;;63000;Cur Topic Vet Clin Sci;202520;Spring 2025;018;36674;Lescun, Timothy B.;68.9%;8.9%;;;11.1%;2.2%;8.9%;;;;;;;;;;;;;;;;;
;;80120;Veterinary Skills & Comp II;202520;Spring 2025;001;10995;Creech, Brett A.;;;;;;;;;;;;;;;;;;96.5%;2.3%;;;;1.2%;
;;80220;Veterinary Skills & Comp IV;202520;Spring 2025;002;13174;Inoue, Stephanie D.;;;;;;;;;;;;;;;;;;100.0%;;;;;;
;;80320;Veterinary Skills & Comp VI;202520;Spring 2025;001;23591;Buchheit Baisden, Teresa M.;;;;;;;;;;;;;;;;;;100.0%;;;;;;
;;;;;;003;23997;Buchheit Baisden, Teresa M.;;;;;;;;;;;;;;;;;;100.0%;;;;;;
;;80620;Small Animal Medicine II;202520;Spring 2025;001;23596;Woolcock, Andrew D.;34.2%;21.5%;2.5%;;11.4%;3.8%;24.1%;;;2.5%;;;;;;;;;;;;;;
;;80920;Large Animal Surgery;202520;Spring 2025;001;23602;Lescun, Timothy B.;10.1%;8.9%;;;34.2%;15.2%;12.7%;6.3%;1.3%;11.4%;;;;;;;;;;;;;;
;;81210;Sm Ani Primary Care & Wellness;202520;Spring 2025;001;23612;Thompson, Steven B.;13.9%;11.4%;5.1%;;30.4%;15.2%;12.7%;2.5%;;8.9%;;;;;;;;;;;;;;
;;81500;Ophthalmology;202520;Spring 2025;001;23604;Creech, Brett A.;20.3%;5.1%;16.5%;;32.9%;6.3%;12.7%;2.5%;1.3%;1.3%;1.3%;;;;;;;;;;;;;
;;81700;Ach Success Prvt Pract;202520;Spring 2025;001;28191;Weisman, James L.;92.3%;;;;7.7%;;;;;;;;;;;;;;;;;;;
;;81802;Small Animal Surgery Lab II;202520;Spring 2025;002;23606;Hepworth, Lisa M.;79.5%;;;;20.5%;;;;;;;;;;;;;;;;;;;
;;;;;;003;28253;Hepworth, Lisa M.;63.4%;;;;34.1%;;;2.4%;;;;;;;;;;;;;;;;
;;82200;Large Animal Surgery I;202520;Spring 2025;003;23621;Lescun, Timothy B.;96.8%;;;;3.2%;;;;;;;;;;;;;;;;;;;
;;;;;;004;28254;Tucker, Michelle L.;100.0%;;;;;;;;;;;;;;;;;;;;;;;
;;82300;Large Anim Surgery II;202520;Spring 2025;001;28200;Lescun, Timothy B.;82.6%;;;;17.4%;;;;;;;;;;;;;;;;;;;
;;;;;;002;28248;Lescun, Timothy B.;80.0%;;;;20.0%;;;;;;;;;;;;;;;;;;;
;;82501;Ruminant Theriogenology;202520;Spring 2025;001;12223;Funnell, Bethany J.;94.1%;;;;5.9%;;;;;;;;;;;;;;;;;;;
;;82701;Diagnostic Imaging;202520;Spring 2025;001;23603;Fulkerson, Caroline V.;43.0%;;;;55.7%;;;1.3%;;;;;;;;;;;;;;;;
;;83201;Equine Lameness;202520;Spring 2025;001;26655;Waxman, Sarah J.;21.4%;50.0%;;;7.1%;;21.4%;;;;;;;;;;;;;;;;;
;;83700;Clin Nut Rumnt & Swine;202520;Spring 2025;001;10019;Ragland, Darryl;31.3%;;;31.3%;25.0%;;;;;;;;;;;;;;;;;;12.5%;
;;83800;Swine Production Med;202520;Spring 2025;001;12603;Ragland, Darryl;81.8%;;;18.2%;;;;;;;;;;;;;;;;;;;;
;;83903;Cattle Production Medicine;202520;Spring 2025;001;23619;Hubner, Andrew M.;;;89.3%;10.7%;;;;;;;;;;;;;;;;;;;;
;;84300;Successful Pract Skill;202520;Spring 2025;001;16241;Salisbury, Souvigny K.;100.0%;;;;;;;;;;;;;;;;;;;;;;;
;;84601;Small Animal Medicine III;202520;Spring 2025;001;23607;Steinbach, Sarah M.;15.5%;;;24.1%;48.3%;;;12.1%;;;;;;;;;;;;;;;;
;;84701;Small Animal Medicine IV;202520;Spring 2025;001;23617;Fulkerson, Christopher M.;33.3%;;;40.5%;26.2%;;;;;;;;;;;;;;;;;;;
;;84800;Adv Sm Animal Surgery;202520;Spring 2025;001;11941;Rochat, Mark C.;;13.3%;;66.7%;13.3%;6.7%;;;;;;;;;;;;;;;;;;
;;85100;Med & Surgery Of Nontrad Pets;202520;Spring 2025;002;28228;Corriveau, Lorraine A.;50.0%;9.1%;31.8%;;;4.5%;4.5%;;;;;;;;;;;;;;;;;
;;85300;Small Animal ECC;202520;Spring 2025;001;23614;Brooks, Aimee C.;9.5%;23.8%;;;33.3%;14.3%;4.8%;4.8%;4.8%;4.8%;;;;;;;;;;;;;;
;;89200;Vet Forensic Med;202520;Spring 2025;001;25200;Hill, Christopher R.;95.7%;;;4.3%;;;;;;;;;;;;;;;;;;;;
;;89500;PVH Practicum;202520;Spring 2025;001;66343;Weisman, James L.;;;;;;;;;;;;;;;;;;;;100.0%;;;;
VIP;VIP-Vertically Integrated Proj;17910;First-Year Part In VIP Lim;202520;Spring 2025;014;29146;Johnson, Mark C.;40.9%;4.5%;40.9%;;9.1%;;;;;;;;;;4.5%;;;;;;;;;
;;17912;First Year Part In VIP II;202520;Spring 2025;003;21720;Labi, Samuel;100.0%;;;;;;;;;;;;;;;;;;;;;;;
;;;;;;014;21811;Johnson, Mark C.;57.1%;7.1%;21.4%;;;;;7.1%;;;;;;;;;;;;;;;7.1%;
;;;;;;029;27845;Sheffield, John W.;;8.3%;91.7%;;;;;;;;;;;;;;;;;;;;;
;;;;;;032;27849;Dunlop, Steven R.;92.3%;7.7%;;;;;;;;;;;;;;;;;;;;;;
;;;;;;033;27850;Dunlop, Steven R.;78.6%;14.3%;;;;;;;;;;;;;;;;;;;;;7.1%;
;;;;;;042;27861;Dunlop, Steven R.;100.0%;;;;;;;;;;;;;;;;;;;;;;;
;;;;;;045;27866;Dunlop, Steven R.;92.3%;;;;;;;;;7.7%;;;;;;;;;;;;;;
;;;;;;066;18003;Marshall, Curtis E.;22.2%;11.1%;40.7%;;11.1%;3.7%;11.1%;;;;;;;;;;;;;;;;;
;;;;;;254;23379;Sundaram, Shreyas;47.6%;19.0%;23.8%;;;;4.8%;;;;;;;;;;;;;;;;4.8%;
;;27920;Soph Part In VIP;202520;Spring 2025;014;22260;Johnson, Mark C.;44.4%;7.4%;25.9%;;7.4%;;11.1%;;;;1.9%;;;;;;;;;;;;1.9%;
;;;;;;052;27898;She, Yu;9.1%;;72.7%;;9.1%;;;;;;;;;;;;;;;;;;9.1%;
;;37920;Junior Part In VIP;202520;Spring 2025;014;22261;Johnson, Mark C.;81.0%;9.5%;;;;;4.8%;;;;;;;;;;;;;;;;4.8%;
;;;;;;043;22053;Dunlop, Steven R.;92.9%;;;;;;;;;;;;;;;;;;;;;;7.1%;
;;;;;;322;27891;Goppert, James M.;54.5%;9.1%;36.4%;;;;;;;;;;;;;;;;;;;;;
;;47921;Senior Design Part In VIP I;202520;Spring 2025;014;28706;Johnson, Mark C.;53.3%;20.0%;13.3%;;;;6.7%;;;;;;;;6.7%;;;;;;;;;
;;47922;Senior Design Part In VIP II;202520;Spring 2025;014;28707;Johnson, Mark C.;68.3%;9.8%;17.1%;;2.4%;;2.4%;;;;;;;;;;;;;;;;;
;;;;;;035;29384;Chen, Zhihong;76.5%;11.8%;11.8%;;;;;;;;;;;;;;;;;;;;;
VM;VM-Veterinary Medicine;10200;Career In Vet Medicine;202520;Spring 2025;001;28066;Weisman, James L.;;;;;;;;;;;;;;;;;5.7%;92.2%;;;;;2.1%;
;;24400;Clinical Rotations II;202520;Spring 2025;001;66271;Smith, Jennifer R.;97.0%;;;;;;;;;;;;;;3.0%;;;;;;;;;
;;34210;Integrations-VN;202520;Spring 2025;002;20138;Mccalip, Holly A.;95.8%;;;;4.2%;;;;;;;;;;;;;;;;;;;
;;34400;Clinic Rotations V-VN;202520;Spring 2025;001;65130;Smith, Jennifer R.;100.0%;;;;;;;;;;;;;;;;;;;;;;;
;;34500;Veterinary Mgmt Topics I-VN;202520;Spring 2025;001;65124;Laffoon, Bethany L.;100.0%;;;;;;;;;;;;;;;;;;;;;;;
;;36500;Lab Animal Management-VN;202520;Spring 2025;001;28256;Smith, Jennifer R.;85.7%;;;;7.1%;;;7.1%;;;;;;;;;;;;;;;;
;;44500;Senior Project-VN;202520;Spring 2025;001;17383;Christensen, Jessica L.;90.5%;;;;;;;9.5%;;;;;;;;;;;;;;;;
;;45000;Anim Emerg - Disaster Mgmt-VN;202520;Spring 2025;001;32041;Laffoon, Bethany L.;90.9%;;;;9.1%;;;;;;;;;;;;;;;;;;;
;;49000;Academic And Career Expl II;202520;Spring 2025;SC1;18962;Smith, Jennifer R.;88.9%;;;;5.6%;;;5.6%;;;;;;;;;;;;;;;;
;;80900;Interntl Vet Medicine;202520;Spring 2025;001;54699;Creech, Brett A.;;;95.7%;;;;;;;;;;;;;;;;;;;;4.3%;
;;81007;Veterinary Externship II;202520;Spring 2025;016;21056;Weisman, James L.;;;;;;;;;;;;;;;;;;100.0%;;;;;;
;;82500;Current Issues In Vet Med;202520;Spring 2025;001;28126;Salisbury, Souvigny K.;;;;;;;;;;;;;;;;;;;;99.6%;;;0.4%;
;;83000;Applica & Integra II;202520;Spring 2025;001;16914;Inoue, Stephanie D.;;;;;;;;;;;;;;;;;3.5%;95.3%;;;;;1.2%;
WGSS;WGSS-Women Gend&Sexuality Std;28000;Women's Studies: An Introductn;202520;Spring 2025;002;21579;David, Marlo D.;23.3%;26.7%;10.0%;;;13.3%;13.3%;;;;3.3%;;;;;;;;;;;;10.0%;
;;;;;;005;28556;Boisseau, Tracey J.;27.3%;9.1%;40.9%;;;;4.5%;;;4.5%;;;;;;;;;;;;;13.6%;
;;;;;;006;28557;Boisseau, Tracey J.;29.2%;4.2%;37.5%;;;8.3%;4.2%;;;;;;;;;;;;;;;;16.7%;
;;28100;Wom Pol And Publ Pol;202520;Spring 2025;001;16282;Clawson, Rosalee A.;44.4%;19.4%;11.1%;;2.8%;;16.7%;;;2.8%;;;;;2.8%;;;;;;;;;
;;28200;Intro To LGBTQ Studies;202520;Spring 2025;002;17854;English, Marisa J.;67.9%;7.1%;;;;;3.6%;3.6%;;;3.6%;3.6%;;;7.1%;;;;;;;;3.6%;
;;;;;;003;19656;Barnard, Molly H.;17.2%;17.2%;10.3%;;17.2%;6.9%;13.8%;3.4%;;;3.4%;;;;6.9%;;;;;;;;3.4%;
;;;Intro To LGBTQ Studies-Honors;202520;Spring 2025;003;19656;Barnard, Molly H.;100.0%;;;;;;;;;;;;;;;;;;;;;;;
;;38200;Love, Sex And Sexuality;202520;Spring 2025;001;21537;Crider, Juanita M.;23.3%;13.3%;46.7%;;3.3%;3.3%;3.3%;3.3%;;3.3%;;;;;;;;;;;;;;
;;;Love, Sex And Sexuality-Honors;202520;Spring 2025;001;21537;Crider, Juanita M.;100.0%;;;;;;;;;;;;;;;;;;;;;;;
;;39000;Queens In Early Modern Europe;202520;Spring 2025;016;30370;Fish, Caroline R.;27.3%;9.1%;9.1%;;;9.1%;9.1%;;18.2%;;;;9.1%;;;;;9.1%;;;;;;
;;;Sports & Feminism;202520;Spring 2025;011;20105;Cooky, Cheryl A.;21.4%;;35.7%;;;7.1%;7.1%;7.1%;;;;;;;21.4%;;;;;;;;;
;;;Women And Leadership;202520;Spring 2025;003;21296;Kisselburgh, Lorraine G.;38.5%;23.1%;15.4%;;7.7%;7.7%;7.7%;;;;;;;;;;;;;;;;;
;;48200;Interdisc Studies In Sexuality;202520;Spring 2025;SC1;21325;Munt, Christopher D.;60.0%;;30.0%;;;;;;;;;;;;5.0%;;;;;;;;5.0%;
