Subject;Subject Desc;Course Number;Title;Academic Period;Academic Period Desc;Section;CRN;Instructor;A;A-;A+;AU;B;B-;B+;C;C-;C+;D;D-;D+;E;F;I;N;P;PI;S;SI;U;W;
AAE;AAE-Aero & Astro Engineering;20000;Ugrad Sophomore Seminar;202620;Spring 2026;001;26216;Marais, Karen;;;;;;;;;;;;;;;;;;;;71.1%;;26.3%;2.6%;
;;20300;Aeromechanics I;202620;Spring 2026;001;10001;Sun, Dengfeng;34.1%;;6.3%;;31.7%;;;19.8%;;;2.4%;;;;1.6%;;;;;;;;4.0%;
;;20400;Aeromechanics II;202620;Spring 2026;002;42578;Agyei, Ronald F.;9.8%;9.8%;2.4%;;12.2%;17.1%;17.1%;8.5%;8.5%;8.5%;1.2%;;3.7%;;;;;;;;;;1.2%;
;;;;;;003;13056;Joshi, Pankaj;6.2%;13.6%;1.2%;;6.2%;14.8%;7.4%;8.6%;6.2%;21.0%;1.2%;;4.9%;;4.9%;;;;;;;;3.7%;
;;;;;;004;23944;Agyei, Ronald F.;7.0%;3.5%;1.8%;;14.0%;24.6%;12.3%;3.5%;10.5%;15.8%;3.5%;1.8%;1.8%;;;;;;;;;;;
;;;;;;005;15208;Joshi, Pankaj;3.7%;11.1%;;;18.5%;18.5%;11.1%;3.7%;7.4%;11.1%;11.1%;;;;3.7%;;;;;;;;;
;;;;;;006;35690;Paulson, Shane C.;7.9%;10.1%;3.4%;;14.6%;14.6%;16.9%;7.9%;4.5%;9.0%;1.1%;1.1%;5.6%;;2.2%;;;;;;;;1.1%;
;;;Aeromechanics II - Honors;202620;Spring 2026;H07;39311;Paulson, Shane C.;20.0%;10.0%;10.0%;;20.0%;20.0%;10.0%;;3.3%;6.7%;;;;;;;;;;;;;;
;;20401;Aeromechanics II Lab;202620;Spring 2026;001;10003;Liu, Sichen;42.9%;19.0%;9.5%;;14.3%;;14.3%;;;;;;;;;;;;;;;;;
;;;;;;002;10004;Glimcher, Matthew S.;5.0%;5.0%;;;50.0%;;25.0%;10.0%;;;5.0%;;;;;;;;;;;;;
;;;;;;006;10008;Sun, Yao;52.9%;;5.9%;;5.9%;5.9%;11.8%;;;;;;;;5.9%;;;;;;;;11.8%;
;;;;;;009;10011;Artang, MaeRianna J.;38.9%;33.3%;;;16.7%;;11.1%;;;;;;;;;;;;;;;;;
;;;;;;011;37250;Pekosh, Jeffrey D.;50.0%;12.5%;18.8%;;6.3%;;12.5%;;;;;;;;;;;;;;;;;
;;;;;;013;43648;Raginsky, Juliet M.;35.0%;20.0%;5.0%;;20.0%;5.0%;5.0%;;;5.0%;5.0%;;;;;;;;;;;;;
;;;;;;015;47686;Artang, MaeRianna J.;18.2%;31.8%;9.1%;;27.3%;4.5%;9.1%;;;;;;;;;;;;;;;;;
;;;;;;017;18954;Sun, Yao;10.5%;10.5%;;;42.1%;5.3%;21.1%;5.3%;;5.3%;;;;;;;;;;;;;;
;;;;;;018;18957;Raginsky, Juliet M.;27.3%;22.7%;9.1%;;18.2%;;22.7%;;;;;;;;;;;;;;;;;
;;;;;;019;23081;Artang, MaeRianna J.;13.6%;4.5%;;;36.4%;18.2%;18.2%;4.5%;;4.5%;;;;;;;;;;;;;;
;;;;;;021;26753;Liu, Sichen;28.6%;9.5%;23.8%;;14.3%;;23.8%;;;;;;;;;;;;;;;;;
;;;;;;022;26755;Pekosh, Jeffrey D.;;5.9%;;;58.8%;;17.6%;;;11.8%;;;;;5.9%;;;;;;;;;
;;;;;;023;26756;Shao, Chuyue;33.3%;6.7%;;;33.3%;6.7%;20.0%;;;;;;;;;;;;;;;;;
;;;;;;024;16227;Shao, Chuyue;57.1%;9.5%;;;19.0%;;14.3%;;;;;;;;;;;;;;;;;
;;;;;;025;16229;Shao, Chuyue;4.5%;13.6%;;;50.0%;;31.8%;;;;;;;;;;;;;;;;;
;;;;;;026;16230;Pekosh, Jeffrey D.;63.2%;21.1%;5.3%;;5.3%;;5.3%;;;;;;;;;;;;;;;;;
;;;;;;027;29981;Zhan, Tianxia;56.3%;37.5%;;;;;6.3%;;;;;;;;;;;;;;;;;
;;;;;;029;39023;Glimcher, Matthew S.;18.2%;13.6%;;;36.4%;13.6%;13.6%;4.5%;;;;;;;;;;;;;;;;
;;25100;Intro Aerospace Design;202620;Spring 2026;001;10013;Paulson, Shane C.;34.0%;44.7%;6.4%;;2.1%;;6.4%;;;;2.1%;;;;2.1%;;;;;;;;2.1%;
;;;;;;002;10021;Chakraborty, Suman;18.4%;55.3%;;;10.5%;2.6%;13.2%;;;;;;;;;;;;;;;;;
;;;;;;003;10586;Burton, Alexander B.;17.6%;47.1%;11.8%;;5.9%;;17.6%;;;;;;;;;;;;;;;;;
;;29199;Cooperative Experience I;202620;Spring 2026;001;59497;Crain, Lisa M.;;;;;;;;;;;;;;;;;;;;90.9%;;9.1%;;
;;30000;Ugrad Junior Seminar;202620;Spring 2026;001;26217;Marais, Karen;;;;;;;;;;;;;;;;;;;;96.5%;;2.8%;0.7%;
;;30100;Sig Anly For Aero Engr;202620;Spring 2026;001;10014;Frazho, Arthur E.;5.5%;15.1%;5.5%;;23.3%;5.5%;9.6%;5.5%;1.4%;17.8%;1.4%;;1.4%;;1.4%;;;;;;;;6.8%;
;;;;;;002;16255;Li, Husheng;5.7%;9.2%;;;9.2%;20.7%;8.0%;14.9%;11.5%;5.7%;4.6%;1.1%;3.4%;;3.4%;;;;;;;;2.3%;
;;;;;;003;41794;Burton, Alexander B.;10.0%;20.0%;6.7%;;6.7%;13.3%;10.0%;10.0%;13.3%;3.3%;;;;;6.7%;;;;;;;;;
;;33300;Fluid Mechanics;202620;Spring 2026;001;10015;Chynoweth, Brandon C.;18.8%;10.4%;2.8%;;15.3%;10.4%;14.6%;7.6%;4.2%;9.0%;1.4%;0.7%;2.8%;;1.4%;;;;;;;;0.7%;
;;;;;;002;41223;Coleman, Gary N.;6.3%;10.4%;6.3%;;18.8%;18.8%;20.8%;;4.2%;8.3%;;;4.2%;;;;;;;;;;2.1%;
;;33301;Fluid Mechanics Lab;202620;Spring 2026;011;18918;Inanc, Ece;90.9%;;;;;;;9.1%;;;;;;;;;;;;;;;;
;;;;;;012;19806;Inanc, Ece;35.7%;7.1%;57.1%;;;;;;;;;;;;;;;;;;;;;
;;;;;;014;23310;Tomasino, Teresa C.;85.7%;;14.3%;;;;;;;;;;;;;;;;;;;;;
;;;;;;015;11634;Tomasino, Teresa C.;64.3%;;35.7%;;;;;;;;;;;;;;;;;;;;;
;;;;;;016;11635;Breban, Antoine A.;53.8%;;46.2%;;;;;;;;;;;;;;;;;;;;;
;;;;;;017;11641;Lokhande, Monish M.;14.3%;;78.6%;;;7.1%;;;;;;;;;;;;;;;;;;
;;;;;;018;13059;Bennett, Charlotte M.;63.6%;9.1%;27.3%;;;;;;;;;;;;;;;;;;;;;
;;;;;;019;13062;Bennett, Charlotte M.;42.9%;7.1%;42.9%;;7.1%;;;;;;;;;;;;;;;;;;;
;;;;;;021;32555;Lokhande, Monish M.;28.6%;;71.4%;;;;;;;;;;;;;;;;;;;;;
;;;;;;022;32556;Breban, Antoine A.;71.4%;;21.4%;;;;;7.1%;;;;;;;;;;;;;;;;
;;;;;;023;39177;Breban, Antoine A.;64.3%;;35.7%;;;;;;;;;;;;;;;;;;;;;
;;;;;;024;41235;Lokhande, Monish M.;14.3%;;85.7%;;;;;;;;;;;;;;;;;;;;;
;;;;;;025;41236;Bennett, Charlotte M.;50.0%;7.1%;42.9%;;;;;;;;;;;;;;;;;;;;;
;;;;;;026;41237;Tomasino, Teresa C.;50.0%;;50.0%;;;;;;;;;;;;;;;;;;;;;
;;33400;Aerodynamics;202620;Spring 2026;001;10025;Blaisdell, Gregory A.;6.5%;13.0%;3.7%;;17.6%;11.1%;12.0%;11.1%;9.3%;5.6%;2.8%;1.9%;1.9%;;1.9%;;;;;;;;1.9%;
;;;;;;002;10028;Coleman, Gary N.;8.6%;5.8%;0.7%;;15.8%;18.0%;14.4%;10.1%;3.6%;10.8%;2.9%;;6.5%;;2.2%;;;;;;;;0.7%;
;;33401;Aerodynamics Lab;202620;Spring 2026;002;10027;Myers, Andrew P.;50.0%;;50.0%;;;;;;;;;;;;;;;;;;;;;
;;;;;;004;10029;Hourmant, Tanguy;50.0%;;35.7%;;;;7.1%;;7.1%;;;;;;;;;;;;;;;
;;;;;;010;55590;Dikay, Rugved S.;57.1%;;35.7%;;;;7.1%;;;;;;;;;;;;;;;;;
;;;;;;013;18919;Zabalegui Lopez, Erik;28.6%;21.4%;35.7%;;;;7.1%;;7.1%;;;;;;;;;;;;;;;
;;;;;;014;18023;Myers, Andrew P.;35.7%;7.1%;42.9%;;7.1%;;7.1%;;;;;;;;;;;;;;;;;
;;;;;;015;18030;Mossman, Luca S.;50.0%;;50.0%;;;;;;;;;;;;;;;;;;;;;
;;;;;;020;23023;Dikay, Rugved S.;14.3%;;78.6%;;7.1%;;;;;;;;;;;;;;;;;;;
;;;;;;021;23034;Dikay, Rugved S.;83.3%;;16.7%;;;;;;;;;;;;;;;;;;;;;
;;;;;;023;17955;Hourmant, Tanguy;78.6%;;21.4%;;;;;;;;;;;;;;;;;;;;;
;;;;;;026;16124;Dikay, Rugved S.;41.7%;16.7%;33.3%;;;;8.3%;;;;;;;;;;;;;;;;;
;;;;;;027;16125;Zabalegui Lopez, Erik;46.2%;7.7%;30.8%;;;;7.7%;7.7%;;;;;;;;;;;;;;;;
;;;;;;029;16140;Mossman, Luca S.;57.1%;;42.9%;;;;;;;;;;;;;;;;;;;;;
;;;;;;031;16148;Myers, Andrew P.;64.3%;;35.7%;;;;;;;;;;;;;;;;;;;;;
;;;;;;032;39179;Mossman, Luca S.;42.9%;7.1%;50.0%;;;;;;;;;;;;;;;;;;;;;
;;;;;;034;39181;Mossman, Luca S.;81.8%;9.1%;;;9.1%;;;;;;;;;;;;;;;;;;;
;;33900;Aerospace Propulsion;202620;Spring 2026;001;15895;Wang, Haifeng;6.7%;16.0%;4.0%;1.3%;6.7%;13.3%;9.3%;2.7%;1.3%;25.3%;2.7%;;4.0%;;2.7%;;;;;;;;4.0%;
;;34000;Dynamics & Vibrations;202620;Spring 2026;001;10035;Cunningham, Thomas F.;16.9%;7.9%;3.4%;;16.9%;14.6%;15.7%;6.7%;3.4%;11.2%;;1.1%;;;;;;;;;;;2.2%;
;;;;;;002;10040;Burton, Alexander B.;8.8%;15.8%;7.0%;;10.5%;5.3%;17.5%;5.3%;5.3%;10.5%;3.5%;1.8%;3.5%;;1.8%;;;;;;;;3.5%;
;;;;;;003;10591;LeGrand, Keith A.;36.0%;;10.1%;;37.1%;;;11.2%;;;4.5%;;;;;;;;;;;;1.1%;
;;35103;Aerospace Systems Design;202620;Spring 2026;001;35835;Parsons, Kevin K.;63.4%;21.1%;4.2%;;4.2%;;4.2%;;;1.4%;;;;;1.4%;;;;;;;;;
;;35200;Structural Analysis I;202620;Spring 2026;001;10038;Joshi, Pankaj;11.9%;14.3%;7.1%;;9.5%;21.4%;11.9%;2.4%;7.1%;4.8%;2.4%;2.4%;2.4%;;2.4%;;;;;;;;;
;;;;;;002;10595;Agyei, Ronald F.;10.0%;11.7%;10.0%;;15.0%;5.0%;15.0%;3.3%;5.0%;6.7%;1.7%;3.3%;5.0%;;5.0%;;;;;;;;3.3%;
;;36400;Control System Anly;202620;Spring 2026;001;10043;Kuo, Chan-Yuan;14.9%;10.4%;11.9%;;17.9%;11.9%;7.5%;6.0%;3.0%;4.5%;;;7.5%;;1.5%;;;;;;;;3.0%;
;;;;;;002;16183;Byeon, Sooyung;19.1%;9.0%;11.2%;;13.5%;7.9%;9.0%;5.6%;6.7%;4.5%;4.5%;1.1%;3.4%;;1.1%;;;;;;;;3.4%;
;;;;;;003;16185;Tanaka, Takashi;12.1%;13.2%;7.7%;;11.0%;9.9%;13.2%;7.7%;3.3%;11.0%;2.2%;;3.3%;;3.3%;;;;;;;;2.2%;
;;36401;Control Systems Lab;202620;Spring 2026;001;10044;Mahmud, S M Nahid;75.0%;;;;16.7%;;;;;;8.3%;;;;;;;;;;;;;
;;;;;;003;10046;Abdrabou, Abdulrahman;75.0%;;;;25.0%;;;;;;;;;;;;;;;;;;;
;;;;;;005;10048;Zhou, Tianyu;75.0%;;;;16.7%;;;8.3%;;;;;;;;;;;;;;;;
;;;;;;007;10050;Lewis, Kevin M.;63.6%;;;;18.2%;;;9.1%;;;;;;;9.1%;;;;;;;;;
;;;;;;008;10051;Palmer, David M.;81.8%;;;;18.2%;;;;;;;;;;;;;;;;;;;
;;;;;;010;12464;Anand, Siddharth;81.8%;;;;18.2%;;;;;;;;;;;;;;;;;;;
;;;;;;012;12471;Hoyos, Jose D.;75.0%;;;;25.0%;;;;;;;;;;;;;;;;;;;
;;;;;;018;41364;Palmer, David M.;75.0%;;;;25.0%;;;;;;;;;;;;;;;;;;;
;;39699;Prof Practice Internship;202620;Spring 2026;001;13064;Crain, Lisa M.;;;;;;;;;;;;;;;;;;;;78.9%;;21.1%;;
;;40000;Ugrad Senior Seminar;202620;Spring 2026;001;67991;Crossley, William A.;46.1%;;32.0%;;15.8%;;;5.3%;;;0.4%;;;;0.4%;;;;;;;;;
;;41800;Zero-Gravity Flt Exper;202620;Spring 2026;008;23070;Collicott, Steven H.;78.0%;14.6%;2.4%;;;;4.9%;;;;;;;;;;;;;;;;;
;;;;;;009;23071;Collicott, Steven H.;88.9%;4.4%;;;;;6.7%;;;;;;;;;;;;;;;;;
;;42100;Flight Dynam & Control;202620;Spring 2026;001;12557;Corless, Martin;44.0%;;22.7%;;25.3%;;;4.0%;;;4.0%;;;;;;;;;;;;;
;;;;;;002;10597;Dai, Ran;7.4%;24.1%;33.3%;;13.0%;1.9%;9.3%;3.7%;;5.6%;;;;;;;;;;;;;1.9%;
;;43200;Orbital Analysis;202620;Spring 2026;001;35937;Howell, Kathleen;21.6%;10.8%;2.7%;2.7%;21.6%;8.1%;5.4%;5.4%;2.7%;;2.7%;2.7%;;;8.1%;2.7%;;;;;;;2.7%;
;;43800;Air-Breathing Propulsion;202620;Spring 2026;001;12476;Chakraborty, Suman;14.8%;18.0%;8.2%;;14.8%;13.1%;6.6%;1.6%;1.6%;19.7%;1.6%;;;;;;;;;;;;;
;;;;;;002;32576;Chakraborty, Suman;12.1%;13.6%;12.1%;;16.7%;15.2%;9.1%;;3.0%;15.2%;1.5%;;;;;;;;;;;;1.5%;
;;44000;Spacecraft Att Dynam;202620;Spring 2026;001;10608;Howell, Kathleen;16.7%;;3.3%;;33.3%;;3.3%;23.3%;;;3.3%;;3.3%;;10.0%;;;;;;;;3.3%;
;;45000;Spacecraft Design;202620;Spring 2026;025;23126;Cunningham, Thomas F.;84.8%;;;;12.1%;;;3.0%;;;;;;;;;;;;;;;;
;;;;;;026;23127;Cunningham, Thomas F.;87.5%;;;;12.5%;;;;;;;;;;;;;;;;;;;
;;;;;;030;35941;Parsons, Kevin K.;80.4%;;;;17.9%;;;1.8%;;;;;;;;;;;;;;;;
;;45100;Aircraft Design;202620;Spring 2026;003;10067;Machado Guimaraes, Thiago Augusto;41.9%;34.9%;4.7%;;14.0%;;2.3%;;2.3%;;;;;;;;;;;;;;;
;;;;;;006;36031;Machado Guimaraes, Thiago Augusto;33.3%;40.0%;;;20.0%;;6.7%;;;;;;;;;;;;;;;;;
;;;;;;008;36033;Leifsson, Leifur T.;36.1%;30.6%;;;13.9%;5.6%;5.6%;;;5.6%;;;;;2.8%;;;;;;;;;
;;49000;Aero Prop Foundations;202620;Spring 2026;069;36089;Canino, James V.;13.0%;8.7%;2.2%;;10.9%;12.0%;14.1%;8.7%;6.5%;6.5%;1.1%;3.3%;4.3%;;2.2%;;;;;;;;6.5%;
;;;;;;070;36090;Canino, James V.;8.4%;6.3%;1.1%;;16.8%;13.7%;18.9%;8.4%;6.3%;2.1%;2.1%;1.1%;5.3%;;3.2%;;;;;;;;6.3%;
;;;Aircraft Preliminary Design;202620;Spring 2026;071;39282;Machado Guimaraes, Thiago Augusto;100.0%;;;;;;;;;;;;;;;;;;;;;;;
;;;CubeSat Lab;202620;Spring 2026;068;32883;Shashurin, Alexey;64.0%;28.0%;4.0%;;;;4.0%;;;;;;;;;;;;;;;;;
;;;Resilient Aerospace Systems;202620;Spring 2026;072;40883;Marais, Karen;90.9%;;9.1%;;;;;;;;;;;;;;;;;;;;;
;;51200;Computational Aerodyn;202620;Spring 2026;WNG;10082;Shih, Tom I.;90.2%;2.4%;;;;;2.4%;;;;;;;;;;;;;;;;4.9%;
;;51400;Intermediate Aerodyn;202620;Spring 2026;001;33297;Bane, Sally P.;47.4%;15.8%;5.3%;;10.5%;;;;;10.5%;;;5.3%;;;;;;;;;;5.3%;
;;;;;;WNG;23904;Bane, Sally P.;55.6%;6.7%;15.6%;;6.7%;;11.1%;;;;;;2.2%;;;;;;;;;;2.2%;
;;51900;Hypersonic Aerothermo;202620;Spring 2026;001;36109;Schneider, Steven P.;19.6%;9.8%;5.9%;7.8%;23.5%;11.8%;13.7%;5.9%;;;;;;;;;;;;;;;2.0%;
;;52000;Exper Aerodynamics;202620;Spring 2026;011;10096;Chynoweth, Brandon C.;22.2%;27.8%;;;27.8%;;22.2%;;;;;;;;;;;;;;;;;
;;52100;Plasma Laboratory;202620;Spring 2026;002;19081;Shashurin, Alexey;26.7%;6.7%;60.0%;;;6.7%;;;;;;;;;;;;;;;;;;
;;52300;Introduction To Remote Sensing;202620;Spring 2026;001;39431;Garrison, James L.;41.7%;;39.6%;2.1%;8.3%;;2.1%;;;;;;;;;;;;;;;;6.3%;
;;53000;Comput Combustion & Propulsion;202620;Spring 2026;001;39433;Wang, Haifeng;46.2%;33.3%;7.7%;;7.7%;;5.1%;;;;;;;;;;;;;;;;;
;;53500;Propulsion DBT;202620;Spring 2026;011;30601;Slabaugh, Carson D.;77.3%;;22.7%;;;;;;;;;;;;;;;;;;;;;
;;53900;Adv Rocket Propulsion;202620;Spring 2026;001;40973;Pourpoint, Timothee L.;11.1%;16.7%;5.6%;;11.1%;11.1%;33.3%;;5.6%;;;;;;;;;;;;;;5.6%;
;;;;;;WNG;10110;Pourpoint, Timothee L.;19.1%;23.5%;5.9%;;7.4%;13.2%;20.6%;2.9%;;4.4%;;;;;1.5%;;;;;;;;1.5%;
;;54600;Aero Struct Dyn Stab;202620;Spring 2026;001;30795;Guo, Zherui;31.3%;18.8%;6.3%;;12.5%;6.3%;6.3%;;6.3%;;;6.3%;;;6.3%;;;;;;;;;
;;55200;Nondes Eval Struct Mat;202620;Spring 2026;WNG;11566;Tallman, Tyler N.;12.5%;26.6%;10.9%;1.6%;15.6%;4.7%;18.8%;6.3%;;3.1%;;;;;;;;;;;;;;
;;55500;Mechan Composite Matls;202620;Spring 2026;WNG;10112;Pipes, R. Byron;22.9%;14.3%;17.1%;2.9%;8.6%;2.9%;2.9%;5.7%;14.3%;;;;;;2.9%;;;;;;;;5.7%;
;;56000;System-Of-Sys Modeling & Anlys;202620;Spring 2026;OL1;28989;Guariniello, Cesare;18.5%;22.2%;3.7%;;14.8%;;25.9%;;3.7%;3.7%;;;;;3.7%;;;;;;;;3.7%;
;;;;;;WNG;58862;Guariniello, Cesare;28.8%;15.4%;17.3%;1.9%;7.7%;3.8%;15.4%;3.8%;;5.8%;;;;;;;;;;;;;;
;;56700;Intro App Stoch Proc;202620;Spring 2026;001;19288;Frazho, Arthur E.;52.7%;;;1.8%;40.0%;;;5.5%;;;;;;;;;;;;;;;;
;;56800;Appl Optimal Control & Estimat;202620;Spring 2026;WNG;10116;Hwang, Inseok;56.8%;10.8%;;5.4%;18.9%;2.7%;;2.7%;;;;;;;2.7%;;;;;;;;;
;;59000;Appl Control In Astronautics;202620;Spring 2026;088;19682;Oguri, Kenshiro;42.9%;;42.9%;1.6%;6.3%;;;1.6%;;;;;;;;;;;;;;;4.8%;
;;;Atmospheric Flight Mechanics;202620;Spring 2026;101;39502;Alstrom, Robert B.;25.0%;20.0%;40.0%;;5.0%;;;;;;;;;;;;;;;;;;10.0%;
;;;Lie Group Methods;202620;Spring 2026;103;40800;Goppert, James M.;20.0%;6.7%;53.3%;10.0%;;;3.3%;;;;;;;;;;;3.3%;;;;;3.3%;
;;;Modern Vehicle Avionics;202620;Spring 2026;085;23180;Li, Husheng;29.4%;23.5%;11.8%;;5.9%;;29.4%;;;;;;;;;;;;;;;;;
;;;Multi-Agent Autonomy & Control;202620;Spring 2026;096;30797;Mou, Shaoshuai;94.7%;;;5.3%;;;;;;;;;;;;;;;;;;;;
;;;Surrogate Methods;202620;Spring 2026;084;23178;Leifsson, Leifur T.;27.8%;22.2%;;;16.7%;11.1%;16.7%;;;5.6%;;;;;;;;;;;;;;
;;66600;Nonlin Dyn Syst Contrl;202620;Spring 2026;003;30785;Corless, Martin;100.0%;;;;;;;;;;;;;;;;;;;;;;;
;;69000;Advanced Topics In Estimation;202620;Spring 2026;001;39295;Demars, Kyle J.;42.9%;14.3%;28.6%;;7.1%;;;;;;;;;;;;;;;;;;7.1%;
;;;Multi Body Orbital Structures;202620;Spring 2026;002;39296;Capannolo, Andrea;45.2%;;19.4%;25.8%;6.5%;;;;;;;;;;;;;;;;;;3.2%;
;;69900;Research PhD Thesis;202620;Spring 2026;016;10176;Howell, Kathleen;;;;;;;;;;;;;;;;;;;;100.0%;;;;
;;;;;;050;19282;Slabaugh, Carson D.;;;;;;;;;;;;;;;;;;;;100.0%;;;;
AAS;AAS-African American Studies;27100;Intro African American Studies;202620;Spring 2026;002;10137;Stephens, Ronald J.;69.2%;7.7%;7.7%;;;;;;;;;;;;;;;;;;;;15.4%;
;;;;;;003;39300;Tetne, Maurice;21.7%;4.3%;4.3%;;13.0%;8.7%;17.4%;13.0%;13.0%;4.3%;;;;;;;;;;;;;;
;;37100;AfAmArt: History, Theory, Prac;202620;Spring 2026;001;38089;Tan, Mindy H.;10.5%;15.8%;73.7%;;;;;;;;;;;;;;;;;;;;;
;;;AfAmArt:Hist,Theor,Prac-Honors;202620;Spring 2026;001;38089;Tan, Mindy H.;;;100.0%;;;;;;;;;;;;;;;;;;;;;
;;37300;Hist Of Injustice In America;202620;Spring 2026;003;30111;Stephens, Ronald J.;54.5%;;9.1%;;;;9.1%;;;;;;;;9.1%;;;;;;;;18.2%;
;;47300;Blacks In Hollywood Film;202620;Spring 2026;003;38889;Tan, Mindy H.;25.8%;19.4%;29.0%;;6.5%;9.7%;6.5%;;3.2%;;;;;;;;;;;;;;;
ABE;ABE-Agri & Biol Engineering;20200;Thermodynamics In Biol Engr;202620;Spring 2026;001;18743;Liu, Junli;31.4%;17.1%;5.7%;;11.4%;11.4%;11.4%;;;11.4%;;;;;;;;;;;;;;
;;21000;Thermo Prin Of Engr & Bio Sys;202620;Spring 2026;001;10446;Dabiri, Sadegh;5.6%;;2.8%;;8.3%;5.6%;5.6%;19.4%;13.9%;11.1%;13.9%;2.8%;2.8%;;5.6%;;;;;;;;2.8%;
;;30400;Biological Engineering Lab;202620;Spring 2026;007;11756;Brown, Abigail S.;39.6%;18.9%;15.1%;;7.5%;1.9%;11.3%;;;1.9%;1.9%;;;;1.9%;;;;;;;;;
;;30800;Heat & Mass Trans In Biol Engr;202620;Spring 2026;005;12953;Narsimhan, Ganesan;9.4%;5.7%;7.5%;;11.3%;5.7%;9.4%;18.9%;11.3%;17.0%;;;;;3.8%;;;;;;;;;
;;31400;Design Of Electronic Systems;202620;Spring 2026;001;11692;Jin, Jian;31.4%;17.1%;14.3%;;11.4%;2.9%;17.1%;2.9%;;2.9%;;;;;;;;;;;;;;
;;32000;Sld Mod Dyn Sim Anly;202620;Spring 2026;001;65886;Evans, John T.;42.1%;36.8%;5.3%;;10.5%;;5.3%;;;;;;;;;;;;;;;;;
;;32700;Biotechnology Laboratory II;202620;Spring 2026;002;29594;Clase, Kari L.;82.6%;4.3%;;;4.3%;;4.3%;;;;;4.3%;;;;;;;;;;;;
;;;;;;003;29596;Clase, Kari L.;63.0%;11.1%;;;7.4%;3.7%;7.4%;;;3.7%;;;;;;;;;;;;;3.7%;
;;33000;Des Machine Components;202620;Spring 2026;001;10452;Stwalley, Robert M.;71.4%;;7.1%;;21.4%;;;;;;;;;;;;;;;;;;;
;;37000;Reaction Kinetics In Biol Engr;202620;Spring 2026;001;40915;Jimenez-Useche, Isabel C.;22.6%;26.4%;9.4%;;9.4%;15.1%;9.4%;3.8%;1.9%;;;;;;1.9%;;;;;;;;;
;;40600;ABE Ambassador Leadership Sem;202620;Spring 2026;001;28240;Raturi, Ankita;100.0%;;;;;;;;;;;;;;;;;;;;;;;
;;42500;Water Quality Engineering;202620;Spring 2026;001;22287;Simsek, Halis;;;100.0%;;;;;;;;;;;;;;;;;;;;;
;;42600;Ecological Restoration Engr;202620;Spring 2026;001;39907;Lay, Danielle W.;68.2%;;4.5%;;18.2%;;9.1%;;;;;;;;;;;;;;;;;
;;44000;Cell & Mol Model In Biol Engr;202620;Spring 2026;001;16902;Proctor, Caitlin R.;31.1%;22.2%;;;15.6%;8.9%;11.1%;2.2%;;4.4%;2.2%;;;;;;;;;;;;2.2%;
;;45700;Unit Operations In Biol Engr;202620;Spring 2026;001;11759;Narsimhan, Ganesan;16.7%;20.4%;7.4%;;11.1%;16.7%;3.7%;14.8%;1.9%;1.9%;3.7%;;;;1.9%;;;;;;;;;
;;48600;Agricultural Engr Design;202620;Spring 2026;002;11761;Lumkes, John H.;23.1%;30.8%;23.1%;;3.8%;3.8%;15.4%;;;;;;;;;;;;;;;;;
;;55800;Biological Engr Design II;202620;Spring 2026;001;16001;Okos, Martin R.;11.9%;25.4%;;;23.7%;;30.5%;;1.7%;6.8%;;;;;;;;;;;;;;
;;58000;Adv Processes In Biol Engr;202620;Spring 2026;001;13091;Mosier, Nathan S.;35.6%;;;;41.1%;;;16.4%;;;4.1%;;;;;;;;;;;;2.7%;
;;59100;Sci & Eng Of Lipid Nanopart;202620;Spring 2026;071;40980;Ristroph, Kurt D.;52.9%;;35.3%;;11.8%;;;;;;;;;;;;;;;;;;;
;;65100;Environmental Informatics;202620;Spring 2026;001;15495;Cherkauer, Keith A.;54.5%;36.4%;;;;;;;;9.1%;;;;;;;;;;;;;;
;;69600;Graduate Seminar;202620;Spring 2026;001;11431;Porterfield, D. M.;;;;;;;;;;;;;;;;;;100.0%;;;;;;
AD;AD-Art & Design;10500;Design I;202620;Spring 2026;001;68776;Kim-Narita, Claire A.;14.3%;28.6%;;;7.1%;14.3%;7.1%;;;;;;7.1%;;14.3%;;;;;;;;7.1%;
;;;;;;002;64613;Kim-Narita, Claire A.;17.6%;47.1%;;;5.9%;11.8%;;;5.9%;11.8%;;;;;;;;;;;;;;
;;;;;;003;68777;Bolisetty, Lochana;7.7%;23.1%;;;;7.7%;30.8%;;7.7%;;;;;;15.4%;;;;;;;;7.7%;
;;;;;;004;10220;Hitselberger, Brian J.;21.4%;35.7%;;;;7.1%;7.1%;;;;;;;;21.4%;;;;;;;;7.1%;
;;10600;Design II;202620;Spring 2026;001;20544;Terrell, Michael S.;31.3%;50.0%;;;12.5%;;;;;;;;;;;;;;;;;;6.3%;
;;;;;;002;20545;Terrell, Michael S.;6.7%;46.7%;6.7%;;6.7%;13.3%;13.3%;;6.7%;;;;;;;;;;;;;;;
;;;;;;003;20546;Havel, Sadey J.;52.9%;23.5%;;;;;17.6%;5.9%;;;;;;;;;;;;;;;;
;;;;;;004;20547;Havel, Sadey J.;37.5%;25.0%;;;6.3%;6.3%;12.5%;;12.5%;;;;;;;;;;;;;;;
;;;;;;006;20549;Gong, Ziqian;28.6%;28.6%;;;14.3%;;21.4%;;;;;;;;7.1%;;;;;;;;;
;;;;;;007;20550;Gong, Ziqian;20.0%;26.7%;;;;13.3%;20.0%;;;;;;;;13.3%;;;;;;;;6.7%;
;;;;;;010;18564;Olubodun, Emmanuel T.;35.3%;41.2%;;;11.8%;;11.8%;;;;;;;;;;;;;;;;;
;;11300;Basic Drawing;202620;Spring 2026;001;10210;Munafo, Isabelle M.;40.0%;26.7%;20.0%;;;;6.7%;;;;;;;;;;;;;;;;6.7%;
;;;;;;002;10206;Guerin, Carolyn M.;31.3%;18.8%;37.5%;;;;6.3%;;;;;;;;6.3%;;;;;;;;;
;;;;;;003;10204;Peterson, Jessica M.;21.4%;7.1%;50.0%;;;;;;;;;;;;;;7.1%;7.1%;;;;;7.1%;
;;;;;;004;10202;Munafo, Isabelle M.;50.0%;25.0%;12.5%;;6.3%;;;;;;;;;;6.3%;;;;;;;;;
;;;;;;005;10200;Jung, Hoijin;23.5%;29.4%;;5.9%;11.8%;5.9%;17.6%;5.9%;;;;;;;;;;;;;;;;
;;;;;;006;15693;Guerin, Carolyn M.;35.3%;17.6%;35.3%;;;;;;;;;;;;5.9%;;;;;;;;5.9%;
;;;;;;007;10205;Jung, Hoijin;14.3%;50.0%;14.3%;;;;7.1%;;;7.1%;;;;;;;;7.1%;;;;;;
;;;;;;008;10208;Kiekeben, Friedhard;25.0%;18.8%;37.5%;;;;6.3%;;;;;;;;;;;;;;;;12.5%;
;;;;;;009;15692;Jung, Hoijin;5.9%;17.6%;;;29.4%;11.8%;17.6%;;5.9%;5.9%;;;;;;;;;;;;;5.9%;
;;11400;Drawing II;202620;Spring 2026;001;10211;Choi, Jong-un;12.5%;12.5%;56.3%;;;;12.5%;;;;;;;;;;;;;;;;6.3%;
;;;Drawing II-Honors;202620;Spring 2026;001;10211;Choi, Jong-un;;;100.0%;;;;;;;;;;;;;;;;;;;;;
;;11700;Black And White Photography;202620;Spring 2026;001;46021;Wilkinson, Nathan A.;15.4%;15.4%;46.2%;;;;7.7%;;;;;;;;;;;;;;;;15.4%;
;;;;;;002;12958;Wilkinson, Nathan A.;40.0%;26.7%;13.3%;;;6.7%;6.7%;;;;;;;;;;;;;;;;6.7%;
;;11900;Color Photography;202620;Spring 2026;001;55617;Bell, Greta M.;66.7%;20.0%;;;;13.3%;;;;;;;;;;;;;;;;;;
;;;;;;002;39262;Ridgway, Victoria J.;35.7%;;28.6%;;;7.1%;;;;7.1%;;7.1%;;;;;;;;;;;14.3%;
;;;Color Photography-Honors;202620;Spring 2026;002;39262;Ridgway, Victoria J.;;;100.0%;;;;;;;;;;;;;;;;;;;;;
;;13000;Interior Design Communication;202620;Spring 2026;001;41210;Bittner, Laura E.;40.0%;26.7%;;;20.0%;;6.7%;;;6.7%;;;;;;;;;;;;;;
;;;;;;003;27222;Bolisetty, Lochana;64.3%;14.3%;;;14.3%;;;;;7.1%;;;;;;;;;;;;;;
;;14600;Design Drawing I;202620;Spring 2026;001;10227;Zhou, Shankun;11.1%;16.7%;16.7%;;;;22.2%;;5.6%;;5.6%;;;;;5.6%;;;;;;;16.7%;
;;;;;;002;10228;Qaiser, Sundas;18.8%;;12.5%;;25.0%;;18.8%;6.3%;;;;;;;6.3%;;;;;;;;12.5%;
;;;;;;003;11488;Zhou, Shankun;11.1%;11.1%;50.0%;;5.6%;11.1%;;;;;5.6%;;;;5.6%;;;;;;;;;
;;;;;;005;33243;Qaiser, Sundas;35.3%;;23.5%;;5.9%;;11.8%;5.9%;5.9%;;5.9%;;;;;;;;;;;;5.9%;
;;20000;Beginning Painting;202620;Spring 2026;001;41718;Choi, Jong-un;33.3%;25.0%;33.3%;;;;8.3%;;;;;;;;;;;;;;;;;
;;;;;;002;17905;Gick, Charles A.;33.3%;41.7%;;;;;16.7%;;;;;;;;;;;;;;;;8.3%;
;;20100;Art For Elem Schl Tchr;202620;Spring 2026;014;30462;Vickers, Heather G.;80.0%;;;;6.7%;;;;;;;;;;;;;;;;;;13.3%;
;;;;;;016;37194;Vickers, Heather G.;93.8%;;;;6.3%;;;;;;;;;;;;;;;;;;;
;;;;;;018;39264;Vickers, Heather G.;88.9%;;;;5.6%;;;;;;;;;;;;;;;;;;5.6%;
;;;Art For Elem Schl Tchr-Honors;202620;Spring 2026;014;30462;Vickers, Heather G.;100.0%;;;;;;;;;;;;;;;;;;;;;;;
;;20600;Studio In VCD;202620;Spring 2026;004;19067;Kim, Do Gyun;20.0%;13.3%;6.7%;;33.3%;;20.0%;;;;6.7%;;;;;;;;;;;;;
;;21300;Life Drawing I;202620;Spring 2026;002;14386;Penington, Eric A.;45.5%;45.5%;;;9.1%;;;;;;;;;;;;;;;;;;;
;;22700;Hist Of Art Since 1400;202620;Spring 2026;001;10255;Woodward, Elizabeth J.;24.5%;12.2%;16.3%;;10.2%;3.1%;10.2%;3.1%;1.0%;2.0%;;2.0%;1.0%;;8.2%;1.0%;;;;;;;5.1%;
;;;;;;002;10254;Brandt, Allie K.;13.4%;5.9%;75.6%;;1.7%;1.7%;1.7%;;;;;;;;;;;;;;;;;
;;22900;VCD Computing II;202620;Spring 2026;002;10260;Safari, Golnaz;25.0%;;50.0%;;8.3%;;8.3%;;;;;8.3%;;;;;;;;;;;;
;;;;;;003;39255;Safari, Golnaz;9.1%;27.3%;36.4%;;;9.1%;;;9.1%;;;;;;9.1%;;;;;;;;;
;;22901;Vis Commun Design Soph Review;202620;Spring 2026;003;19394;Kim, Hyungjoo A.;;;;;;;;;;;;;;;;;;;;100.0%;;;;
;;23400;Art & Design Intern Prep;202620;Spring 2026;001;62901;Deal, James David;75.8%;8.1%;;;1.0%;3.0%;2.0%;;4.0%;2.0%;1.0%;;;;1.0%;;;;;;;;2.0%;
;;23500;Materials&Processes II;202620;Spring 2026;001;16799;Cha, Andrew J.;40.0%;20.0%;;;13.3%;6.7%;20.0%;;;;;;;;;;;;;;;;;
;;;;;;003;25999;Visser, Steve C.;21.4%;7.1%;7.1%;;14.3%;21.4%;21.4%;;;;;;;;7.1%;;;;;;;;;
;;23600;Lighting Fund For Photography;202620;Spring 2026;001;15702;Bell, Greta M.;50.0%;21.4%;;;7.1%;;14.3%;7.1%;;;;;;;;;;;;;;;;
;;24200;Ceramics I;202620;Spring 2026;001;10265;Peterson, Jessica M.;13.3%;13.3%;20.0%;;6.7%;;20.0%;6.7%;;;;;;;;;;20.0%;;;;;;
;;;;;;002;41854;Peterson, Julia M.;20.0%;20.0%;6.7%;;20.0%;;13.3%;;6.7%;;13.3%;;;;;;;;;;;;;
;;;;;;003;24155;Zahner, Sigrid K.;69.2%;;15.4%;;;;;;;;;;;;;;;7.7%;;;;;7.7%;
;;25000;Interior Design II;202620;Spring 2026;004;13393;Bulow, Hannah K.;12.5%;31.3%;;;25.0%;18.8%;;;6.3%;;;;;;6.3%;;;;;;;;;
;;;;;;005;38890;Bulow, Hannah K.;33.3%;25.0%;;;8.3%;16.7%;8.3%;8.3%;;;;;;;;;;;;;;;;
;;25001;Inter Design Sophomore Review;202620;Spring 2026;001;19385;Bittner, Laura E.;;;;;;;;;;;;;;;;;;;;94.4%;;2.8%;2.8%;
;;25500;Art Appreciation;202620;Spring 2026;001;10271;Dossin, Catherine;17.1%;20.0%;5.7%;;5.7%;14.3%;2.9%;8.6%;;5.7%;2.9%;;2.9%;;5.7%;;;2.9%;;;;;5.7%;
;;;;;;005;10425;Hitselberger, Brian J.;23.3%;16.3%;25.6%;;7.0%;;9.3%;4.7%;4.7%;;;;2.3%;;;;;;;;;;7.0%;
;;;;;;006;36806;Vickers, Heather G.;78.0%;;;;7.3%;;;2.4%;;;2.4%;;;;7.3%;;;2.4%;;;;;;
;;;;;;007;36807;Brown, Desirae R.;60.0%;7.5%;;;5.0%;;5.0%;5.0%;;5.0%;2.5%;;2.5%;;2.5%;;;;;;;;5.0%;
;;25600;Presentation Technique;202620;Spring 2026;002;10275;Sohn, Jung J.;38.5%;30.8%;;;7.7%;7.7%;;;7.7%;7.7%;;;;;;;;;;;;;;
;;;;;;003;16752;Sohn, Jung J.;23.1%;38.5%;;;;30.8%;;;;;;;;;;;;;;;;;7.7%;
;;;;;;004;32424;Lai, Chia-hsuan;7.7%;7.7%;;;15.4%;23.1%;7.7%;7.7%;7.7%;15.4%;;;7.7%;;;;;;;;;;;
;;25601;Industr Design Soph Review;202620;Spring 2026;001;19374;Visser, Steve C.;;;;;;;;;;;;;;;;;;;;54.5%;;38.6%;6.8%;
;;26001;Adv Drafting And Visualization;202620;Spring 2026;001;39276;Young, Barbara L.;41.7%;16.7%;;;;8.3%;16.7%;;8.3%;8.3%;;;;;;;;;;;;;;
;;26200;Jewelry & Metalwork I;202620;Spring 2026;002;10279;Mohl, Jessica S.;50.0%;7.1%;21.4%;;;;21.4%;;;;;;;;;;;;;;;;;
;;;;;;003;18577;Mohl, Jessica S.;57.1%;7.1%;7.1%;;;;28.6%;;;;;;;;;;;;;;;;;
;;26500;Relief Printmaking;202620;Spring 2026;001;10282;Nielsen, Zoe N.;36.4%;27.3%;;;;9.1%;18.2%;;;;;;;;;;;;;;;;9.1%;
;;26700;Digital Imaging;202620;Spring 2026;001;19435;Ridgway, Victoria J.;21.4%;;64.3%;;;;7.1%;;;;;;;;;;;;;;;;7.1%;
;;;;;;002;21166;Ridgway, Victoria J.;13.3%;;73.3%;;;;;;;;;;;;6.7%;;;;;;;;6.7%;
;;27500;Beginning Sculpture;202620;Spring 2026;001;15726;Peterson, Jessica M.;50.0%;;50.0%;;;;;;;;;;;;;;;;;;;;;
;;;Beginning Sculpture-Honors;202620;Spring 2026;001;15726;Peterson, Jessica M.;;;100.0%;;;;;;;;;;;;;;;;;;;;;
;;28000;Human Behavior And Design Envr;202620;Spring 2026;001;10198;In, Yong Kyung;21.4%;45.2%;;;14.3%;;14.3%;;;;2.4%;;;;2.4%;;;;;;;;;
;;28500;Inter Comp & Materials;202620;Spring 2026;001;10286;Bittner, Laura E.;5.6%;25.0%;;;44.4%;11.1%;5.6%;2.8%;2.8%;2.8%;;;;;;;;;;;;;;
;;;Inter Comp & Materials-Honors;202620;Spring 2026;001;10286;Bittner, Laura E.;100.0%;;;;;;;;;;;;;;;;;;;;;;;
;;30400;Video Art;202620;Spring 2026;001;58259;Terrell, Michael S.;18.8%;18.8%;56.3%;;;6.3%;;;;;;;;;;;;;;;;;;
;;;;;;002;11167;Winkler, Fabian;40.0%;33.3%;6.7%;;;;20.0%;;;;;;;;;;;;;;;;;
;;;;;;003;26176;Winkler, Fabian;35.7%;7.1%;21.4%;;7.1%;;21.4%;;;7.1%;;;;;;;;;;;;;;
;;30600;Industrial Design II;202620;Spring 2026;001;10294;Tarling, Marc N.;58.3%;16.7%;16.7%;;;;8.3%;;;;;;;;;;;;;;;;;
;;;;;;002;14553;Tarling, Marc N.;50.0%;25.0%;8.3%;;;;8.3%;;;;;;;;8.3%;;;;;;;;;
;;30701;Contemporary Photography;202620;Spring 2026;001;18580;Dean, Katherine E.;50.0%;11.1%;16.7%;;;;5.6%;;5.6%;5.6%;;;;;5.6%;;;;;;;;;
;;31400;Experimental Drawing;202620;Spring 2026;001;34191;Penington, Eric A.;66.7%;16.7%;;;16.7%;;;;;;;;;;;;;;;;;;;
;;;Experimental Drawing-Honors;202620;Spring 2026;001;34191;Penington, Eric A.;50.0%;;50.0%;;;;;;;;;;;;;;;;;;;;;
;;31600;Semnr Indust Des I;202620;Spring 2026;001;13594;Feng, Anran;27.3%;27.3%;9.1%;;18.2%;;18.2%;;;;;;;;;;;;;;;;;
;;;;;;002;38934;Feng, Anran;30.8%;23.1%;7.7%;;7.7%;;23.1%;;;;;;;;7.7%;;;;;;;;;
;;34000;Furniture Development;202620;Spring 2026;002;28841;Marchese, David A.;60.9%;21.7%;13.0%;;;;;;;;;;;;4.3%;;;;;;;;;
;;34600;Italian Renaissance Art;202620;Spring 2026;001;26182;Woodward, Elizabeth J.;21.9%;15.6%;6.3%;;6.3%;;25.0%;6.3%;3.1%;6.3%;;;;;3.1%;;;;;;;;6.3%;
;;35000;Interior Design IV;202620;Spring 2026;001;10301;In, Yong Kyung;12.5%;12.5%;;;31.3%;6.3%;37.5%;;;;;;;;;;;;;;;;;
;;;;;;002;13855;In, Yong Kyung;11.8%;23.5%;;;23.5%;17.6%;17.6%;5.9%;;;;;;;;;;;;;;;;
;;36200;Jewelry And Metalwork;202620;Spring 2026;001;20167;Mohl, Jessica S.;54.5%;9.1%;;;18.2%;9.1%;9.1%;;;;;;;;;;;;;;;;;
;;36600;Visual Commu Design II;202620;Spring 2026;001;10305;Deal, James David;100.0%;;;;;;;;;;;;;;;;;;;;;;;
;;38400;Contemporary Art;202620;Spring 2026;001;10310;Dossin, Catherine;13.0%;24.1%;3.7%;;14.8%;9.3%;7.4%;5.6%;9.3%;3.7%;;1.9%;1.9%;;;;;;;;;;5.6%;
;;38500;History Of Int Design;202620;Spring 2026;001;28445;Kaufmann-Buhler, Jennifer B.;20.3%;23.4%;3.1%;;15.6%;10.9%;6.3%;4.7%;;6.3%;;;1.6%;;3.1%;;;;;;;;4.7%;
;;38900;Intro To Curatorial Practices;202620;Spring 2026;001;39267;Gotway, Kirstin M.;50.0%;16.7%;30.0%;;;;;;;;;3.3%;;;;;;;;;;;;
;;40200;Art In Secondary Schl;202620;Spring 2026;001;17509;Sabol, Frank R.;100.0%;;;;;;;;;;;;;;;;;;;;;;;
;;40600;Industrial Design IV;202620;Spring 2026;001;10316;Kim, Tong J.;31.8%;9.1%;50.0%;;;;9.1%;;;;;;;;;;;;;;;;;
;;41600;Sem Ideas Industrial Design II;202620;Spring 2026;001;63673;Tarling, Marc N.;100.0%;;;;;;;;;;;;;;;;;;;;;;;
;;43200;Visual Comm Design IV;202620;Spring 2026;001;10302;Zhang, Li;53.3%;20.0%;6.7%;;;;20.0%;;;;;;;;;;;;;;;;;
;;;;;;002;26673;Zhang, Li;61.5%;38.5%;;;;;;;;;;;;;;;;;;;;;;
;;44000;Inter Detail & Const;202620;Spring 2026;001;62998;Ebbini, Genell W.;40.0%;40.0%;;;4.0%;8.0%;4.0%;;;4.0%;;;;;;;;;;;;;;
;;46500;Professional Practice;202620;Spring 2026;X01;10361;Bulow, Hannah K.;76.0%;8.0%;;;8.0%;;8.0%;;;;;;;;;;;;;;;;;
;;47800;Intern Art And Design;202620;Spring 2026;001;10363;Instructor, Off Campus;88.9%;5.6%;;;;;;;;;;;;;;;;;;;;;5.6%;
;;49900;Studio Arts Prof Prac/Sr Exh;202620;Spring 2026;001;63053;Craven, Eli J.;32.0%;8.0%;52.0%;;;;8.0%;;;;;;;;;;;;;;;;;
;;52000;Visual Design Service;202620;Spring 2026;002;12687;Deal, James David;100.0%;;;;;;;;;;;;;;;;;;;;;;;
;;;;;;003;26690;Deal, James David;81.3%;;18.8%;;;;;;;;;;;;;;;;;;;;;
;;55000;Res Meth In Art&Dsgn;202620;Spring 2026;001;41124;Mcmullen, Shannon C.;63.6%;36.4%;;;;;;;;;;;;;;;;;;;;;;
AFT;AFT-Aerospace Studies;12000;Heritage And Values II;202620;Spring 2026;001;10534;Bond, Brian;69.0%;3.4%;20.7%;;;;6.9%;;;;;;;;;;;;;;;;;
;;;;;;003;10536;Bond, Brian;47.6%;4.8%;23.8%;;4.8%;;9.5%;;;;;;;;;;;;;;;;9.5%;
;;20220;Air Force ROTC Lead Lab;202620;Spring 2026;001;20041;Goodner, Allison N.;;;;;;;;;;;;;;;;;;95.6%;;;;;4.4%;
;;24000;Team & Ldrshp Fund II;202620;Spring 2026;001;10538;Goodner, Allison N.;92.3%;7.7%;;;;;;;;;;;;;;;;;;;;;;
;;;;;;002;10539;Goodner, Allison N.;85.7%;4.8%;;;;;4.8%;;;;;;;;;;;;;;;;4.8%;
;;36100;Leading Ppl & Effect Comm II;202620;Spring 2026;001;10541;Mcarthur, Paul G.;100.0%;;;;;;;;;;;;;;;;;;;;;;;
;;;;;;003;38462;Mcarthur, Paul G.;90.0%;;;;;;10.0%;;;;;;;;;;;;;;;;;
;;40220;Air Force ROTC Lead Lab;202620;Spring 2026;001;20038;Goodner, Allison N.;;;;;;;;;;;;;;;;;;98.2%;;;;;1.8%;
;;48100;Natl Sec Commission Prep II;202620;Spring 2026;001;10544;Wild, Jason;;;100.0%;;;;;;;;;;;;;;;;;;;;;
;;;;;;002;19331;Wild, Jason;;;100.0%;;;;;;;;;;;;;;;;;;;;;
AGEC;AGEC-Agricultural Economics;20201;Intro To Data Analytics AGBS;202620;Spring 2026;001;10599;Tchuente Nguembu, Guy;11.6%;16.3%;31.4%;;3.5%;3.5%;11.6%;4.7%;3.5%;1.2%;2.3%;1.2%;2.3%;;4.7%;;;;;;;;2.3%;
;;20300;Microecon Food & Agbus;202620;Spring 2026;001;10549;Byrd, Elizabeth S.;39.9%;7.0%;29.1%;;7.0%;1.3%;5.1%;1.9%;;3.2%;;;1.3%;;2.5%;;;;;;;;1.9%;
;;;Microecon Food & Agbus-Honors;202620;Spring 2026;001;10549;Byrd, Elizabeth S.;;;100.0%;;;;;;;;;;;;;;;;;;;;;
;;21700;Economics;202620;Spring 2026;001;10551;Moss, Leeann E.;24.1%;16.6%;35.2%;;5.5%;1.6%;10.3%;0.4%;;1.6%;;;2.8%;;1.2%;;;;;;;;0.8%;
;;;;;;Y01;57258;Moss, Leeann E.;16.0%;23.6%;28.1%;;9.0%;2.4%;15.2%;0.2%;0.6%;1.2%;0.2%;0.8%;0.2%;;1.2%;;;;;;;;1.2%;
;;;Economics-Honors;202620;Spring 2026;001;10551;Moss, Leeann E.;;;100.0%;;;;;;;;;;;;;;;;;;;;;
;;;;;;Y01;57258;Moss, Leeann E.;;;75.0%;;;;;;;;;;;;;;;25.0%;;;;;;
;;22000;Econ Of Agricultural Markets;202620;Spring 2026;001;10554;Bauchet, Jonathan J.;37.3%;15.3%;15.3%;;5.1%;5.1%;3.4%;1.7%;3.4%;1.7%;1.7%;1.7%;1.7%;;5.1%;;;;;;;;1.7%;
;;25000;Econ Geog World Food;202620;Spring 2026;001;10555;Balagtas, Joseph V.;13.0%;13.0%;8.7%;;8.7%;21.7%;8.7%;;8.7%;4.3%;4.3%;;4.3%;;;;;;;;;;4.3%;
;;30300;Intermediate Applied Microecon;202620;Spring 2026;001;21621;Dalheimer, Hans Bernhard S.;35.3%;5.9%;35.3%;;5.9%;;;;;5.9%;;;5.9%;;5.9%;;;;;;;;;
;;31000;Farm Organization;202620;Spring 2026;001;10339;Byrd, Elizabeth S.;31.2%;19.2%;36.0%;;4.0%;1.6%;3.2%;0.8%;0.8%;1.6%;;;0.8%;;0.8%;;;;;;;;;
;;32700;Prin Of Food & Agribus Mrkt;202620;Spring 2026;001;10619;Kilders, Valerie;23.6%;11.1%;13.9%;;12.5%;2.8%;13.9%;2.8%;1.4%;1.4%;;2.8%;2.8%;;2.8%;;;;;;;;8.3%;
;;33000;Mgmt Methods Agr Bus;202620;Spring 2026;001;10561;Moss, Leeann E.;26.4%;14.9%;8.3%;;14.9%;1.7%;14.0%;5.0%;1.7%;2.5%;4.1%;;0.8%;;2.5%;;;;;;;;3.3%;
;;33100;Prin Of Industrial Selling;202620;Spring 2026;001;10562;Cochran, Amy L.;12.3%;17.4%;2.2%;;15.2%;10.9%;15.9%;5.1%;0.7%;4.3%;1.4%;;;;2.2%;;;;;;;;12.3%;
;;33300;Food Dist Retail Persp;202620;Spring 2026;001;64067;Wu, Steven Y.;21.9%;9.4%;6.3%;;18.8%;12.5%;;9.4%;3.1%;3.1%;3.1%;;;;;3.1%;;3.1%;;;;;6.3%;
;;35200;Tech For Firm Decision;202620;Spring 2026;003;10344;Pastor, Daniel J.;12.2%;13.3%;4.1%;;12.2%;7.1%;13.3%;6.1%;4.1%;11.2%;4.1%;;2.0%;;5.1%;;;;;;;;5.1%;
;;37500;Process Econ Research;202620;Spring 2026;001;11585;Bauchet, Jonathan J.;90.0%;;;;;;;;;;;;;;5.0%;;;;;;;;5.0%;
;;41000;Agricultural Policy;202620;Spring 2026;001;10567;Keeney, Roman M.;72.1%;8.2%;6.6%;;6.6%;4.9%;1.6%;;;;;;;;;;;;;;;;;
;;42100;Adv Commodity Marketing;202620;Spring 2026;001;10346;Mallory, Mindy L.;39.1%;21.7%;21.7%;;;4.3%;4.3%;;;;;;;;;;;8.7%;;;;;;
;;42400;Finan Mgt Agr Bus;202620;Spring 2026;001;43331;Byrd, Elizabeth S.;27.9%;27.9%;14.0%;;7.0%;2.3%;20.9%;;;;;;;;;;;;;;;;;
;;42500;Est Plan Prop Transfer;202620;Spring 2026;001;21624;Armstrong, Candace D.;28.8%;8.5%;54.2%;;1.7%;1.7%;3.4%;;;;;;1.7%;;;;;;;;;;;
;;42700;Adv Agribusn Marketing;202620;Spring 2026;001;35159;Van Loo, Ellen J.;46.2%;9.6%;30.8%;;3.8%;;3.8%;;1.9%;1.9%;;;;;;;;;;;;;1.9%;
;;42900;Agri-Marketing Analytics;202620;Spring 2026;002;10007;Wu, Steven Y.;31.8%;;4.5%;;9.1%;18.2%;9.1%;18.2%;4.5%;;4.5%;;;;;;;;;;;;;
;;43000;Agr&Food Bus Strategy;202620;Spring 2026;001;10577;Ellison, Brenna D.;32.3%;24.6%;;;13.8%;3.1%;12.3%;;;3.1%;3.1%;1.5%;;;3.1%;;;;;;;;3.1%;
;;45000;Internatl Agric Trade;202620;Spring 2026;001;10114;Dalheimer, Hans Bernhard S.;22.6%;17.0%;;;35.8%;5.7%;11.3%;1.9%;;;;;;;;;;5.7%;;;;;;
;;45100;Applied Econometrics;202620;Spring 2026;005;31540;Pastor, Daniel J.;20.0%;15.0%;20.0%;;;5.0%;5.0%;;;15.0%;;;;;5.0%;;;;;;;;15.0%;
;;49800;NAMA;202620;Spring 2026;013;22176;Williams, Jennifer L.;;;100.0%;;;;;;;;;;;;;;;;;;;;;
;;52400;Agricultural Finance;202620;Spring 2026;001;10588;Moss, Leeann E.;70.0%;;20.0%;;;;;;;;;;;;;;;10.0%;;;;;;
;;69200;Workshop In Appl Econ;202620;Spring 2026;001;10140;Balagtas, Joseph V.;100.0%;;;;;;;;;;;;;;;;;;;;;;;
AGR;AGR-Agriculture;29000;Intro To Ag Lead Pro;202620;Spring 2026;004;40715;Akridge, Jay T.;90.5%;;;;9.5%;;;;;;;;;;;;;;;;;;;
;;;Spring Into Purdue Agriculture;202620;Spring 2026;002;30190;Kerr, Timothy P.;71.2%;;;;21.2%;;;3.8%;;;;;;;1.9%;;;;;;;;1.9%;
;;29400;Directed Readings-Honors;202620;Spring 2026;H01;37230;Powers, Alyssa A.;100.0%;;;;;;;;;;;;;;;;;;;;;;;
;;33300;Data Science For Agriculture;202620;Spring 2026;001;27580;Zhang, Yaguang;30.0%;;40.0%;;15.0%;;10.0%;;;5.0%;;;;;;;;;;;;;;
;;;;;;003;40265;Zhang, Yaguang;20.8%;12.5%;33.3%;;;;4.2%;;;8.3%;;;;;4.2%;;;;;;;;16.7%;
;;59500;Res Fundmtls In The Era Of AI;202620;Spring 2026;001;42961;Buckmaster, Dennis R.;;;;;;;;;;;;;;;;;1.7%;85.0%;;;;;13.3%;
AGRY;AGRY-Agronomy;10500;Crop Production;202620;Spring 2026;008;10408;Gerber, Corey K.;40.0%;;;;32.0%;;;16.0%;;;4.0%;;;;8.0%;;;;;;;;;
;;;Crop Production-Honors;202620;Spring 2026;008;10408;Gerber, Corey K.;;;;;100.0%;;;;;;;;;;;;;;;;;;;
;;12500;Environmental Scienc & Conserv;202620;Spring 2026;001;10299;Adeniji, Adebola E.;20.0%;4.0%;4.0%;;16.0%;4.0%;12.0%;12.0%;4.0%;8.0%;;;4.0%;;8.0%;;;;;;;;4.0%;
;;25500;Soil Science;202620;Spring 2026;009;10701;Rahmani, Shams Rahman R.;48.2%;;;;18.4%;;8.8%;7.9%;;6.1%;2.6%;;4.4%;;1.8%;0.9%;;;;;;;0.9%;
;;;Soil Science-Honors;202620;Spring 2026;009;10701;Rahmani, Shams Rahman R.;100.0%;;;;;;;;;;;;;;;;;;;;;;;
;;27000;Forest Soils;202620;Spring 2026;004;10727;Rahmani, Shams Rahman R.;37.1%;;;;19.4%;;8.1%;11.3%;;9.7%;3.2%;;4.8%;;1.6%;;;;;;;;4.8%;
;;28500;Wrld Crp Adpt & Dstrbt;202620;Spring 2026;001;24336;Tuinstra, Mitchell R.;15.7%;15.7%;;;23.5%;13.7%;9.8%;3.9%;3.9%;7.8%;2.0%;;2.0%;;;;;;;;;;2.0%;
;;32000;Genetics;202620;Spring 2026;001;10747;Mohammadi, Mohsen;16.8%;12.5%;24.5%;;8.2%;7.6%;10.9%;6.0%;1.6%;6.5%;2.2%;;1.1%;;1.1%;;;;;;;;1.1%;
;;32100;Genetics Laboratory;202620;Spring 2026;002;10749;Allen, Sara L.;50.0%;28.6%;21.4%;;;;;;;;;;;;;;;;;;;;;
;;;;;;004;10751;Schroedel, Tina;28.6%;28.6%;14.3%;;;7.1%;7.1%;7.1%;;;;;7.1%;;;;;;;;;;;
;;;;;;005;10752;Steigenga, Niels M.;23.1%;15.4%;15.4%;;;;23.1%;;;15.4%;;;;;;;;;;;;;7.7%;
;;;;;;008;10755;Steigenga, Niels M.;36.4%;9.1%;9.1%;;18.2%;;9.1%;9.1%;;;;;;;9.1%;;;;;;;;;
;;;;;;009;46773;Schroedel, Tina;57.1%;14.3%;7.1%;;;;14.3%;;7.1%;;;;;;;;;;;;;;;
;;;;;;010;55409;Trabert, Leonie M.;;9.1%;;;9.1%;9.1%;36.4%;;9.1%;18.2%;;;;;9.1%;;;;;;;;;
;;;;;;011;41247;Trabert, Leonie M.;30.8%;46.2%;7.7%;;;7.7%;;;;;;;;;7.7%;;;;;;;;;
;;33500;Weather And Climate;202620;Spring 2026;001;40290;Childs, Samuel J.;37.8%;22.2%;15.6%;;6.7%;6.7%;4.4%;;;;;;;;;;;4.4%;;;;;2.2%;
;;33700;Environmntal Hydrology;202620;Spring 2026;001;53096;Bowling, Laura C.;44.6%;6.2%;7.7%;;15.4%;1.5%;4.6%;1.5%;1.5%;6.2%;1.5%;;;;3.1%;3.1%;;;;;;;3.1%;
;;36500;Soil Fertility;202620;Spring 2026;006;10764;Bradford, Jeffrey T.;49.3%;;;;37.7%;;;10.1%;;;;;;;2.9%;;;;;;;;;
;;37500;Crop Production Systms;202620;Spring 2026;001;10769;Schweitzer, Lee E.;92.0%;;;;4.0%;;;4.0%;;;;;;;;;;;;;;;;
;;39900;Crop Prdctn Sys Of West Texas;202620;Spring 2026;022;15760;Bradford, Jeffrey T.;100.0%;;;;;;;;;;;;;;;;;;;;;;;
;;51800;Plant Phys & Biotech Res Tech;202620;Spring 2026;001;37971;Zhang, Cankui;37.5%;12.5%;31.3%;6.3%;;;12.5%;;;;;;;;;;;;;;;;;
;;52500;Crop Physiol And Ecol;202620;Spring 2026;001;65527;Volenec, Jeffrey J.;17.1%;14.3%;;;17.1%;5.7%;5.7%;11.4%;2.9%;11.4%;2.9%;;2.9%;;;;;2.9%;;;;;5.7%;
;;54000;Soil Chemistry;202620;Spring 2026;001;40289;Johnston, Cliff T.;45.5%;27.3%;;;27.3%;;;;;;;;;;;;;;;;;;;
;;58000;Soil And Rhizosphere Microbiol;202620;Spring 2026;001;37710;Wilhelm, Roland C.;26.7%;33.3%;20.0%;6.7%;;;6.7%;;;;;;;;;;;;;;;;6.7%;
;;58500;Soils And Land Use;202620;Spring 2026;001;10793;Paltseva, Anna A.;28.0%;20.0%;;;12.0%;4.0%;24.0%;;;4.0%;;;;;;;;;;;;;8.0%;
;;59800;Crop Mgt Drone Flt And Imaging;202620;Spring 2026;069;10481;Schweitzer, Lee E.;100.0%;;;;;;;;;;;;;;;;;;;;;;;
;;60200;Syst Reviews In Ag & Environ;202620;Spring 2026;001;40813;Brouder, Sylvie M.;100.0%;;;;;;;;;;;;;;;;;;;;;;;
;;69600;Agronomy Grad Seminar;202620;Spring 2026;001;40718;Armstrong, Shalamar D.;100.0%;;;;;;;;;;;;;;;;;;;;;;;
AMST;AMST-American Studies;10100;America And The World;202620;Spring 2026;001;10832;Tan, Mindy H.;32.0%;4.0%;52.0%;;4.0%;;;;;;4.0%;;;;;;;4.0%;;;;;;
;;;;;;013;38892;Tan, Mindy H.;31.8%;4.5%;50.0%;;;;;4.5%;;;;;;;;9.1%;;;;;;;;
;;;;;;014;40449;Basmaz, Ozgun;59.1%;;36.4%;;4.5%;;;;;;;;;;;;;;;;;;;
;;;;;;015;41541;Basmaz, Ozgun;33.3%;8.3%;54.2%;;;;;;;;;;;;;;;;;;;;4.2%;
;;20100;Interpreting America;202620;Spring 2026;001;38926;Tortolini, David;82.8%;;;;10.3%;;;3.4%;;;;;;;3.4%;;;;;;;;;
;;22000;Technology And Play;202620;Spring 2026;001;15594;Griffin, Mark;13.3%;;86.7%;;;;;;;;;;;;;;;;;;;;;
;;30100;Sports & Feminism;202620;Spring 2026;027;20102;Cooky, Cheryl A.;16.7%;8.3%;;;8.3%;8.3%;8.3%;;8.3%;;;8.3%;;;16.7%;;;;;;;;16.7%;
;;;Sports & Feminism-Honors;202620;Spring 2026;027;20102;Cooky, Cheryl A.;;;100.0%;;;;;;;;;;;;;;;;;;;;;
ANSC;ANSC-Animal Sciences;10200;Intro To Animal Agr;202620;Spring 2026;001;34428;Nicholls, Griffin T.;44.7%;18.4%;2.6%;;9.6%;1.8%;9.6%;3.5%;;3.5%;0.9%;;0.9%;;2.6%;;;;;;;;1.8%;
;;;;;;033;33576;Mahoney, Julie A.;36.4%;13.6%;;;22.7%;4.5%;9.1%;9.1%;;;;;;;;;;;;;;;4.5%;
;;22100;Princ Of Animal Nutr;202620;Spring 2026;001;10920;Forsyth, Dale M.;26.2%;7.7%;18.5%;;9.2%;1.5%;6.2%;10.8%;;7.7%;6.2%;1.5%;;;;;;;;;;;4.6%;
;;;;;;002;10921;Forsyth, Dale M.;27.1%;5.1%;23.7%;;6.8%;6.8%;3.4%;8.5%;;1.7%;3.4%;1.7%;;;1.7%;;;1.7%;;;;;8.5%;
;;;;;;Y01;38547;Forsyth, Dale M.;31.7%;6.3%;6.3%;;9.5%;11.1%;;14.3%;;1.6%;3.2%;1.6%;1.6%;;4.8%;;;;;;;;7.9%;
;;23000;Physiolo/Domestic Anim;202620;Spring 2026;001;10385;Cabot, Ryan A.;15.7%;13.9%;6.5%;;10.2%;4.6%;5.6%;6.5%;1.9%;0.9%;1.9%;0.9%;0.9%;;4.6%;;;;;;;;25.9%;
;;24000;Animal Production;202620;Spring 2026;001;22938;Zuelly, Stacy M.;32.8%;20.7%;16.4%;;9.5%;0.9%;11.2%;1.7%;1.7%;0.9%;0.9%;0.9%;;;0.9%;;;;;;;;1.7%;
;;;Animal Production-Honors;202620;Spring 2026;001;22938;Zuelly, Stacy M.;;;;;100.0%;;;;;;;;;;;;;;;;;;;
;;25500;Principles Of Animal Products;202620;Spring 2026;001;22942;Zuelly, Stacy M.;30.0%;20.0%;15.4%;;6.9%;3.1%;10.8%;4.6%;0.8%;3.1%;2.3%;;1.5%;;0.8%;;;;;;;;0.8%;
;;28100;Career Planning An Sci;202620;Spring 2026;001;36585;Krotz, James J.;29.0%;9.7%;51.6%;;3.2%;;;;;3.2%;;;;;3.2%;;;;;;;;;
;;;;;;002;36588;Krotz, James J.;25.8%;6.5%;51.6%;;3.2%;;3.2%;;;;;3.2%;;;6.5%;;;;;;;;;
;;29500;Beginning Meat Evaluation;202620;Spring 2026;001;19157;Snethen, Cade M.;;;92.3%;;;;;;;;;;;;;;;;;;;;7.7%;
;;30100;Anim Growth And Dev;202620;Spring 2026;001;24234;Mcgrady, Hattie I.;30.0%;30.0%;25.0%;;;5.0%;10.0%;;;;;;;;;;;;;;;;;
;;;;;;002;24360;Mcgrady, Hattie I.;25.0%;25.0%;32.5%;;2.5%;;5.0%;;;7.5%;;;2.5%;;;;;;;;;;;
;;30300;Animal Behavior;202620;Spring 2026;001;10933;Neave, Heather W.;40.0%;12.9%;22.9%;;10.0%;1.4%;10.0%;;;;1.4%;;;;1.4%;;;;;;;;;
;;31100;Animal Breeding And Genetics;202620;Spring 2026;001;10935;Rojas De Oliveira, Hinayah;9.2%;12.8%;13.8%;;9.2%;5.5%;11.0%;12.8%;7.3%;3.7%;5.5%;0.9%;2.8%;;0.9%;;;0.9%;;;;;3.7%;
;;;Anml Breeding &Genetics-Honors;202620;Spring 2026;001;10935;Rojas De Oliveira, Hinayah;;100.0%;;;;;;;;;;;;;;;;;;;;;;
;;;Anml Breeding&Genetics-Honors;202620;Spring 2026;001;10935;Rojas De Oliveira, Hinayah;;100.0%;;;;;;;;;;;;;;;;;;;;;;
;;32500;Applied Ruminant Nutr-Honors;202620;Spring 2026;001;16369;Schoonmaker, Jon;100.0%;;;;;;;;;;;;;;;;;;;;;;;
;;;Applied Ruminant Nutrition;202620;Spring 2026;001;16369;Schoonmaker, Jon;28.0%;;;;28.0%;;12.0%;20.0%;;;8.0%;;;;4.0%;;;;;;;;;
;;32600;Appl Non-ruminant Nutr-Honors;202620;Spring 2026;001;18547;Ju, Tingting;100.0%;;;;;;;;;;;;;;;;;;;;;;;
;;;Applied Non-ruminant Nutrition;202620;Spring 2026;001;18547;Ju, Tingting;38.1%;19.0%;9.5%;;9.5%;14.3%;9.5%;;;;;;;;;;;;;;;;;
;;33200;Environ Phys Dom Anim;202620;Spring 2026;001;10943;Allrich, Rodney D.;11.6%;9.3%;23.3%;;9.3%;11.6%;7.0%;7.0%;4.7%;2.3%;2.3%;4.7%;;;2.3%;;;;;;;;4.7%;
;;33300;Physiol Of Reproductn;202620;Spring 2026;001;10945;Cabot, Ryan A.;11.3%;3.8%;3.8%;;11.3%;6.3%;6.3%;17.5%;3.8%;1.3%;3.8%;5.0%;6.3%;;8.8%;;;;;;;;11.3%;
;;35100;Meat Science;202620;Spring 2026;001;10947;Kim, Yuan H.;24.4%;12.2%;9.8%;;13.4%;6.1%;11.0%;4.9%;8.5%;6.1%;;;2.4%;;;;;;;;;;1.2%;
;;35101;Meat Science Lab;202620;Spring 2026;001;43504;Ford, Emily A.;;8.3%;91.7%;;;;;;;;;;;;;;;;;;;;;
;;;;;;002;54419;Ford, Emily A.;;7.1%;78.6%;;;7.1%;;;;;;;;;;;;;;;;;7.1%;
;;42500;Ruminant Reprod Farm Mgmt;202620;Spring 2026;002;14648;Bass, Casie S.;12.5%;16.7%;4.2%;;25.0%;16.7%;16.7%;;;4.2%;;;;;;;;;;;;;4.2%;
;;44200;Sheep Management;202620;Spring 2026;001;10957;Mahoney, Julie A.;30.3%;27.3%;;;6.1%;;24.2%;;3.0%;9.1%;;;;;;;;;;;;;;
;;;Sheep Management-Honors;202620;Spring 2026;001;10957;Mahoney, Julie A.;100.0%;;;;;;;;;;;;;;;;;;;;;;;
;;44300;Swine Management;202620;Spring 2026;001;10959;Ju, Tingting;25.8%;29.0%;6.5%;;9.7%;;25.8%;;;3.2%;;;;;;;;;;;;;;
;;;Swine Management-Honors;202620;Spring 2026;001;10959;Ju, Tingting;;;;;100.0%;;;;;;;;;;;;;;;;;;;
;;44500;Commercial Poultry Mgt;202620;Spring 2026;001;14888;Fraley, Greg S.;40.0%;26.7%;16.7%;;10.0%;;3.3%;;;3.3%;;;;;;;;;;;;;;
;;;Commercial Poultry Mgt-Honors;202620;Spring 2026;001;14888;Fraley, Greg S.;50.0%;;50.0%;;;;;;;;;;;;;;;;;;;;;
;;49500;Cracking The Poultry Industry;202620;Spring 2026;001;22558;Erasmus, Marisa A.;36.4%;4.5%;27.3%;;4.5%;;22.7%;;;;4.5%;;;;;;;;;;;;;
;;;Horse Evaluation;202620;Spring 2026;005;17551;Bass, Casie S.;21.7%;43.5%;;;13.0%;4.3%;8.7%;;;;;;;;4.3%;;;;;;;;4.3%;
;;51600;Molecular Microbiome Analysis;202620;Spring 2026;001;26407;Johnson, Timothy A.;52.6%;15.8%;;10.5%;;;5.3%;;5.3%;;;;;;;;;;;;;;10.5%;
;;53400;Adv Reprod Physiology;202620;Spring 2026;001;25848;Machaty, Zoltan;20.0%;12.0%;16.0%;;16.0%;4.0%;20.0%;;;;;;;;;;;;;;;;12.0%;
;;59500;Cntmpry Tpcs Genetic Genomics;202620;Spring 2026;006;41190;Rojas De Oliveira, Hinayah;;;90.9%;;9.1%;;;;;;;;;;;;;;;;;;;
;;68100;Anim Sc Grad Sem;202620;Spring 2026;001;10984;Johnson, Timothy A.;90.0%;10.0%;;;;;;;;;;;;;;;;;;;;;;
;;;;;;002;16550;Johnson, Timothy A.;;;;;;;;;;;;;;;;;2.8%;97.2%;;;;;;
;;69900;Research PhD Thesis;202620;Spring 2026;014;66183;Brito, Luiz Fernando;;;;;;;;;;;;;;;;;;;;90.9%;;9.1%;;
ANTH;ANTH-Anthropology;10000;Being Human: Intro To Anth;202620;Spring 2026;015;15999;Schulze, Savannah M.;11.7%;3.3%;73.3%;;1.7%;;1.7%;;;1.7%;;;;;1.7%;;;;;;;;5.0%;
;;;;;;016;25236;Eklund, Elizabeth M.;14.9%;23.7%;39.7%;;1.0%;4.1%;5.2%;4.1%;2.1%;2.1%;0.5%;0.5%;0.5%;;1.0%;;;;;;;;0.5%;
;;;;;;020;39896;Smith, Bonnie K.;21.3%;3.3%;70.5%;;;;3.3%;;;;;;;;1.6%;;;;;;;;;
;;;Be Human:Intro To Anth-Honors;202620;Spring 2026;016;25236;Eklund, Elizabeth M.;;;100.0%;;;;;;;;;;;;;;;;;;;;;
;;20100;Intro Arch Prehist;202620;Spring 2026;001;11304;Otarola-Castillo, Erik R.;16.7%;13.3%;31.7%;;5.0%;10.0%;8.3%;5.0%;3.3%;3.3%;;;;;;;;;;;;;3.3%;
;;20400;Human Origins;202620;Spring 2026;001;11033;Veile, Amanda J.;17.3%;7.1%;57.5%;;3.9%;2.4%;1.6%;2.4%;1.6%;;0.8%;0.8%;0.8%;;1.6%;;;;;;;;2.4%;
;;20500;Human Cultural Diversity;202620;Spring 2026;001;11041;Wittekind, Courtney T.;19.8%;18.6%;12.8%;;7.0%;5.8%;10.5%;1.2%;2.3%;9.3%;3.5%;1.2%;;;4.7%;;;;;;;;3.5%;
;;;;;;024;10601;Wirtz, Elizabeth J.;34.5%;29.1%;14.5%;;1.8%;5.5%;10.9%;;;;;;;;1.8%;1.8%;;;;;;;;
;;;;;;026;29231;Schulze, Savannah M.;8.8%;8.8%;70.6%;;2.9%;;;;;;;2.9%;2.9%;;;;;;;;;;2.9%;
;;;;;;028;38620;Docot, Dada;11.8%;35.3%;5.9%;;8.8%;;23.5%;2.9%;;2.9%;;;;;;5.9%;;;;;;;2.9%;
;;;;;;Y01;54814;Wirtz, Elizabeth J.;35.2%;3.7%;25.9%;;13.0%;3.7%;7.4%;1.9%;;1.9%;;;1.9%;;;;;3.7%;;;;;1.9%;
;;;Human Cultural Diversty-Honors;202620;Spring 2026;001;11041;Wittekind, Courtney T.;;;100.0%;;;;;;;;;;;;;;;;;;;;;
;;;;;;026;29231;Schulze, Savannah M.;;;100.0%;;;;;;;;;;;;;;;;;;;;;
;;;;;;Y01;54814;Wirtz, Elizabeth J.;;;;;;100.0%;;;;;;;;;;;;;;;;;;
;;21000;Technology And Culture;202620;Spring 2026;001;10606;Nyssa, Zoe;28.6%;27.3%;5.2%;;15.6%;3.9%;6.5%;1.3%;;2.6%;;3.9%;1.3%;;1.3%;;;;;;;;2.6%;
;;;;;;004;22109;Eklund, Elizabeth M.;21.6%;7.8%;37.3%;;7.8%;;3.9%;;5.9%;3.9%;;2.0%;;;3.9%;;;;;;;;5.9%;
;;;;;;007;37701;Eklund, Elizabeth M.;31.6%;18.4%;34.2%;;2.6%;2.6%;;2.6%;;;;2.6%;;;;;;;;;;;5.3%;
;;;Technology And Culture-Honors;202620;Spring 2026;007;37701;Eklund, Elizabeth M.;;100.0%;;;;;;;;;;;;;;;;;;;;;;
;;21200;Culture, Food & Health;202620;Spring 2026;001;37704;Aulds, Meredith N.;18.0%;;74.0%;;2.0%;;;;;2.0%;;;;;2.0%;;;;;;;;2.0%;
;;21500;Intro To Forensic Anth;202620;Spring 2026;001;17195;Beasley, Melanie M.;53.8%;12.8%;;;7.7%;;10.3%;;2.6%;5.1%;;;;;5.1%;;;;;;;;2.6%;
;;23000;Gender Across Cultures;202620;Spring 2026;003;38628;Eklund, Elizabeth M.;23.1%;10.3%;43.6%;;5.1%;5.1%;2.6%;5.1%;;2.6%;;;;;2.6%;;;;;;;;;
;;;Gender Across Cultures-Honors;202620;Spring 2026;003;38628;Eklund, Elizabeth M.;;;100.0%;;;;;;;;;;;;;;;;;;;;;
;;24000;Medicine, Science, And Culture;202620;Spring 2026;001;37706;Cromer, Risa D.;76.9%;10.3%;;;;5.1%;2.6%;;;;;;;;2.6%;;;;;;;;2.6%;
;;25600;Archaeology Of Beer;202620;Spring 2026;002;14000;Cooper, Harold K.;55.8%;;;;31.2%;;;6.5%;;;1.3%;;;;1.3%;;;1.3%;;;;;2.6%;
;;30600;Quantitative Methods For Anthr;202620;Spring 2026;001;37705;Otarola-Castillo, Erik R.;31.0%;16.7%;33.3%;;4.8%;;2.4%;2.4%;;;;;;;2.4%;;;;;;;;7.1%;
;;33500;Primate Behavior;202620;Spring 2026;001;31698;Schulze, Savannah M.;25.0%;;67.5%;;5.0%;;2.5%;;;;;;;;;;;;;;;;;
;;33600;Human Variation;202620;Spring 2026;001;28892;Schrader, Sarah A.;61.7%;;10.6%;;10.6%;;8.5%;;;;2.1%;;2.1%;;;2.1%;;;;;;;2.1%;
;;34000;Global Health;202620;Spring 2026;003;24762;Wirtz, Elizabeth J.;29.4%;4.2%;60.5%;;;;3.4%;0.8%;;0.8%;;;;;0.8%;;;;;;;;;
;;;;;;007;36796;Briller, Sherylyn H.;71.8%;5.1%;;;2.6%;;7.7%;;;2.6%;2.6%;;;;;;;;;;;;7.7%;
;;;Global Health-Honors;202620;Spring 2026;003;24762;Wirtz, Elizabeth J.;;;100.0%;;;;;;;;;;;;;;;;;;;;;
;;;;;;007;36796;Briller, Sherylyn H.;100.0%;;;;;;;;;;;;;;;;;;;;;;;
;;37900;Native American Cultures;202620;Spring 2026;002;13873;Cooper, Harold K.;76.6%;;;;9.6%;;;;;;2.1%;;;;4.3%;;;1.1%;;;;;6.4%;
;;38400;Designing For People;202620;Spring 2026;001;19820;Kelley, Todd R.;52.8%;19.4%;5.6%;;2.8%;;8.3%;;5.6%;2.8%;;;;;;;;;;;;;2.8%;
;;41400;Intro Langua Culture;202620;Spring 2026;001;17468;Anderson, Myrdene;36.0%;;;;40.0%;;;8.0%;;;4.0%;;;;4.0%;;;;;;;;8.0%;
;;50400;Archaeological Theory;202620;Spring 2026;001;37711;Lindsay, Ian C.;41.7%;25.0%;;;8.3%;;8.3%;8.3%;;;;;;;8.3%;;;;;;;;;
;;52300;GIS Humanities Social Science;202620;Spring 2026;001;37712;Lindsay, Ian C.;45.0%;5.0%;5.0%;;5.0%;5.0%;5.0%;5.0%;;10.0%;5.0%;;;;;;;;;;;;10.0%;
ARAB;ARAB-Arabic;10200;Std Arabic Level II;202620;Spring 2026;005;63522;Guerwane, Lhousseine N.;46.7%;6.7%;13.3%;6.7%;;;;;6.7%;;6.7%;;;;;;;;;;;;13.3%;
ASEC;ASEC-Agric Sciences Educ &Comm;20100;Communicating Across Culture;202620;Spring 2026;001;40412;Morris, Pamala V.;29.2%;20.8%;33.3%;;;4.2%;4.2%;4.2%;4.2%;;;;;;;;;;;;;;;
;;;;;;009;40734;Morris, Pamala V.;35.9%;20.5%;7.7%;;7.7%;5.1%;15.4%;2.6%;;;;;;;2.6%;;;;;;;;2.6%;
;;24000;Sem Agricultural Educ;202620;Spring 2026;SC1;28608;LaRose, Sarah E.;100.0%;;;;;;;;;;;;;;;;;;;;;;;
;;28500;Intro To Publication Design;202620;Spring 2026;001;12478;Tucker, Mark A.;;46.7%;;;20.0%;6.7%;13.3%;;6.7%;;;;;;;;;;;;;;6.7%;
;;30100;Building Intercultural Partner;202620;Spring 2026;001;17535;Bello Bravo, Maria J.;100.0%;;;;;;;;;;;;;;;;;;;;;;;
;;31800;Coord Spvd Agr Exp Pro;202620;Spring 2026;001;13149;Talbert, Brian A.;15.4%;7.7%;53.8%;;7.7%;7.7%;7.7%;;;;;;;;;;;;;;;;;
;;31900;Plan Agr Sci & Bus Pro;202620;Spring 2026;002;41368;Talbert, Brian A.;28.6%;28.6%;14.3%;;;;21.4%;7.1%;;;;;;;;;;;;;;;;
;;34100;Curric Devel Ag Ed;202620;Spring 2026;001;13134;LaRose, Sarah E.;25.0%;33.3%;8.3%;;;;25.0%;;;;;;;;8.3%;;;;;;;;;
;;38500;Comm Strategies In ANR;202620;Spring 2026;001;20690;Forbes, Beth A.;27.6%;13.8%;41.4%;;3.4%;;6.9%;3.4%;;;;;;;;;;;;;;;3.4%;
ASL;ASL-American Sign Language;10100;American Sign Lang I;202620;Spring 2026;002;28319;Borkowski, John A.;44.4%;22.2%;27.8%;;;;5.6%;;;;;;;;;;;;;;;;;
;;;;;;003;28320;Borkowski, John A.;23.5%;17.6%;41.2%;5.9%;;;5.9%;;;;;;;;;;;;;;;;5.9%;
;;;;;;004;32032;Mowl, Rita M.;6.3%;18.8%;6.3%;;;18.8%;31.3%;6.3%;;;6.3%;;;;6.3%;;;;;;;;;
;;;;;;005;32281;Mowl, Rita M.;18.8%;18.8%;;;25.0%;18.8%;12.5%;6.3%;;;;;;;;;;;;;;;;
;;;;;;006;38119;Borkowski, John A.;36.8%;21.1%;15.8%;;5.3%;15.8%;;;;;;;;;;;;;;;;;5.3%;
;;10200;American Sign Lang II;202620;Spring 2026;005;20096;Ovesen, Dawn R.;6.7%;33.3%;;;6.7%;6.7%;26.7%;6.7%;;;;;6.7%;;;;;;;;;;6.7%;
;;;;;;006;20097;Ovesen, Dawn R.;;6.7%;;;13.3%;6.7%;26.7%;13.3%;13.3%;6.7%;;;;;;;;;;;;;13.3%;
;;;;;;007;28321;Steggs, Stacy A.;16.7%;33.3%;;;8.3%;16.7%;16.7%;;;;8.3%;;;;;;;;;;;;;
;;;;;;008;28322;Steggs, Stacy A.;33.3%;25.0%;;;16.7%;;16.7%;;8.3%;;;;;;;;;;;;;;;
;;;;;;009;38120;Ovesen, Dawn R.;18.8%;6.3%;;;6.3%;18.8%;12.5%;6.3%;;18.8%;;;;;;;;;;;;;12.5%;
;;;;;;010;41302;Schwall, Janet M.;13.3%;20.0%;6.7%;;6.7%;;20.0%;13.3%;6.7%;;;;;;;;;;;;;;13.3%;
;;;American Sign Lang II-Honors;202620;Spring 2026;005;20096;Ovesen, Dawn R.;;;;;;100.0%;;;;;;;;;;;;;;;;;;
;;20100;American Sign Lang III;202620;Spring 2026;001;11099;Borkowski, Sharon L.;23.5%;35.3%;5.9%;;17.6%;11.8%;;;;;;5.9%;;;;;;;;;;;;
;;;;;;002;28323;Borkowski, Sharon L.;6.3%;31.3%;18.8%;;12.5%;6.3%;18.8%;;;6.3%;;;;;;;;;;;;;;
;;;;;;003;28324;Borkowski, Sharon L.;35.3%;29.4%;;;11.8%;11.8%;5.9%;;;;;;;;;;;;;;;;5.9%;
;;20200;American Sign Lang IV;202620;Spring 2026;004;38121;Shay, Robin A.;25.0%;33.3%;8.3%;;16.7%;;16.7%;;;;;;;;;;;;;;;;;
;;;;;;005;38122;Shay, Robin A.;14.3%;35.7%;7.1%;;7.1%;7.1%;14.3%;;7.1%;;;;;;7.1%;;;;;;;;;
;;28000;Amer Deaf:Lng, Cul,Soc;202620;Spring 2026;001;10738;Borkowski, Sharon L.;26.8%;23.2%;10.7%;;7.1%;1.8%;12.5%;3.6%;3.6%;;;1.8%;1.8%;;3.6%;;;;;;;;3.6%;
;;30200;ASL Advanced-Level VI;202620;Spring 2026;001;31404;Borkowski, John A.;26.7%;26.7%;26.7%;;;6.7%;6.7%;;;;;;;;6.7%;;;;;;;;;
;;36200;Structure Of ASL II;202620;Spring 2026;001;24841;Shay, Robin A.;28.6%;28.6%;42.9%;;;;;;;;;;;;;;;;;;;;;
ASM;ASM-Agricultural Systems Mgmt;10400;Intro To Agri Systems;202620;Spring 2026;003;20120;Ehlers, Shawn G.;26.1%;4.3%;;;30.4%;17.4%;8.7%;8.7%;;;;;4.3%;;;;;;;;;;;
;;10500;Computing Tech Applications;202620;Spring 2026;003;43745;Buckmaster, Dennis R.;8.6%;11.4%;11.4%;;14.3%;8.6%;17.1%;8.6%;5.7%;2.9%;;;2.9%;;5.7%;;;;;;;;2.9%;
;;21100;Technical Graphic Comm;202620;Spring 2026;001;39644;Ehlers, Shawn G.;78.6%;7.1%;;;3.6%;3.6%;;;;3.6%;;;;;;;;;;;;;3.6%;
;;23600;Environmental Sys Mgmt;202620;Spring 2026;001;40994;Simsek, Halis;37.5%;31.3%;12.5%;;6.3%;;6.3%;;;6.3%;;;;;;;;;;;;;;
;;34500;Power Unit Power Train;202620;Spring 2026;001;27709;Stwalley, Robert M.;50.0%;;13.6%;;27.3%;;;9.1%;;;;;;;;;;;;;;;;
;;35000;Safety In Agriculture;202620;Spring 2026;001;11128;Field, William E.;55.6%;22.2%;11.1%;;5.6%;;5.6%;;;;;;;;;;;;;;;;;
;;42000;Elect Power & Controls;202620;Spring 2026;001;16342;Ileleji, Klein;9.1%;9.1%;9.1%;;36.4%;9.1%;;9.1%;;9.1%;9.1%;;;;;;;;;;;;;
;;42200;Adv Machine Technology For Ag;202620;Spring 2026;001;32039;Evans, John T.;8.3%;16.7%;;;8.3%;16.7%;25.0%;8.3%;;16.7%;;;;;;;;;;;;;;
;;44100;Mthds Of Teaching Ag Mechanics;202620;Spring 2026;001;39900;Ehlers, Shawn G.;62.5%;18.8%;;;6.3%;;6.3%;;;;;;;;;;;;;;;;6.3%;
;;49500;Capstone Project;202620;Spring 2026;002;21047;Lumkes, John H.;28.6%;28.6%;;;14.3%;;28.6%;;;;;;;;;;;;;;;;;
ASTR;ASTR-Astronomy;26400;Dscr Astr-Star & Galxs;202620;Spring 2026;001;11146;Austin, Robert A.;22.6%;11.8%;32.3%;;1.1%;5.4%;7.5%;3.2%;1.1%;1.1%;1.1%;3.2%;1.1%;;2.2%;;;;;;;;6.5%;
;;;Dscr Astr-Star & Galxs-Honors;202620;Spring 2026;001;11146;Austin, Robert A.;;100.0%;;;;;;;;;;;;;;;;;;;;;;
;;36400;Stars And Galaxies;202620;Spring 2026;001;11159;Van 'T Hoff, Merel L.;15.6%;9.4%;26.6%;;7.8%;6.3%;9.4%;3.1%;1.6%;9.4%;;1.6%;3.1%;;3.1%;;;1.6%;;;;;1.6%;
AT;AT-Aviation Technology;10200;Aviation Business;202620;Spring 2026;001;57134;Liu, Jiayu;64.8%;;25.7%;;5.7%;;;1.9%;;;1.0%;;;;;;;;;;;;1.0%;
;;10300;Aero Veh Prop & Track Sys;202620;Spring 2026;001;57135;Brewer, Todd A.;42.8%;;20.7%;;17.2%;;;7.6%;;;2.1%;;;;5.5%;0.7%;;;;;;;3.4%;
;;10600;Basic Aircraft Science;202620;Spring 2026;001;13707;Mitchell, George G.;49.4%;;;;32.6%;;;15.7%;;;1.1%;;;;1.1%;;;;;;;;;
;;11200;Intro Operational Aviat Safety;202620;Spring 2026;001;28467;Brown, Stephanie N.;28.6%;35.7%;7.1%;;7.1%;;9.5%;2.4%;;4.8%;;;;;4.8%;;;;;;;;;
;;11901;UAS Safety And Risk Management;202620;Spring 2026;003;20431;Byrd, Dutch D.;50.0%;;;;25.0%;;;8.3%;;;4.2%;;;;8.3%;;;;;;;;4.2%;
;;12700;Publications Records And Regs;202620;Spring 2026;001;40665;Gouwens, David W.;78.6%;;;;14.3%;;;7.1%;;;;;;;;;;;;;;;;
;;14400;Private Pilot Lectures;202620;Spring 2026;001;13568;Flores, Abner D.;30.8%;26.9%;15.4%;3.8%;7.7%;7.7%;;;3.8%;;;3.8%;;;;;;;;;;;;
;;20200;Aero Veh Sys Dsgn Analy & Ops;202620;Spring 2026;001;63277;Brewer, Todd A.;46.9%;;14.5%;;22.1%;;;7.6%;;;1.4%;;;;4.8%;;;;;;;;2.8%;
;;;AeroVeh SysDsgn Analy&Ops-Hnrs;202620;Spring 2026;001;63277;Brewer, Todd A.;;;100.0%;;;;;;;;;;;;;;;;;;;;;
;;20300;Aviation Operations Management;202620;Spring 2026;002;16139;Flores, Abner D.;86.9%;;;;6.1%;;;7.1%;;;;;;;;;;;;;;;;
;;20501;Statics For Aerostructures;202620;Spring 2026;003;69280;Ziulkowski, Jonathon D.;51.3%;;;;30.8%;;;12.8%;;;5.1%;;;;;;;;;;;;;
;;20700;Intro Aircraft Systems;202620;Spring 2026;003;13854;Mitchell, George G.;76.7%;;;;18.3%;;;1.7%;;;;;;;3.3%;;;;;;;;;
;;20802;Aircraft Materials;202620;Spring 2026;001;12091;Habig, Ashley E.;59.4%;;;;29.7%;;;4.7%;;;;;;;1.6%;1.6%;;;;;;;3.1%;
;;21200;Operational Risk Assessment;202620;Spring 2026;001;28471;Brown, Stephanie N.;31.1%;16.2%;44.6%;;2.7%;;2.7%;;;;;;;;1.4%;;;;;;;;1.4%;
;;;Oprl Risk Assessment-Honors;202620;Spring 2026;001;28471;Brown, Stephanie N.;;;100.0%;;;;;;;;;;;;;;;;;;;;;
;;21900;Auton Aircraft Tech & Maint II;202620;Spring 2026;003;14343;Rose, Nathan T.;21.4%;28.6%;7.1%;;3.6%;10.7%;10.7%;3.6%;;3.6%;;;3.6%;;3.6%;;;;;;;;3.6%;
;;22300;Human Factors Flight Crew;202620;Spring 2026;001;63340;Brown, Stephanie N.;21.9%;28.1%;;;18.8%;3.1%;21.9%;;;6.3%;;;;;;;;;;;;;;
;;;Human Factors Flt Crew-Honors;202620;Spring 2026;001;63340;Brown, Stephanie N.;100.0%;;;;;;;;;;;;;;;;;;;;;;;
;;24900;Instrumt Flt Lectures;202620;Spring 2026;001;11486;Henneberry, Debra;48.8%;18.6%;16.3%;;9.3%;;2.3%;;;;;;;;;;;;;;;;4.7%;
;;;Instrumt Flt Lectures-Honors;202620;Spring 2026;001;11486;Henneberry, Debra;66.7%;;33.3%;;;;;;;;;;;;;;;;;;;;;
;;25400;Commercial Flt Lecture;202620;Spring 2026;002;26750;Henneberry, Debra;37.0%;13.0%;40.7%;;3.7%;;3.7%;;;;;;;;;;;;;;;;1.9%;
;;;Commercial Flt Lecture-Honors;202620;Spring 2026;002;26750;Henneberry, Debra;33.3%;;66.7%;;;;;;;;;;;;;;;;;;;;;
;;26200;Bsc Aircrft Pwrplt Tch;202620;Spring 2026;002;16199;Meyer, Corben D.;65.2%;;;;10.9%;;;15.2%;;;4.3%;;;;4.3%;;;;;;;;;
;;26502;Aircraft Electrical Systems;202620;Spring 2026;002;12134;Barnes, Donald K.;83.1%;;;;11.9%;;;3.4%;;;;;;;;1.7%;;;;;;;;
;;26700;Fixed & Rotry Wng Assy;202620;Spring 2026;001;21317;Thom, James M.;23.9%;;;;43.5%;;;28.3%;;;2.2%;;;;2.2%;;;;;;;;;
;;27200;Intro To Compst Tech;202620;Spring 2026;001;13541;Sterkenburg, Ronald;71.1%;;;;13.2%;;;5.3%;;;5.3%;;;;2.6%;;;;;;;;2.6%;
;;27800;Nondestruc Test Aircft;202620;Spring 2026;001;11590;Brewer, Todd A.;44.2%;;;;44.2%;;;7.0%;;;2.3%;;;;;;;;;;;;2.3%;
;;29000;Design Thinking In Technology;202620;Spring 2026;004;19635;Kim, Garam;21.4%;;;;42.9%;;;21.4%;;;;;;;;;;;;;;;14.3%;
;;;;;;011;39009;Kim, Garam;34.8%;;;;17.4%;;;21.7%;;;4.3%;;;;4.3%;;;;;;;;17.4%;
;;30702;Advanced Aircraft Systems;202620;Spring 2026;003;13962;Gouwens, David W.;94.7%;;;;;;;;;;;;;;2.6%;2.6%;;;;;;;;
;;30802;Aircraft Materials Processes;202620;Spring 2026;002;69627;Habig, Ashley E.;72.4%;;;;17.2%;;;6.9%;;;1.7%;;;;1.7%;;;;;;;;;
;;31400;Operational Safety Mitigation;202620;Spring 2026;001;35199;Brown, Stephanie N.;22.9%;18.8%;52.1%;;;;6.3%;;;;;;;;;;;;;;;;;
;;31900;UAS Apps, Data And Doc;202620;Spring 2026;003;14867;Hupy, Joseph P.;38.5%;;;;7.7%;;15.4%;7.7%;7.7%;15.4%;;;;;;;;;;;;;;7.7%
;;32001;Advanced Aviation Operations;202620;Spring 2026;001;32230;Kelly, Shaun J.;36.5%;17.3%;25.0%;;5.8%;5.8%;5.8%;;1.9%;1.9%;;;;;;;;;;;;;;
;;32501;Advanced Aviation Meteorology;202620;Spring 2026;001;69927;Flores, Abner D.;22.6%;;75.5%;;;;1.9%;;;;;;;;;;;;;;;;;
;;32700;Adv Transprt Flight Op;202620;Spring 2026;001;11624;Keller, Julius C.;74.4%;;;;14.0%;;;11.6%;;;;;;;;;;;;;;;;
;;;Adv Transprt Flight Op-Honors;202620;Spring 2026;001;11624;Keller, Julius C.;100.0%;;;;;;;;;;;;;;;;;;;;;;;
;;33502;Avionics Systems;202620;Spring 2026;001;69861;Barnes, Donald K.;80.0%;;;;20.0%;;;;;;;;;;;;;;;;;;;
;;;;;;007;32055;Barnes, Donald K.;86.7%;;;;6.7%;;;6.7%;;;;;;;;;;;;;;;;
;;;;;;008;32056;Barnes, Donald K.;80.0%;;;;10.0%;;;10.0%;;;;;;;;;;;;;;;;
;;33800;Airline Management;202620;Spring 2026;001;20125;Zhang, Yinxiao;71.7%;;;;23.3%;;;5.0%;;;;;;;;;;;;;;;;
;;34001;Aerospace Business Statistics;202620;Spring 2026;001;16551;Huang, Yen-Chen;;30.8%;23.1%;;15.4%;15.4%;7.7%;7.7%;;;;;;;;;;;;;;;;
;;35400;Turbine Flight Ops Lect;202620;Spring 2026;001;28210;Gephart, Raymond F.;62.5%;5.4%;23.2%;;3.6%;1.8%;3.6%;;;;;;;;;;;;;;;;;
;;35900;Airport Management;202620;Spring 2026;001;11178;Hubbard, Sarah M.;50.0%;7.1%;2.4%;;38.1%;;;2.4%;;;;;;;;;;;;;;;;
;;36201;Aviation Operations;202620;Spring 2026;002;20505;Kelly, Shaun J.;29.7%;18.6%;19.5%;;5.9%;2.5%;16.9%;1.7%;;3.4%;;;;;0.8%;;;;;;;;0.8%;
;;36302;Fundamentals Of Powerplant Sys;202620;Spring 2026;002;17285;Yother, Tracy L.;53.8%;;;;38.5%;;;7.7%;;;;;;;;;;;;;;;;
;;37200;Aircraft Maint Pract;202620;Spring 2026;001;11703;Meyer, Corben D.;100.0%;;;;;;;;;;;;;;;;;;;;;;;
;;37600;Arcr Gas Trb Eng Tch I;202620;Spring 2026;002;23011;Davis, John M.;81.8%;;;;15.2%;;;3.0%;;;;;;;;;;;;;;;;
;;38100;Aviation Security;202620;Spring 2026;001;11709;Kelly, Shaun J.;42.4%;12.1%;36.4%;;;;6.1%;;;;;;;;3.0%;;;;;;;;;
;;38500;Design Support Anlysis;202620;Spring 2026;001;14595;Thom, James M.;97.9%;;;;;;;;;;;;;;;;;;;;;;2.1%;
;;38800;Large Aircraft Systems;202620;Spring 2026;001;57139;Ziulkowski, Jonathon D.;46.2%;;;;38.5%;;;9.6%;;;;;;;1.9%;1.9%;;;;;;;1.9%;
;;40300;Airman Certif Proced;202620;Spring 2026;001;32264;Davis, John M.;96.3%;;;;;;;3.7%;;;;;;;;;;;;;;;;
;;41200;Aviation Finance;202620;Spring 2026;001;40661;Fan, Xiaofu;3.8%;3.8%;80.8%;;7.7%;3.8%;;;;;;;;;;;;;;;;;;
;;41600;Airline Indoctrination;202620;Spring 2026;001;58146;Strickland, Paul B.;62.2%;8.9%;22.2%;;;4.4%;;;;;;;;;;;;;;;;;2.2%;
;;41901;Advanced Air Mobility Capstone;202620;Spring 2026;002;15436;Lercel, Damon J.;53.8%;;;;30.8%;;;7.7%;;;7.7%;;;;;;;;;;;;;
;;42101;Managerial Econ In Aviation;202620;Spring 2026;001;13922;Karanki, Fecri;8.9%;14.3%;49.1%;;8.0%;6.3%;7.1%;;2.7%;3.6%;;;;;;;;;;;;;;
;;43500;Supervised Instructional Exp;202620;Spring 2026;014;22541;Barnes, Donald K.;100.0%;;;;;;;;;;;;;;;;;;;;;;;
;;43900;Aviation Command Leadership;202620;Spring 2026;001;40380;Savage, Eric R.;89.5%;;;;;;5.3%;;;;;;;;;;;;;;;;5.3%;
;;44502;Aircraft Electronics;202620;Spring 2026;001;13989;Barnes, Donald K.;89.5%;;;;;;;10.5%;;;;;;;;;;;;;;;;
;;;;;;006;32059;Barnes, Donald K.;100.0%;;;;;;;;;;;;;;;;;;;;;;;
;;45900;Airport Manager Certif;202620;Spring 2026;001;11741;Baxmeyer, Adam W.;20.0%;25.0%;45.0%;;10.0%;;;;;;;;;;;;;;;;;;;
;;47500;Aviation Law;202620;Spring 2026;001;11765;Savage, Eric R.;84.6%;;;;13.5%;;;1.9%;;;;;;;;;;;;;;;;
;;47600;Arcr Gas Trb En Tch II;202620;Spring 2026;001;11766;Davis, John M.;80.0%;;;;10.0%;;;6.7%;;;;;;;;;;;;;;;3.3%;
;;48000;Adv Aviation Manufacturing;202620;Spring 2026;001;24478;Flores, Abner D.;34.5%;37.9%;10.3%;;10.3%;;6.9%;;;;;;;;;;;;;;;;;
;;48400;Transport Aircraft Ops Sim Lab;202620;Spring 2026;016;38562;Levitt, Stephen J.;;;;;;;;;;;;;;;;;;100.0%;;;;;;
;;48900;Capstone For Prof Flight;202620;Spring 2026;002;35322;Suckow, Michael W.;100.0%;;;;;;;;;;;;;;;;;;;;;;;
;;;;;;003;40895;Suckow, Michael W.;100.0%;;;;;;;;;;;;;;;;;;;;;;;
;;49200;Aircrft Airworth Assur;202620;Spring 2026;001;24929;Ziulkowski, Jonathon D.;61.0%;;;;24.4%;;;9.8%;;;2.4%;;;;;;;;;;;;2.4%;
;;49600;Applied Research Proposal;202620;Spring 2026;001;28386;Ropp, Timothy D.;100.0%;;;;;;;;;;;;;;;;;;;;;;;
;;49700;Applied Resrch Project;202620;Spring 2026;001;11782;Ropp, Timothy D.;97.4%;;;;2.6%;;;;;;;;;;;;;;;;;;;
;;49800;Aviation Technology Capstone;202620;Spring 2026;002;64283;Brown, Stephanie N.;19.0%;16.7%;42.9%;;7.1%;;11.9%;;;2.4%;;;;;;;;;;;;;;
;;53200;Transportation Security;202620;Spring 2026;001;16560;Kelly, Shaun J.;20.0%;;80.0%;;;;;;;;;;;;;;;;;;;;;
;;54700;Airline Rev Mgt;202620;Spring 2026;002;41326;Bursaw, Curtis J.;46.7%;;;;53.3%;;;;;;;;;;;;;;;;;;;
;;54900;Aircraft Leasing;202620;Spring 2026;001;28376;Bilotkach, Volodymyr;28.6%;42.9%;7.1%;;7.1%;;14.3%;;;;;;;;;;;;;;;;;
BAND;BAND-Bands;11000;Marching Band;202620;Spring 2026;001;22325;Conaway, Matthew R.;96.8%;;;;;;;;;;;;;;;;;;;;;;3.2%;
;;;;;;002;40268;Conaway, Matthew R.;96.0%;;;;;;;;;;;;;;;;;;;;;;4.0%;
;;;;;;D01;11793;Nave, Pamela J.;;;100.0%;;;;;;;;;;;;;;;;;;;;;
;;11100;Symphony Orchestra;202620;Spring 2026;002;11165;Bodony, Adam M.;96.7%;;;;1.1%;;1.1%;1.1%;;;;;;;;;;;;;;;;
;;;;;;003;26915;Bodony, Adam M.;95.0%;1.3%;;;1.3%;;1.3%;;;;;;;;;;;;;;;;1.3%;
;;11200;American Music Review;202620;Spring 2026;001;11798;Robinson, Bethany E.;100.0%;;;;;;;;;;;;;;;;;;;;;;;
;;11300;Jazz Ensemble;202620;Spring 2026;001;11799;Robinson, Bethany E.;100.0%;;;;;;;;;;;;;;;;;;;;;;;
;;;;;;002;17983;Harris, Jarrard L.;72.0%;;28.0%;;;;;;;;;;;;;;;;;;;;;
;;11400;Basic Jazz;202620;Spring 2026;005;17142;Robinson, Bethany E.;100.0%;;;;;;;;;;;;;;;;;;;;;;;
;;;;;;009;27172;Harris, Jarrard L.;87.0%;;13.0%;;;;;;;;;;;;;;;;;;;;;
;;;;;;011;27174;Harris, Jarrard L.;76.9%;3.8%;19.2%;;;;;;;;;;;;;;;;;;;;;
;;;;;;013;27176;Robinson, Bethany E.;100.0%;;;;;;;;;;;;;;;;;;;;;;;
;;11500;String Orchestra;202620;Spring 2026;002;17328;Bodony, Adam M.;96.3%;1.9%;;;1.9%;;;;;;;;;;;;;;;;;;;
;;;;;;003;40212;Gephart, Jay S.;96.5%;;;;;;;;;;;;;;;;;;;;;;3.5%;
;;11600;Symphonic Band;202620;Spring 2026;001;11805;Conaway, Matthew R.;98.6%;;1.4%;;;;;;;;;;;;;;;;;;;;;
;;;Symphonic Band-Honors;202620;Spring 2026;001;11805;Conaway, Matthew R.;100.0%;;;;;;;;;;;;;;;;;;;;;;;
;;11700;Concert Band;202620;Spring 2026;001;11806;Blon, David M.;98.4%;;;;1.6%;;;;;;;;;;;;;;;;;;;
;;;Concert Band-Honors;202620;Spring 2026;001;11806;Blon, David M.;100.0%;;;;;;;;;;;;;;;;;;;;;;;
;;11800;Collegiate Band;202620;Spring 2026;002;46428;Petersen, Lucas H.;98.7%;;;;;;;;;;;;;;;;;;;;;;1.3%;
;;;;;;003;30796;Blon, David M.;100.0%;;;;;;;;;;;;;;;;;;;;;;;
;;;Collegiate Band-Honors;202620;Spring 2026;003;30796;Blon, David M.;100.0%;;;;;;;;;;;;;;;;;;;;;;;
;;11900;Varsity Band;202620;Spring 2026;003;11174;Fletcher, Douglas R.;96.9%;;;;;;;1.0%;;;;;;;;;;;;;;;2.1%;
;;;;;;004;27178;Gephart, Jay S.;99.0%;;;;;;;;;;;;;;;;;;;;;;1.0%;
;;;;;;005;27179;Petersen, Lucas H.;98.9%;;;;;;;;;;;;;;;;;;;;;;1.1%;
;;35000;Wind Ensemble I;202620;Spring 2026;001;45083;Gephart, Jay S.;100.0%;;;;;;;;;;;;;;;;;;;;;;;
BCHM;BCHM-Biochemistry;22100;Anly Biochemistry;202620;Spring 2026;001;11811;Khan, Humaira G.;66.7%;;1.8%;;21.1%;;;7.0%;;;1.8%;;;;1.8%;;;;;;;;;
;;29000;Experimental Design Seminar;202620;Spring 2026;001;54185;Carter, Benjamin C.;69.8%;;;;27.0%;;;3.2%;;;;;;;;;;;;;;;;
;;30700;Biochemistry;202620;Spring 2026;003;14588;Hart, Orla M.;63.6%;;;0.3%;26.6%;;;7.0%;;;0.9%;;;;0.3%;;;;;;;;1.3%;
;;;Biochemistry-Honors;202620;Spring 2026;003;14588;Hart, Orla M.;62.5%;;;;37.5%;;;;;;;;;;;;;;;;;;;
;;30900;Biochemistry Lab;202620;Spring 2026;005;11819;Hart, Orla M.;16.7%;;;;61.1%;;;22.2%;;;;;;;;;;;;;;;;
;;;;;;006;11820;Hart, Orla M.;33.3%;;;;50.0%;;;11.1%;;;;;;;;5.6%;;;;;;;;
;;;;;;007;43400;Hart, Orla M.;11.1%;;;;50.0%;;;27.8%;;;5.6%;;;;;;;;;;;;5.6%;
;;;;;;009;22098;Hart, Orla M.;23.5%;;;;47.1%;;;17.6%;;;5.9%;;;;5.9%;;;;;;;;;
;;;;;;010;32478;Hart, Orla M.;47.4%;;;;26.3%;;;21.1%;;;;;;;5.3%;;;;;;;;;
;;36100;Molecules;202620;Spring 2026;001;11183;Weake, Vikki M.;50.8%;;;;22.0%;;;13.6%;;;5.1%;;;;3.4%;;;;;;;;5.1%;
;;42100;R For Molecular Biosci-Honors;202620;Spring 2026;001;16278;Pascuzzi, Pete E.;25.0%;25.0%;;;;;50.0%;;;;;;;;;;;;;;;;;
;;;R For Molecular Biosciences;202620;Spring 2026;001;16278;Pascuzzi, Pete E.;57.9%;15.8%;;;10.5%;;10.5%;;;;;;;;;;;;;;;;5.3%;
;;43400;Medical Topics In Biochem;202620;Spring 2026;001;12998;Briggs, Scott D.;37.0%;3.7%;14.8%;;3.7%;11.1%;14.8%;11.1%;;3.7%;;;;;;;;;;;;;;
;;46500;Biochemistry Of Life Processes;202620;Spring 2026;001;62827;Hall, Mark C.;28.6%;7.1%;2.4%;;28.6%;7.1%;2.4%;14.3%;7.1%;;;;2.4%;;;;;;;;;;;
;;49000;Undergraduate Seminar;202620;Spring 2026;001;11823;Hart, Orla M.;90.9%;;;;;;;9.1%;;;;;;;;;;;;;;;;
;;49500;Molecular Genetics;202620;Spring 2026;005;35413;Carter, Benjamin C.;63.0%;;;;22.2%;;;11.1%;;;;;;;;;;;;;;;3.7%;
;;;Molecular Genetics Lab;202620;Spring 2026;006;35415;Carter, Benjamin C.;85.7%;;;;7.1%;;;7.1%;;;;;;;;;;;;;;;;
;;;;;;007;35419;Carter, Benjamin C.;84.6%;;;;15.4%;;;;;;;;;;;;;;;;;;;
;;;Pract Binf For Mol Biologist;202620;Spring 2026;002;35359;Wang, Feng;18.2%;13.6%;27.3%;;13.6%;9.1%;13.6%;;;;;;;;;;;;;;;;4.5%;
;;56600;General Biochemistry;202620;Spring 2026;001;35327;Golden, Barbara L.;35.0%;;;;25.0%;;;20.0%;;;;;;;5.0%;;;;;;;;15.0%;
;;61000;Eukaryotic Gene Expression;202620;Spring 2026;001;15944;Hall, Hana;63.2%;;;5.3%;26.3%;;;5.3%;;;;;;;;;;;;;;;;
BIOL;BIOL-Biological Sciences;11000;Fundamentals Biol I;202620;Spring 2026;001;11220;Humphrey, Sean E.;13.9%;18.5%;0.7%;;18.9%;7.5%;16.4%;5.0%;2.5%;9.3%;1.4%;0.4%;0.4%;;1.4%;;;;;;;;3.9%;
;;;;;;002;24524;Humphrey, Sean E.;12.3%;17.4%;2.9%;;24.6%;10.1%;13.4%;6.5%;2.2%;5.1%;0.4%;0.7%;1.1%;;0.4%;;;1.1%;;;;;1.8%;
;;;Fundamentals Biol I-Honors;202620;Spring 2026;002;24524;Humphrey, Sean E.;20.0%;20.0%;;;;20.0%;40.0%;;;;;;;;;;;;;;;;;
;;11100;Fundamentals Biol II;202620;Spring 2026;001;11378;Humphrey, Sean E.;12.6%;20.4%;0.6%;;19.9%;9.8%;23.2%;4.2%;0.8%;5.0%;0.6%;;0.6%;;0.3%;;;1.4%;;;;;0.6%;
;;;;;;002;11379;Humphrey, Sean E.;11.4%;23.1%;1.1%;;24.2%;7.0%;20.6%;2.2%;1.4%;5.0%;1.1%;;0.8%;;0.8%;;;;;;;;1.1%;
;;;;;;003;11380;Humphrey, Sean E.;11.1%;20.8%;;;22.4%;8.9%;23.5%;3.5%;1.9%;5.1%;0.3%;0.3%;0.8%;;;;;0.5%;;;;;0.8%;
;;;Fundamentals Biol II-Honors;202620;Spring 2026;001;11378;Humphrey, Sean E.;42.9%;21.4%;3.6%;;14.3%;;14.3%;;;;;;;;;;;3.6%;;;;;;
;;;;;;002;11379;Humphrey, Sean E.;52.2%;21.7%;;;4.3%;4.3%;17.4%;;;;;;;;;;;;;;;;;
;;;;;;003;11380;Humphrey, Sean E.;21.4%;28.6%;;;7.1%;7.1%;35.7%;;;;;;;;;;;;;;;;;
;;13100;Biol II Dev Struc Func;202620;Spring 2026;001;11387;Camarillo, Ignacio G.;64.2%;;;;15.8%;;6.4%;5.5%;;2.7%;1.2%;;1.2%;;2.1%;;;;;;;;0.9%;
;;13500;First Year Biology Lab;202620;Spring 2026;001;49699;Adler, Jacob J.;80.0%;;;;5.7%;;8.6%;;;2.9%;;;;;1.0%;;;;;;;;1.9%;
;;14504;First Yr Lab Diet Disease-Honr;202620;Spring 2026;001;25126;Olson, Matthew;79.2%;;;;12.5%;;8.3%;;;;;;;;;;;;;;;;;
;;20400;Human Antmy & Physiol;202620;Spring 2026;002;11393;Castro Bohorquez, Beatriz;23.4%;;2.2%;;26.4%;;12.1%;12.6%;;9.9%;9.3%;;;;1.4%;0.3%;;;;;;;2.5%;
;;;;;;003;24964;Castro Bohorquez, Beatriz;34.6%;;3.8%;;26.3%;;6.2%;13.1%;;8.3%;5.4%;;;;0.5%;;;;;;;;1.9%;
;;;;;;SC1;11392;Castro Bohorquez, Beatriz;29.8%;;3.8%;;29.5%;;8.6%;13.1%;;5.9%;6.4%;;;;0.8%;0.3%;;;;;;;1.9%;
;;;Human Antmy & Physiol-Honors;202620;Spring 2026;002;11393;Castro Bohorquez, Beatriz;53.8%;;7.7%;;15.4%;;7.7%;7.7%;;;7.7%;;;;;;;;;;;;;
;;;;;;003;24964;Castro Bohorquez, Beatriz;62.5%;;12.5%;;25.0%;;;;;;;;;;;;;;;;;;;
;;;;;;SC1;11392;Castro Bohorquez, Beatriz;44.4%;;33.3%;;11.1%;;11.1%;;;;;;;;;;;;;;;;;
;;20600;Biol Elem Sch Teach;202620;Spring 2026;001;12128;White, Stuart K.;20.8%;23.8%;3.0%;;10.9%;9.9%;13.9%;6.9%;;3.0%;1.0%;1.0%;;;;;;;;;;;5.9%;
;;22100;Intro To Microbiology;202620;Spring 2026;001;12142;Pappas, Donald L.;34.1%;;;;37.6%;;;21.4%;;;3.6%;;;;0.8%;;;;;;;;2.5%;
;;24100;Biol IV Gntcs Mlclr;202620;Spring 2026;001;11396;Chang, Henry C.;29.3%;;3.3%;;23.2%;;2.8%;22.7%;;0.9%;8.4%;;0.9%;;0.2%;0.5%;;;;;;;7.7%;
;;24200;Lab Bio IV Gntcs Mlclr;202620;Spring 2026;001;11397;Karve, Rucha A.;63.9%;;8.7%;;11.9%;;9.4%;2.5%;;1.0%;0.7%;;;;1.0%;;;;;;;;1.0%;
;;;Lab Bio IV Gntcs Mlclr-Honors;202620;Spring 2026;001;11397;Karve, Rucha A.;100.0%;;;;;;;;;;;;;;;;;;;;;;;
;;28600;Intro To Ecol & Evol;202620;Spring 2026;001;11400;Zielinski, Denise L.;13.8%;;2.0%;;24.1%;;11.1%;21.4%;;15.3%;1.0%;;3.0%;;2.0%;0.5%;;;;;;;5.8%;
;;;Intro To Ecol & Evol-Honors;202620;Spring 2026;001;11400;Zielinski, Denise L.;33.3%;;;;33.3%;;33.3%;;;;;;;;;;;;;;;;;
;;29300;Plan Future In Biol;202620;Spring 2026;002;62993;Kuhn, Richard J.;80.5%;;;;4.9%;;;;;;;;;;7.3%;;;;;;;;7.3%;
;;32800;Principles Of Physiology;202620;Spring 2026;001;11813;Gardner, Stephanie M.;61.5%;11.5%;21.9%;;1.0%;;3.1%;;;1.0%;;;;;;;;;;;;;;
;;39600;Premed Planning Sem;202620;Spring 2026;001;12238;Hines-Pham, Caralynn S.;;;;;;;;;;;;;;;;;;;;97.7%;;;2.3%;
;;;;;;002;69002;Hines-Pham, Caralynn S.;;;;;;;;;;;;;;;;;;;;100.0%;;;;
;;41500;Intro Molecular Biol;202620;Spring 2026;001;26155;Hanna, Jason A.;31.3%;;6.3%;;8.3%;6.3%;2.1%;6.3%;8.3%;2.1%;10.4%;;2.1%;;;;;;;;;;16.7%;
;;41600;Viruses & Viral Disease;202620;Spring 2026;001;57239;Kuhn, Richard J.;24.2%;;;;16.1%;;30.6%;8.1%;;12.9%;1.6%;;;;3.2%;;;;;;;;3.2%;
;;43900;Lab In Gen Microbiol;202620;Spring 2026;001;25255;Pappas, Donald L.;18.2%;18.2%;22.7%;;9.1%;;22.7%;4.5%;;4.5%;;;;;;;;;;;;;;
;;44400;Human Medical Genetics;202620;Spring 2026;001;11558;Leung, Yuk Fai;32.5%;25.0%;2.5%;;12.5%;12.5%;7.5%;2.5%;;2.5%;;;;;;;;;;;;;2.5%;
;;48100;Eukaryotic Genetics;202620;Spring 2026;001;11433;Metzger, Brian P.;19.6%;15.2%;2.2%;;13.0%;6.5%;19.6%;6.5%;4.3%;8.7%;;;;;2.2%;;;;;;;;2.2%;
;;48300;Great Iss:Environ&Conserv Biol;202620;Spring 2026;001;37999;Bernal, Ximena;60.0%;20.0%;8.0%;;8.0%;;;4.0%;;;;;;;;;;;;;;;;
;;49601;Topics Endocrinology & Cancer;202620;Spring 2026;001;40809;Camarillo, Ignacio G.;64.3%;;21.4%;;7.1%;;;;;;;;;;;;;;;;;;7.1%;
;;49700;Biol Honors Seminar;202620;Spring 2026;H01;10263;Sahley, Christie L.;;;;;;;;;;;;;;;;;;100.0%;;;;;;
;;49800;Teach Genetics&Molecular Biol;202620;Spring 2026;018;21928;Karve, Rucha A.;46.2%;;53.8%;;;;;;;;;;;;;;;;;;;;;
;;51600;Molecular Biol Cancer;202620;Spring 2026;001;24953;Allen-Petersen, Brittany L.;20.0%;20.0%;21.0%;1.0%;7.6%;5.7%;12.4%;4.8%;;2.9%;;;1.0%;;;;;;;;;;3.8%;
;;52900;Bacterial Physiology;202620;Spring 2026;001;22568;Zhou, Daoguo;71.4%;;;;7.1%;;;7.1%;;;;;;;;;;;;;;;14.3%;
;;52905;Disease Ecology;202620;Spring 2026;001;31960;Searle, Catherine L.;33.3%;16.7%;25.0%;;8.3%;;;8.3%;;8.3%;;;;;;;;;;;;;;
;;53300;Medical Microbiology;202620;Spring 2026;001;40629;Sanders, David A.;16.7%;8.3%;;;8.3%;8.3%;16.7%;;8.3%;16.7%;;;;;;8.3%;;;;;;;8.3%;
;;53800;Mol Cell & Dev Neuro;202620;Spring 2026;001;12306;Ready, Donald F.;69.2%;;;;26.9%;;;3.8%;;;;;;;;;;;;;;;;
;;54900;Microbial Ecology;202620;Spring 2026;001;69591;Applegate, Bruce M.;100.0%;;;;;;;;;;;;;;;;;;;;;;;
;;56200;Neural Systems;202620;Spring 2026;001;12316;Dooley, James C.;22.6%;14.5%;12.9%;;19.4%;1.6%;19.4%;3.2%;;4.8%;;;;;;;;;;;;;1.6%;
;;56310;Protein Bioinformatics;202620;Spring 2026;001;31407;Kihara, Daisuke;50.0%;;;6.3%;18.8%;6.3%;12.5%;;;;;;;;6.3%;;;;;;;;;
;;58000;Evolution;202620;Spring 2026;001;25671;Christie, Mark R.;5.3%;21.1%;;2.6%;31.6%;13.2%;18.4%;5.3%;;2.6%;;;;;;;;;;;;;;
;;59200;Evolution Of Behavior;202620;Spring 2026;001;23103;Fernandez-Juricic, Esteban;55.6%;;22.2%;;;;16.7%;;;;;;;;;;;;;;;;5.6%;
;;59500;CRISPR Mechanism & App;202620;Spring 2026;095;28851;Chang, Leifu;80.8%;;;;19.2%;;;;;;;;;;;;;;;;;;;
;;;Practical Bio Comput;202620;Spring 2026;091;28015;Gribskov, Michael R.;90.9%;;;;;;;;;;;;;;;;;;;;;;9.1%;
;;;Structural Biology Lab;202620;Spring 2026;094;28850;Chang, Leifu;100.0%;;;;;;;;;;;;;;;;;;;;;;;
;;66300;Sem Method Prof Dev II;202620;Spring 2026;001;30314;Evans, Janice P.;96.4%;;;;3.6%;;;;;;;;;;;;;;;;;;;
;;69100;Biological Res Mthds;202620;Spring 2026;002;17892;Girouard, Linda A.;;;;;;;;;;;;;;;;;;91.7%;;;;;8.3%;
;;69500;Biophysics Grant Writing;202620;Spring 2026;030;40979;Tesmer, John J.;45.5%;18.2%;;;;;18.2%;;;;;;;;;;;;;;;;18.2%;
BME;BME-Biomedical Engineering;20200;Thermodynamics In Biomed Engr;202620;Spring 2026;001;22978;Pienaar, Elsje;13.4%;11.9%;;;37.3%;4.5%;16.4%;4.5%;3.0%;4.5%;;;3.0%;;;;;;;;;;1.5%;
;;;;;;002;22979;Cody, Jonathan W.;6.4%;14.9%;;;29.8%;12.8%;21.3%;2.1%;;8.5%;2.1%;;2.1%;;;;;;;;;;;
;;22000;Biomol:Strct,Funct,Apl;202620;Spring 2026;001;25205;Ejendal, Karin F.;65.2%;2.2%;;;28.3%;;;4.3%;;;;;;;;;;;;;;;;
;;;;;;002;25206;Green, Leopold N.;72.1%;2.9%;;;17.6%;1.5%;;1.5%;;;1.5%;;;;;;;;;;;;1.5%;1.5%
;;23100;Bioinstrument & Circuit Theory;202620;Spring 2026;001;25213;Marasigan, Vladislav Gavril M.;24.4%;21.1%;4.9%;;17.1%;4.9%;14.6%;3.3%;1.6%;1.6%;1.6%;0.8%;2.4%;;1.6%;;;;;;;;;
;;23101;Bioinst & Circuit Theory Lab;202620;Spring 2026;001;25215;Marasigan, Vladislav Gavril M.;25.0%;8.3%;;;37.5%;12.5%;8.3%;8.3%;;;;;;;;;;;;;;;;
;;;;;;002;25216;Marasigan, Vladislav Gavril M.;29.2%;12.5%;12.5%;;12.5%;4.2%;20.8%;4.2%;;4.2%;;;;;;;;;;;;;;
;;;;;;003;25217;Marasigan, Vladislav Gavril M.;20.8%;25.0%;;;16.7%;4.2%;20.8%;8.3%;;4.2%;;;;;;;;;;;;;;
;;;;;;004;25218;Marasigan, Vladislav Gavril M.;20.0%;20.0%;;;26.7%;6.7%;6.7%;;;20.0%;;;;;;;;;;;;;;
;;;;;;006;25223;Marasigan, Vladislav Gavril M.;12.5%;25.0%;8.3%;;12.5%;12.5%;16.7%;4.2%;;8.3%;;;;;;;;;;;;;;
;;25600;Physiological Modeling;202620;Spring 2026;001;57811;Babbs, Charles F.;90.6%;;;;8.2%;;;1.2%;;;;;;;;;;;;;;;;
;;;;;;003;21888;Babbs, Charles F.;93.3%;;;;4.4%;;;;;;;;;;;;;;;;;;2.2%;
;;31400;Experimental Biomechanics;202620;Spring 2026;001;16138;Chan, Deva D.;18.2%;27.3%;;;9.1%;13.6%;18.2%;;;9.1%;;4.5%;;;;;;;;;;;;
;;32600;Applied Biomaterials I;202620;Spring 2026;001;41779;Qazi, Taimoor Hasan;8.0%;24.0%;28.0%;;8.0%;12.0%;16.0%;;;;4.0%;;;;;;;;;;;;;
;;35700;Foundations BME Data Science;202620;Spring 2026;001;26368;Kong, Nan K.;50.0%;36.1%;8.3%;;;;2.8%;;;;;;;;;;;;;;;;2.8%;
;;38900;Jr Exp Design Laboratory;202620;Spring 2026;001;16152;HabibiMatin, Meisam;72.0%;20.0%;;;;4.0%;;;4.0%;;;;;;;;;;;;;;;
;;;;;;002;16155;HabibiMatin, Meisam;43.5%;56.5%;;;;;;;;;;;;;;;;;;;;;;
;;;;;;003;16162;HabibiMatin, Meisam;50.0%;45.5%;;;4.5%;;;;;;;;;;;;;;;;;;;
;;;;;;004;16166;HabibiMatin, Meisam;66.7%;33.3%;;;;;;;;;;;;;;;;;;;;;;
;;;;;;006;16170;HabibiMatin, Meisam;60.0%;32.0%;;;;;;4.0%;;4.0%;;;;;;;;;;;;;;
;;39000;Prof Develpmnt & Design In BME;202620;Spring 2026;001;21617;Cody, Jonathan W.;56.7%;6.7%;35.0%;;;;1.7%;;;;;;;;;;;;;;;;;
;;43100;Neural Engineering;202620;Spring 2026;001;25942;Makin, Maria C.;26.9%;23.1%;11.5%;;3.8%;11.5%;15.4%;3.8%;;;;;;;;;;;;;;;3.8%;
;;45000;Deep Learning/Med Imaging;202620;Spring 2026;001;16186;Culurciello, Eugenio;56.8%;16.0%;23.5%;;;;2.5%;;;;;;;;;;;;;;;;1.2%;
;;49500;Translation Sr Design Projects;202620;Spring 2026;010;37197;Aboelzahab, Asem F.;100.0%;;;;;;;;;;;;;;;;;;;;;;;
;;51100;Biomedical Signal Processing;202620;Spring 2026;010;36820;Yoshida, Ken;31.3%;43.8%;6.3%;6.3%;9.4%;;3.1%;;;;;;;;;;;;;;;;;
;;53800;Wearables In Healthcare;202620;Spring 2026;001;40724;Ward, Matthew P.;36.6%;14.6%;39.0%;;;2.4%;4.9%;;;;;;;;;;;;;;;;2.4%;
;;54200;Cell & Tissue Mechanics;202620;Spring 2026;001;36791;Kim, Tae Yoon;38.5%;38.5%;15.4%;7.7%;;;;;;;;;;;;;;;;;;;;
;;55500;MRI Theory;202620;Spring 2026;001;36816;Tong, Yunjie;42.1%;21.1%;15.8%;5.3%;5.3%;;10.5%;;;;;;;;;;;;;;;;;
;;56200;Regulatory Approval;202620;Spring 2026;MJD;24952;Lottes, Aaron E.;55.6%;29.6%;9.3%;;3.7%;;1.9%;;;;;;;;;;;;;;;;;
;;;;;;OL1;28947;Lottes, Aaron E.;8.3%;50.0%;8.3%;;16.7%;8.3%;;;;;;;;;;;;;;;;;8.3%;
;;56400;Ethical Engr Med Technologies;202620;Spring 2026;MJD;24477;Brightman, Andrew O.;53.5%;9.3%;30.2%;;2.3%;;4.7%;;;;;;;;;;;;;;;;;
;;;;;;OL1;28948;Brightman, Andrew O.;60.0%;6.7%;26.7%;;6.7%;;;;;;;;;;;;;;;;;;;
;;58100;BioMEMS;202620;Spring 2026;MJD;16858;Lee, Chi Hwan;100.0%;;;;;;;;;;;;;;;;;;;;;;;
;;59500;Biophotonics;202620;Spring 2026;019;11596;Huang, Fang;54.5%;;45.5%;;;;;;;;;;;;;;;;;;;;;
;;;Research Fundamentals II;202620;Spring 2026;018;16178;Goergen, Craig J.;95.8%;4.2%;;;;;;;;;;;;;;;;;;;;;;
;;;Stem Cell Technologies;202620;Spring 2026;035;36744;Park, Sunghee;;;92.6%;;;;7.4%;;;;;;;;;;;;;;;;;
;;68300;Polymers Pharma & Biol Systms;202620;Spring 2026;001;40682;Park, Kinam;;;97.5%;;;;;;;;;;;;;;;;;;;;2.5%;
;;69000;BME Seminar;202620;Spring 2026;004;12470;Surowiec, Rachel K.;;;;;;;;;;;;;;;;;;;;93.7%;3.2%;;3.2%;
;;69900;Research PhD Thesis;202620;Spring 2026;076;20988;Solorio, Luis;;;;;;;;;;;;;;;;;;;;100.0%;;;;
BMS;BMS-Basic Medical Sciences;20100;Appld Dmestic Animal Anatmy I;202620;Spring 2026;001;17527;Hannon, Kevin M.;83.3%;;5.6%;;5.6%;;;;;;;;;;;;;;;;;;5.6%;
;;23300;Intro To Pharmacology-VN;202620;Spring 2026;002;15884;Anderson, Melinda J.;50.0%;;8.8%;;35.3%;;5.9%;;;;;;;;;;;;;;;;;
;;69200;Seminar Basic Med Sci;202620;Spring 2026;001;12929;Zhang, Guangjun;;;;;;;;;;;;;;;;;;100.0%;;;;;;
;;80200;Comparative Anatomy;202620;Spring 2026;004;13085;Ekenstedt, Kari J.;10.2%;;;;45.5%;;;37.5%;;;2.3%;;;;2.3%;;;;;;;;2.3%;
;;80300;Applied Anat Dog & Cat;202620;Spring 2026;001;40220;Hannon, Kevin M.;100.0%;;;;;;;;;;;;;;;;;;;;;;;
;;80800;Veterinary Cell &Tissue Bio II;202620;Spring 2026;003;12697;Figueiredo, Marxa L.;58.0%;;;;30.7%;;;9.1%;;;;;;;;;;;;;;;2.3%;
;;81200;Physiology Of Dom Animals II;202620;Spring 2026;002;41245;Asem, Elikplimi K.;18.0%;;;;53.9%;;;23.6%;;;2.2%;;;;;;;;;;;;2.2%;
;;81500;Veterinary Neurosci;202620;Spring 2026;003;13094;Hannon, Kevin M.;70.6%;;;;25.9%;;;1.2%;;;;;;;;;;;;;;;2.4%;
;;81600;Applied Pharmacology II;202620;Spring 2026;002;20421;Anderson, Melinda J.;76.3%;;;;22.5%;;;1.3%;;;;;;;;;;;;;;;;
BTNY;BTNY-Botany & Plant Pathology;11000;Intro To Plant Science;202620;Spring 2026;010;57713;Fields, Jeneen S.;37.9%;;;;31.0%;;;18.1%;;;0.9%;;;;1.7%;;;3.4%;;;;;6.9%;
;;;Intro To Plant Science-Honors;202620;Spring 2026;010;57713;Fields, Jeneen S.;100.0%;;;;;;;;;;;;;;;;;;;;;;;
;;12100;Principles Of Plant Biology II;202620;Spring 2026;003;20485;Chagas Boavida, Leonor Maria de Fatima;20.0%;14.5%;;;10.9%;16.4%;3.6%;10.9%;10.9%;3.6%;3.6%;;3.6%;;;;;;;;;;1.8%;
;;20700;The Microbial World;202620;Spring 2026;001;43140;Aime, Mary C.;25.0%;15.0%;10.0%;;;15.0%;5.0%;5.0%;;20.0%;;;;;;;;;;;;;5.0%;
;;20800;Intro To Plant Sci Res;202620;Spring 2026;001;16465;Chagas Boavida, Leonor Maria de Fatima;25.0%;;56.3%;;;;;6.3%;;;;;;;6.3%;;;;;;;;6.3%;
;;30200;Plant Ecology;202620;Spring 2026;001;15703;Oakley, Christopher G.;6.3%;6.3%;;;16.7%;16.7%;14.6%;10.4%;8.3%;10.4%;6.3%;;;;;;;;;;;;4.2%;
;;35000;Biotechnology In Ag;202620;Spring 2026;001;33102;Mengiste, Tesfaye D;44.1%;;;;32.4%;;;17.6%;;;;;;;;2.9%;;;;;;;2.9%;
;;35700;The Intoxicated Botanist;202620;Spring 2026;001;31376;Mcadam, Scott;60.9%;;;;34.8%;;;4.3%;;;;;;;;;;;;;;;;
;;42000;Plant Cell & Dev Biol;202620;Spring 2026;001;15203;Hancock, Mary A.;27.8%;;66.7%;;5.6%;;;;;;;;;;;;;;;;;;;
;;53500;Plant Disease Epidemiology;202620;Spring 2026;001;19906;Cruz Sancan, Christian D.;;25.0%;25.0%;;16.7%;8.3%;8.3%;;;8.3%;8.3%;;;;;;;;;;;;;
;;59000;Scientific Presentations;202620;Spring 2026;008;19816;Staiger, Christopher J.;93.8%;;;;6.3%;;;;;;;;;;;;;;;;;;;
;;66000;Scientific Writing;202620;Spring 2026;001;20139;Lisch, Damon R.;100.0%;;;;;;;;;;;;;;;;;;;;;;;
;;69700;Departmental Seminar Series;202620;Spring 2026;001;28855;Iyer-Pascuzzi, Anjali S.;97.1%;;;;;;;;;;;;;;;;;;;;;;2.9%;
CDIS;CDIS-Critical Disability Std;23900;Intro To Disability Studies;202620;Spring 2026;001;15634;Wegener, Susan E.;28.6%;14.3%;21.4%;;;7.1%;;;7.1%;7.1%;;;;;7.1%;;;;;;;;7.1%;
CE;CE-Civil Engineering;20300;Princ & Pract Geomtics;202620;Spring 2026;001;12642;Habib, Ayman F.;11.5%;17.6%;1.5%;;22.1%;15.3%;16.8%;0.8%;4.6%;6.9%;;;0.8%;;1.5%;;;;;;;;0.8%;
;;21101;Thermal & Energy Sciences;202620;Spring 2026;001;24270;Qu, Ming;15.2%;9.1%;22.2%;;10.1%;16.2%;8.1%;7.1%;2.0%;7.1%;1.0%;1.0%;;;1.0%;;;;;;;;;
;;22200;Life Cycle Engr Construct Fac;202620;Spring 2026;001;63198;Cai, Hubo;5.7%;11.4%;3.4%;;18.2%;10.2%;9.1%;12.5%;6.8%;11.4%;1.1%;2.3%;1.1%;;6.8%;;;;;;;;;
;;27000;Intro Strctrl Mchncs;202620;Spring 2026;007;12667;Soleimani Ziabari, Sayed Mohamad;6.8%;8.3%;13.5%;;10.9%;13.0%;16.1%;6.3%;6.3%;10.4%;1.6%;1.6%;;;3.1%;;;;;;;;2.1%;
;;29202;Contemporary Issues In CE;202620;Spring 2026;001;13450;Tompkins, John C.;83.3%;;;;9.3%;;;5.6%;;;;;;;;;;;;;;;1.9%;
;;29700;Basic Mech I Statics;202620;Spring 2026;002;13867;Condori Uribe, Johnny W.;22.6%;4.8%;6.0%;;8.3%;4.8%;8.3%;9.5%;;10.7%;15.5%;;;;1.2%;;;;;;;;8.3%;
;;29800;Basic Mech II Dynamics;202620;Spring 2026;002;19150;Condori Uribe, Johnny W.;10.9%;8.7%;3.8%;;16.3%;6.0%;8.7%;13.0%;7.1%;10.3%;10.3%;;;;3.3%;;;;;;;;1.6%;
;;29900;CCE Ambassador Program;202620;Spring 2026;004;41311;Barr, Jaimee I.;;;;;;;;;;;;;;;;;;;;100.0%;;;;
;;31100;Architectural Engr;202620;Spring 2026;001;65464;Jung, Nusrat;11.8%;19.1%;39.7%;;7.4%;;16.2%;2.9%;;;;;;;1.5%;;;;;;;;1.5%;
;;32201;Proj Cntrl Life Cyc Constr Fac;202620;Spring 2026;001;36609;Weidner, Theodore J.;9.1%;14.5%;12.7%;;21.8%;10.9%;9.1%;3.6%;3.6%;1.8%;1.8%;1.8%;;;3.6%;;;;;;;;5.5%;
;;33500;Civil Engineering Materials;202620;Spring 2026;001;24266;Zavattieri, Pablo D.;17.3%;9.9%;11.1%;;19.8%;8.6%;12.3%;4.9%;1.2%;7.4%;2.5%;1.2%;;;1.2%;;;;;;;;1.2%;1.2%
;;34000;Hydraulics;202620;Spring 2026;001;21600;Troy, Cary D.;9.9%;12.7%;5.6%;;12.7%;12.0%;7.0%;15.5%;6.3%;9.9%;2.1%;2.1%;1.4%;;;;;;;;;;2.8%;
;;34300;Elem Hydraulics Lab;202620;Spring 2026;004;33795;Mohammad Galib, Mohammad Galib;68.8%;;;;25.0%;;;6.3%;;;;;;;;;;;;;;;;
;;;;;;006;33796;Mohammad Galib, Mohammad Galib;57.1%;;;;33.3%;;;4.8%;;;4.8%;;;;;;;;;;;;;
;;;;;;008;20285;Pham, Nhu H.;52.9%;;;;17.6%;;;11.8%;;;17.6%;;;;;;;;;;;;;
;;;;;;011;18893;Pham, Nhu H.;68.8%;;;;18.8%;;;6.3%;;;;;;;;;;;;;;;6.3%;
;;;;;;012;21688;Bae, Sang Woo;57.1%;;;;28.6%;;;;;;;;;;;;;;;;;;14.3%;
;;;;;;013;22559;Paliwal, Kush;81.8%;;;;13.6%;;;;;;4.5%;;;;;;;;;;;;;
;;;;;;014;22654;Paliwal, Kush;60.0%;;;;33.3%;;;6.7%;;;;;;;;;;;;;;;;
;;35000;Intro Env And Ecol Engineering;202620;Spring 2026;001;12774;Zhang, Xinyu;45.1%;22.0%;13.4%;;2.4%;1.2%;9.8%;1.2%;;;;;1.2%;;;;;;;;;;3.7%;
;;35500;Eng Env Sustainability;202620;Spring 2026;001;14054;Nies, Loring F.;68.0%;24.0%;;;;4.0%;4.0%;;;;;;;;;;;;;;;;;
;;;;;;002;34925;Nies, Loring F.;52.0%;20.0%;;;8.0%;8.0%;8.0%;;;;4.0%;;;;;;;;;;;;;
;;36100;Transportation Engr;202620;Spring 2026;001;13643;Feng, Yiheng;16.3%;5.8%;5.8%;;15.1%;7.0%;8.1%;5.8%;8.1%;11.6%;4.7%;;2.3%;;1.2%;;;;;;;;8.1%;
;;37100;Structural Analysis I;202620;Spring 2026;001;12702;Jahanshahi, Mohammad Reza;13.7%;5.5%;4.1%;;19.2%;5.5%;5.5%;8.2%;13.7%;6.8%;4.1%;2.7%;2.7%;;6.8%;;;;;;;;1.4%;
;;38300;Geotechnical Engr I;202620;Spring 2026;001;12704;Prezzi, Monica;31.5%;16.9%;1.6%;;16.1%;4.0%;25.0%;;;3.2%;0.8%;;;;;;;;;;;;0.8%;
;;39201;Technical Communication In CE;202620;Spring 2026;001;17046;Tompkins, John C.;94.8%;;;;1.3%;;;2.6%;;;;;;;1.3%;;;;;;;;;
;;39800;Intro CE Systems Dsgn;202620;Spring 2026;001;12712;Labi, Samuel;38.4%;18.6%;17.4%;;5.8%;;15.1%;;;2.3%;;;;;;;;;;;;;2.3%;
;;44200;Intro To Hydrology;202620;Spring 2026;001;20151;Merwade, Venkatesh M.;23.1%;12.8%;7.7%;;17.9%;5.1%;20.5%;5.1%;;5.1%;;;;;;;;;;;;;2.6%;
;;45700;Air Poll Cntrl & Des;202620;Spring 2026;001;12721;Jacko, Robert B.;51.9%;;48.1%;;;;;;;;;;;;;;;;;;;;;
;;47000;Struct Steel Design;202620;Spring 2026;001;12722;Soleimani Ziabari, Sayed Mohamad;11.9%;13.6%;39.0%;;6.8%;3.4%;16.9%;1.7%;;6.8%;;;;;;;;;;;;;;
;;47300;Reinf Concrete Design;202620;Spring 2026;001;12724;Soleimani Ziabari, Sayed Mohamad;9.8%;17.6%;27.5%;;13.7%;7.8%;13.7%;2.0%;;5.9%;;;;;;;;;;;;;2.0%;
;;47400;Structural Analysis II;202620;Spring 2026;001;12727;Jhunjhunwala, Aditya Rajkamal;29.6%;18.3%;19.7%;;5.6%;7.0%;7.0%;1.4%;1.4%;7.0%;;;2.8%;;;;;;;;;;;
;;48300;Geotechnical Engr II;202620;Spring 2026;001;12728;Bobet, Antonio;11.1%;13.3%;4.4%;;13.3%;4.4%;6.7%;17.8%;8.9%;13.3%;2.2%;2.2%;;;;;;;;;;;2.2%;
;;49800;C E Design Project;202620;Spring 2026;001;25616;Jacko, Robert B.;61.1%;;;;37.7%;;;0.6%;;;;;;;;;;;;;;;0.6%;
;;50801;Geographic Information Systems;202620;Spring 2026;002;19725;Shan, Jie;10.7%;25.0%;;;3.6%;10.7%;28.6%;3.6%;;3.6%;;;;;7.1%;;;;;;;;7.1%;
;;51401;Building Controls;202620;Spring 2026;001;39184;Qu, Ming;42.9%;21.4%;14.3%;;;;21.4%;;;;;;;;;;;;;;;;;
;;52100;Construction Bus Mgmt;202620;Spring 2026;001;27648;Iseley, David T.;19.0%;9.5%;66.7%;;;4.8%;;;;;;;;;;;;;;;;;;
;;52200;Cmptr Applctn In Const;202620;Spring 2026;002;30734;Cai, Hubo;41.2%;11.8%;;;29.4%;11.8%;5.9%;;;;;;;;;;;;;;;;;
;;52900;Smart Construction;202620;Spring 2026;001;40102;Mohammadhasanzadeh, Sogand;65.0%;;30.0%;;;;;;;;;;;;;;;;;;;;;5.0%
;;53000;Properties Concrete;202620;Spring 2026;001;15930;Velay Lizancos, Maria Mirian;36.4%;;27.3%;;13.6%;;13.6%;4.5%;;;;;;;;;;;;;;;4.5%;
;;53600;NDT And S For Civil Infrastr;202620;Spring 2026;001;40084;Feng, Yining;45.5%;27.3%;9.1%;;;9.1%;;;;;;;;;;;;;;;;;9.1%;
;;54200;Hydrology;202620;Spring 2026;001;40985;Merwade, Venkatesh M.;6.3%;18.8%;50.0%;;;;12.5%;6.3%;;;;6.3%;;;;;;;;;;;;
;;54400;Subsurface Hydrology;202620;Spring 2026;001;39185;Govindaraju, Rao S.;57.1%;4.8%;28.6%;;;;9.5%;;;;;;;;;;;;;;;;;
;;56201;Vehicular Cyber-Physical Syst;202620;Spring 2026;002;32153;Wang, Ziran;36.8%;;52.6%;;;;;;;;;;;;;;;;;;;;;10.5%
;;56300;Airport Design;202620;Spring 2026;001;39713;Haddock, John E.;11.9%;20.3%;1.7%;;32.2%;6.8%;18.6%;;1.7%;6.8%;;;;;;;;;;;;;;
;;56700;Hwy Traf & Safety Anly;202620;Spring 2026;002;37647;Tarko, Andrew P.;;15.4%;38.5%;;23.1%;7.7%;7.7%;7.7%;;;;;;;;;;;;;;;;
;;57100;Earthquake Engineering;202620;Spring 2026;002;23390;Irfanoglu, Ayhan;16.7%;33.3%;16.7%;;25.0%;8.3%;;;;;;;;;;;;;;;;;;
;;57200;Prestress Concrete Des;202620;Spring 2026;001;12761;Ramirez, Julio A.;35.0%;27.5%;7.5%;;10.0%;;20.0%;;;;;;;;;;;;;;;;;
;;57900;Structural Stability;202620;Spring 2026;001;40818;Sharma, Shivam;67.9%;17.9%;;;3.6%;7.1%;;3.6%;;;;;;;;;;;;;;;;
;;59500;Finite Elements Elast;202620;Spring 2026;002;22437;Prakash, Arun;15.8%;42.1%;;5.3%;15.8%;5.3%;10.5%;;;;;;;;;;;;;;;;5.3%;
;;59700;Great Prjcts Essential Lessons;202620;Spring 2026;203;16260;Giroux, Raymond P.;54.8%;40.5%;4.8%;;;;;;;;;;;;;;;;;;;;;
;;;Innov Sci & Socio-Tech Change;202620;Spring 2026;227;40723;Patil, Akash M.;21.4%;21.4%;14.3%;;14.3%;7.1%;21.4%;;;;;;;;;;;;;;;;;
;;67600;Behav Reinf Conc Mem;202620;Spring 2026;001;40728;Sharma, Akanshu;18.8%;;78.1%;;;;3.1%;;;;;;;;;;;;;;;;;
;;69100;CE Sem-Hydraul & Hyd;202620;Spring 2026;001;12780;Merwade, Venkatesh M.;;;;;;;;;;;;;;;;;;;;93.8%;;;6.3%;
;;;CE Sem-Structural;202620;Spring 2026;005;12784;Ramirez, Julio A.;;;;;;;;;;;;;;;;;;;;100.0%;;;;
;;;CE Sem-Transportation;202620;Spring 2026;006;12785;Bullock, Darcy M.;;;;;;;;;;;;;;;;;;;;100.0%;;;;
;;;CE-Sem Gr Stdnt Orient;202620;Spring 2026;007;37780;Abraham, Dulcy M.;;;;;;;;;;;;;;;;;;;;90.9%;9.1%;;;
CEM;CEM-Construction Engr & Mgmt;18000;Construction Engr Pre-Prof Dev;202620;Spring 2026;001;27687;Fulk, Brandon M.;22.2%;5.6%;55.6%;;5.6%;5.6%;;;2.8%;;;;;;;2.8%;;;;;;;;
;;20100;Life Cycle Engr Construct Fac;202620;Spring 2026;001;57892;Cai, Hubo;3.6%;8.9%;3.6%;;12.5%;12.5%;5.4%;7.1%;12.5%;12.5%;5.4%;5.4%;;;8.9%;;;;;;;;1.8%;
;;35100;Found Of Architectural Design;202620;Spring 2026;001;18525;Graff, Geoffrey H.;53.8%;21.2%;;;5.8%;3.8%;11.5%;;1.9%;;;;;;;;;;;;;;1.9%;
;;38000;CEM Prof Development II;202620;Spring 2026;001;18536;Graff, Geoffrey H.;23.5%;5.9%;58.8%;;8.8%;;2.9%;;;;;;;;;;;;;;;;;
;;40100;Critical Thinking Constr Engr;202620;Spring 2026;001;18555;Weidner, Theodore J.;44.4%;27.8%;22.2%;;;;5.6%;;;;;;;;;;;;;;;;;
;;42502;Construction Capstone II;202620;Spring 2026;008;41608;Fulk, Brandon M.;31.6%;13.2%;52.6%;;2.6%;;;;;;;;;;;;;;;;;;;
;;45600;Design-Bld Proj Delivery Mthd;202620;Spring 2026;001;36560;Graff, Geoffrey H.;84.6%;7.7%;;;;;7.7%;;;;;;;;;;;;;;;;;
;;48500;Legal Aspects Construction Eng;202620;Spring 2026;001;16895;Harvey, Nathaniel S.;33.3%;16.7%;8.3%;;16.7%;4.2%;18.8%;;;;;;;;;;;;;;;;2.1%;
;;59700;Construction Accounting;202620;Spring 2026;005;24280;Adrian, James J.;57.1%;14.3%;;;14.3%;;14.3%;;;;;;;;;;;;;;;;;
CGT;CGT-Computer Graphics Tech;10501;Introduction To Games;202620;Spring 2026;001;23089;Howard, Robert T.;60.6%;;;;18.3%;;;8.5%;;;2.8%;;;;5.6%;1.4%;;;;;;;2.8%;
;;11200;Sketch Visualiz & Comm;202620;Spring 2026;009;41967;Triplett, Daniel P.;26.3%;;;;36.8%;;;15.8%;;;5.3%;;;;;;;;;;;;15.8%;
;;11505;Scripting & Comput Thinking;202620;Spring 2026;003;21489;Kesselman, Jeffrey P.;9.3%;4.1%;71.1%;;2.1%;1.0%;1.0%;;;4.1%;;;;;5.2%;;;;;;;;2.1%;
;;11600;Geom Mdl Visual & Comm;202620;Spring 2026;001;13474;Triplett, Daniel P.;38.7%;;;;19.4%;;;17.7%;;;6.5%;;;;8.1%;1.6%;;;;;;;8.1%;
;;;Geom Mdl Visual & Comm-Honors;202620;Spring 2026;001;13474;Triplett, Daniel P.;100.0%;;;;;;;;;;;;;;;;;;;;;;;
;;11800;Fund Of Imaging Tech;202620;Spring 2026;001;11660;Hassan, Raymond P.;56.7%;;;;20.0%;;;10.0%;;;;;;;6.7%;;;;;;;;6.7%;
;;14100;Internet Found,Tch&Dev;202620;Spring 2026;001;13479;Morales, Carlos R.;88.1%;;;;;;;;;;2.4%;;;;2.4%;;;;;;;;7.1%;
;;14700;Visual Effects Introduction;202620;Spring 2026;001;17365;Morales, Carlos R.;65.9%;;;;9.8%;;;4.9%;;;;;;;14.6%;;;;;;;;4.9%;
;;17207;UXD Experience Studio I;202620;Spring 2026;001;24522;Rasche, Nancy J.;18.2%;63.6%;;;;;9.1%;9.1%;;;;;;;;;;;;;;;;
;;;;;;002;24526;Rasche, Nancy J.;11.1%;88.9%;;;;;;;;;;;;;;;;;;;;;;
;;17208;UXD Studio I: Fundamentals;202620;Spring 2026;014;41403;Lotfabadi, Ramtin;22.0%;14.6%;29.3%;;4.9%;7.3%;9.8%;;7.3%;2.4%;;;;;2.4%;;;;;;;;;
;;;;;;015;41404;Shah, Shobhan D.;10.0%;32.5%;20.0%;;15.0%;5.0%;2.5%;5.0%;;2.5%;;2.5%;2.5%;;;;;;;;;;2.5%;
;;;;;;016;41405;Parsons, Paul;30.0%;7.5%;7.5%;;12.5%;2.5%;25.0%;12.5%;;2.5%;;;;;;;;;;;;;;
;;;;;;017;41406;Lotfabadi, Ramtin;22.5%;22.5%;2.5%;;7.5%;5.0%;12.5%;7.5%;;2.5%;2.5%;5.0%;2.5%;;;2.5%;;;;;;;5.0%;
;;20500;Portfolio Review;202620;Spring 2026;001;12036;Giri, Nandhini;;;;;;;;;;;;;;;;;;;;97.8%;;1.1%;1.1%;
;;24100;Intro Comptr Animation;202620;Spring 2026;004;16381;Hassan, Raymond P.;69.6%;;;4.3%;8.7%;;;4.3%;;;;;;;8.7%;;;;;;;;4.3%;
;;25001;Comp Graph Prof Prac I;202620;Spring 2026;001;18096;Adamo, Nicoletta;33.3%;;41.2%;;10.3%;;;4.2%;;;3.0%;;;;4.8%;;;;;;;;3.0%;
;;;Comp Graph Prof Prac I-Honors;202620;Spring 2026;001;18096;Adamo, Nicoletta;;;100.0%;;;;;;;;;;;;;;;;;;;;;
;;25500;Game Development II;202620;Spring 2026;004;12962;Howard, Robert T.;75.6%;;;;15.4%;;;6.4%;;;;;;;;;;;;;;;2.6%;
;;27000;Intro To Data Visualization;202620;Spring 2026;005;23928;Zong, Hannah Y.;13.6%;23.9%;6.8%;;8.0%;8.0%;12.5%;2.3%;;5.7%;1.1%;;1.1%;;4.5%;;;;;;;;12.5%;
;;27207;UXD Experience Studio II;202620;Spring 2026;001;24520;Rasche, Nancy J.;33.3%;53.3%;;;6.7%;;6.7%;;;;;;;;;;;;;;;;;
;;;;;;002;24528;Rasche, Nancy J.;16.7%;66.7%;;;;6.7%;3.3%;3.3%;;3.3%;;;;;;;;;;;;;;
;;27208;UXD Studio III: Cross-Channel;202620;Spring 2026;002;41415;Lotfabadi, Ramtin;19.6%;10.9%;45.7%;;4.3%;6.5%;4.3%;4.3%;;4.3%;;;;;;;;;;;;;;
;;28500;Cross Cultural Game Dev;202620;Spring 2026;001;40042;Whittinghill, David M.;81.3%;;;;6.3%;;;;;;6.3%;;;;;6.3%;;;;;;;;
;;30505;Portfolio II;202620;Spring 2026;002;19094;Giri, Nandhini;;;;;;;;;;;;;;;;;;;;97.8%;;2.2%;;
;;32505;Player-Centered Design;202620;Spring 2026;002;40939;Giri, Nandhini;28.0%;16.0%;;;8.0%;8.0%;4.0%;4.0%;12.0%;4.0%;4.0%;;;;4.0%;;;;;;;;8.0%;
;;33500;Game Scripting;202620;Spring 2026;002;27657;Howard, Robert T.;57.1%;;;;17.9%;;;3.6%;;;3.6%;;;;14.3%;;;;;;;;3.6%;
;;34000;Digital Light & Render;202620;Spring 2026;001;13556;Zaman, Nasheet;22.2%;14.8%;;;14.8%;7.4%;3.7%;7.4%;7.4%;;;;;;14.8%;;;;;;;;7.4%;
;;34100;Motion For Comp Anim;202620;Spring 2026;003;24230;Baker, Stephen E.;36.4%;;;;22.7%;;;27.3%;;;;;;;9.1%;4.5%;;;;;;;;
;;35600;Web Prog,Dev&Data Intg;202620;Spring 2026;011;27633;Glotzbach, Ronald J.;42.9%;;42.9%;;;;;;7.1%;;;;;;;;;;;;;;7.1%;
;;36500;Game Development Practicum;202620;Spring 2026;003;15399;Pappas, Georgios;97.4%;;;;;;;;;;;;;;2.6%;;;;;;;;;
;;;;;;006;23419;Pappas, Georgios;100.0%;;;;;;;;;;;;;;;;;;;;;;;
;;37000;Interactive Data Visualization;202620;Spring 2026;001;16451;Zong, Hannah Y.;16.7%;29.2%;12.5%;;8.3%;8.3%;8.3%;4.2%;4.2%;;;;;;4.2%;;;;;;;;4.2%;
;;37207;UXD Experience Studio III;202620;Spring 2026;001;24523;Rasche, Nancy J.;17.6%;76.5%;;;;;5.9%;;;;;;;;;;;;;;;;;
;;37208;UXD Studio V: Specialization;202620;Spring 2026;002;41417;Williams, Rua M.;54.5%;9.1%;9.1%;;9.1%;2.3%;9.1%;2.3%;;2.3%;;;;;;2.3%;;;;;;;;
;;39000;Adv Motion For Comp Animation;202620;Spring 2026;020;32651;Baker, Stephen E.;61.5%;;;;7.7%;;;15.4%;;;;;;;7.7%;;;;;;;;7.7%;
;;;Animation Foundations II;202620;Spring 2026;028;40937;Baker, Stephen E.;37.5%;;;;37.5%;;;8.3%;;;;;;;4.2%;4.2%;;;;;;;8.3%;
;;;Artificial Intelligence Games;202620;Spring 2026;025;40107;Kesselman, Jeffrey P.;8.6%;2.9%;45.7%;;8.6%;5.7%;;8.6%;;;2.9%;;2.9%;;5.7%;;;;;;;;8.6%;
;;;Interactive Web Applications;202620;Spring 2026;017;32145;Zong, Hannah Y.;4.3%;26.1%;13.0%;;13.0%;8.7%;4.3%;4.3%;;;;;;;4.3%;4.3%;;;;;;;17.4%;
;;40500;Senior Portfolio Review;202620;Spring 2026;004;29316;Giri, Nandhini;;;;;;;;;;;;;;;;;;;;97.8%;;1.1%;1.1%;
;;41201;Problems In Appl Comp Graph II;202620;Spring 2026;001;12897;Morales, Carlos R.;28.2%;15.3%;22.6%;;9.6%;5.6%;16.4%;;;;;;;;1.1%;0.6%;;;;;;;0.6%;
;;44201;Advanced Portfolio Development;202620;Spring 2026;001;40854;Zaman, Nasheet;23.1%;7.7%;15.4%;;7.7%;11.5%;15.4%;;11.5%;;;;;;3.8%;;;;;;;;3.8%;
;;;;;;002;40855;Zaman, Nasheet;15.8%;21.1%;5.3%;;5.3%;15.8%;;5.3%;10.5%;15.8%;;;;;5.3%;;;;;;;;;
;;45001;Comp Graph Prof Prac II;202620;Spring 2026;001;12898;Adamo, Nicoletta;16.1%;;55.6%;;9.4%;;;6.7%;;;7.8%;;;;2.8%;;;;;;;;1.7%;
;;45600;Adv Web Prog, Dev&Data;202620;Spring 2026;003;27640;Glotzbach, Ronald J.;20.7%;24.1%;31.0%;;3.4%;6.9%;;3.4%;;3.4%;;;;;6.9%;;;;;;;;;
;;52300;Intelligent Virtual Agents;202620;Spring 2026;001;40769;Mousas, Christos;;5.6%;88.9%;5.6%;;;;;;;;;;;;;;;;;;;;
;;53700;Applied AI For CG;202620;Spring 2026;001;40770;Chen, Yingjie;83.3%;;16.7%;;;;;;;;;;;;;;;;;;;;;
;;55500;Game Development II;202620;Spring 2026;001;40772;Pappas, Georgios;90.9%;;4.5%;;;;;;;;;;;;;;;;;;;;4.5%;
;;59700;UXD Grad Capstone;202620;Spring 2026;003;41423;Shah, Shobhan D.;27.3%;18.2%;45.5%;;9.1%;;;;;;;;;;;;;;;;;;;
CHE;CHE-Chemical Engineering;20000;Chem Engr Semnr;202620;Spring 2026;001;39589;Raderstorf, Karissa L.;3.8%;;84.6%;;;;;;;;;;;;7.7%;;;;;;;;3.8%;
;;20100;Co-Op Seminar I;202620;Spring 2026;001;13610;Nagy, Gabriela;;;;;;;;;;;;;;;;;;;;100.0%;;;;
;;20500;Ch Engr Calculations;202620;Spring 2026;004;40709;Hebner, Tayler S.;11.4%;5.7%;;;4.3%;5.7%;5.7%;11.4%;;14.3%;11.4%;;;;14.3%;;;;;;;;15.7%;
;;21100;Ch Engr Thermodynamics;202620;Spring 2026;001;13614;Harris, Michael T.;4.3%;11.0%;4.3%;;16.5%;15.9%;21.3%;5.5%;4.9%;11.6%;;;2.4%;;;;;;;;;;2.4%;
;;30000;ChE Seminar;202620;Spring 2026;001;13618;Nagy, Gabriela;19.2%;1.3%;76.9%;;;;1.3%;;;;;;;;;;;;;;;;1.3%;
;;30600;Des Staged Separ Proc;202620;Spring 2026;001;13432;Masuku, Cornelius M.;13.6%;8.5%;15.3%;;15.3%;11.9%;16.9%;3.4%;5.1%;8.5%;;;;;1.7%;;;;;;;;;
;;32000;Stat Mdl & Qual Enhnce;202620;Spring 2026;008;11772;Thomson, Kendall T.;27.6%;22.0%;4.2%;;15.4%;4.7%;15.0%;0.5%;0.5%;8.9%;;;;;;;;;;;;;1.4%;
;;34800;Chem Reaction Engr;202620;Spring 2026;001;10058;Tackett, Brian M.;34.3%;7.6%;;;17.1%;1.9%;21.9%;6.7%;1.9%;4.8%;2.9%;;;;1.0%;;;;;;;;;
;;37700;Momentum Transfer;202620;Spring 2026;007;11778;Schultz, Kelly M.;9.4%;6.3%;4.7%;1.6%;29.7%;6.3%;7.8%;9.4%;4.7%;7.8%;7.8%;;;;4.7%;;;;;;;;;
;;37800;Heat And Mass Transfer;202620;Spring 2026;022;11788;Liu, Julie C.;10.3%;2.3%;2.3%;;16.1%;9.2%;4.6%;17.2%;12.6%;14.9%;1.1%;1.1%;2.3%;;3.4%;;;;;;;;2.3%;
;;39699;Prof Practice Internship;202620;Spring 2026;001;60774;Nagy, Gabriela;;;;;;;;;;;;;;;;;;;;100.0%;;;;
;;40000;ChE Seminar;202620;Spring 2026;001;14806;Nagy, Gabriela;8.8%;;89.5%;;;1.8%;;;;;;;;;;;;;;;;;;
;;41200;Chem-E Car Design;202620;Spring 2026;003;14792;Masuku, Cornelius M.;100.0%;;;;;;;;;;;;;;;;;;;;;;;
;;43500;Chemical Engineering Lab;202620;Spring 2026;013;56992;Martinez Sainz, Enrico;43.1%;12.1%;13.8%;;13.8%;1.7%;13.8%;;;;;;;;;1.7%;;;;;;;;
;;45000;Desgn & Anly Proc Sys;202620;Spring 2026;011;49687;Masuku, Cornelius M.;21.1%;26.8%;1.6%;;18.7%;6.5%;15.4%;2.4%;3.3%;4.1%;;;;;;;;;;;;;;
;;50100;Medical Devices;202620;Spring 2026;001;40250;Chutka, Michelle N.;80.0%;;12.0%;;;;8.0%;;;;;;;;;;;;;;;;;
;;54000;Transport Phenomena;202620;Spring 2026;001;11818;Medvedev, Grigori;46.7%;;;;53.3%;;;;;;;;;;;;;;;;;;;
;;59700;Crystallization Sys Eng;202620;Spring 2026;068;31060;Nagy, Zoltan;92.0%;;;;8.0%;;;;;;;;;;;;;;;;;;;
;;;Data Science In ChE;202620;Spring 2026;071;31086;Bernal Neira, David E.;29.2%;4.2%;50.0%;;;4.2%;8.3%;;;;;;;;;;;;;;;;4.2%;
;;;Energy Tran Sustainable Future;202620;Spring 2026;075;40192;Miller, Jeffrey T.;38.5%;23.1%;;;;;38.5%;;;;;;;;;;;;;;;;;
;;;Financial Anlys Mgmt Of Proj;202620;Spring 2026;030;19142;Chutka, Michelle N.;80.0%;4.0%;;;;;16.0%;;;;;;;;;;;;;;;;;
;;;Industrial Chemical Technology;202620;Spring 2026;028;16520;Siirola, Jeffrey J.;88.6%;;;;11.4%;;;;;;;;;;;;;;;;;;;
;;;Intro To Upstream Oil & Gas;202620;Spring 2026;069;31061;Schultheiss, Nathan C.;22.2%;;72.2%;;;;;;;;;;;;;;;;;;;;5.6%;
;;;Purdue Military Rch Instit Sem;202620;Spring 2026;072;31110;Dietz, J Eric;82.7%;;17.3%;;;;;;;;;;;;;;;;;;;;;
;;60000;Apprchs To Grad Res Chem Engr;202620;Spring 2026;001;18341;Morgan, John A.;38.6%;29.5%;11.4%;;4.5%;2.3%;6.8%;4.5%;;;;;;;2.3%;;;;;;;;;
;;66000;Chem React Engineering;202620;Spring 2026;001;13698;Gounder, Rajamani P.;44.4%;35.6%;6.7%;;13.3%;;;;;;;;;;;;;;;;;;;
;;66800;Colloid Interfacial Ph;202620;Spring 2026;001;40195;Won, You-Yeon;35.3%;;5.9%;17.6%;17.6%;5.9%;5.9%;11.8%;;;;;;;;;;;;;;;;
;;69000;Chem Engr Seminar;202620;Spring 2026;001;13700;Johnson, Beverly J.;;;;;;;;;;;;;;;;;;;;100.0%;;;;
;;69700;Adv Modeling For Catalysis;202620;Spring 2026;088;40462;Hibbitts, David D.;83.3%;;;;;;;;;;;;;;;16.7%;;;;;;;;
;;;Chem Engr Teaching Experience;202620;Spring 2026;083;11864;Thomson, Kendall T.;100.0%;;;;;;;;;;;;;;;;;;;;;;;
;;;Heterogeneous Catalysis;202620;Spring 2026;089;41140;Gounder, Rajamani P.;95.0%;;;;5.0%;;;;;;;;;;;;;;;;;;;
;;69900;Research PhD Thesis;202620;Spring 2026;032;12616;Gounder, Rajamani P.;;;;;;;;;;;;;;;;;;;;94.7%;;5.3%;;
CHM;CHM-Chemistry;11100;General Chemistry;202620;Spring 2026;001;13773;Shah, Kavita;27.9%;;8.7%;;27.3%;;;18.6%;;;8.2%;;;;4.9%;;;;;;;;4.4%;
;;11200;General Chemistry;202620;Spring 2026;001;13821;Harwood, Cynthia A.;41.3%;;0.7%;0.2%;29.5%;;1.4%;14.8%;;0.7%;5.6%;;0.2%;;2.8%;;;;;;;;2.8%;
;;;;;;002;13822;Harwood, Cynthia A.;43.0%;;0.9%;;33.4%;;2.4%;14.0%;0.3%;0.6%;1.5%;;;;1.2%;;;0.3%;;;;;2.4%;
;;;General Chemistry-Honors;202620;Spring 2026;001;13821;Harwood, Cynthia A.;100.0%;;;;;;;;;;;;;;;;;;;;;;;
;;;;;;002;13822;Harwood, Cynthia A.;50.0%;;50.0%;;;;;;;;;;;;;;;;;;;;;
;;11510;General Chemistry I;202620;Spring 2026;001;35735;Claridge, Shelley A.;12.2%;11.2%;7.2%;;7.2%;3.6%;18.0%;3.6%;4.7%;5.4%;1.1%;3.2%;5.0%;;5.4%;;;;;;;;12.2%;
;;;;;;002;35737;Claridge, Shelley A.;16.6%;11.8%;6.1%;;7.0%;8.0%;11.8%;5.7%;4.5%;7.6%;2.5%;1.6%;5.4%;;4.5%;;;;;;;;7.0%;
;;;;;;003;35736;Schmidt, Gudrun;15.6%;7.8%;6.2%;;8.2%;5.8%;14.8%;6.2%;4.9%;8.2%;2.1%;1.2%;5.8%;;7.0%;;;;;;;;6.2%;
;;11520;General Chemistry I - Lab;202620;Spring 2026;111;35890;Kruger, Zachary T.;80.0%;5.0%;;;;;5.0%;;5.0%;;;;;;;;;;;;;;5.0%;
;;;;;;112;35891;Jiao, Heyu;58.3%;25.0%;;;8.3%;;4.2%;;;;;;;;4.2%;;;;;;;;;
;;;;;;113;35888;Caruso, Joseph V.;47.6%;4.8%;;;19.0%;4.8%;9.5%;;;4.8%;;;;;;;;;;;;;9.5%;
;;;;;;114;35889;Cortez, Meghan A.;47.8%;8.7%;;;;4.3%;8.7%;;;4.3%;;;;;8.7%;;;;;;;;17.4%;
;;;;;;122;35887;Gorijala, Lithesh S.;42.9%;9.5%;;;;4.8%;;;;;;;;;9.5%;;;;;;;;33.3%;
;;;;;;123;35906;Zhang, Xiao;55.0%;15.0%;;;;;5.0%;;;5.0%;;;;;5.0%;;;;;;;;15.0%;
;;;;;;124;35907;Smith, Abigail M.;45.5%;22.7%;;;9.1%;;4.5%;;;;;;;;9.1%;;;;;;;;9.1%;
;;;;;;211;35902;Smith, Abigail M.;66.7%;12.5%;;;;;;;;4.2%;;;;;;;;;;;;;16.7%;
;;;;;;212;35903;Lubinsky, Thomas G.;54.2%;4.2%;;;8.3%;4.2%;12.5%;;;4.2%;;;;;4.2%;;;;;;;;8.3%;
;;;;;;213;35900;Chen, Shukai;66.7%;12.5%;;;;8.3%;4.2%;;;;;;;;4.2%;;;;;;;;4.2%;
;;;;;;214;35901;Lee, Teresa;62.5%;16.7%;;;;;4.2%;4.2%;;;;;;;;;;;;;;;12.5%;
;;;;;;221;35898;Duvall, Philip L.;83.3%;4.2%;;;;;4.2%;;;;;;;;;;;;;;;;8.3%;
;;;;;;222;35899;Jiao, Heyu;79.2%;4.2%;;;;;4.2%;;;;;;;;;;;;;;;;12.5%;
;;;;;;223;35896;Koloski, Seth M.;66.7%;12.5%;;;;4.2%;12.5%;;;;;;;;;;;;;;;;4.2%;
;;;;;;224;35897;Caruso, Joseph V.;66.7%;20.8%;;;;4.2%;8.3%;;;;;;;;;;;;;;;;;
;;;;;;231;35894;Jen, Hung-Hsiang;62.5%;16.7%;;;;4.2%;12.5%;;;;;;;;;;;;;;;;4.2%;
;;;;;;232;35895;Pronk, Austin J.;62.5%;25.0%;;;;4.2%;4.2%;;;;;;;;;;;;;;;;4.2%;
;;;;;;311;35922;Zwiller, Patrick W.;62.5%;4.2%;;;4.2%;8.3%;12.5%;;;4.2%;4.2%;;;;;;;;;;;;;
;;;;;;312;35923;Lubinsky, Thomas G.;54.2%;8.3%;;;;8.3%;4.2%;;;4.2%;;;;;8.3%;;;;;;;;12.5%;
;;;;;;313;35920;Presz, Chase J.;66.7%;20.8%;;;4.2%;;4.2%;;;;;;;;4.2%;;;;;;;;;
;;;;;;314;35921;Chen, Shukai;79.2%;;;;4.2%;;8.3%;;;;;;;;;;;;;;;;8.3%;
;;;;;;321;35918;Lee, Teresa;62.5%;16.7%;;;4.2%;;;;;;;;4.2%;;;;;;;;;;12.5%;
;;;;;;322;35919;Koloski, Seth M.;45.8%;12.5%;;;12.5%;8.3%;8.3%;4.2%;;;;;;;4.2%;;;;;;;;4.2%;
;;;;;;323;35916;Cortez, Meghan A.;58.3%;12.5%;;;;4.2%;8.3%;8.3%;;4.2%;;;;;;;;;;;;;4.2%;
;;;;;;324;35917;De Cordoba, Nicolas A.;50.0%;8.3%;;;8.3%;;20.8%;;4.2%;;;;;;;;;;;;;;8.3%;
;;;;;;331;35914;Jen, Hung-Hsiang;52.2%;13.0%;;;4.3%;4.3%;21.7%;;;;;;;;;;;;;;;;4.3%;
;;;;;;332;35915;Pronk, Austin J.;62.5%;8.3%;;;;4.2%;8.3%;4.2%;;;;;;;;;;;;;;;12.5%;
;;;;;;411;35910;Duvall, Philip L.;39.1%;17.4%;;;4.3%;4.3%;13.0%;;;8.7%;;;;;;;;;;;;;13.0%;
;;;;;;412;35911;Zhang, Xiao;72.7%;13.6%;;;;;9.1%;;;;;;;;;;;;;;;;4.5%;
;;;;;;413;35908;Presz, Chase J.;41.7%;16.7%;;;8.3%;8.3%;8.3%;;;4.2%;;;;;;;;;;;;;12.5%;
;;;;;;414;35909;Kruger, Zachary T.;50.0%;20.8%;;;;4.2%;16.7%;;;;;;;;;;;;;;;;8.3%;
;;;;;;421;35935;Shatz, Ethan Z.;23.8%;23.8%;;;14.3%;9.5%;4.8%;;;4.8%;;;;;9.5%;;;;;;;;9.5%;
;;;;;;423;35932;De Cordoba, Nicolas A.;52.2%;8.7%;;;;;13.0%;4.3%;;;;;;;8.7%;;;;;;;;13.0%;
;;11610;General Chemistry II;202620;Spring 2026;001;35786;Laskin, Julia;9.8%;10.7%;6.7%;;8.3%;10.4%;11.3%;5.8%;6.7%;10.4%;2.1%;2.5%;6.1%;;4.6%;;;;;;;;4.3%;
;;;;;;002;35785;Laskin, Julia;13.1%;10.0%;5.2%;;9.7%;9.3%;12.8%;9.3%;5.2%;9.3%;3.8%;1.4%;5.2%;;3.5%;;;;;;;;2.1%;
;;;;;;003;35783;Li, Christina W.;11.0%;10.6%;7.3%;;7.7%;9.2%;16.1%;5.9%;7.0%;7.7%;4.0%;1.5%;5.9%;;4.0%;;;;;;;;2.2%;
;;;;;;004;35850;Li, Christina W.;14.7%;5.9%;4.4%;;9.8%;9.3%;15.2%;6.9%;6.9%;11.3%;2.9%;2.5%;4.9%;;3.9%;;;;;;;;1.5%;
;;11620;General Chemistry II - Lab;202620;Spring 2026;111;37643;Ese, Julius I.;66.7%;16.7%;;;;;8.3%;;;4.2%;;;;;;;;;;;;;4.2%;
;;;;;;112;37644;Zhang, Xinyu;58.3%;12.5%;;;16.7%;4.2%;8.3%;;;;;;;;;;;;;;;;;
;;;;;;113;37641;Le, Hoai Anh;79.2%;8.3%;;;8.3%;;4.2%;;;;;;;;;;;;;;;;;
;;;;;;114;37642;Wendt, Victoria L.;66.7%;16.7%;;;;;4.2%;8.3%;;;;;;;4.2%;;;;;;;;;
;;;;;;121;37640;Putman, Charles G.;79.2%;12.5%;;;;;4.2%;;;;;;;;;;;;;;;;4.2%;
;;;;;;122;38179;Need, William I.;79.2%;16.7%;;;;;4.2%;;;;;;;;;;;;;;;;;
;;;;;;123;38182;Sills, Joel T.;62.5%;12.5%;;;8.3%;4.2%;8.3%;;;;;;;;;;;;;;;;4.2%;
;;;;;;124;38170;Maxwell, Kristine M.;66.7%;12.5%;;;4.2%;4.2%;8.3%;;;;;;;;;;;;;;;;4.2%;
;;;;;;131;38173;Chan, Annika K.;70.8%;12.5%;;;4.2%;;4.2%;;;;;;;;;;;;;;;;8.3%;
;;;;;;132;38174;Godson-Ahuaza, Chika V.;91.3%;8.7%;;;;;;;;;;;;;;;;;;;;;;
;;;;;;133;38175;Adeniyi, Aanuoluwapo E.;69.6%;17.4%;;;;8.7%;4.3%;;;;;;;;;;;;;;;;;
;;;;;;211;38163;Pinedo, Thomas;75.0%;12.5%;;;;4.2%;8.3%;;;;;;;;;;;;;;;;;
;;;;;;212;38165;Feltenstein, Isabella G.;70.8%;8.3%;;;8.3%;;8.3%;;;;;4.2%;;;;;;;;;;;;
;;;;;;213;38168;Rocha, Cody;54.2%;8.3%;;;4.2%;4.2%;4.2%;4.2%;;12.5%;;;;;4.2%;;;;;;;;4.2%;
;;;;;;214;38196;Le, Hoai Anh;79.2%;4.2%;;;;;4.2%;4.2%;;4.2%;;;;;;;;;;;;;4.2%;
;;;;;;221;38197;Ese, Julius I.;50.0%;20.8%;;;;8.3%;16.7%;;4.2%;;;;;;;;;;;;;;;
;;;;;;222;38199;Adeniyi, Aanuoluwapo E.;58.3%;12.5%;;;4.2%;;12.5%;;;12.5%;;;;;;;;;;;;;;
;;;;;;223;38200;Uzokboev, Shakhzodjon;75.0%;4.2%;;;;;8.3%;;;;;;;;;;;;;;;;12.5%;
;;;;;;224;38192;Farzam, Ali;37.5%;16.7%;;;8.3%;4.2%;20.8%;;;;;;;;4.2%;;;;;;;;8.3%;
;;;;;;231;38193;Vera, Jennifer L.;70.8%;4.2%;;;4.2%;4.2%;16.7%;;;;;;;;;;;;;;;;;
;;;;;;232;38194;Koval, Joshua T.;83.3%;;;;;4.2%;4.2%;4.2%;;4.2%;;;;;;;;;;;;;;
;;;;;;233;38195;Sills, Joel T.;78.3%;4.3%;;;4.3%;;4.3%;;;;;;;;4.3%;;;;;;;;4.3%;
;;;;;;311;38189;Hassan, Fathima Dilki S.;79.2%;12.5%;;;4.2%;;;;;;;;;;;;;;;;;;4.2%;
;;;;;;312;38190;Brown, Jacob L.;66.7%;13.3%;;;;;;;;;;;;;;;;;;;;;20.0%;
;;;;;;313;38191;Vera, Jennifer L.;68.2%;4.5%;;;4.5%;;13.6%;;;4.5%;;;;;;;;;;;;;4.5%;
;;;;;;314;38183;Folarin, Hannah O.;43.8%;12.5%;;;6.3%;;25.0%;;6.3%;6.3%;;;;;;;;;;;;;;
;;;;;;321;38184;Hendler, Marcos A.;86.7%;;;;6.7%;;6.7%;;;;;;;;;;;;;;;;;
;;;;;;322;38185;Brajkovich, Elliot N.;70.6%;23.5%;;;5.9%;;;;;;;;;;;;;;;;;;;
;;;;;;323;38186;Arhin, Richmond;82.4%;11.8%;;;;;5.9%;;;;;;;;;;;;;;;;;
;;;;;;324;38212;Gallo, Michael C.;75.0%;10.0%;;;;;15.0%;;;;;;;;;;;;;;;;;
;;;;;;331;38213;Zhang, Xinyu;75.0%;16.7%;;;;;;;;8.3%;;;;;;;;;;;;;;
;;;;;;411;38209;Arhin, Richmond;75.0%;4.2%;;;;;12.5%;4.2%;4.2%;;;;;;;;;;;;;;;
;;;;;;412;38210;Hendler, Marcos A.;66.7%;20.8%;;;;;8.3%;;;;;;;;;;;;;;;;4.2%;
;;;;;;413;38211;Paul, Aritrika;45.8%;4.2%;;;4.2%;4.2%;25.0%;;;;;;;;8.3%;;;;;;;;8.3%;
;;;;;;414;38204;Godson-Ahuaza, Chika V.;70.8%;8.3%;;;4.2%;4.2%;12.5%;;;;;;;;;;;;;;;;;
;;;;;;421;38205;Gallo, Michael C.;91.3%;4.3%;;;;;;;;;;;;;;;;;;;;;4.3%;
;;;;;;422;38206;Koval, Joshua T.;70.8%;4.2%;;;4.2%;;12.5%;;;4.2%;;;;;4.2%;;;;;;;;;
;;;;;;423;38207;Hassan, Fathima Dilki S.;77.3%;4.5%;;;4.5%;;9.1%;;;;;;;;4.5%;;;;;;;;;
;;;;;;424;38223;Putman, Charles G.;79.2%;4.2%;;;8.3%;;4.2%;;;;;;;;;;;;;;;;4.2%;
;;;;;;431;38202;Wendt, Victoria L.;62.5%;4.2%;;;;12.5%;8.3%;;;4.2%;;;;;;;;;;;;;8.3%;
;;;;;;432;38201;Carrillo, Noah C.;58.3%;4.2%;;;12.5%;8.3%;16.7%;;;;;;;;;;;;;;;;;
;;;;;;433;38203;Farzam, Ali;33.3%;16.7%;;;12.5%;;20.8%;;;4.2%;;;;;4.2%;;;;;;;;8.3%;
;;;;;;511;38227;Paul, Aritrika;78.9%;5.3%;;;;;;5.3%;;;;;;;5.3%;;;;;;;;5.3%;
;;;;;;512;38228;Lyon, Brantley K.;64.3%;;;;;14.3%;;7.1%;;;;;;;7.1%;;;;;;;;7.1%;
;;;;;;513;38229;Rocha, Cody;52.2%;26.1%;;;;4.3%;8.7%;;;;;;;;4.3%;;;;;;;;4.3%;
;;;;;;514;38221;Pinedo, Thomas;62.5%;25.0%;;;6.3%;;;;;;;;;;6.3%;;;;;;;;;
;;;;;;521;38222;Uzokboev, Shakhzodjon;75.0%;6.3%;;;;;12.5%;;;6.3%;;;;;;;;;;;;;;
;;;;;;522;38224;Maxwell, Kristine M.;69.2%;;;;;;15.4%;;;;;;7.7%;;7.7%;;;;;;;;;
;;;;;;523;38225;Folarin, Hannah O.;50.0%;6.3%;;;;18.8%;25.0%;;;;;;;;;;;;;;;;;
;;;;;;524;38217;Chan, Annika K.;41.2%;11.8%;;;;11.8%;17.6%;;;11.8%;;;;;;;;;;;;;5.9%;
;;12600;Intr To Chemistry II;202620;Spring 2026;SC1;14072;Starr, Hannah E.;8.2%;9.6%;8.2%;;15.1%;4.1%;12.3%;2.7%;11.0%;11.0%;1.4%;;8.2%;;2.7%;;;;;;;;5.5%;
;;;Intr To Chemistry II-Honors;202620;Spring 2026;SC1;14072;Starr, Hannah E.;30.0%;40.0%;30.0%;;;;;;;;;;;;;;;;;;;;;
;;22404;Quantitative Analysis;202620;Spring 2026;001;31912;Dick, Jeffrey E.;40.4%;12.3%;26.3%;;7.0%;1.8%;3.5%;1.8%;3.5%;1.8%;;;;;;;;;;;;;1.8%;
;;25500;Org Chem Life Sci I;202620;Spring 2026;001;14098;Altman, Ryan A.;27.5%;;10.3%;;16.6%;;1.8%;22.1%;;4.2%;7.3%;;;;3.6%;;;;;;;;6.6%;
;;;;;;002;12210;Altman, Ryan A.;24.3%;;12.0%;;17.4%;;1.5%;17.4%;;6.0%;8.1%;;;;4.8%;0.3%;;;;;;;8.1%;
;;25501;Org Chem Life Sci Lab I;202620;Spring 2026;111;18987;Cortes, Mauricio;79.2%;;;;12.5%;;;4.2%;;;;;;;;;;;;;;;4.2%;
;;;;;;112;18830;Johnston, Bridger L.;90.5%;;;;4.8%;;;;;;;;;;;;;;;;;;4.8%;
;;;;;;114;14101;Singh, Mihir S.;81.8%;;;;9.1%;;;9.1%;;;;;;;;;;;;;;;;
;;;;;;115;18829;Bratcher, Fox L.;44.4%;;;;38.9%;;;;;;5.6%;;;;5.6%;;;;;;;;5.6%;
;;;;;;121;17936;Campbell, Teagan L.;75.0%;;;;16.7%;;;8.3%;;;;;;;;;;;;;;;;
;;;;;;122;14105;Fatima, Sheeza;87.5%;;;;4.2%;;;8.3%;;;;;;;;;;;;;;;;
;;;;;;123;18986;Singh, Mihir S.;91.7%;;;;4.2%;;;;;;;;;;;;;;;;;;4.2%;
;;;;;;124;14106;Sagawa, Eugene S.;75.0%;;;;16.7%;;;;;;4.2%;;;;4.2%;;;;;;;;;
;;;;;;125;14104;McDonald, Tristan J.;75.0%;;;;16.7%;;;4.2%;;;;;;;;;;;;;;;4.2%;
;;;;;;131;17941;Johnston, Bridger L.;87.5%;;;;8.3%;;;;;;;;;;;;;;;;;;4.2%;
;;;;;;132;17944;Bratcher, Fox L.;87.5%;;;;4.2%;;;4.2%;;;;;;;;;;;;;;;4.2%;
;;;;;;133;22739;Nasser, Aya A.;87.5%;;;;8.3%;;;;;;4.2%;;;;;;;;;;;;;
;;;;;;134;22745;Ellenson, Kyden A.;79.2%;;;;8.3%;;;;;;;;;;4.2%;;;;;;;;8.3%;
;;;;;;135;22986;Chaubey, Amit;83.3%;;;;8.3%;;;4.2%;;;;;;;;;;;;;;;4.2%;
;;;;;;213;18347;Locke, Angelina K.;91.7%;;;;8.3%;;;;;;;;;;;;;;;;;;;
;;;;;;214;18350;Fatima, Sheeza;83.3%;;;;16.7%;;;;;;;;;;;;;;;;;;;
;;;;;;215;14986;Ji, Fan;95.8%;;;;4.2%;;;;;;;;;;;;;;;;;;;
;;;;;;223;23701;Cortes, Mauricio;95.8%;;;;4.2%;;;;;;;;;;;;;;;;;;;
;;;;;;224;27325;Locke, Angelina K.;87.5%;;;;12.5%;;;;;;;;;;;;;;;;;;;
;;;;;;225;27315;Chowdhury, Raqib M.;83.3%;;;;12.5%;;;4.2%;;;;;;;;;;;;;;;;
;;;;;;233;27316;Allabadi, Odai M.;100.0%;;;;;;;;;;;;;;;;;;;;;;;
;;;;;;234;27317;Nasser, Aya A.;87.5%;;;;12.5%;;;;;;;;;;;;;;;;;;;
;;;;;;235;27319;Krishna, Hrishikesh M.;100.0%;;;;;;;;;;;;;;;;;;;;;;;
;;;;;;313;35837;Chaubey, Amit;83.3%;;;;12.5%;;;;;;;;;;4.2%;;;;;;;;;
;;25600;Org Chem Life Sci II;202620;Spring 2026;001;14107;Axelrod, Abram J.;22.5%;2.3%;14.8%;0.3%;17.1%;2.6%;5.4%;9.2%;1.8%;4.3%;4.9%;;4.3%;;7.7%;;;;;;;;2.8%;
;;;;;;002;26159;Axelrod, Abram J.;30.8%;2.5%;17.5%;;15.8%;;3.3%;13.3%;0.8%;0.8%;1.7%;;4.2%;;4.2%;;;;;;;;5.0%;
;;25601;Organic Chem Life Sci Lab II;202620;Spring 2026;321;14119;Ortiz Blanco, Sebastian;4.3%;4.3%;82.6%;;;;8.7%;;;;;;;;;;;;;;;;;
;;;;;;322;14113;Cutrona-Bouillon, Tazio A.;34.8%;17.4%;47.8%;;;;;;;;;;;;;;;;;;;;;
;;;;;;323;14112;Dai, Tianyang;30.4%;17.4%;47.8%;;;;4.3%;;;;;;;;;;;;;;;;;
;;;;;;324;55419;Asghar, Amina;20.8%;8.3%;62.5%;;;;;;;;;;;;;;;;;;;;8.3%;
;;;;;;325;66831;Chen, Szu-Han;12.5%;;79.2%;;4.2%;;;;;4.2%;;;;;;;;;;;;;;
;;;;;;331;14111;Barton, Sebastian B.;21.7%;8.7%;60.9%;;;;8.7%;;;;;;;;;;;;;;;;;
;;;;;;332;14116;Sharma, Tanya;36.4%;9.1%;54.5%;;;;;;;;;;;;;;;;;;;;;
;;;;;;333;14114;Uddin, Md Jaish;4.2%;4.2%;83.3%;;8.3%;;;;;;;;;;;;;;;;;;;
;;;;;;334;14117;Little, Annika M.;20.8%;12.5%;62.5%;;4.2%;;;;;;;;;;;;;;;;;;;
;;;;;;335;14118;Dai, Tianyang;4.5%;4.5%;90.9%;;;;;;;;;;;;;;;;;;;;;
;;;;;;513;14115;Grocki, Samuel B.;18.2%;9.1%;72.7%;;;;;;;;;;;;;;;;;;;;;
;;;;;;515;18355;Obuaba, Issaka;25.0%;5.0%;65.0%;;;;5.0%;;;;;;;;;;;;;;;;;
;;;;;;521;23453;Johnson, Lucas O.;25.0%;25.0%;40.0%;;;;5.0%;;;;;;;;;;;;;;;;5.0%;
;;;;;;522;27328;Lucchi, Robert;26.1%;17.4%;56.5%;;;;;;;;;;;;;;;;;;;;;
;;;;;;523;27338;Singh, Aman;5.9%;;88.2%;;;;;;;;;;;;;;;;;;;;5.9%;
;;;;;;524;27340;Obuaba, Issaka;27.3%;22.7%;40.9%;;4.5%;;4.5%;;;;;;;;;;;;;;;;;
;;;;;;525;27345;Cutrona-Bouillon, Tazio A.;26.1%;17.4%;43.5%;;;4.3%;4.3%;;;4.3%;;;;;;;;;;;;;;
;;;;;;531;27346;Trench, Cara R.;36.8%;10.5%;42.1%;;;;5.3%;;;5.3%;;;;;;;;;;;;;;
;;;;;;532;27347;Asghar, Amina;26.3%;15.8%;47.4%;;;;5.3%;;;5.3%;;;;;;;;;;;;;;
;;;;;;533;35858;Barton, Sebastian B.;30.0%;5.0%;65.0%;;;;;;;;;;;;;;;;;;;;;
;;;;;;534;35857;Saikia, Jyotishman;7.1%;7.1%;85.7%;;;;;;;;;;;;;;;;;;;;;
;;25700;Organic Chemistry;202620;Spring 2026;001;14121;Mao, Chengde;22.1%;;5.7%;;33.6%;;;22.9%;;;6.4%;;;;1.4%;;;;;;;;7.9%;
;;25701;Organic Chem Lab;202620;Spring 2026;311;14128;Bedford, Peter J.;61.9%;;;;28.6%;;;4.8%;;;;;;;4.8%;;;;;;;;;
;;26200;Organic Chemistry II;202620;Spring 2026;001;14130;Wenthold, Paul G.;33.5%;;17.6%;;28.2%;1.6%;3.7%;10.1%;;1.6%;1.6%;;;;0.5%;;;;;;;;1.6%;
;;26400;Organic Chemistry Lab II;202620;Spring 2026;411;12213;Katchmar, Andrew;70.8%;;25.0%;;;;4.2%;;;;;;;;;;;;;;;;;
;;;;;;412;14136;Bello, Lukman A.;88.2%;;5.9%;;;;;5.9%;;;;;;;;;;;;;;;;
;;;;;;413;14131;Galligan, Ashley J.;66.7%;;;;20.0%;;6.7%;6.7%;;;;;;;;;;;;;;;;
;;;;;;421;12220;Harriman, Jordan N.;45.8%;;37.5%;;8.3%;;;;;;;;;;;;;;;;;;8.3%;
;;;;;;422;14133;Oropo, Temitope H.;66.7%;;25.0%;;8.3%;;;;;;;;;;;;;;;;;;;
;;;;;;423;36118;Burns, Sean R.;58.3%;;25.0%;;12.5%;;4.2%;;;;;;;;;;;;;;;;;
;;;;;;431;14132;Bello, Lukman A.;80.0%;;10.0%;;;;5.0%;;;5.0%;;;;;;;;;;;;;;
;;;;;;432;23850;Burns, Sean R.;80.0%;;;;10.0%;;5.0%;5.0%;;;;;;;;;;;;;;;;
;;;;;;433;38238;Oropo, Temitope H.;75.0%;;5.0%;;5.0%;;;5.0%;;10.0%;;;;;;;;;;;;;;
;;26600;Organic Chemistry Lab II;202620;Spring 2026;001;14139;Darko, Kwabena;71.4%;;9.5%;;14.3%;;4.8%;;;;;;;;;;;;;;;;;
;;;;;;002;36168;Bedda, Loay A.;88.2%;;;;5.9%;;5.9%;;;;;;;;;;;;;;;;;
;;;;;;003;10647;Sathar, Bazil Muhammed;75.0%;;;;12.5%;;12.5%;;;;;;;;;;;;;;;;;
;;;;;;004;14990;Boateng, Prince A.;62.5%;;8.3%;;12.5%;;4.2%;;;4.2%;4.2%;;;;;;;;;;;;4.2%;
;;;;;;005;27350;Bai, Yuntian;66.7%;;4.2%;;12.5%;;4.2%;8.3%;;4.2%;;;;;;;;;;;;;;
;;26605;Organic Chemistry II;202620;Spring 2026;001;38188;Ngai, Ming-Yu;24.4%;12.2%;11.5%;;2.3%;6.1%;21.4%;3.1%;3.8%;9.2%;0.8%;;;;0.8%;0.8%;;;;;;;3.8%;
;;;Organic Chemistry II-Honors;202620;Spring 2026;001;38188;Ngai, Ming-Yu;;100.0%;;;;;;;;;;;;;;;;;;;;;;
;;26800;Organic Chem Lab II Honors;202620;Spring 2026;H01;14140;Dhanasinghe, Hidda Marakkala Jayani C.;64.3%;;;;14.3%;;21.4%;;;;;;;;;;;;;;;;;
;;33900;Biochem: Molecular Approach;202620;Spring 2026;001;16689;Lyon, Angeline M.;24.7%;;6.7%;0.3%;24.3%;;10.7%;12.7%;;9.3%;3.3%;;4.7%;;2.0%;;;;;;;;1.3%;
;;33901;Biochemistry Laboratory;202620;Spring 2026;231;27563;de Dios, Robyn K.;95.8%;;;;4.2%;;;;;;;;;;;;;;;;;;;
;;;;;;232;27564;Gray, Ryan H.;83.3%;;;;12.5%;;4.2%;;;;;;;;;;;;;;;;;
;;;;;;233;27565;Berney, Nathaniel K.;95.5%;;;;;;;4.5%;;;;;;;;;;;;;;;;
;;;;;;321;27566;McCauley, Faith D.;95.8%;;;;4.2%;;;;;;;;;;;;;;;;;;;
;;;;;;322;27567;Berney, Nathaniel K.;87.5%;;;;12.5%;;;;;;;;;;;;;;;;;;;
;;;;;;323;27568;Isaac, Rachel M.;75.0%;;;;12.5%;;12.5%;;;;;;;;;;;;;;;;;
;;;;;;421;27569;Pearson, Grace K.;90.0%;;;;5.0%;;;5.0%;;;;;;;;;;;;;;;;
;;;;;;422;41244;Arabambi, Fatimah D.;77.8%;;;;11.1%;;11.1%;;;;;;;;;;;;;;;;;
;;;;;;431;27571;Goel, Muskan;80.0%;;;;15.0%;;;;;;;;;;;;;;;;;;5.0%;
;;;;;;432;27572;Danku, Reinhard K.;86.4%;;;;4.5%;;;;;4.5%;;;;;;;;;;;;;4.5%;
;;;;;;433;27573;Arabambi, Fatimah D.;90.0%;;;;10.0%;;;;;;;;;;;;;;;;;;;
;;;;;;521;27574;McCauley, Faith D.;83.3%;;;;;;8.3%;8.3%;;;;;;;;;;;;;;;;
;;;;;;522;27575;de Dios, Robyn K.;82.6%;;;;13.0%;;;;;4.3%;;;;;;;;;;;;;;
;;;;;;523;27576;Danku, Reinhard K.;77.8%;;;;5.6%;;11.1%;5.6%;;;;;;;;;;;;;;;;
;;34200;Inorganic Chemistry;202620;Spring 2026;001;14142;Wilker, Jonathan J.;41.1%;;;;37.8%;;;18.9%;;;1.1%;;;;;;;;;;;;1.1%;
;;37000;Topics In Physical Chm;202620;Spring 2026;001;14145;Wasserman, Adam;14.5%;7.3%;1.8%;;34.5%;1.8%;3.6%;21.8%;;;7.3%;;;;3.6%;;;;;;;;3.6%;
;;37200;Physical Chemistry;202620;Spring 2026;001;14146;Reppert, Michael E.;38.1%;;;;16.7%;6.0%;7.1%;8.3%;;6.0%;11.9%;;;;3.6%;1.2%;;;;;;;1.2%;
;;37400;Physical Chemistry II;202620;Spring 2026;001;14147;Liu, Lee;12.8%;10.6%;26.6%;;3.2%;7.4%;9.6%;7.4%;5.3%;6.4%;2.1%;1.1%;3.2%;;4.3%;;;;;;;;;
;;42400;Instrumental Analysis;202620;Spring 2026;001;27620;Zhang, Chi;16.0%;20.0%;4.0%;4.0%;16.0%;8.0%;16.0%;4.0%;4.0%;8.0%;;;;;;;;;;;;;;
;;43800;Intro Molecular Biotechnology;202620;Spring 2026;001;24809;Tian, Shiliang;23.6%;10.9%;7.3%;3.6%;30.9%;7.3%;3.6%;9.1%;;;3.6%;;;;;;;;;;;;;
;;46200;Intermediate Org Chm;202620;Spring 2026;001;27995;Kenttamaa, Hilkka I.;57.9%;;;2.6%;18.4%;;;10.5%;;;2.6%;;;;2.6%;;;;;;;;5.3%;
;;49400;Jun-Sen Chem Seminar;202620;Spring 2026;001;14158;Wenthold, Paul G.;14.7%;5.9%;67.6%;;5.9%;;;;2.9%;;2.9%;;;;;;;;;;;;;
;;;;;;002;31957;Wenthold, Paul G.;23.5%;;64.7%;;2.9%;5.9%;;;;;;;;;2.9%;;;;;;;;;
;;49900;Undergraduate Research;202620;Spring 2026;006;35973;Dick, Jeffrey E.;69.2%;;30.8%;;;;;;;;;;;;;;;;;;;;;
;;;;;;020;35968;Chopra, Gaurav;66.7%;6.7%;13.3%;;;;6.7%;;;;;;;;;;;;;;;;6.7%;
;;;;;;047;35955;Low, Philip S.;36.5%;1.9%;55.8%;;1.9%;;1.9%;;;;;;;;;;;;;;;;1.9%;
;;;Undergraduate Research-Honors;202620;Spring 2026;047;35955;Low, Philip S.;;;100.0%;;;;;;;;;;;;;;;;;;;;;
;;51300;Chemical Literature;202620;Spring 2026;001;14189;Zwicky, David A.;17.1%;;77.1%;;2.9%;;;;;;;;;;;;;;;;;;2.9%;
;;;;;;002;25465;Zwicky, David A.;15.2%;9.1%;63.6%;;;3.0%;3.0%;3.0%;;;;;;;;;;;;;;;3.0%;
;;62100;Adv Analytical Chem;202620;Spring 2026;001;18524;Simpson, Garth J.;37.5%;;18.8%;6.3%;37.5%;;;;;;;;;;;;;;;;;;;
;;65200;Synthetic Organic Chem;202620;Spring 2026;001;14201;Lipton, Mark A.;16.7%;;;50.0%;33.3%;;;;;;;;;;;;;;;;;;;
;;66800;Physical Organic Chem;202620;Spring 2026;001;31959;Lovinger, Gabriel J.;25.0%;12.5%;12.5%;6.3%;;18.8%;6.3%;;;;;;;;;;;;;;;;18.8%;
;;67300;Comput Quantum Chem;202620;Spring 2026;001;40992;Slipchenko, Lyudmila V.;64.3%;7.1%;14.3%;14.3%;;;;;;;;;;;;;;;;;;;;
;;69500;Sem Anlytcl Chem;202620;Spring 2026;001;14203;Zhang, Chi;;;;;;;;;;;;;;;;;;;;100.0%;;;;
;;;;;;018;48720;Zhang, Chi;25.0%;15.0%;;;20.0%;5.0%;10.0%;;;10.0%;;;;;;10.0%;;;;;;;5.0%;
;;;Sem Materials Chem;202620;Spring 2026;023;23368;Dong, Qi;100.0%;;;;;;;;;;;;;;;;;;;;;;;
;;;;;;024;23369;Dong, Qi;;;;;;;;;;;;;;;;;;;;100.0%;;;;
;;;Sem Organic Chem;202620;Spring 2026;013;40217;Ramachandran, Padinjaremadhom V.;100.0%;;;;;;;;;;;;;;;;;;;;;;;
;;;;;;021;48723;Ramachandran, Padinjaremadhom V.;;;;;;;;;;;;;;;;;;;;100.0%;;;;
;;;Sem Biochem;202620;Spring 2026;019;48721;Low-Nam, Shalini T.;;;;;;;;;;;;;;;;;;;;100.0%;;;;
;;;Sem Inorganic Chem;202620;Spring 2026;020;48722;Tian, Shiliang;;;;;;;;;;;;;;;;;;;;94.7%;;5.3%;;
;;;Sem Physical Chem;202620;Spring 2026;004;14206;Liu, Hanzhe;;;;;;;;;;;;;;;;;;;;100.0%;;;;
;;69600;Chem Biol From Bioanyl Perspct;202620;Spring 2026;012;18538;Drown, Bryon S.;8.3%;16.7%;4.2%;4.2%;25.0%;20.8%;12.5%;4.2%;;4.2%;;;;;;;;;;;;;;
;;;Electrochemistry;202620;Spring 2026;014;31952;Dick, Jeffrey E.;28.0%;8.0%;24.0%;24.0%;12.0%;;4.0%;;;;;;;;;;;;;;;;;
;;;Sustainablty, Energy & Environ;202620;Spring 2026;011;18537;Dong, Qi;50.0%;6.7%;40.0%;;;;3.3%;;;;;;;;;;;;;;;;;
;;;X-Ray Crystallography;202620;Spring 2026;006;19269;Zeller, Matthias;41.7%;;33.3%;8.3%;;;8.3%;;;;;;;;;;;;;;;;8.3%;
;;69900;Research PhD Thesis;202620;Spring 2026;006;14250;Dick, Jeffrey E.;;;;;;;;;;;;;;;;;;;;87.5%;;12.5%;;
;;;;;;015;60365;Cooks, Robert G.;;;;;;;;;;;;;;;;;;;;100.0%;;;;
;;;;;;020;14227;Chopra, Gaurav;;;;;;;;;;;;;;;;;;;;100.0%;;;;
;;;;;;028;19170;Laskin, Julia;;;;;;;;;;;;;;;;;;;;100.0%;;;;
;;;;;;047;14247;Low, Philip S.;;;;;;;;;;;;;;;;;;;;100.0%;;;;
;;;;;;048;14265;Li, Christina W.;;;;;;;;;;;;;;;;;;;;100.0%;;;;
;;;;;;050;32906;Simpson, Garth J.;;;;;;;;;;;;;;;;;;;;100.0%;;;;
;;;;;;051;14256;Mcluckey, Scott A.;;;;;;;;;;;;;;;;;;;;100.0%;;;;
;;;;;;066;14235;Schlebach, Jonathan P.;;;;;;;;;;;;;;;;;;;;100.0%;;;;
;;;;;;070;14224;Kenttamaa, Hilkka I.;;;;;;;;;;;;;;;;;;;;100.0%;;;;
;;;;;;071;20519;Uyeda, Christopher H.;;;;;;;;;;;;;;;;;;;;100.0%;;;;
;;;;;;087;36224;Slipchenko, Lyudmila V.;;;;;;;;;;;;;;;;;;;;100.0%;;;;
CHNS;CHNS-Chinese;10200;Chinese Level II;202620;Spring 2026;011;69852;Zheng, Ning;85.7%;;;;9.5%;;;;;;;;;;;;;4.8%;;;;;;
;;;;;;012;19387;Zheng, Ning;66.7%;;;4.8%;19.0%;;;;;;;;;;4.8%;;;;;;;;4.8%;
;;;;;;013;29828;Qin, Lei;83.3%;;;;8.3%;;;;;;;;;;8.3%;;;;;;;;;
;;;;;;015;38327;Qin, Lei;85.7%;;;;14.3%;;;;;;;;;;;;;;;;;;;
;;20200;Chinese Level IV;202620;Spring 2026;003;15225;Jiang, Yiying;15.4%;23.1%;;;;;15.4%;7.7%;7.7%;;7.7%;;;;15.4%;;;;;;;;7.7%;
;;;;;;004;38333;Qin, Lei;50.0%;11.1%;;;11.1%;5.6%;11.1%;;;5.6%;;;5.6%;;;;;;;;;;;
;;28000;Chinese Culture;202620;Spring 2026;001;15229;Hsiung, Yuwen;33.3%;11.1%;5.6%;;11.1%;11.1%;16.7%;5.6%;;;;;;;;;;;;;;;5.6%;
;;28100;Intro Chinese Food Culture II;202620;Spring 2026;001;13592;Wann, Ai-Jen;;30.8%;;;30.8%;7.7%;;;7.7%;;;;;;;;;7.7%;;;;;15.4%;
;;28500;Chinese Calligraphy;202620;Spring 2026;001;25662;Wann, Ai-Jen;;14.3%;7.1%;7.1%;;;7.1%;;;;;;;;;;;57.1%;;;;;7.1%;
;;30200;Chinese Level VI;202620;Spring 2026;003;14818;Ye, Lijing;45.5%;18.2%;;;18.2%;;;;;9.1%;;;;;;;;;;;;;9.1%;
;;;;;;004;38335;Ye, Lijing;46.7%;13.3%;;;13.3%;6.7%;6.7%;;;13.3%;;;;;;;;;;;;;;
;;33000;Chinese Cinema;202620;Spring 2026;001;20104;Route, Hongjian W.;15.8%;;5.3%;;21.1%;10.5%;10.5%;15.8%;5.3%;;5.3%;;;;5.3%;;;;;;;;5.3%;
;;40200;Chinese Level VIII;202620;Spring 2026;001;15249;Route, Hongjian W.;35.7%;21.4%;;;21.4%;;7.1%;;;;;;;;;;;;;;;;14.3%;
CLCS;CLCS-Classics;23010;Survey Of Greek Lit;202620;Spring 2026;001;37898;Conner, Daniel A.;34.8%;21.7%;13.0%;;4.3%;4.3%;21.7%;;;;;;;;;;;;;;;;;
;;;Survey Of Greek Lit-Honors;202620;Spring 2026;001;37898;Conner, Daniel A.;100.0%;;;;;;;;;;;;;;;;;;;;;;;
;;23200;Clas Roots English Wds;202620;Spring 2026;001;37901;Barnes, Robert J.;42.9%;14.3%;23.8%;;4.8%;;9.5%;;;;;;;;;;;;;;;;4.8%;
;;;Clas Roots English Wds-Honors;202620;Spring 2026;001;37901;Barnes, Robert J.;;100.0%;;;;;;;;;;;;;;;;;;;;;;
;;23300;Comparative Mythology;202620;Spring 2026;005;39591;Dickson, Keith M.;13.0%;17.0%;;;17.0%;17.0%;10.0%;6.0%;3.0%;5.0%;;1.0%;;;1.0%;;;2.0%;;;;;8.0%;
;;;;;;006;39593;Dickson, Keith M.;17.0%;11.0%;1.0%;;19.0%;6.0%;16.0%;9.0%;5.0%;3.0%;3.0%;1.0%;3.0%;;2.0%;;;;;;;;4.0%;
;;23700;Gender Sex Greece Rome;202620;Spring 2026;001;17640;Moodie, Erin K.;12.1%;15.2%;;;9.1%;12.1%;21.2%;9.1%;;9.1%;;6.1%;3.0%;;;;;;;;;;3.0%;
;;;Gender Sex Greece Rome-Honors;202620;Spring 2026;001;17640;Moodie, Erin K.;;;;;;;100.0%;;;;;;;;;;;;;;;;;
;;48100;Age Of Pericles;202620;Spring 2026;009;37916;Barnes, Robert J.;16.7%;25.0%;16.7%;8.3%;8.3%;8.3%;8.3%;;;;;;;;;;;;;;;;8.3%;
CLPH;CLPH-Clinical Pharmacy;43500;Pediatric Pharmacthrpy;202620;Spring 2026;001;60538;Israel, Emily N.;90.9%;;;;;;;;;;;;;;;;;9.1%;;;;;;
;;45400;Adv Practice In Psych Pharmacy;202620;Spring 2026;001;45953;Ott, Carol A.;92.9%;;;;;;;;;;;;;;;;;7.1%;;;;;;
;;45900;Intl Adv Pharm Prac Exp Prep;202620;Spring 2026;001;11691;Miller, Monica L.;100.0%;;;;;;;;;;;;;;;;;;;;;;;
CM;CM-Construction Management;10000;Intro To Construction Mgmt;202620;Spring 2026;001;12591;Cabral, Jessica A.;44.4%;7.8%;11.1%;;6.7%;1.1%;11.1%;5.6%;3.3%;1.1%;2.2%;;1.1%;;2.2%;;;;;;;;2.2%;
;;15000;Construction Mgmt Fundamentals;202620;Spring 2026;SC1;13382;Manuel, Joseph R.;33.1%;16.9%;;;24.6%;2.5%;16.1%;2.5%;;3.4%;;;;;;;;;;;;;0.8%;
;;16000;Surveying;202620;Spring 2026;001;25150;Starr, Todd A.;13.0%;21.3%;9.3%;;13.9%;12.0%;21.3%;2.8%;;3.7%;;;0.9%;;1.9%;;;;;;;;;
;;16400;Graphics For Civ Engr & Const;202620;Spring 2026;010;68909;Cory, Clark A.;21.5%;;11.8%;;17.4%;;5.6%;16.0%;0.7%;2.8%;2.8%;;1.4%;;6.9%;1.4%;;;;;;;11.8%;
;;20002;Intermed Pre-Construction Mgmt;202620;Spring 2026;001;25147;Dib, Hazar N.;11.1%;32.1%;2.5%;;4.9%;16.0%;11.1%;7.4%;2.5%;7.4%;;;2.5%;;2.5%;;;;;;;;;
;;21500;Mechanical Constructn;202620;Spring 2026;001;25083;Hubbard, Bryan J.;15.6%;5.6%;;;32.2%;6.7%;16.7%;10.0%;3.3%;5.6%;2.2%;;;;2.2%;;;;;;;;;
;;21601;Electrical Construction;202620;Spring 2026;001;25155;Fritz, Donald;76.5%;;;;22.1%;;;1.5%;;;;;;;;;;;;;;;;
;;27000;Statics;202620;Spring 2026;002;25130;Tao, Chengcheng;53.9%;14.6%;15.7%;;5.6%;1.1%;3.4%;;;4.5%;;;;;1.1%;;;;;;;;;
;;30002;Advanced Pre-Construction Mgmt;202620;Spring 2026;001;25157;Dib, Hazar N.;39.4%;12.7%;2.8%;;22.5%;2.8%;15.5%;;;1.4%;;;;;1.4%;;;;;;;;1.4%;
;;30101;Intro Constr Company Fin Mgmt;202620;Spring 2026;001;25138;Oh, Heung Jin;4.0%;9.9%;2.0%;;57.4%;6.9%;13.9%;3.0%;;1.0%;;1.0%;;;1.0%;;;;;;;;;
;;31000;Equipment & Field Operations;202620;Spring 2026;001;25139;Kang, Kyubyung;43.3%;14.4%;4.4%;;21.1%;2.2%;7.8%;1.1%;;3.3%;;;;;1.1%;;;;;;;;1.1%;
;;33000;Design Construction I;202620;Spring 2026;001;12362;Chang, Soowon;26.3%;5.3%;15.8%;;26.3%;5.3%;10.5%;;;5.3%;;;;;;5.3%;;;;;;;;
;;36000;BIM II: Modeling & Adv Tech;202620;Spring 2026;001;68928;Cory, Clark A.;60.0%;;22.2%;;;;4.4%;2.2%;;;;;;;2.2%;;;;;;;;8.9%;
;;;;;;002;68929;Cory, Clark A.;51.4%;;24.3%;;;;8.1%;;;;;;;;5.4%;;;;;;;;10.8%;
;;36200;Construction Competition;202620;Spring 2026;001;29881;Manuel, Joseph R.;;;94.4%;;;;;;;;;;;;;;;;;;;;5.6%;
;;36400;Jobsite Management;202620;Spring 2026;002;25170;Starr, Todd A.;8.9%;31.1%;;;22.2%;15.6%;13.3%;2.2%;;4.4%;;;2.2%;;;;;;;;;;;
;;;;;;003;37099;Starr, Todd A.;10.8%;18.9%;;;18.9%;18.9%;18.9%;8.1%;2.7%;2.7%;;;;;;;;;;;;;;
;;;;;;004;41073;Starr, Todd A.;;10.5%;;;15.8%;13.2%;26.3%;13.2%;10.5%;5.3%;;2.6%;;;;;;;;;;;2.6%;
;;36500;BIM For Proj & Site Man;202620;Spring 2026;005;35282;Cory, Clark A.;46.8%;;31.9%;;;;6.4%;;;;;;;;;;;;;;;;14.9%;
;;;;;;006;41074;Cory, Clark A.;63.0%;;11.1%;;;;7.4%;3.7%;;;;;;;7.4%;;;;;;;;7.4%;
;;37000;Heavy Civil Construction Mgmt;202620;Spring 2026;001;10309;Guan, Shanyue;43.8%;12.5%;6.3%;;9.4%;3.1%;18.8%;6.3%;;;;;;;;;;;;;;;;
;;37300;Healthcare Construction Mgmt;202620;Spring 2026;001;10308;Benhart, Bradley L.;80.6%;8.3%;;;;;;2.8%;;2.8%;;;;;5.6%;;;;;;;;;
;;37500;Mech And Elec Constr Mgmt II;202620;Spring 2026;001;10321;Wyman, Dan A.;31.4%;11.4%;51.4%;;2.9%;;;;;;;;;;2.9%;;;;;;;;;
;;37700;Residential Const Design-Build;202620;Spring 2026;001;10322;Manuel, Joseph R.;26.7%;5.0%;40.0%;;11.7%;1.7%;10.0%;1.7%;;3.3%;;;;;;;;;;;;;;
;;38000;Soils And Foundations;202620;Spring 2026;001;25634;Guan, Shanyue;41.8%;18.2%;3.6%;;10.9%;5.5%;14.5%;1.8%;;3.6%;;;;;;;;;;;;;;
;;40000;Construction Capstone I;202620;Spring 2026;001;11196;Benhart, Bradley L.;56.2%;16.4%;;;12.3%;1.4%;6.8%;2.7%;;4.1%;;;;;;;;;;;;;;
;;43300;Risk & Legal Design/Constr;202620;Spring 2026;001;25186;Eichorn, Gregory A.;2.5%;28.6%;0.8%;0.8%;15.1%;9.2%;28.6%;3.4%;0.8%;6.7%;;;0.8%;;0.8%;;;;;;;;1.7%;
;;45001;Construction Capstone II;202620;Spring 2026;001;26510;Cabral, Jessica A.;52.8%;10.1%;1.1%;;23.6%;1.1%;7.9%;1.1%;;;;;;;;1.1%;;;;;;;1.1%;
;;45701;Construction Safety;202620;Spring 2026;001;25180;Jenkins, James L.;62.5%;;;;20.0%;;;15.0%;;;;;;;;;;;;;;;2.5%;
;;;;;;002;25181;Jenkins, James L.;42.5%;;;;42.5%;;;10.0%;;;2.5%;;;;2.5%;;;;;;;;;
;;46000;BIM IV: Model Curation - Cloud;202620;Spring 2026;003;68940;Cory, Clark A.;62.5%;;16.7%;;;4.2%;16.7%;;;;;;;;;;;;;;;;;
;;47500;Construction Costs;202620;Spring 2026;001;25187;Li, Qingchun;18.8%;6.3%;16.7%;;18.8%;6.3%;8.3%;12.5%;;10.4%;;;;;2.1%;;;;;;;;;
;;58100;Urban Resilience & Sustain;202620;Spring 2026;008;40226;Li, Qingchun;52.9%;;47.1%;;;;;;;;;;;;;;;;;;;;;
CNIT;CNIT-Computer & Info Tech;10500;Intro To C Program;202620;Spring 2026;001;13147;Salem, Tawfiq M.;27.1%;18.6%;7.1%;;14.3%;4.3%;8.6%;5.7%;;2.9%;2.9%;;1.4%;;2.9%;;;;;;;;4.3%;
;;13600;PC Tech & Applications;202620;Spring 2026;Y01;57718;Boowuo, Henrietta;47.8%;12.0%;;;8.6%;3.3%;7.2%;3.8%;2.4%;3.3%;;1.4%;;;2.4%;;;;;;;;7.7%;
;;15501;Intro To Software Dev Concepts;202620;Spring 2026;SC1;11701;Salem, Tawfiq M.;28.0%;18.3%;3.2%;;13.3%;6.4%;16.5%;3.2%;0.9%;4.1%;0.5%;0.9%;1.4%;;1.4%;;;;;;;;1.8%;
;;17500;Visual Programming;202620;Spring 2026;002;13184;Raza, Usman;21.1%;18.4%;;;13.2%;7.9%;21.1%;5.3%;2.6%;2.6%;;;;;;;;;;;;;7.9%;
;;17600;Info Tech Architecture;202620;Spring 2026;043;10942;Hiday, Lawrence A.;28.7%;;;;38.0%;;;15.7%;;;3.7%;;;;2.8%;;;;;;;;11.1%;
;;;;;;044;10944;Hiday, Lawrence A.;39.8%;;;;32.7%;;;13.3%;;;3.5%;;;;8.0%;;;;;;;;2.7%;
;;18000;Intro To Systems Devel;202620;Spring 2026;008;12437;Ledbetter, William C.;17.0%;29.8%;4.3%;;10.6%;10.6%;4.3%;4.3%;;2.1%;;4.3%;2.1%;;8.5%;;;;;;;;2.1%;
;;18200;System & Org Security;202620;Spring 2026;001;15404;Josekutty Thomas, Paul;29.2%;12.3%;9.2%;;6.2%;4.6%;12.3%;6.2%;4.6%;7.7%;1.5%;;;;6.2%;;;;;;;;;
;;24200;System Administration;202620;Spring 2026;001;34380;Trampski, Mathew J.;15.7%;;;;43.1%;;;28.8%;;;3.9%;;;;2.6%;;;;;;;;5.9%;
;;25501;Obj-Oriented Prog Introduction;202620;Spring 2026;001;11728;Smith, Eunsun C.;42.4%;17.5%;7.9%;;9.0%;2.3%;10.7%;2.8%;1.1%;2.3%;0.6%;0.6%;;;1.7%;;;;;;;;1.1%;
;;27000;Cybersecurity Fundamentals I;202620;Spring 2026;SC1;12439;Zuel, Brian C.;34.1%;;;;35.0%;;;15.0%;;;2.8%;;;;6.9%;;;;;;;;6.1%;
;;27100;Cybersecurity Fundamentals II;202620;Spring 2026;005;15460;Bhatt, Smriti;59.7%;;;;25.2%;;;5.8%;;;1.4%;;;;2.9%;;;;;;;;5.0%;
;;27200;Database Fundamentals;202620;Spring 2026;001;13217;Smith, Eunsun C.;25.6%;18.5%;1.8%;;12.5%;5.4%;11.9%;6.0%;2.4%;4.2%;;0.6%;;;4.2%;;;;;;;;7.1%;
;;28000;Syst Analysis & Design;202620;Spring 2026;002;69007;Magana Deleon, Alejandra J.;24.1%;20.7%;6.9%;;15.5%;6.9%;3.4%;10.3%;;5.2%;;;3.4%;;3.4%;;;;;;;;;
;;31500;Systems Programming;202620;Spring 2026;002;57722;Matson, Eric T.;27.2%;;;;42.4%;;;18.5%;;;4.3%;;;;4.3%;;;;;;;;3.3%;
;;;Systems Programming-Honors;202620;Spring 2026;002;57722;Matson, Eric T.;100.0%;;;;;;;;;;;;;;;;;;;;;;;
;;32000;Pol, Reg & Global Info Tech;202620;Spring 2026;001;11647;Ledbetter, William C.;75.9%;;;;20.7%;;;3.4%;;;;;;;;;;;;;;;;
;;32200;Research Methodology & Design;202620;Spring 2026;003;20056;Ledbetter, William C.;29.4%;;10.3%;;23.5%;;13.2%;4.4%;;7.4%;1.5%;;1.5%;;4.4%;;;;;;;;4.4%;
;;32300;Basic Cyberforensics;202620;Spring 2026;001;10353;Thompson, Marcus A.;28.2%;;;;41.0%;;;17.9%;;;4.3%;;;;4.3%;;;;;;;;4.3%;
;;32500;OO Application Development;202620;Spring 2026;003;15270;Matson, Eric T.;62.5%;5.0%;;;25.0%;;;5.0%;2.5%;;;;;;;;;;;;;;;
;;34000;UNIX Administration;202620;Spring 2026;001;25467;Hacker, Thomas J.;20.3%;13.8%;;;38.2%;6.5%;;11.4%;0.8%;;;;;;2.4%;;;;;;;;6.5%;
;;34220;Network Administration;202620;Spring 2026;001;12586;Hiday, Lawrence A.;8.0%;;;;47.8%;;;34.1%;;;2.2%;;;;7.2%;;;;;;;;0.7%;
;;34400;Network Engr Fundamentals;202620;Spring 2026;001;13809;Deadman, Robert C.;7.8%;;;;45.0%;;;33.3%;;;2.3%;;;;9.3%;;;0.8%;;;;;1.6%;
;;34500;Internet Desgn&Implem;202620;Spring 2026;001;41361;Hiday, Lawrence A.;39.0%;;;;41.5%;;;14.6%;;;;;;;;;;;;;;;4.9%;
;;34600;Wireless Networks;202620;Spring 2026;001;17034;Smith, Anthony H.;24.3%;5.4%;;2.7%;32.4%;5.4%;2.7%;16.2%;;2.7%;5.4%;2.7%;;;;;;;;;;;;
;;;Wireless Networks-Honors;202620;Spring 2026;001;17034;Smith, Anthony H.;100.0%;;;;;;;;;;;;;;;;;;;;;;;
;;37000;Introduction To Cryptography;202620;Spring 2026;001;17859;Sun, Wenhai;27.4%;;;;55.8%;;;11.5%;;;1.8%;;;;1.8%;;;;;;;;1.8%;
;;37100;Cyberlaw And Ethics;202620;Spring 2026;001;10397;Morales, Carlos R.;21.1%;6.3%;58.9%;;3.2%;3.2%;6.3%;1.1%;;;;;;;;;;;;;;;;
;;38000;Adv Analysis & Design;202620;Spring 2026;001;12441;Casner, Melissa R.;84.4%;;;;3.1%;;3.1%;3.1%;;;;;;;3.1%;;;;;;;;3.1%;
;;38101;AI Fund: Lit, Apps, & Resp Use;202620;Spring 2026;013;41861;Aggrawal, Sakhi;66.7%;;;;13.3%;;;13.3%;;;;;;;6.7%;;;;;;;;;
;;;Quality Engineering In IT;202620;Spring 2026;011;18722;Josekutty Thomas, Paul;29.4%;17.6%;29.4%;;;11.8%;5.9%;;;;;;;;;;;;;;;;5.9%;
;;39200;Enterprise Data Mgmt;202620;Spring 2026;001;13250;Pradhan, Romila;4.8%;13.1%;11.9%;;16.7%;7.1%;9.5%;9.5%;3.6%;10.7%;2.4%;;3.6%;;2.4%;;;;;;;;4.8%;
;;42200;Cyber Criminology;202620;Spring 2026;001;18373;Ringenberg, Tatiana R.;23.6%;;;;56.1%;;;13.5%;;;3.4%;;;;1.4%;;;;;;;;2.0%;
;;44500;Adv Ntwrk Rout &Switch;202620;Spring 2026;002;41348;Deadman, Robert C.;85.0%;;;;15.0%;;;;;;;;;;;;;;;;;;;
;;45500;Network Security;202620;Spring 2026;007;23471;Rawles, Phillip T.;5.8%;1.9%;;;25.2%;18.4%;5.8%;24.3%;4.9%;5.8%;4.9%;;2.9%;;;;;;;;;;;
;;45600;Wireless Secur & Mgmt;202620;Spring 2026;001;34398;Smith, Anthony H.;35.3%;17.6%;;;17.6%;;29.4%;;;;;;;;;;;;;;;;;
;;47000;Incident Response Management;202620;Spring 2026;001;16952;Ho, Samuel Li Feng;62.2%;;10.5%;;9.1%;;16.1%;0.7%;;1.4%;;;;;;;;;;;;;;
;;47100;Vuln Analysis & Testing;202620;Spring 2026;003;20155;Zuel, Brian C.;20.3%;;;;48.4%;;;28.1%;;;;;;;1.6%;;;;;;;;1.6%;
;;;;;;014;40776;Zuel, Brian C.;23.5%;;;;42.6%;;;22.1%;;;2.9%;;;;2.9%;;;;;;;;5.9%;
;;48000;Manag Info Tech Projct;202620;Spring 2026;001;13263;Josekutty Thomas, Paul;23.7%;19.4%;2.9%;;14.4%;5.0%;15.8%;5.8%;2.9%;5.8%;0.7%;0.7%;;;1.4%;;;;;;;;1.4%;
;;48200;Six Sigma Data Quality;202620;Spring 2026;026;21652;Laux, Chad M.;71.4%;;;;8.6%;;11.4%;;;2.9%;;;2.9%;;;2.9%;;;;;;;;
;;48300;Applied Machine Learning;202620;Spring 2026;003;24807;Kocsis, Jin;63.0%;;;;7.4%;;20.4%;;;1.9%;;;1.9%;;;;;;;;;;3.7%;1.9%
;;48400;Applications In Data Science;202620;Spring 2026;001;24814;Springer, John A.;100.0%;;;;;;;;;;;;;;;;;;;;;;;
;;51200;Manag Rsrc & Appl Secur;202620;Spring 2026;002;67054;Dietz, J Eric;69.0%;;7.1%;;20.2%;;;1.2%;;;1.2%;;;;;;;;;;;;1.2%;
;;52500;Mobile Forensics;202620;Spring 2026;001;41350;Thompson, Marcus A.;100.0%;;;;;;;;;;;;;;;;;;;;;;;
;;55501;Social Engineering Mitigation;202620;Spring 2026;001;39314;Ringenberg, Tatiana R.;95.2%;;;;4.8%;;;;;;;;;;;;;;;;;;;
;;55600;Computer Forensics;202620;Spring 2026;001;20745;Matulis, Nina L.;95.0%;;;;5.0%;;;;;;;;;;;;;;;;;;;
;;56600;Interactive Web Applications;202620;Spring 2026;001;39506;Li, Tianyi;23.5%;11.8%;58.8%;;;;5.9%;;;;;;;;;;;;;;;;;
;;57000;IT Data Analytics;202620;Spring 2026;001;31661;Springer, John A.;89.3%;;;;7.1%;;;;;;;;;;;;;;;;;;3.6%;
;;58100;Applied Gen AI In Mobile Comp;202620;Spring 2026;054;40624;Hu, Shu;11.6%;7.0%;74.4%;;;;2.3%;;;;;;;;;;;;;;;;4.7%;
;;62300;Teaching & Learning In Cmpting;202620;Spring 2026;015;39430;Magana Deleon, Alejandra J.;100.0%;;;;;;;;;;;;;;;;;;;;;;;
;;;Computational Humor Seminar;202620;Spring 2026;014;39318;Rayz, Julia M.;;;93.3%;;;;;;;;;;;;;6.7%;;;;;;;;
COM;COM-Communication;10200;Intro To Com Theory;202620;Spring 2026;001;16418;Zulli, Diana G.;23.7%;15.8%;;;16.7%;9.6%;7.9%;5.3%;5.3%;7.9%;;0.9%;2.6%;;0.9%;;;;;;;;3.5%;
;;11400;Fundament Of Speech;202620;Spring 2026;201;11499;Golando, Constance M.;33.3%;33.3%;;;9.5%;;9.5%;4.8%;;4.8%;;;;;;;;;;;;;4.8%;
;;;;;;317;11481;Boesch, Yuliya N.;72.7%;13.6%;;;4.5%;;4.5%;4.5%;;;;;;;;;;;;;;;;
;;;;;;403;11523;Gerald, Maggie L.;36.8%;31.6%;;;15.8%;5.3%;;;;5.3%;;;;;5.3%;;;;;;;;;
;;;;;;404;11529;Martin, Caleb A.;47.8%;17.4%;;;13.0%;4.3%;4.3%;;4.3%;;4.3%;;;;4.3%;;;;;;;;;
;;;;;;407;11524;Delworth, Angeline Mills;50.0%;18.2%;;;22.7%;;9.1%;;;;;;;;;;;;;;;;;
;;;;;;544;13566;Mobolaji, Adeola O.;27.3%;22.7%;;;13.6%;9.1%;18.2%;4.5%;;;;;;;;;;;;;;;4.5%;
;;;;;;546;13569;Williams, Madison L.;38.1%;19.0%;;;23.8%;;4.8%;4.8%;;;4.8%;;;;;;;;;;;;4.8%;
;;;;;;548;13571;Salazar, Hannah N.;34.8%;13.0%;;;21.7%;;21.7%;4.3%;;;;;;;;;;;;;;;4.3%;
;;;;;;550;13573;Salazar, Hannah N.;45.8%;12.5%;;;20.8%;4.2%;8.3%;;;4.2%;;4.2%;;;;;;;;;;;;
;;;;;;552;13576;Boersma, Cari A.;33.3%;16.7%;;;37.5%;;;8.3%;;;4.2%;;;;;;;;;;;;;
;;;;;;632;15936;Smith, Carol E.;47.8%;8.7%;;;21.7%;4.3%;8.7%;4.3%;;;;;;;;;;;;;;;4.3%;
;;;;;;644;12618;Stocker, Jessica L.;73.7%;15.8%;;;;;;10.5%;;;;;;;;;;;;;;;;
;;;;;;645;12619;Strickler, Joseph A.;31.6%;42.1%;;;;;26.3%;;;;;;;;;;;;;;;;;
;;;;;;646;26771;Lawson, Andrea L.;55.6%;5.6%;;;16.7%;;11.1%;;;;5.6%;;;;;;;;;;;;5.6%;
;;;;;;647;14970;Rosales-Burdin, Gloribel;52.6%;5.3%;;;21.1%;5.3%;10.5%;;;;;;;;5.3%;;;;;;;;;
;;;;;;648;30961;Boersma, Cari A.;26.1%;26.1%;;;17.4%;;13.0%;;;4.3%;;;;;;;;;;;;;13.0%;
;;;;;;649;33421;Schenk, Jayna M.;55.0%;15.0%;;;10.0%;;;;;;;;;;10.0%;;;;;;;;10.0%;
;;;;;;650;33422;Salazar, Hannah N.;26.1%;39.1%;;;4.3%;8.7%;4.3%;;;;4.3%;;;;4.3%;;;;;;;;8.7%;
;;;;;;654;33509;Piercy, Sydney A.;50.0%;16.7%;;;5.6%;;16.7%;5.6%;;;;;;;5.6%;;;;;;;;;
;;;;;;658;39665;White, Genevieve K.;30.4%;8.7%;;;43.5%;;;8.7%;;;;;;;;;;;;;;;8.7%;
;;;;;;659;39666;Albitz, Michelle L.;8.7%;17.4%;;;34.8%;8.7%;8.7%;8.7%;;8.7%;;;;;;;;;;;;;4.3%;
;;;;;;660;39667;Albitz, Michelle L.;27.3%;9.1%;;;18.2%;9.1%;18.2%;9.1%;;4.5%;;;;;;;;;;;;;4.5%;
;;;;;;661;39668;Albitz, Michelle L.;33.3%;16.7%;;;8.3%;4.2%;12.5%;8.3%;4.2%;;4.2%;;4.2%;;4.2%;;;;;;;;;
;;;;;;662;39702;Mobolaji, Adeola O.;21.7%;26.1%;;;21.7%;13.0%;8.7%;;;;;;;;4.3%;;;;;;;;4.3%;
;;;;;;663;39703;Bittinger, Michael D.;29.2%;16.7%;;;12.5%;4.2%;20.8%;12.5%;;;;;;;;;;;;;;;4.2%;
;;;;;;664;39705;Boersma, Cari A.;17.4%;26.1%;;;30.4%;4.3%;8.7%;4.3%;4.3%;;4.3%;;;;;;;;;;;;;
;;;;;;665;39706;Mohammed, Inusah;16.7%;12.5%;;;33.3%;8.3%;8.3%;4.2%;;8.3%;;;;;4.2%;;;;;;;;4.2%;
;;;;;;666;39707;Engelberth, Nathan P.;20.8%;33.3%;;;4.2%;8.3%;8.3%;;4.2%;4.2%;;;4.2%;;;;;;;;;;12.5%;
;;;;;;667;39708;Porter, Allison L.;37.5%;12.5%;;;12.5%;;8.3%;12.5%;;4.2%;;;;;4.2%;;;;;;;;8.3%;
;;;;;;668;39709;Williams, Madison L.;33.3%;8.3%;;;16.7%;4.2%;4.2%;8.3%;8.3%;;4.2%;4.2%;4.2%;;;;;;;;;;4.2%;
;;;;;;669;39710;Eckart, Brooklyn;33.3%;4.8%;;;23.8%;9.5%;4.8%;9.5%;;;4.8%;;4.8%;;4.8%;;;;;;;;;
;;;;;;670;39711;Acosta-Roberts, Guadalupe E.;33.3%;25.0%;;;20.8%;;4.2%;4.2%;;;;;;;;;;4.2%;;;;;8.3%;
;;;;;;675;39736;Hedrick, Tamara R.;50.0%;15.0%;5.0%;;5.0%;;15.0%;5.0%;;;;;;;;;;;;;;;5.0%;
;;;;;;679;39743;Bowling, Roy N.;21.1%;42.1%;;;15.8%;;15.8%;5.3%;;;;;;;;;;;;;;;;
;;;;;;681;39745;Pendleton, Cassandra E.;15.8%;21.1%;;;26.3%;;21.1%;;;5.3%;;;;;;;;;;;;;10.5%;
;;;;;;682;39746;Queen-Link, Haylee D.;45.0%;25.0%;;;10.0%;;10.0%;5.0%;;5.0%;;;;;;;;;;;;;;
;;;;;;687;40135;Bantle, Donald O.;20.8%;25.0%;4.2%;;12.5%;12.5%;8.3%;4.2%;;8.3%;;;;;;;;;;;;;4.2%;
;;;;;;688;40136;Greulach, Samantha L.;12.5%;20.8%;;;8.3%;;12.5%;8.3%;8.3%;12.5%;8.3%;;;;4.2%;;;;;;;;4.2%;
;;;;;;689;40137;Hall, Jennifer M.;39.1%;4.3%;4.3%;;34.8%;4.3%;8.7%;;;;;;;;;;;;;;;;4.3%;
;;;;;;690;40207;Yngve, Katherine N.;45.8%;4.2%;;;25.0%;4.2%;4.2%;8.3%;4.2%;;;;;;;;;;;;;;4.2%;
;;;;;;691;40208;Stogsdill, Gabrielle E.;41.7%;16.7%;;;20.8%;;8.3%;4.2%;;4.2%;4.2%;;;;;;;;;;;;;
;;;;;;692;40209;Kain, Nicolle L.;17.4%;21.7%;4.3%;;13.0%;8.7%;17.4%;;;17.4%;;;;;;;;;;;;;;
;;;;;;693;41335;Koehl, Daniel M.;5.6%;5.6%;;;16.7%;22.2%;11.1%;;;5.6%;;5.6%;;;16.7%;;;;;;;;11.1%;
;;;;;;694;41937;Joya, Jessica J.;50.0%;6.3%;;;;;6.3%;6.3%;;18.8%;;;6.3%;;;;;;;;;;6.3%;
;;;Fundament Of Speech-Honors;202620;Spring 2026;317;11481;Boesch, Yuliya N.;100.0%;;;;;;;;;;;;;;;;;;;;;;;
;;;;;;407;11524;Delworth, Angeline Mills;;;;;;;100.0%;;;;;;;;;;;;;;;;;
;;;;;;632;15936;Smith, Carol E.;100.0%;;;;;;;;;;;;;;;;;;;;;;;
;;;;;;644;12618;Stocker, Jessica L.;100.0%;;;;;;;;;;;;;;;;;;;;;;;
;;;;;;650;33422;Salazar, Hannah N.;;100.0%;;;;;;;;;;;;;;;;;;;;;;
;;;;;;660;39667;Albitz, Michelle L.;;;;;100.0%;;;;;;;;;;;;;;;;;;;
;;;;;;662;39702;Mobolaji, Adeola O.;100.0%;;;;;;;;;;;;;;;;;;;;;;;
;;;;;;681;39745;Pendleton, Cassandra E.;100.0%;;;;;;;;;;;;;;;;;;;;;;;
;;;;;;689;40137;Hall, Jennifer M.;100.0%;;;;;;;;;;;;;;;;;;;;;;;
;;;;;;H04;39788;Salazar, Hannah N.;73.3%;;;;20.0%;6.7%;;;;;;;;;;;;;;;;;;
;;;;;;H07;40444;Mosher, Nicole M.;26.7%;20.0%;;;26.7%;;20.0%;;;6.7%;;;;;;;;;;;;;;
;;;;;;H08;40751;Stewart, Stephen R.;80.0%;5.0%;5.0%;;;;;;;5.0%;;;;;;;;;;;;;5.0%;
;;20400;Crit Perspectives Com;202620;Spring 2026;001;16530;Boyd, Joshua E.;10.0%;;3.1%;;18.5%;3.8%;2.3%;27.7%;6.2%;3.8%;1.5%;0.8%;1.5%;;12.3%;;;;;;;;8.5%;
;;;Crit Perspectives Com-Honors;202620;Spring 2026;001;16530;Boyd, Joshua E.;;;;;;;100.0%;;;;;;;;;;;;;;;;;
;;21200;Appr Stdy Interp Commn;202620;Spring 2026;004;16545;Greene, John O.;5.9%;5.9%;5.9%;;11.8%;5.9%;5.9%;11.8%;5.9%;11.8%;;5.9%;5.9%;;5.9%;;;;;;;;11.8%;
;;;;;;005;16541;Buehler, Emily M.;45.0%;5.0%;5.0%;;5.0%;10.0%;5.0%;20.0%;5.0%;;;;;;;;;;;;;;;
;;;;;;007;14175;Bowling, Roy N.;22.2%;5.6%;5.6%;;5.6%;5.6%;22.2%;5.6%;5.6%;16.7%;;;;;;;;;;;;;5.6%;
;;;;;;008;15996;Bradley, Lane M.;15.0%;10.0%;50.0%;;10.0%;5.0%;10.0%;;;;;;;;;;;;;;;;;
;;;;;;027;25683;Momade, Gladys M.;15.0%;25.0%;;;35.0%;5.0%;5.0%;5.0%;;5.0%;;;;;;;;;;;;;5.0%;
;;;;;;028;39683;Momade, Gladys M.;21.1%;15.8%;5.3%;;31.6%;5.3%;5.3%;5.3%;;;5.3%;;;;;;;;;;;;5.3%;
;;;;;;029;39684;Balmer, Alexis M.;10.0%;25.0%;10.0%;;5.0%;10.0%;15.0%;10.0%;5.0%;5.0%;;;;;5.0%;;;;;;;;;
;;;Appr Stdy Interp Commn-Honors;202620;Spring 2026;004;16545;Greene, John O.;100.0%;;;;;;;;;;;;;;;;;;;;;;;
;;;;;;007;14175;Bowling, Roy N.;;;100.0%;;;;;;;;;;;;;;;;;;;;;
;;21700;Sci Writing & Present-Honors;202620;Spring 2026;001;52804;Mukhopadhyay, Anaggha;100.0%;;;;;;;;;;;;;;;;;;;;;;;
;;;;;;003;52806;Mohammed, Inusah;100.0%;;;;;;;;;;;;;;;;;;;;;;;
;;;;;;004;52805;Vaught, Megan F.;100.0%;;;;;;;;;;;;;;;;;;;;;;;
;;;;;;007;45136;Wright, Jon D.;100.0%;;;;;;;;;;;;;;;;;;;;;;;
;;;;;;009;45135;Mueller, Holly L.;;;;;;;100.0%;;;;;;;;;;;;;;;;;
;;;;;;011;10662;Mcnalley, Mark P.;100.0%;;;;;;;;;;;;;;;;;;;;;;;
;;;;;;015;10664;Boersma, Cari A.;;;;;;;100.0%;;;;;;;;;;;;;;;;;
;;;;;;019;17244;Kirk, Mary K.;100.0%;;;;;;;;;;;;;;;;;;;;;;;
;;;;;;024;12637;Person, Amanda C.;100.0%;;;;;;;;;;;;;;;;;;;;;;;
;;;;;;026;25685;Crain, Steven D.;100.0%;;;;;;;;;;;;;;;;;;;;;;;
;;;;;;028;26476;Grasham, Timothy M.;50.0%;;;;;;50.0%;;;;;;;;;;;;;;;;;
;;;;;;030;15051;Allwes, Beth A.;;100.0%;;;;;;;;;;;;;;;;;;;;;;
;;;;;;031;15052;O'Shea, Kevin J.;100.0%;;;;;;;;;;;;;;;;;;;;;;;
;;;;;;042;39730;Latoz, Traci L.;100.0%;;;;;;;;;;;;;;;;;;;;;;;
;;;;;;043;39731;Latoz, Traci L.;100.0%;;;;;;;;;;;;;;;;;;;;;;;
;;;;;;047;40079;Mukhopadhyay, Anaggha;100.0%;;;;;;;;;;;;;;;;;;;;;;;
;;;;;;049;40081;Iserman, Adam D.;50.0%;50.0%;;;;;;;;;;;;;;;;;;;;;;
;;;;;;051;41457;Deyoe, Diana L.;100.0%;;;;;;;;;;;;;;;;;;;;;;;
;;;Sci Writing & Presentn-Honors;202620;Spring 2026;017;17221;Creech, Brett A.;100.0%;;;;;;;;;;;;;;;;;;;;;;;
;;;;;;H25;25684;Albitz, Michelle L.;66.7%;22.2%;;;11.1%;;;;;;;;;;;;;;;;;;;
;;;;;;H28;20415;Ramirez, Devon R.;80.0%;5.0%;;;10.0%;;5.0%;;;;;;;;;;;;;;;;;
;;;Science Writing & Presentation;202620;Spring 2026;001;52804;Mukhopadhyay, Anaggha;73.7%;21.1%;;;;;5.3%;;;;;;;;;;;;;;;;;
;;;;;;002;52808;Evans, Chad A.;94.7%;;;;;;5.3%;;;;;;;;;;;;;;;;;
;;;;;;003;52806;Mohammed, Inusah;22.2%;22.2%;;;27.8%;;16.7%;;;;;;5.6%;;5.6%;;;;;;;;;
;;;;;;004;52805;Vaught, Megan F.;68.4%;;;;5.3%;;15.8%;;;;;;5.3%;;5.3%;;;;;;;;;
;;;;;;005;43715;Boersma, Cari A.;75.0%;15.0%;;;5.0%;;5.0%;;;;;;;;;;;;;;;;;
;;;;;;007;45136;Wright, Jon D.;58.8%;11.8%;;;;;23.5%;5.9%;;;;;;;;;;;;;;;;
;;;;;;008;45137;Crain, Steven D.;94.4%;5.6%;;;;;;;;;;;;;;;;;;;;;;
;;;;;;009;45135;Mueller, Holly L.;22.2%;33.3%;;;;;11.1%;5.6%;;5.6%;;;5.6%;;11.1%;;;;;;;;5.6%;
;;;;;;011;10662;Mcnalley, Mark P.;73.7%;5.3%;;;;;15.8%;;;;;;5.3%;;;;;;;;;;;
;;;;;;012;45140;Wright, Jon D.;80.0%;5.0%;;;10.0%;;5.0%;;;;;;;;;;;;;;;;;
;;;;;;014;45139;Wright, Jon D.;45.0%;15.0%;;;10.0%;5.0%;;15.0%;;5.0%;;;;;5.0%;;;;;;;;;
;;;;;;015;10664;Boersma, Cari A.;63.2%;21.1%;;;10.5%;5.3%;;;;;;;;;;;;;;;;;;
;;;;;;017;17221;Creech, Brett A.;78.9%;;;;10.5%;;;5.3%;;;;;;;;;;;;;;;5.3%;
;;;;;;018;17243;Goodrich, Negin H.;65.0%;15.0%;;;5.0%;;;5.0%;;;5.0%;;;;;;;;;;;;5.0%;
;;;;;;019;17244;Kirk, Mary K.;44.4%;5.6%;;;33.3%;;11.1%;5.6%;;;;;;;;;;;;;;;;
;;;;;;021;17252;Goodrich, Negin H.;75.0%;5.0%;;;5.0%;5.0%;10.0%;;;;;;;;;;;;;;;;;
;;;;;;022;12635;Crain, Steven D.;75.0%;10.0%;;;5.0%;;10.0%;;;;;;;;;;;;;;;;;
;;;;;;023;12636;Dufault, Sean G.;25.0%;12.5%;;;25.0%;;12.5%;6.3%;;;;;6.3%;;6.3%;;;;;;;;6.3%;
;;;;;;024;12637;Person, Amanda C.;68.4%;5.3%;;;10.5%;;5.3%;5.3%;;;5.3%;;;;;;;;;;;;;
;;;;;;026;25685;Crain, Steven D.;83.3%;11.1%;;;;;5.6%;;;;;;;;;;;;;;;;;
;;;;;;027;25686;Crain, Steven D.;95.0%;5.0%;;;;;;;;;;;;;;;;;;;;;;
;;;;;;028;26476;Grasham, Timothy M.;44.4%;5.6%;;;11.1%;5.6%;33.3%;;;;;;;;;;;;;;;;;
;;;;;;030;15051;Allwes, Beth A.;73.7%;10.5%;;;10.5%;;5.3%;;;;;;;;;;;;;;;;;
;;;;;;031;15052;O'Shea, Kevin J.;52.6%;10.5%;;;5.3%;5.3%;15.8%;5.3%;;;;;;;5.3%;;;;;;;;;
;;;;;;037;39718;Wagner, Amy B.;65.0%;10.0%;;;15.0%;;10.0%;;;;;;;;;;;;;;;;;
;;;;;;039;39726;Montes, Jennifer L.;5.9%;17.6%;;;11.8%;;23.5%;11.8%;;5.9%;5.9%;5.9%;;;11.8%;;;;;;;;;
;;;;;;042;39730;Latoz, Traci L.;52.6%;15.8%;;;15.8%;;5.3%;;;5.3%;5.3%;;;;;;;;;;;;;
;;;;;;043;39731;Latoz, Traci L.;77.8%;5.6%;;;5.6%;5.6%;5.6%;;;;;;;;;;;;;;;;;
;;;;;;044;40070;Scharrer, Amanda L.;68.8%;12.5%;;;18.8%;;;;;;;;;;;;;;;;;;;
;;;;;;045;40075;Boersma, Cari A.;40.0%;20.0%;;;20.0%;;10.0%;;;;;;;;5.0%;;;;;;;;5.0%;
;;;;;;046;40076;Boyd, Blake A.;22.2%;5.6%;22.2%;;;;5.6%;11.1%;5.6%;;;;;;11.1%;;;;;;;;16.7%;
;;;;;;047;40079;Mukhopadhyay, Anaggha;68.4%;;;;15.8%;;;;;5.3%;5.3%;;;;;;;;;;;;5.3%;
;;;;;;048;40080;Nwoko, Onyinyechi B.;37.5%;12.5%;;;12.5%;;18.8%;;;;;6.3%;;;;;;;;;;;12.5%;
;;;;;;049;40081;Iserman, Adam D.;66.7%;5.6%;;;;5.6%;5.6%;11.1%;;5.6%;;;;;;;;;;;;;;
;;;;;;051;41457;Deyoe, Diana L.;55.6%;27.8%;;;5.6%;;11.1%;;;;;;;;;;;;;;;;;
;;;;;;052;41458;Schultz, James E.;60.0%;25.0%;;;;;15.0%;;;;;;;;;;;;;;;;;
;;;;;;053;41503;Patel, Dharmini R.;70.6%;11.8%;;;5.9%;;;;;;5.9%;;;;5.9%;;;;;;;;;
;;22400;Com Global Workplace;202620;Spring 2026;002;12639;Lee, Seungyoon;8.3%;25.0%;12.5%;;20.8%;8.3%;12.5%;;8.3%;4.2%;;;;;;;;;;;;;;
;;;;;;018;40922;Jha, Bedadyuti;58.3%;12.5%;;;4.2%;;8.3%;;4.2%;4.2%;;;;;;;;;;;;;8.3%;
;;25000;Mass Commun & Society;202620;Spring 2026;001;12641;Sherrick, Brett I.;33.3%;22.2%;3.7%;;7.4%;11.1%;18.5%;;;3.7%;;;;;;;;;;;;;;
;;25100;Comm, Info, And Society;202620;Spring 2026;003;38465;Lim, Sue;21.7%;13.0%;4.3%;;8.7%;8.7%;17.4%;;8.7%;13.0%;;;;;;;;;;;;;4.3%;
;;;;;;004;39685;Jha, Bedadyuti;66.7%;9.5%;;;4.8%;4.8%;;;;;4.8%;;;;4.8%;;;;;;;;4.8%;
;;;Comm, Info, And Society-Honors;202620;Spring 2026;003;38465;Lim, Sue;;100.0%;;;;;;;;;;;;;;;;;;;;;;
;;25200;Writing For Mass Media;202620;Spring 2026;001;53520;Natt, Jane G.;10.0%;15.0%;5.0%;;25.0%;10.0%;10.0%;5.0%;5.0%;10.0%;;;;;;;;;;;;;5.0%;
;;;;;;005;65197;Mattingly, Andrea L.;61.9%;14.3%;;;;;19.0%;;4.8%;;;;;;;;;;;;;;;
;;25300;Intro To Public Rels;202620;Spring 2026;001;12657;Mattingly, Andrea L.;13.8%;31.3%;;;20.0%;8.8%;13.8%;1.3%;2.5%;5.0%;;;;;;;;1.3%;;;;;2.5%;
;;25600;Intro To Advertising;202620;Spring 2026;001;12659;Afoakwa-Acheampong, Cindy;74.9%;7.5%;;;6.0%;1.0%;3.0%;2.0%;;1.5%;1.5%;1.0%;;;0.5%;;0.5%;;;;;;0.5%;
;;;Intro To Advertising-Honors;202620;Spring 2026;001;12659;Afoakwa-Acheampong, Cindy;100.0%;;;;;;;;;;;;;;;;;;;;;;;
;;25700;PR Techniques;202620;Spring 2026;001;29994;Mattingly, Andrea L.;60.0%;26.7%;;;6.7%;;6.7%;;;;;;;;;;;;;;;;;
;;26100;Intr Digitl Video Prod;202620;Spring 2026;001;16564;Deaztlan, Tonantzin;33.3%;25.0%;16.7%;;;8.3%;8.3%;;;8.3%;;;;;;;;;;;;;;
;;27100;Podcasting;202620;Spring 2026;001;25521;Deaztlan, Tonantzin;16.7%;16.7%;41.7%;;8.3%;;;;8.3%;8.3%;;;;;;;;;;;;;;
;;28500;Intro To Publication Design;202620;Spring 2026;001;20332;Tucker, Mark A.;33.3%;;;;46.7%;;6.7%;;;13.3%;;;;;;;;;;;;;;
;;30300;Intercultural Communic;202620;Spring 2026;001;16568;Byrd, Gabrielle A.;20.0%;12.0%;;;4.0%;32.0%;16.0%;4.0%;;4.0%;;;;;4.0%;;;;;;;;4.0%;
;;;;;;002;15209;Choung, Hyesun;32.0%;12.0%;;;16.0%;20.0%;4.0%;4.0%;;4.0%;4.0%;;;;4.0%;;;;;;;;;
;;30400;Quant Methods Com Res;202620;Spring 2026;001;16573;Perrault, Evan K.;9.6%;11.5%;3.8%;;23.1%;13.5%;15.4%;3.8%;3.8%;9.6%;;;1.9%;;3.8%;;;;;;;;;
;;31400;Adv Presntatnl Spk;202620;Spring 2026;001;16591;Jones, Barbara K.;50.0%;20.0%;10.0%;;;;;;;;;;;;;;;;;;;;20.0%;
;;;;;;006;16065;Jones, Barbara K.;18.2%;36.4%;18.2%;;9.1%;;9.1%;9.1%;;;;;;;;;;;;;;;;
;;;Adv Presntatnl Spk-Honors;202620;Spring 2026;001;16591;Jones, Barbara K.;;;100.0%;;;;;;;;;;;;;;;;;;;;;
;;31800;Prin Of Persuasion;202620;Spring 2026;002;12694;Hoewe, Jennifer E.;16.2%;16.4%;2.2%;;17.5%;11.1%;9.2%;7.8%;3.3%;9.5%;1.1%;0.6%;1.7%;;1.9%;;;;;;;;1.4%;
;;32000;Small Group Communication;202620;Spring 2026;003;16601;Nwoko, Onyinyechi B.;40.0%;32.0%;;;4.0%;;16.0%;4.0%;;;;;;;;;;;;;;;4.0%;
;;;;;;007;16604;Quaresma Ragone, Elisa;36.0%;12.0%;36.0%;;4.0%;;8.0%;;;;;;;;;;;;;;;;4.0%;
;;;;;;008;16605;Jiboye, Subulola E.;36.0%;36.0%;;;12.0%;4.0%;12.0%;;;;;;;;;;;;;;;;;
;;;;;;009;18103;Sawyer, Haley E.;72.0%;;;;20.0%;;;4.0%;;;;;;;;;;;;;;;4.0%;
;;32400;Intro To Organzal Com;202620;Spring 2026;001;16607;Barton, Rachel M.;20.8%;12.5%;;;29.2%;;33.3%;;;;;;;;4.2%;;;;;;;;;
;;;;;;002;12777;Reed, Alyssa L.;29.2%;25.0%;;;20.8%;;4.2%;;4.2%;8.3%;;;4.2%;;;;;;;;;;4.2%;
;;32500;Interview Princ Prac;202620;Spring 2026;005;16617;Freeman, Julius D.;41.7%;20.8%;;;20.8%;;;;8.3%;4.2%;;;;;4.2%;;;;;;;;;
;;;;;;009;66223;Sawyer, Haley E.;60.9%;;;;30.4%;;4.3%;;;4.3%;;;;;;;;;;;;;;
;;;;;;013;16619;Latoz, Traci L.;83.3%;4.2%;;;8.3%;;;;;;;;;;4.2%;;;;;;;;;
;;33200;Television Production;202620;Spring 2026;003;67143;Natt, Caitlin M.;32.6%;30.4%;2.2%;;10.9%;4.3%;10.9%;;;4.3%;;;;;2.2%;;;;;;;;2.2%;
;;33701;Producing Digital Advertising;202620;Spring 2026;001;25702;Martin, Caleb A.;63.6%;18.2%;18.2%;;;;;;;;;;;;;;;;;;;;;
;;35300;Prob Public Relations;202620;Spring 2026;002;34182;Gehres, Ericka K.;71.4%;;;;28.6%;;;;;;;;;;;;;;;;;;;
;;35600;Problms In Advertising;202620;Spring 2026;001;40138;Mattingly, Andrea L.;60.0%;13.3%;6.7%;;6.7%;6.7%;6.7%;;;;;;;;;;;;;;;;;
;;36100;Multiplatform Journalism;202620;Spring 2026;002;20164;Evans, Elizabeth A.;36.4%;9.1%;36.4%;;;;9.1%;;;;;;;;;;;;;;;;9.1%;
;;37200;Com In Relationships;202620;Spring 2026;001;30086;Buehler, Emily M.;55.0%;;30.0%;;;5.0%;5.0%;;;;;;;;;;;;;;;;5.0%;
;;37400;Soc Int Skls: Asmt/Dev;202620;Spring 2026;001;40201;Greene, John O.;5.0%;20.0%;10.0%;;30.0%;;25.0%;5.0%;;;;;;;;;;;;;;;5.0%;
;;37800;Intro To Health Communication;202620;Spring 2026;001;17837;Boyd, Blake A.;26.1%;8.7%;17.4%;;;4.3%;;17.4%;8.7%;8.7%;;;;;8.7%;;;;;;;;;
;;40700;Social Media And News Orgs;202620;Spring 2026;001;12708;Natt, Jane G.;6.7%;26.7%;;;40.0%;13.3%;6.7%;6.7%;;;;;;;;;;;;;;;;
;;;;;;002;15158;Natt, Jane G.;;20.0%;;;26.7%;20.0%;13.3%;13.3%;;;;;;;6.7%;;;;;;;;;
;;41100;Communication & Soc Networks;202620;Spring 2026;001;21136;Foote, Jeremy D.;50.0%;15.0%;5.0%;;20.0%;5.0%;5.0%;;;;;;;;;;;;;;;;;
;;41500;Discuss Tech Problem;202620;Spring 2026;001;15933;Bowling, Roy N.;68.0%;28.0%;;;4.0%;;;;;;;;;;;;;;;;;;;
;;41900;Judgment & Decision Making;202620;Spring 2026;001;12714;Song, Hwanseok;45.0%;15.0%;15.0%;;15.0%;;;;;;;;;;5.0%;;;;;;;;5.0%;
;;45600;Advertising Writing;202620;Spring 2026;001;26201;Lamer, Maryann D.;58.3%;;;;25.0%;;;12.5%;;;;;;;4.2%;;;;;;;;;
;;46400;Am Political Communication;202620;Spring 2026;001;40197;Collier, Jessica R.;27.8%;;27.8%;;5.6%;16.7%;11.1%;;5.6%;;;;;;;;;;;;;;5.6%;
;;47900;Intro To Risk Communication;202620;Spring 2026;001;39697;Song, Hwanseok;43.8%;12.5%;18.8%;;12.5%;;6.3%;;;;;;;;;;;;;;;;6.3%;
;;49101;Boiler Communication;202620;Spring 2026;001;19487;Gehres, Ericka K.;90.6%;;;;6.3%;;;3.1%;;;;;;;;;;;;;;;;
;;49500;Career Readiness;202620;Spring 2026;046;32069;Mazur, Michele M.;20.0%;20.0%;6.7%;;13.3%;6.7%;26.7%;;;6.7%;;;;;;;;;;;;;;
;;;Cont Creation And Soc Med Infl;202620;Spring 2026;042;19972;Perrault, Lindsay;75.0%;5.0%;;;5.0%;5.0%;;;;;;;;;5.0%;;;;;;;;5.0%;
;;;Crisis Communication;202620;Spring 2026;056;40193;Zulli, Diana G.;40.0%;16.0%;8.0%;;12.0%;4.0%;16.0%;;;;;;;;;;;;;;;;4.0%;
;;;PR In Entertainment;202620;Spring 2026;045;30427;Gehres, Ericka K.;90.0%;;;;5.0%;;;5.0%;;;;;;;;;;;;;;;;
;;49501;Sports Media Relations;202620;Spring 2026;001;26013;Natt, Jane G.;20.0%;33.3%;6.7%;;13.3%;6.7%;6.7%;6.7%;;;;;;;6.7%;;;;;;;;;
;;49504;Social Media For Social Good;202620;Spring 2026;001;25522;Gehres, Ericka K.;100.0%;;;;;;;;;;;;;;;;;;;;;;;
;;49505;Sports Communication;202620;Spring 2026;001;26014;Boyd, Joshua E.;37.1%;;17.1%;;18.6%;2.9%;2.9%;10.0%;;2.9%;4.3%;;;;1.4%;;;;;;;;2.9%;
;;49507;Executive Communication;202620;Spring 2026;001;39651;Catalano, Charles S.;47.6%;14.3%;9.5%;;23.8%;;4.8%;;;;;;;;;;;;;;;;;
;;49700;Career Readiness;202620;Spring 2026;080;32070;Mazur, Michele M.;27.3%;27.3%;;;9.1%;18.2%;;;;18.2%;;;;;;;;;;;;;;
;;;Sports Reporting;202620;Spring 2026;082;39699;Martin, Caleb A.;16.7%;25.0%;58.3%;;;;;;;;;;;;;;;;;;;;;
CPB;CPB-Comparative Pathobiology;25500;Clinical Pathology-VN;202620;Spring 2026;001;59836;Tate, Katherine A.;;2.8%;;;2.8%;8.3%;8.3%;13.9%;8.3%;13.9%;11.1%;16.7%;5.6%;;;;;;;;;;8.3%;
;;35100;Microbiology-VN;202620;Spring 2026;002;65120;Soltys, Rachel C.;79.3%;;;;20.7%;;;;;;;;;;;;;;;;;;;
;;35200;Parasitology-VN;202620;Spring 2026;002;65123;Rice, Christopher A.;31.0%;;;;55.2%;;;13.8%;;;;;;;;;;;;;;;;
;;62500;Clinical Biostatistics;202620;Spring 2026;001;59524;Weng, Hsin-Yi;80.0%;;;;20.0%;;;;;;;;;;;;;;;;;;;
;;69700;Research Seminar;202620;Spring 2026;002;47399;Zhang, Guangjun;;;;;;;;;;;;;;;;;;100.0%;;;;;;
;;81900;Veterinary Toxicology;202620;Spring 2026;001;13025;Hooser, Stephen B.;94.9%;;;;5.1%;;;;;;;;;;;;;;;;;;;
;;85300;Prin Vet Immunology;202620;Spring 2026;001;12698;Hogenesch, Harm;26.4%;;;;30.8%;;;33.0%;;;5.5%;;;;2.2%;;;;;;;;2.2%;
;;85401;Epidem Evidence-Based Vet Med;202620;Spring 2026;001;13175;Weng, Hsin-Yi;41.8%;;;;55.7%;;;2.5%;;;;;;;;;;;;;;;;
;;85700;Veterinary Systemic Pathology;202620;Spring 2026;011;26987;Cox, Abigail D.;35.0%;;;;38.8%;;;22.5%;;;3.8%;;;;;;;;;;;;;
;;86000;Vet Virology;202620;Spring 2026;001;11179;Mittal, Suresh K.;32.9%;;;;61.0%;;;4.9%;;;;;;;;1.2%;;;;;;;;
;;86100;Vet Clinical Chemistry;202620;Spring 2026;003;54003;Thompson, Craig A.;55.0%;;;;41.3%;;;3.8%;;;;;;;;;;;;;;;;
;;86900;Vet Publ Hlth & Zoonos;202620;Spring 2026;001;11893;Beauvais, Wendy A.;98.7%;;;;1.3%;;;;;;;;;;;;;;;;;;;
;;87000;Diagnostc Vet Cytology;202620;Spring 2026;001;16741;Thompson, Craig A.;52.9%;;;;47.1%;;;;;;;;;;;;;;;;;;;
CS;CS-Computer Sciences;10100;Digital Literacy;202620;Spring 2026;LE1;21206;Cicala, Fabrizio;20.0%;24.0%;4.0%;;16.0%;4.0%;12.0%;;;12.0%;;;;;;;;;;;;;8.0%;
;;15900;C Programming;202620;Spring 2026;L10;35143;Crum, William N.;35.8%;2.9%;3.4%;;26.5%;1.0%;2.9%;15.2%;2.9%;2.5%;4.4%;;;;0.5%;;;;;;;;2.0%;
;;;;;;LE1;63626;Robinson, John A.;39.3%;0.7%;1.5%;;32.6%;0.7%;3.7%;14.1%;1.5%;0.7%;2.2%;;;;0.7%;;;;;;;;2.2%;
;;;;;;LE2;13277;Robinson, John A.;33.3%;2.2%;3.7%;;33.3%;2.2%;5.9%;11.1%;1.5%;0.7%;5.2%;;;;;;;;;;;;0.7%;
;;;;;;LE3;63625;Diyab, Eman S.;31.4%;5.2%;3.9%;;32.7%;2.0%;5.2%;13.7%;1.3%;2.6%;2.0%;;;;;;;;;;;;;
;;;;;;LE4;13285;Diyab, Eman S.;41.8%;1.3%;2.6%;;29.4%;2.0%;3.3%;14.4%;1.3%;0.7%;2.6%;;;;;;;;;;;;0.7%;
;;;;;;LE5;12964;Liu, Xiaojin;25.9%;0.6%;;;37.0%;0.6%;1.2%;24.7%;3.1%;0.6%;1.9%;;;;1.9%;;;;;;;;2.5%;
;;;;;;LE6;20871;Liu, Xiaojin;15.2%;3.2%;0.8%;;32.8%;0.8%;1.6%;24.8%;4.0%;0.8%;5.6%;;;;2.4%;0.8%;;;;;;;7.2%;
;;;;;;LE7;26175;Zhou, Ning;32.1%;1.9%;0.6%;;34.0%;1.9%;4.9%;12.3%;1.2%;0.6%;4.9%;;;;1.9%;;;;;;;;3.7%;
;;;;;;LE8;26174;Crum, William N.;22.0%;1.0%;5.0%;;24.0%;4.0%;2.0%;24.0%;3.0%;5.0%;6.0%;;;;2.0%;;;;;;;;2.0%;
;;;;;;LE9;26177;Zhou, Ning;25.3%;4.3%;0.6%;;34.0%;1.2%;3.7%;17.9%;1.9%;3.7%;4.3%;;;;;0.6%;;;;;;;2.5%;
;;17600;Data Engineering In Python;202620;Spring 2026;LE1;10852;Rego, Vernon J.;4.9%;5.9%;2.9%;;17.6%;9.8%;7.8%;11.8%;3.9%;6.9%;6.9%;;;;3.9%;;;;;;;;17.6%;
;;;;;;LE2;35011;Rego, Vernon J.;11.5%;6.9%;6.1%;;14.5%;8.4%;12.2%;8.4%;5.3%;9.2%;6.9%;;;;1.5%;;;;;;;;9.2%;
;;17700;Progrmng With MM Objs;202620;Spring 2026;LE1;12944;Conner-Strunk, Jessica M.;28.9%;;1.6%;;28.9%;;17.2%;5.5%;;7.8%;0.8%;;1.6%;;3.9%;;;0.8%;;;;;3.1%;
;;;;;;LE2;11547;Crowe, Marta A.;51.9%;;12.3%;;14.3%;;9.1%;3.2%;;5.8%;0.6%;;0.6%;;1.3%;;;;;;;;0.6%;
;;18000;Prob Solving & O-O Programming;202620;Spring 2026;LE1;13105;Ameranis, Konstantinos;5.6%;4.0%;;;15.7%;2.0%;3.5%;29.8%;;4.0%;3.0%;;;;10.1%;;;;;;;;22.2%;
;;;;;;LE2;13116;Bergstrom, Anthony D.;5.1%;3.4%;0.6%;;16.9%;3.4%;2.3%;32.2%;;2.3%;2.3%;;;;5.6%;;;;;;;;26.0%;
;;;Prob Solving&O-O Progrm-Honors;202620;Spring 2026;LE2;13116;Bergstrom, Anthony D.;;;;;;;;100.0%;;;;;;;;;;;;;;;;
;;18200;Foundations Of Comp Sc;202620;Spring 2026;LE1;20866;Szpankowski, Wojciech;8.5%;6.9%;1.2%;;8.1%;10.9%;8.5%;16.5%;;17.7%;11.3%;;;;7.7%;;;;;;;;2.8%;
;;;;;;LE2;20867;Sellke, Sarah H.;7.1%;5.5%;1.2%;;9.8%;15.1%;11.1%;22.8%;;12.6%;7.4%;;;;3.7%;;;;;;;;3.7%;
;;;;;;LE3;10663;Sellke, Sarah H.;6.5%;6.5%;3.2%;;11.8%;12.9%;12.4%;16.1%;;14.0%;7.0%;;;;4.8%;;;;;;;;4.8%;
;;19300;Tools;202620;Spring 2026;LE1;20136;Chaganti, Pranavi;72.2%;;;;11.1%;;;1.9%;;;;;;;7.4%;;;1.9%;;;;;5.6%;
;;21100;Competitive Programming I;202620;Spring 2026;CP1;69763;Dickey, Ethan W.;30.0%;;10.0%;1.4%;2.9%;2.9%;;2.9%;2.9%;1.4%;;;;;;;12.9%;27.1%;;;;;5.7%;
;;24000;Programming In C;202620;Spring 2026;LE1;13240;Turkstra, Jeffrey A.;7.8%;3.7%;2.2%;;19.6%;5.3%;2.5%;19.3%;;3.1%;8.1%;;;;6.5%;;;;;;;;22.0%;
;;;;;;LE2;21625;Turkstra, Jeffrey A.;7.2%;4.0%;3.6%;;14.9%;6.5%;3.3%;17.4%;;2.5%;8.0%;;;;9.1%;;;;;;;;23.6%;
;;24200;Introduction To Data Science;202620;Spring 2026;LE1;11006;Rao, Vinayak A.;13.2%;22.6%;1.9%;;17.0%;15.1%;17.0%;1.9%;1.9%;3.8%;;;;;3.8%;1.9%;;;;;;;;
;;24300;Artificial Intelligence Basics;202620;Spring 2026;AIB;35393;Campbell, Joseph A.;35.3%;23.5%;14.7%;;8.8%;;8.8%;;;2.9%;;;;;5.9%;;;;;;;;;
;;25000;Computer Architecture;202620;Spring 2026;LE1;13293;Li, Zhiyuan;5.5%;2.3%;0.8%;;26.6%;;0.8%;49.2%;;7.8%;2.3%;;;;3.1%;;;;;;;;1.6%;
;;25100;Data Structures And Algorithms;202620;Spring 2026;LE1;13321;Bejarano Posada, Andres M.;7.5%;8.4%;4.2%;;15.0%;10.3%;17.8%;7.9%;;10.7%;12.1%;;;;1.4%;;;;;;;;4.7%;
;;25200;Systems Programming;202620;Spring 2026;LE1;13333;Rodriguez-Rivera, Gustavo;12.7%;15.8%;8.2%;;14.6%;6.6%;19.0%;6.0%;;7.3%;3.8%;;;;0.9%;0.3%;;;;;;;4.7%;
;;;;;;LE2;13334;Rodriguez-Rivera, Gustavo;12.2%;15.5%;8.3%;;13.8%;12.7%;14.4%;6.6%;;5.0%;5.0%;;;;2.8%;;;;;;;;3.9%;
;;25300;Data Structrs & Algs For DS/AI;202620;Spring 2026;LE1;15978;Bejarano Posada, Andres M.;10.5%;10.5%;4.5%;;14.3%;9.0%;14.3%;7.5%;;11.3%;8.3%;;;;3.0%;0.8%;;;;;;;6.0%;
;;29000;Vibe Coding;202620;Spring 2026;005;43114;Borkowski, Michael H.;16.7%;;;;;;;;;;;;;;8.3%;;8.3%;41.7%;;;;;25.0%;
;;;VIBE Vibe Coding;202620;Spring 2026;004;42410;Bejarano Posada, Andres M.;;;;;;;;3.3%;;;;;;;6.7%;;3.3%;66.7%;;;;;20.0%;
;;30700;Software Engineerng I;202620;Spring 2026;LE1;13396;Zhang, Xiangyu;27.1%;31.0%;11.6%;;7.0%;2.3%;13.2%;1.6%;;1.6%;;0.8%;;;;;;;;;;;3.9%;
;;31100;Competitive Programming II;202620;Spring 2026;CP2;69764;Li, Ninghui;31.8%;4.5%;22.7%;;;4.5%;;;;;;;;;;;4.5%;31.8%;;;;;;
;;33400;Fund Of Computer Graph;202620;Spring 2026;LE1;21229;Bera, Aniket;28.0%;;70.0%;;;;;;;;;;;;;;;;;;;;2.0%;
;;34800;Information Systems;202620;Spring 2026;LE1;13399;Benotman, Hisham R.;27.4%;7.7%;2.9%;;13.5%;8.0%;9.5%;13.1%;;3.3%;2.2%;;2.9%;;2.2%;;;;;;;;7.3%;
;;35100;Cloud Computing;202620;Spring 2026;CLC;10384;Adams, George B.;15.9%;24.6%;4.3%;;11.6%;7.2%;18.8%;2.9%;;2.9%;;;;;;;;10.1%;;;;;1.4%;
;;35200;Compilers Prin & Pract;202620;Spring 2026;LE1;10683;Rompf, Tiark;7.4%;5.9%;5.9%;;8.8%;10.3%;7.4%;27.9%;;8.8%;;;;;4.4%;;;;;;;;13.2%;
;;35400;Operating Systems;202620;Spring 2026;LE1;13431;Zhang, Yongle;11.8%;15.3%;1.8%;;17.1%;15.3%;22.9%;2.9%;1.8%;;1.8%;;;;5.3%;;;0.6%;;;;;3.5%;
;;35500;Intro To Cryptography;202620;Spring 2026;LE1;10989;Maji, Hemanta K.;19.6%;8.9%;3.6%;1.8%;25.0%;10.7%;16.1%;7.1%;;;1.8%;;;;;;;1.8%;;;;;3.6%;
;;36100;Great Issues In Computer Sci;202620;Spring 2026;GIS;22001;Celik, Zeynel B.;36.8%;11.8%;36.0%;;8.1%;;5.1%;0.7%;;;;;;;0.7%;;;;;;;;0.7%;
;;37300;Data Mining & Machine Learning;202620;Spring 2026;LE1;11344;Khanna, Rajiv A.;26.3%;17.3%;6.4%;;15.4%;7.1%;17.3%;3.8%;;4.5%;;;;;;0.6%;;;;;;;1.3%;
;;;;;;LE2;21841;Smart, Mary A.;12.4%;11.2%;1.7%;0.6%;21.9%;14.0%;19.7%;5.1%;;5.6%;0.6%;;2.2%;;2.2%;;;;;;;;2.8%;
;;38003;Python Programming;202620;Spring 2026;LE1;13448;Balakrishnan, Sai Lakshminarayanan;89.4%;2.9%;;;;2.9%;;;;;;;;;;;;;;;;;4.8%;
;;;;;;LE2;27663;Balakrishnan, Sai Lakshminarayanan;77.3%;2.3%;;;2.3%;8.0%;1.1%;1.1%;2.3%;2.3%;;;;;2.3%;;;;;;;;1.1%;
;;38100;Intro Analysis Algor;202620;Spring 2026;LE1;36593;Atallah, Mikhail J.;15.2%;10.9%;1.4%;;9.4%;10.1%;10.1%;15.2%;0.7%;14.5%;2.9%;;;;0.7%;;;0.7%;;;;;8.0%;
;;;;;;LE2;35051;Quanrud, Kent R.;20.0%;15.5%;0.6%;0.6%;11.0%;12.3%;11.6%;6.5%;2.6%;12.9%;0.6%;;;;0.6%;;;;;;;;5.2%;
;;39000;AI Forge;202620;Spring 2026;AIF;41156;Islam, Tunazzina;16.1%;6.5%;45.2%;;;;;;;;;;;;;;;;;;;;32.3%;
;;39699;Prof Practice Internship;202620;Spring 2026;PPI;32983;Williams, Jermaine;;;;;;;;;;;;;;;;;;;;73.9%;;26.1%;;
;;40700;Software Engr Senior Project;202620;Spring 2026;SEP;19850;Dunsmore, Hubert E.;88.1%;;11.9%;;;;;;;;;;;;;;;;;;;;;
;;40800;Software Testing;202620;Spring 2026;LE1;13463;Delaware, Benjamin J.;14.3%;16.0%;1.7%;;21.0%;9.2%;16.0%;9.2%;;11.8%;;;;;;;;;;;;;0.8%;
;;42200;Computer Networks;202620;Spring 2026;LE1;30365;Park, Kihong;21.2%;16.5%;22.4%;;15.3%;4.7%;9.4%;3.5%;;2.4%;;;;;;;;;;;;;4.7%;
;;42600;Computer Security;202620;Spring 2026;LE1;14962;Garman, Christina L.;32.0%;14.4%;8.2%;;11.3%;4.1%;9.3%;2.1%;1.0%;5.2%;4.1%;;;;4.1%;;;1.0%;;;;;3.1%;
;;44000;Large Scale Data Analytics;202620;Spring 2026;LDA;10798;Wang, Jianguo;28.8%;11.3%;22.5%;;16.3%;8.8%;10.0%;;;;;;;;;;;1.3%;;;;;1.3%;
;;44100;Data Science Capstone;202620;Spring 2026;DSC;20433;Smart, Mary A.;73.5%;2.9%;18.6%;;2.9%;1.0%;;;;;;;;;;;;;;;;;1.0%;
;;44800;Intro Relational Db Sy;202620;Spring 2026;LE1;13050;Aref, Walid G.;10.8%;16.2%;10.0%;;14.6%;11.5%;10.8%;7.7%;2.3%;8.5%;0.8%;0.8%;;;0.8%;;;;;;;;5.4%;
;;45800;Intro To Robotics;202620;Spring 2026;ROB;35058;Paleja, Rohan R.;21.3%;8.5%;4.3%;;6.4%;12.8%;12.8%;4.3%;;8.5%;;;;;;;;8.5%;;;;;12.8%;
;;47100;Intr To Artifcl Intlgn;202620;Spring 2026;LE1;15866;Bullins, Brian A.;32.3%;11.3%;5.6%;;18.5%;8.2%;7.7%;2.6%;;4.1%;1.5%;0.5%;2.6%;;1.5%;;;;;;;;3.6%;
;;;;;;LE2;34985;Yeh, Raymond A.;34.3%;5.9%;12.7%;;13.2%;8.3%;8.3%;7.4%;;2.0%;0.5%;1.0%;2.0%;;1.5%;;;0.5%;;;;;2.5%;
;;47500;Human-Computer Interaction;202620;Spring 2026;HCI;10400;Jeong, Sooyeon;25.6%;26.4%;6.6%;;11.6%;4.1%;17.4%;;2.5%;2.5%;;;;;;;;1.7%;;;;;1.7%;
;;48900;Embedded Systems;202620;Spring 2026;LE1;31051;Comer, Douglas E.;89.5%;;;;;;;;;;;;;;;;;2.6%;;;;;7.9%;
;;49000;Applied GenAI Research;202620;Spring 2026;003;36779;Islam, Tunazzina;43.9%;4.9%;31.7%;;;;4.9%;2.4%;;;;;;;;;;4.9%;;;;;7.3%;
;;;Embedded CTF;202620;Spring 2026;008;41822;Garman, Christina L.;100.0%;;;;;;;;;;;;;;;;;;;;;;;
;;;Natural Language Processing;202620;Spring 2026;NLP;35059;Goldwasser, Dan;11.1%;11.1%;7.4%;;20.4%;3.7%;24.1%;5.6%;3.7%;3.7%;;;;;;;;1.9%;;;;;7.4%;
;;;Naturl Language Process-Honors;202620;Spring 2026;NLP;35059;Goldwasser, Dan;;;;;;;100.0%;;;;;;;;;;;;;;;;;
;;49700;Honors Research Projct;202620;Spring 2026;H01;25618;Sousa Da Fonseca, Pedro Jose;74.1%;3.7%;18.5%;;;;;;;;;;;;;;;;;;;;3.7%;
;;50023;Data Engineering I;202620;Spring 2026;DE1;13469;Sands, Philip A.;33.3%;;53.3%;;6.7%;;6.7%;;;;;;;;;;;;;;;;;
;;50024;Data Engineering II;202620;Spring 2026;DE2;13468;Sands, Philip A.;41.7%;25.0%;8.3%;;8.3%;;;8.3%;;;;;;;8.3%;;;;;;;;;
;;50025;Foundations Of Decision Making;202620;Spring 2026;D01;31633;Sands, Philip A.;35.7%;14.3%;21.4%;;;;14.3%;7.1%;7.1%;;;;;;;;;;;;;;;
;;50200;Compil & Progr Systms;202620;Spring 2026;LE1;13525;Jung, Changhee;12.8%;19.2%;15.4%;;21.8%;6.4%;14.1%;1.3%;1.3%;2.6%;1.3%;;2.6%;;;;;;;;;;1.3%;
;;50300;Operating Systems;202620;Spring 2026;LE1;35060;Sousa Da Fonseca, Pedro Jose;6.3%;12.5%;28.1%;3.1%;6.3%;18.8%;12.5%;3.1%;;;3.1%;;;;3.1%;;;;;;;;3.1%;
;;51400;Numerical Analysis;202620;Spring 2026;LE1;13538;Pothen, Alex;14.3%;14.3%;;;21.4%;14.3%;28.6%;;;;;;;;;;;;;;;;7.1%;
;;52000;Comput Meth In Optimization;202620;Spring 2026;001;40732;Gleich, David F.;39.5%;10.5%;2.6%;2.6%;23.7%;2.6%;5.3%;2.6%;;;;;;;2.6%;;;2.6%;;;;;5.3%;
;;52300;Social Econ Legal Asp Security;202620;Spring 2026;LE1;20461;Spafford, Eugene H.;26.7%;20.0%;20.0%;6.7%;13.3%;;6.7%;;;;;;;;;;;;;;;;6.7%;
;;52500;Parallel Computing;202620;Spring 2026;LE1;11354;Grama, Ananth Y.;20.6%;17.6%;20.6%;4.4%;7.4%;2.9%;22.1%;1.5%;;;;;;;;;;1.5%;;;;;1.5%;
;;52700;Software Security;202620;Spring 2026;LE1;13549;Bianchi, Antonio;46.2%;7.7%;15.4%;15.4%;;7.7%;7.7%;;;;;;;;;;;;;;;;;
;;52800;Network Security;202620;Spring 2026;LE1;13563;Kate, Aniket Pundlik;15.4%;15.4%;;7.7%;7.7%;23.1%;23.1%;;;;;;;;;;;;;;;;7.7%;
;;53000;Intro Scient Visualiz;202620;Spring 2026;LE1;10607;Tricoche, Xavier M.;34.5%;17.2%;34.5%;3.4%;3.4%;;3.4%;;;;;;;;;;;;;;;;3.4%;
;;53500;Interact Comptr Graph;202620;Spring 2026;LE1;39069;Aliaga, Daniel G.;8.7%;21.7%;17.4%;8.7%;8.7%;4.3%;8.7%;;;8.7%;;;;;;;;;;;;;13.0%;
;;53600;Data Comm & Comp Netwk;202620;Spring 2026;LE1;10808;Addanki Venkata Lalitha Sesha Sai, Vamsi Krishna;23.5%;22.2%;32.1%;2.5%;3.7%;2.5%;11.1%;;;;;;1.2%;;;;;1.2%;;;;;;
;;54100;Database Systems;202620;Spring 2026;LE1;35096;Liu, Chunwei;7.0%;34.9%;20.9%;;4.7%;;30.2%;;;;;;;;;;;;;;;;2.3%;
;;55100;Cloud Computing Fundamentals;202620;Spring 2026;CLC;35099;Comer, Douglas E.;44.0%;26.0%;22.0%;2.0%;2.0%;;4.0%;;;;;;;;;;;;;;;;;
;;55800;Introduction To Robot Learning;202620;Spring 2026;ROB;21518;Qureshi, Ahmed H.;20.4%;20.4%;8.2%;4.1%;12.2%;10.2%;16.3%;2.0%;2.0%;2.0%;;;;;;;;;;;;;2.0%;
;;56500;Programming Languages;202620;Spring 2026;LE1;10474;Jagannathan, Suresh;34.1%;;6.8%;;15.9%;18.2%;;20.5%;;;;;;;;;;;;;;;4.5%;
;;57800;Statistical Machine Learning;202620;Spring 2026;LE1;11434;Makur, Anuran;54.2%;20.8%;8.3%;;;;8.3%;;;;;;;;;;;;;;;;8.3%;
;;58000;Alg Design Anly & Impl;202620;Spring 2026;LE1;59552;Dey, Tamal K.;15.9%;27.3%;2.3%;2.3%;9.1%;9.1%;18.2%;4.5%;;4.5%;;;;;;;;;;;;;6.8%;
;;58400;Thry Comp/Comp Complex;202620;Spring 2026;LE1;24074;Zhan, Wei;15.2%;24.2%;6.1%;3.0%;9.1%;3.0%;24.2%;;;;;;;;3.0%;;;;;;;;12.1%;
;;58500;TCS Toolkit;202620;Spring 2026;TCS;10358;Zhang, Ruizhe;40.9%;4.5%;18.2%;22.7%;;;;;;;;;;;;;;9.1%;;;;;4.5%;
;;58700;Foundations Of Deep Learning;202620;Spring 2026;DPL;21637;Felisberto Martins Ribeiro, Bruno;16.5%;35.3%;10.6%;1.2%;9.4%;1.2%;14.1%;;;;;;;;;;;;;;;;11.8%;
;;59100;CERIAS Security Seminar;202620;Spring 2026;SEC;14717;Xiao, Hanshen;;;;;;;;;;;;;;;;;;100.0%;;;;;;
;;59200;AI Agentic Security;202620;Spring 2026;AAS;35109;Bertino, Elisa;41.7%;;29.2%;25.0%;;;;;;;;4.2%;;;;;;;;;;;;
;;;Appls Of ML And Explainable Al;202620;Spring 2026;EAI;35110;Bhargava, Bharat K.;20.0%;25.0%;30.0%;;;;20.0%;;;;;;;;;;;;;;;;5.0%;
;;;Auto Reasoning/ML Integration;202620;Spring 2026;MLI;35106;Xue, Yexiang;69.0%;3.4%;20.7%;3.4%;;;;;;;;;;;;;;;;;;;3.4%;
;;;Computational Interaction;202620;Spring 2026;CI1;37635;Wu, Jason;29.4%;17.6%;5.9%;17.6%;5.9%;5.9%;17.6%;;;;;;;;;;;;;;;;;
;;;Vector Databases;202620;Spring 2026;VBD;35105;Wang, Jianguo;83.3%;;;8.3%;;;;;;;;;;;;;;8.3%;;;;;;
;;59300;Comp Vision With Deep Learning;202620;Spring 2026;CVD;40403;Nousias, Sotirios;32.0%;20.0%;16.0%;;4.0%;;24.0%;;;;;;;;;;;4.0%;;;;;;
;;;Principles Comp Architecture;202620;Spring 2026;PCA;40404;Taram, Mohammadkazem;26.9%;7.7%;30.8%;7.7%;7.7%;3.8%;11.5%;;;;;;;;;;;3.8%;;;;;;
;;;Software Engineering /Robotics;202620;Spring 2026;SER;39076;Kingston, Zachary K.;20.0%;20.0%;48.0%;;;;;4.0%;;4.0%;;;;;;;;;;;;;4.0%;
;;;Trustworthy Machine Learning;202620;Spring 2026;TML;39886;Xiao, Hanshen;58.6%;;13.8%;20.7%;;;;;;;;;;;;;;;;;;;6.9%;
;;69900;Research PhD Thesis;202620;Spring 2026;009;13120;Bertino, Elisa;;;;;;;;;;;;;;;;;;;;100.0%;;;;
;;;;;;030;13141;Kihara, Daisuke;;;;;;;;;;;;;;;;;;;;100.0%;;;;
;;;;;;036;13119;Zhang, Xiangyu;;;;;;;;;;;;;;;;;;;;100.0%;;;;
;;;;;;058;18343;Goldwasser, Dan;;;;;;;;;;;;;;;;;;;;100.0%;;;;
;;;;;;114;29058;Zhang, Tianyi;;;;;;;;;;;;;;;;;;;;100.0%;;;;
;;;;;;120;31165;Bera, Aniket;;;;;;;;;;;;;;;;;;;;100.0%;;;;
;;;;;;134;69128;Saparov, Abulhair;;;;;;;;;;;;;;;;;;;;100.0%;;;;
CSR;CSR-Consumer Science;10300;Intro To Personal Finance;202620;Spring 2026;001;30269;Adamiec, Larissa J.;15.2%;13.9%;;;12.7%;11.5%;12.7%;4.8%;3.6%;9.1%;3.0%;;3.0%;;1.8%;;;4.2%;;;;;4.2%;
;;20000;Prof Dev In Consumer Science;202620;Spring 2026;001;37492;Love, Samantha N.;9.1%;4.5%;68.2%;;13.6%;;;4.5%;;;;;;;;;;;;;;;;
;;;;;;002;37494;Love, Samantha N.;14.3%;21.4%;50.0%;;7.1%;;;7.1%;;;;;;;;;;;;;;;;
;;;;;;003;38267;Love, Samantha N.;27.3%;9.1%;22.7%;;22.7%;9.1%;9.1%;;;;;;;;;;;;;;;;;
;;;;;;004;38270;Love, Samantha N.;27.3%;22.7%;22.7%;;4.5%;4.5%;4.5%;4.5%;4.5%;;;;;;4.5%;;;;;;;;;
;;28200;Customer Relation Mgmt;202620;Spring 2026;001;24363;Bies, Amanda R.;20.0%;22.0%;36.0%;;4.0%;4.0%;8.0%;;4.0%;;;;;;;;;;;;;;2.0%;
;;;;;;002;15062;Bies, Amanda R.;29.2%;18.8%;16.7%;;4.2%;8.3%;12.5%;2.1%;;;;;;;2.1%;;;;;;;;6.3%;
;;;;;;003;39027;Gonzalez Forero, Maria Catalina;2.3%;20.5%;2.3%;;15.9%;13.6%;15.9%;;4.5%;13.6%;;;4.5%;;2.3%;;;;;;;;4.5%;
;;30700;Field Exp In SSM;202620;Spring 2026;001;16850;Helfert, Rene M.;55.6%;11.1%;16.7%;;;;11.1%;;;;;;;;;;;;;;;;5.6%;
;;30900;Leadership Strategies;202620;Spring 2026;001;24332;Nicely, Annmarie J.;2.3%;9.3%;25.6%;;11.6%;11.6%;11.6%;2.3%;7.0%;2.3%;4.7%;;4.7%;;2.3%;;;;;;;;4.7%;
;;;;;;002;35283;Runyan, Rodney C.;7.0%;14.0%;;;14.0%;18.6%;9.3%;4.7%;9.3%;4.7%;4.7%;;2.3%;;4.7%;;;;;;;;7.0%;
;;31000;Buying Of Merchandise;202620;Spring 2026;001;37471;Kang, Ji Yun;27.6%;27.6%;10.3%;;17.2%;10.3%;3.4%;3.4%;;;;;;;;;;;;;;;;
;;31500;Relationship Selling;202620;Spring 2026;001;10558;Jung, Shinyong;39.6%;29.2%;;;8.3%;8.3%;12.5%;2.1%;;;;;;;;;;;;;;;;
;;32300;Visual Merchandising;202620;Spring 2026;001;29318;Kang, Ji Yun;16.7%;22.2%;16.7%;;5.6%;22.2%;5.6%;;;11.1%;;;;;;;;;;;;;;
;;33100;Consumer Behavior;202620;Spring 2026;001;63338;Abdinoor, Julie M.;64.3%;;;;25.0%;;;7.1%;;;;;;;;;;;;;;;3.6%;
;;;;;;002;16257;Cai, Liping A.;4.0%;20.0%;4.0%;;44.0%;;12.0%;;;8.0%;;;;;4.0%;;;;;;;;4.0%;
;;34200;Personal Finance;202620;Spring 2026;001;15195;Adamiec, Larissa J.;52.4%;9.5%;;;7.1%;7.1%;2.4%;4.8%;;2.4%;2.4%;;;;7.1%;;;;;;;;4.8%;
;;34400;Fundamentals Of Negotiations;202620;Spring 2026;001;13092;Abdinoor, Julie M.;47.5%;;;;47.5%;;;5.0%;;;;;;;;;;;;;;;;
;;38600;Risk Management;202620;Spring 2026;001;27211;Adamiec, Larissa J.;7.5%;7.5%;;;2.5%;17.5%;10.0%;2.5%;10.0%;25.0%;;;2.5%;;2.5%;;;;;;;;12.5%;
;;40400;Strategic Mgmt For Svc Ind;202620;Spring 2026;001;38848;Lee, Seon Jeong;31.6%;5.3%;31.6%;;10.5%;15.8%;;5.3%;;;;;;;;;;;;;;;;
;;;;;;002;38849;Kwak, Soo Yeon;23.5%;23.5%;5.9%;;11.8%;11.8%;17.6%;;;5.9%;;;;;;;;;;;;;;
;;;;;;003;38850;Nicely, Annmarie J.;10.5%;15.8%;;;5.3%;21.1%;10.5%;10.5%;15.8%;;;;5.3%;;5.3%;;;;;;;;;
;;;;;;004;38851;Sun, Jiong;;6.3%;;;43.8%;12.5%;31.3%;;;6.3%;;;;;;;;;;;;;;
;;40600;E-Retailing;202620;Spring 2026;001;27213;Strunk, Daniel P.;52.9%;29.4%;;;5.9%;;11.8%;;;;;;;;;;;;;;;;;
;;41500;Sales Force Management;202620;Spring 2026;001;52677;Abdinoor, Julie M.;87.5%;;;;10.4%;;;2.1%;;;;;;;;;;;;;;;;
;;41800;Selling & Sales Mgmt Capstone;202620;Spring 2026;001;16889;Strunk, Daniel P.;3.3%;10.0%;;;40.0%;30.0%;10.0%;6.7%;;;;;;;;;;;;;;;;
;;;;;;002;17631;Strunk, Daniel P.;3.4%;3.4%;;;69.0%;6.9%;13.8%;;;3.4%;;;;;;;;;;;;;;
;;48100;Ethics & Behav In Financ Plng;202620;Spring 2026;001;21535;Heo, Wookjae;25.6%;17.9%;2.6%;;5.1%;7.7%;28.2%;5.1%;2.6%;2.6%;;;;;;;;;;;;;2.6%;
;;48500;Case Stds In Fin Plan;202620;Spring 2026;001;26877;Heo, Wookjae;65.5%;17.2%;3.4%;;3.4%;;10.3%;;;;;;;;;;;;;;;;;
DANC;DANC-Dance;10100;Modern Dance Technique I;202620;Spring 2026;001;22950;Mcewen, Joy C.;23.5%;;76.5%;;;;;;;;;;;;;;;;;;;;;
;;;;;;005;39749;Murray, Renee L.;13.6%;4.5%;59.1%;;9.1%;4.5%;;;;;;;;;9.1%;;;;;;;;;
;;10200;Ballet I;202620;Spring 2026;001;16921;Iliev, Petre G.;96.2%;;;3.8%;;;;;;;;;;;;;;;;;;;;
;;;;;;002;25938;Iliev, Petre G.;88.5%;;11.5%;;;;;;;;;;;;;;;;;;;;;
;;;;;;006;39752;Iliev, Petre G.;57.7%;;26.9%;;;;;;;;;;;;;;;;;;;;15.4%;
;;10300;Jazz Dance I;202620;Spring 2026;001;33405;Kim, Vivian;32.1%;3.6%;57.1%;;;;3.6%;;;;;;;;;;;;;;;;3.6%;
;;10400;Hip Hop I;202620;Spring 2026;001;39764;Kim, Vivian;42.9%;7.1%;42.9%;;;;3.6%;;;;;;;;3.6%;;;;;;;;;
;;20100;Modern Dance Technique II;202620;Spring 2026;001;16930;Murray, Renee L.;31.6%;;68.4%;;;;;;;;;;;;;;;;;;;;;
;;20200;Ballet II;202620;Spring 2026;001;16931;Iliev, Petre G.;38.5%;;46.2%;3.8%;;;;;;;;;;;;;;7.7%;;;;;3.8%;
;;20300;Jazz Dance II;202620;Spring 2026;001;39755;Hickey, Kathleen M.;20.8%;8.3%;58.3%;;4.2%;;;4.2%;;;;;;;;;;;;;;;4.2%;
;;24500;Practicum Dance Perf;202620;Spring 2026;001;16937;Hickey, Kathleen M.;5.3%;1.8%;91.2%;;;1.8%;;;;;;;;;;;;;;;;;;
;;26100;Contact Improvisation;202620;Spring 2026;002;17072;Jaycox, Holly A.;21.4%;7.1%;50.0%;;;;;;;;;;;;;;;7.1%;;;;;14.3%;
;;30000;Performance Production;202620;Spring 2026;001;39759;Kim, Vivian;;;100.0%;;;;;;;;;;;;;;;;;;;;;
;;30100;Modern Dance Technique III;202620;Spring 2026;001;10010;Hickey, Kathleen M.;61.5%;7.7%;23.1%;;7.7%;;;;;;;;;;;;;;;;;;;
DCTC;DCTC-Defense Civiln Trng Corps;30200;Explore DoD Acquisition Enviro;202620;Spring 2026;002;41095;Callahan, Ken D.;92.3%;;;;;7.7%;;;;;;;;;;;;;;;;;;
EAPS;EAPS-Earth Atmos Planetary Sci;10000;Planet Earth;202620;Spring 2026;001;13767;Couillard, Maxim H.;25.7%;21.0%;35.7%;;3.3%;4.0%;6.0%;0.3%;0.7%;0.7%;;;0.3%;;1.7%;;;0.3%;;;;;0.3%;
;;;;;;002;13768;Tremblay, Marissa M.;29.3%;7.3%;30.5%;;4.9%;8.5%;7.3%;1.2%;;3.7%;;1.2%;;;3.7%;;;;;;;;2.4%;
;;10400;Oceanography;202620;Spring 2026;002;21798;Nelson, Jennifer A.;26.0%;10.7%;30.6%;;6.4%;3.8%;6.6%;1.2%;1.7%;4.0%;0.3%;0.9%;0.9%;;2.3%;;;;;;;;4.6%;
;;;;;;003;39001;Michalski, Greg M.;50.4%;;2.5%;;26.1%;;;5.5%;0.2%;;2.2%;0.7%;;;1.0%;3.7%;;0.5%;;;;;7.2%;
;;10500;The Planets;202620;Spring 2026;001;63386;Freed, Andrew M.;31.2%;17.2%;20.7%;;7.6%;3.2%;10.2%;3.5%;2.3%;1.5%;1.7%;;;;0.3%;;;;;;;;0.6%;
;;;;;;002;25366;Freed, Andrew M.;35.9%;21.6%;18.6%;;6.1%;2.1%;10.0%;0.9%;0.9%;2.1%;0.7%;;;;0.4%;;;0.1%;;;;;0.6%;
;;10600;Geosciences Cinema;202620;Spring 2026;002;12736;Freed, Andrew M.;27.3%;13.4%;32.0%;;6.1%;2.2%;9.8%;2.0%;1.2%;2.9%;1.0%;;;;1.0%;;;;;;;;1.2%;
;;;;;;003;23884;Freed, Andrew M.;30.7%;17.4%;30.2%;;5.5%;1.9%;8.8%;1.3%;0.8%;1.6%;0.5%;;;;0.6%;;;0.1%;;;;;0.6%;
;;10900;Dynamic Earth;202620;Spring 2026;001;11991;Michalski, Greg M.;42.9%;;;;21.4%;;14.3%;14.3%;;;;;;;;;;;;;;;7.1%;
;;11100;Physical Geology;202620;Spring 2026;001;16960;Haq, Saad S.;43.4%;12.8%;21.3%;;4.7%;3.4%;10.2%;1.7%;0.4%;0.4%;;;;;0.9%;;;;;;;;0.9%;
;;;Physical Geology-Honors;202620;Spring 2026;001;16960;Haq, Saad S.;50.0%;;50.0%;;;;;;;;;;;;;;;;;;;;;
;;11200;Earth Through Time;202620;Spring 2026;001;45528;Bryant, Roger N.;31.0%;4.8%;52.9%;;4.3%;1.0%;1.9%;1.0%;0.5%;1.4%;;;1.0%;;;;;;;;;;0.5%;
;;11600;Earthquakes Volcanoes;202620;Spring 2026;001;10477;Nelson, Jennifer A.;32.5%;11.9%;28.5%;;9.3%;0.7%;7.9%;2.0%;0.7%;2.0%;;;0.7%;;;;;;;;;;4.0%;
;;11800;Introduction To Earth Sciences;202620;Spring 2026;002;25825;Prissel, Tabb C.;58.3%;;16.7%;;16.7%;;;;;;;;;;;;;;;;;;8.3%;
;;12000;Intro To Geography;202620;Spring 2026;001;35940;Zhuang, Qianlai;14.1%;4.4%;49.3%;;4.7%;2.3%;5.7%;3.4%;0.3%;1.7%;3.0%;1.3%;0.7%;;3.4%;;;0.7%;;;;;5.0%;
;;12500;Environmental Scienc & Conserv;202620;Spring 2026;001;10292;Adeniji, Adebola E.;24.2%;15.2%;21.2%;;9.1%;9.1%;12.1%;;;;;;3.0%;;6.1%;;;;;;;;;
;;13800;T-Storms & Tornadoes;202620;Spring 2026;001;12037;Couillard, Maxim H.;10.8%;3.6%;10.8%;;9.6%;6.0%;12.0%;7.2%;2.4%;7.2%;3.6%;;3.6%;;10.8%;;;1.2%;;;;;10.8%;
;;20000;Water World;202620;Spring 2026;001;35944;Frisbee, Marty D.;8.3%;8.3%;13.9%;;5.6%;5.6%;30.6%;8.3%;5.6%;8.3%;;;;;2.8%;;;;;;;;2.8%;
;;;Water World-Honors;202620;Spring 2026;001;35944;Frisbee, Marty D.;;;100.0%;;;;;;;;;;;;;;;;;;;;;
;;20500;Fundamentals Planet Sci;202620;Spring 2026;002;25945;Horgan, Briony H.;28.0%;12.0%;12.0%;;4.0%;8.0%;20.0%;4.0%;8.0%;;;;;;4.0%;;;;;;;;;
;;22100;Survey Atmos Science;202620;Spring 2026;001;12076;Orton, Andrea E.;11.1%;2.8%;41.7%;;5.6%;5.6%;19.4%;;5.6%;;;;2.8%;;;;;;;;;;5.6%;
;;;Survey Atmos Science-Honors;202620;Spring 2026;001;12076;Orton, Andrea E.;100.0%;;;;;;;;;;;;;;;;;;;;;;;
;;23001;Lab Atmos Sci: Wther&Clim Data;202620;Spring 2026;001;31531;Prabhakar, Gouri;11.5%;3.8%;73.1%;;;;;3.8%;;;;;;;3.8%;;;;;;;;3.8%;
;;30900;Computer Analysis Geos;202620;Spring 2026;002;16288;Yang, Xiaotao;12.5%;12.5%;56.3%;;;6.3%;12.5%;;;;;;;;;;;;;;;;;
;;31201;Earth Systems Sci For Elem;202620;Spring 2026;001;24808;Ballotti, Dean M.;70.0%;4.3%;;;7.1%;2.9%;7.1%;;;4.3%;1.4%;;;;2.9%;;;;;;;;;
;;31900;Exploring Earth Through Time;202620;Spring 2026;001;27355;Ridgway, Kenneth D.;47.4%;5.3%;10.5%;;;15.8%;10.5%;10.5%;;;;;;;;;;;;;;;;
;;32700;Climate, Science & Society;202620;Spring 2026;008;15509;Nelson, Jennifer A.;22.7%;12.2%;47.2%;;3.1%;2.6%;6.6%;1.7%;;1.7%;;;0.4%;;0.9%;;;;;;;;0.9%;
;;;Climate,Science&Society-Honors;202620;Spring 2026;008;15509;Nelson, Jennifer A.;;;100.0%;;;;;;;;;;;;;;;;;;;;;
;;34400;Petrology;202620;Spring 2026;002;25947;Prissel, Kelsey;69.2%;;;;7.7%;;15.4%;;;7.7%;;;;;;;;;;;;;;
;;35200;Structural Geology;202620;Spring 2026;001;16243;Haq, Saad S.;18.2%;18.2%;27.3%;;9.1%;;27.3%;;;;;;;;;;;;;;;;;
;;35400;Earth/Planetary Geophysics;202620;Spring 2026;002;54987;Sori, Michael M.;11.1%;18.5%;11.1%;;14.8%;;11.1%;18.5%;7.4%;;3.7%;;3.7%;;;;;;;;;;;
;;;Earth/Plantry Geophys-Honors;202620;Spring 2026;002;54987;Sori, Michael M.;;;;;;;;;;100.0%;;;;;;;;;;;;;;
;;36000;Great Issues Climate Chg Soc;202620;Spring 2026;002;36035;Prabhakar, Gouri;23.8%;26.2%;19.0%;;11.9%;11.9%;2.4%;;;2.4%;;;;;;;;;;;;;2.4%;
;;;;;;003;36036;Conway, Erik M.;29.4%;20.6%;38.2%;;;;5.9%;;;;;;;;;2.9%;;;;;;;2.9%;
;;;Grt Issues Clmt Chg Soc-Honors;202620;Spring 2026;002;36035;Prabhakar, Gouri;;50.0%;50.0%;;;;;;;;;;;;;;;;;;;;;
;;37500;Fossil Fuels, Energy & Society;202620;Spring 2026;001;45231;Delph, Jonathan R.;15.8%;14.7%;;;29.5%;10.5%;14.7%;2.1%;1.1%;5.3%;1.1%;;;;4.2%;;;;;;;;1.1%;
;;;;;;002;36079;Ballotti, Dean M.;71.5%;6.5%;;;4.9%;2.4%;7.3%;0.8%;0.8%;2.4%;0.8%;;;;0.8%;;;;;;;;1.6%;
;;39500;Astrobiology;202620;Spring 2026;001;39090;Olson, Stephanie L.;45.0%;30.0%;5.0%;;2.5%;10.0%;5.0%;;;;;;;;;;;;;;;;2.5%;
;;40000;PLSI Capstone;202620;Spring 2026;001;25770;Sciascia Borlina, Caue;7.1%;14.3%;71.4%;;;;7.1%;;;;;;;;;;;;;;;;;
;;42200;Atmos Dynamics I;202620;Spring 2026;001;16316;Orton, Andrea E.;;;100.0%;;;;;;;;;;;;;;;;;;;;;
;;47700;Earth And Planetary GIS;202620;Spring 2026;001;31107;Bramson, Ali;44.4%;3.7%;;;18.5%;3.7%;14.8%;3.7%;3.7%;;;;3.7%;;3.7%;;;;;;;;;
;;50600;Cosmochemistry & Geochemistry;202620;Spring 2026;001;39186;Wiens, Roger C.;61.5%;7.7%;23.1%;;;7.7%;;;;;;;;;;;;;;;;;;
;;52300;Radar Meteorology;202620;Spring 2026;001;39170;Tanamachi, Robin L.;20.0%;13.3%;60.0%;;;6.7%;;;;;;;;;;;;;;;;;;
;;52500;Boundary Layer Meteor;202620;Spring 2026;001;40306;Vermeuel, Michael P.;35.7%;21.4%;14.3%;7.1%;14.3%;7.1%;;;;;;;;;;;;;;;;;;
;;53200;Cloud And Precip Microphysics;202620;Spring 2026;001;13853;Dawson, Daniel T.;55.6%;;;;22.2%;;;22.2%;;;;;;;;;;;;;;;;
;;53400;Hurricanes And Tropical Met;202620;Spring 2026;001;39175;Chavas, Daniel R.;66.7%;8.3%;8.3%;;16.7%;;;;;;;;;;;;;;;;;;;
;;59100;Gravity And Magnetics;202620;Spring 2026;133;41044;Delph, Jonathan R.;100.0%;;;;;;;;;;;;;;;;;;;;;;;
;;;Magmatic Plumbing Systems;202620;Spring 2026;130;39207;Eddy, Michael P.;92.9%;;;7.1%;;;;;;;;;;;;;;;;;;;;
;;;Solar System: ASTRBIOL Mission;202620;Spring 2026;127;39202;Horgan, Briony H.;46.2%;;38.5%;15.4%;;;;;;;;;;;;;;;;;;;;
;;69100;Colloquium In EAPS;202620;Spring 2026;001;17063;Johnson, Alexandria V.;;;93.3%;;;;;;;;;;;;;6.7%;;;;;;;;
ECE;ECE-Electrical & Computer Engr;20001;Elect Engr Fundmntls I-Honors;202620;Spring 2026;006;13868;Hashemi, Abolfazl;40.0%;;40.0%;;;;;20.0%;;;;;;;;;;;;;;;;
;;;;;;023;16662;Diaz Rivas, Rosa E.;;;;;100.0%;;;;;;;;;;;;;;;;;;;
;;;;;;025;24561;Manning, Benjamin T.;33.3%;;66.7%;;;;;;;;;;;;;;;;;;;;;
;;;Electrical Engr Fund I-Honors;202620;Spring 2026;006;13868;Hashemi, Abolfazl;20.0%;20.0%;20.0%;;20.0%;;;;;20.0%;;;;;;;;;;;;;;
;;;;;;023;16662;Diaz Rivas, Rosa E.;7.1%;;21.4%;;21.4%;14.3%;7.1%;;;21.4%;;;7.1%;;;;;;;;;;;
;;;;;;025;24561;Manning, Benjamin T.;9.1%;;63.6%;;18.2%;9.1%;;;;;;;;;;;;;;;;;;
;;;Electrical Engr Fundamentals I;202620;Spring 2026;006;13868;Hashemi, Abolfazl;4.8%;3.2%;3.4%;;6.1%;6.8%;5.2%;10.9%;14.7%;15.2%;10.0%;3.6%;3.8%;;8.1%;;;;;;;;4.3%;
;;;;;;023;16662;Diaz Rivas, Rosa E.;7.4%;4.1%;2.5%;;11.3%;7.0%;6.1%;11.7%;13.5%;13.3%;7.7%;3.4%;3.8%;;3.2%;;;;;;;;5.0%;
;;;;;;025;24561;Manning, Benjamin T.;5.4%;5.9%;5.2%;;7.5%;7.2%;5.4%;18.3%;10.6%;16.5%;8.1%;1.6%;3.6%;;2.3%;;;;;;;;2.3%;
;;20002;Elect Engr Fundamental II;202620;Spring 2026;002;19651;Lukens, Joseph M.;17.5%;;2.4%;;26.4%;;;30.7%;;;18.4%;;;;1.9%;;;;;;;;2.8%;
;;;;;;003;19652;Makin, Joseph G.;11.2%;;1.9%;;26.6%;;;35.0%;;;17.3%;;;;4.2%;;;;;;;;3.7%;
;;;;;;004;10473;Jung, Byunghoo;10.4%;;0.6%;;21.5%;;;31.3%;;;23.3%;;;;8.0%;0.6%;;;;;;;4.3%;
;;20007;Elec Engr Fundamentals I Lab;202620;Spring 2026;001;19654;Imran, Mohammed Thushar;21.7%;10.9%;58.7%;;;;4.3%;;;;;;;;;;;;;;;;4.3%;
;;;;;;002;19657;Pena Alegre, Roy Daly;30.4%;4.3%;54.3%;;4.3%;;4.3%;;;2.2%;;;;;;;;;;;;;;
;;;;;;004;19665;Parash, Hayder Jahan;19.6%;4.3%;73.9%;;;;2.2%;;;;;;;;;;;;;;;;;
;;;;;;006;19667;Pena Alegre, Roy Daly;15.6%;;73.3%;;;2.2%;6.7%;;;;;;;;;;;;;;;;2.2%;
;;;;;;009;19671;Karmakar, Shrija;28.3%;10.9%;56.5%;;;;2.2%;;;;;;;;;;;;;;;;2.2%;
;;;;;;011;19674;Psencik, Jaden A.;12.2%;4.9%;61.0%;;;2.4%;7.3%;;;;;;;;2.4%;;;;;;;;9.8%;
;;;;;;012;19675;Parash, Hayder Jahan;15.2%;4.3%;76.1%;;2.2%;;2.2%;;;;;;;;;;;;;;;;;
;;;;;;013;13871;Rattan, Arpita;10.9%;2.2%;80.4%;;;2.2%;2.2%;;;;;;;;;;;;;;;;2.2%;
;;;;;;014;23030;Nelson, David R.;13.0%;4.3%;78.3%;;;;;;;;;;;;2.2%;;;;;;;;2.2%;
;;;;;;015;23031;Rank, Soumya Navnit;12.5%;6.3%;71.9%;;;3.1%;;;;3.1%;;;;;;;;;;;;;3.1%;
;;;;;;016;23032;Nelson, David R.;4.3%;8.7%;82.6%;;2.2%;;2.2%;;;;;;;;;;;;;;;;;
;;;;;;017;23035;Rattan, Arpita;6.5%;;91.3%;;;;;;;;;;;;2.2%;;;;;;;;;
;;;;;;018;23037;Singh, Arnav;28.9%;6.7%;48.9%;;;;6.7%;;;;;;;;4.4%;;;;;;;;4.4%;
;;;;;;019;23045;Pundith, Vinay;10.9%;8.7%;63.0%;;4.3%;4.3%;2.2%;;;;;;;;;;;;;;;;6.5%;
;;;;;;020;26653;Pujary, Vaidehi;21.7%;2.2%;60.9%;;6.5%;2.2%;4.3%;;;;;;;;2.2%;;;;;;;;;
;;;;;;021;26654;Chang, Shao-Yuan;17.4%;4.3%;73.9%;;;2.2%;;;;;;;;;;;;;;;;;2.2%;
;;;;;;022;22727;Rank, Soumya Navnit;8.7%;4.3%;69.6%;;;;6.5%;;;;;;;;2.2%;;;;;;;;8.7%;
;;;;;;023;22728;Caccamise, Lauren;10.9%;10.9%;69.6%;;;;;;;;2.2%;;;;;2.2%;;;;;;;4.3%;
;;;;;;024;23908;Caccamise, Lauren;20.0%;4.4%;68.9%;;;;2.2%;;;;;;;;2.2%;;;;;;;;2.2%;
;;;;;;025;23943;Psencik, Jaden A.;23.9%;10.9%;54.3%;;2.2%;;4.3%;;;;;;;;2.2%;;;;;;;;2.2%;
;;;;;;039;41218;Karmakar, Shrija;23.9%;4.3%;60.9%;;4.3%;;6.5%;;;;;;;;;;;;;;;;;
;;;;;;040;41219;Pujary, Vaidehi;27.3%;12.1%;51.5%;;;;6.1%;;;;;;;;3.0%;;;;;;;;;
;;;;;;041;41220;Huang, Tony;19.6%;;65.2%;;;;13.0%;;;;;;;;;;;;;;;;2.2%;
;;;;;;042;41933;Huang, Tony;19.6%;2.2%;63.0%;;;2.2%;2.2%;;;;;;4.3%;;;;;;;;;;6.5%;
;;20008;Elec Engr Fundamentals II Lab;202620;Spring 2026;001;19676;Dakroury, Karim Yasser Hisham;38.7%;;35.5%;;12.9%;3.2%;;;;3.2%;;;;;3.2%;;;;;;;;3.2%;
;;;;;;002;19678;Chappidi, Abhishek Kumar Reddy;41.9%;3.2%;25.8%;;12.9%;;3.2%;;;;6.5%;3.2%;;;;;;;;;;;3.2%;
;;;;;;003;19680;Du, Shuting;31.6%;10.5%;31.6%;;5.3%;;;5.3%;;;10.5%;;;;5.3%;;;;;;;;;
;;;;;;004;19683;Porter, Jonathan K.;50.0%;3.1%;15.6%;;6.3%;;6.3%;3.1%;;3.1%;3.1%;;3.1%;;3.1%;;;;;;;;3.1%;
;;;;;;005;19684;Chappidi, Abhishek Kumar Reddy;60.0%;6.7%;20.0%;;;;;6.7%;;;;;;;6.7%;;;;;;;;;
;;;;;;006;19685;Shin, Young Tae;37.0%;7.4%;7.4%;;22.2%;3.7%;18.5%;;;;;;;;3.7%;;;;;;;;;
;;;;;;007;23047;Porter, Jonathan K.;43.8%;6.3%;40.6%;;9.4%;;;;;;;;;;;;;;;;;;;
;;;;;;008;18612;Shin, Young Tae;41.9%;;35.5%;;3.2%;;6.5%;3.2%;;6.5%;;;;;3.2%;;;;;;;;;
;;;;;;010;32322;Shovan, Saumik Dey;40.6%;9.4%;15.6%;;3.1%;;6.3%;9.4%;;9.4%;;;;;6.3%;;;;;;;;;
;;;;;;011;32323;Du, Shuting;65.6%;3.1%;18.8%;;6.3%;;3.1%;;;;;;;;3.1%;;;;;;;;;
;;;;;;013;41221;Dakroury, Karim Yasser Hisham;34.4%;9.4%;34.4%;;9.4%;;3.1%;;;;;;;;3.1%;;;;;;;;6.3%;
;;20869;Discrete Math For Comput Engr;202620;Spring 2026;001;36176;Qiu, Xiaokang;11.0%;6.2%;9.0%;;18.6%;6.9%;8.3%;10.3%;2.8%;5.5%;1.4%;;3.4%;;7.6%;0.7%;;;;;;;8.3%;
;;20875;Python For Data Science;202620;Spring 2026;001;20850;Uslu, Suleyman;35.6%;19.0%;8.0%;;11.0%;4.9%;10.4%;2.5%;1.2%;2.5%;1.8%;;;;1.8%;;;;;;;;1.2%;
;;;;;;002;24462;Ding, Yi;17.3%;21.2%;2.9%;;10.6%;12.5%;12.5%;1.9%;1.9%;9.6%;;;1.0%;;3.8%;;;;;;;;4.8%;
;;;;;;003;23059;Uslu, Suleyman;20.3%;17.0%;8.5%;;11.8%;13.1%;10.5%;2.6%;2.0%;3.3%;0.7%;;0.7%;;3.9%;;;;;;;;5.9%;
;;;Python For Data Science-Honors;202620;Spring 2026;003;23059;Uslu, Suleyman;;;;;100.0%;;;;;;;;;;;;;;;;;;;
;;26400;Advanced C Programming;202620;Spring 2026;002;55491;Kim, Jongwook;28.7%;20.2%;7.8%;;17.8%;1.6%;18.6%;1.6%;;0.8%;2.3%;;;;0.8%;;;;;;;;;
;;;;;;003;10318;Kim, Jongwook;26.4%;16.4%;17.3%;;14.5%;4.5%;12.7%;0.9%;;1.8%;;;0.9%;;2.7%;;;;;;;;1.8%;
;;;;;;004;26418;Wang, Xiaoqian;33.1%;15.9%;7.3%;;14.6%;4.6%;16.6%;;0.7%;1.3%;;0.7%;0.7%;;2.0%;;;;;;;;2.6%;
;;;Advanced C Programming-Honors;202620;Spring 2026;004;26418;Wang, Xiaoqian;100.0%;;;;;;;;;;;;;;;;;;;;;;;
;;27000;Intro Digitl Sys Desgn;202620;Spring 2026;018;63185;Li, Junfei;19.0%;11.6%;7.4%;;11.9%;8.4%;8.4%;10.3%;1.6%;8.7%;1.3%;1.0%;1.3%;;4.8%;0.3%;;;;;;;3.9%;
;;;;;;041;35845;Li, Junfei;11.1%;6.6%;5.9%;;14.4%;7.4%;8.5%;10.7%;4.1%;12.2%;2.2%;3.3%;4.4%;;4.4%;0.4%;;;;;;;4.4%;
;;29401;ECE Sophomore Seminar;202620;Spring 2026;001;13648;Seadeek, Jamie L.;87.8%;;;;8.3%;;;0.6%;;;;;;;1.1%;;;;;;;;2.2%;
;;;;;;003;25190;Rainwater, Angela S.;77.0%;;;;18.4%;;;;;;0.6%;;;;2.9%;0.6%;;;;;;;0.6%;
;;;;;;005;41893;Rainwater, Angela S.;83.3%;;;;8.3%;;;;;;;;;;4.8%;;;;;;;;3.6%;
;;30100;Signals And Systems;202620;Spring 2026;004;13890;Jacob, Zubin;14.0%;22.6%;;;10.8%;11.8%;12.9%;10.8%;5.4%;;2.2%;4.3%;;;3.2%;;;;;;;;2.2%;
;;;;;;006;40866;Zoltowski, Michael D.;38.9%;11.5%;12.7%;;12.1%;3.2%;11.5%;4.5%;2.5%;;1.9%;;;;1.3%;;;;;;;;;
;;;Signals And Systems-Honors;202620;Spring 2026;004;13890;Jacob, Zubin;;;;;;;;100.0%;;;;;;;;;;;;;;;;
;;;;;;006;40866;Zoltowski, Michael D.;;;100.0%;;;;;;;;;;;;;;;;;;;;;
;;30200;Probabilistic Methods;202620;Spring 2026;002;17166;Karbalay Ghareh, Mehdi;9.3%;11.1%;11.1%;;7.4%;7.4%;13.0%;5.6%;6.5%;6.5%;4.6%;4.6%;5.6%;;6.5%;;;;;;;;0.9%;
;;;;;;006;40867;Brinton, Christopher G.;11.2%;11.2%;6.1%;;10.7%;7.9%;7.9%;9.3%;9.8%;8.4%;6.5%;4.2%;2.8%;;3.7%;;;;;;;;;
;;30411;Electromagnetics I;202620;Spring 2026;001;19711;Elliott, Daniel S.;7.5%;3.8%;3.8%;;11.3%;11.3%;7.5%;26.3%;;8.8%;8.8%;;;;6.3%;;;;;;;;5.0%;
;;;;;;002;19712;Melloch, Michael R.;26.7%;2.5%;9.2%;;11.7%;1.7%;9.2%;19.2%;1.7%;2.5%;7.5%;0.8%;0.8%;;6.7%;;;;;;;;;
;;30412;Electromagnetics II;202620;Spring 2026;001;18895;Webb, Kevin J.;38.9%;9.3%;11.1%;;20.4%;1.9%;7.4%;3.7%;;;;;;;1.9%;;;;;;;;5.6%;
;;30416;Basics Of Engineering Optics;202620;Spring 2026;001;23901;Mckinney, Jason D.;87.5%;;;;;;;;;;6.3%;;;;6.3%;;;;;;;;;
;;30500;Semiconductor Devices;202620;Spring 2026;005;17782;Li, Tongcang;10.6%;17.0%;8.5%;;6.4%;8.5%;17.0%;4.3%;6.4%;6.4%;4.3%;2.1%;;;2.1%;;;;;;;;6.4%;
;;30600;Circuits & Systems Lab;202620;Spring 2026;001;17169;Nekoie, Masood;53.8%;23.1%;7.7%;;7.7%;;;;;;;;;;;;;;;;;;7.7%;
;;;;;;004;17172;Mohamed, Ahmed P.;57.1%;;21.4%;;7.1%;;;;;;;7.1%;;;;;;;;;;;7.1%;
;;;;;;005;21975;Nekoie, Masood;42.9%;7.1%;14.3%;;;14.3%;14.3%;7.1%;;;;;;;;;;;;;;;;
;;;;;;006;22385;Mohamed, Ahmed P.;37.5%;6.3%;50.0%;;;;6.3%;;;;;;;;;;;;;;;;;
;;30653;Intro To Nano, Qntm Sci & Tech;202620;Spring 2026;002;24813;Boltasseva, Alexandra;55.6%;;38.9%;;5.6%;;;;;;;;;;;;;;;;;;;
;;30800;Sysm Simul & Contr Lab;202620;Spring 2026;002;17175;Samadi, Saba;69.2%;7.7%;23.1%;;;;;;;;;;;;;;;;;;;;;
;;;;;;003;32278;Samadi, Saba;35.7%;7.1%;28.6%;;21.4%;;7.1%;;;;;;;;;;;;;;;;;
;;30834;Fund Of Computer Graphics;202620;Spring 2026;001;29046;Bera, Aniket;21.2%;;69.2%;;1.9%;;3.8%;1.9%;;;;;;;;;;;;;;;1.9%;
;;30862;Obj Orient Prog C++ &Java;202620;Spring 2026;001;40611;Uslu, Suleyman;4.0%;17.3%;25.3%;;5.3%;9.3%;17.3%;1.3%;1.3%;6.7%;2.7%;1.3%;;;1.3%;;;;;;;;6.7%;
;;30864;Software Engineering Tools;202620;Spring 2026;001;10468;France, Stephen P.;42.3%;7.7%;11.5%;;11.5%;7.7%;3.8%;;7.7%;;3.8%;;;;;;;;;;;;3.8%;
;;;;;;002;10469;France, Stephen P.;40.9%;4.5%;18.2%;;13.6%;;4.5%;4.5%;;4.5%;;;;;;;;;;;;;9.1%;
;;;;;;004;32279;France, Stephen P.;25.0%;15.0%;30.0%;;10.0%;;10.0%;;5.0%;;;;;;;;;;;;;;5.0%;
;;31032;Power Systems Engineering;202620;Spring 2026;001;39442;Qin, Junjie;18.3%;17.4%;25.2%;;12.2%;6.1%;14.8%;0.9%;0.9%;2.6%;;;;;;;;;;;;;1.7%;
;;31033;Power Electronics;202620;Spring 2026;001;68882;Pekarek, Steven D.;14.6%;3.7%;3.7%;;12.2%;3.7%;3.7%;8.5%;2.4%;;20.7%;6.1%;;;4.9%;;;2.4%;;;;;13.4%;
;;32100;Electromech Motion Dev;202620;Spring 2026;002;41466;Chatterjee, Prateekee;7.3%;7.3%;12.2%;2.4%;7.3%;7.3%;4.9%;7.3%;2.4%;12.2%;4.9%;;9.8%;;4.9%;;;;;;;;9.8%;
;;33700;ASIC Design Lab;202620;Spring 2026;015;13558;Swabey, Matthew A.;13.4%;6.7%;2.7%;;17.9%;8.0%;5.8%;10.7%;1.3%;4.9%;1.8%;;1.3%;;9.8%;0.4%;;0.4%;;;;;14.7%;
;;36200;Micropro Sys & Intrfac;202620;Spring 2026;001;17186;Ghodsi, Zahra;14.0%;14.8%;15.7%;;12.3%;8.1%;8.9%;7.6%;1.7%;5.1%;1.7%;2.1%;2.5%;;2.1%;;;;;;;;3.4%;
;;36800;Data Structures;202620;Spring 2026;001;17208;Koh, Cheng-Kok;57.7%;2.4%;1.4%;;9.6%;;4.3%;6.3%;1.4%;2.4%;3.4%;0.5%;0.5%;;4.3%;;;;;;;;5.8%;
;;38200;Fdbk Sys Anly & Design;202620;Spring 2026;001;17210;Lee, Chun-Sing G.;9.8%;7.8%;3.9%;;13.7%;11.8%;9.8%;19.6%;3.9%;7.8%;;;;;;;;;;;;;11.8%;
;;39595;Communication & Collaboration;202620;Spring 2026;012;41209;Olaosebikan, Favour O.;100.0%;;;;;;;;;;;;;;;;;;;;;;;
;;;;;;013;41211;Hack, Conner J.;74.0%;14.0%;;;;;8.0%;2.0%;;;;;;;;;;;;;;;2.0%;
;;;;;;014;41212;Olaosebikan, Favour O.;100.0%;;;;;;;;;;;;;;;;;;;;;;;
;;;;;;015;41213;Hack, Conner J.;92.3%;;;;7.7%;;;;;;;;;;;;;;;;;;;
;;;;;;016;41214;Olaosebikan, Favour O.;78.0%;4.0%;;;2.0%;;12.0%;2.0%;;2.0%;;;;;;;;;;;;;;
;;;;;;017;41215;Hack, Conner J.;64.6%;18.8%;;;4.2%;;10.4%;;2.1%;;;;;;;;;;;;;;;
;;;Data Sci Labs Fourier Analysis;202620;Spring 2026;007;20305;Roxas, Matthew G.;23.1%;;61.5%;;;;7.7%;;;;;;;;;;;;;;;;7.7%;
;;;ECE Reverse Eng;202620;Spring 2026;009;40819;Manning, Benjamin T.;25.0%;5.0%;45.0%;5.0%;5.0%;;;;;;;;;;;;;;;;;;15.0%;
;;;The Entrepreneurial Engineer;202620;Spring 2026;011;41049;Ziaie, Babak;66.7%;;;;25.0%;;;;;;;;;;;;;;;;;;8.3%;
;;39600;Ind Pract Seminar I;202620;Spring 2026;001;13985;Seadeek, Jamie L.;;;;;;;;;;;;;;;;;;100.0%;;;;;;
;;39699;Prof Practice Internship;202620;Spring 2026;001;58902;Seadeek, Jamie L.;;;;;;;;;;;;;;;;;;;;88.6%;8.6%;2.9%;;
;;40400;Intro To Computer Security;202620;Spring 2026;001;43577;Kak, Avinash C.;15.3%;;19.0%;1.5%;11.7%;;18.2%;7.3%;;21.2%;0.7%;;;;0.7%;;;;;;;;4.4%;
;;40656;CMOS Anlog & Mxd Sgnl Int Circ;202620;Spring 2026;002;36992;Mohammadi, Saeed;16.7%;22.2%;8.3%;;13.9%;;;8.3%;;;5.6%;;;;2.8%;;;2.8%;;;;;19.4%;
;;43700;Computer Des&Prototypg;202620;Spring 2026;003;13949;Vijaykumar, T N.;7.7%;1.1%;8.8%;;13.2%;8.8%;1.1%;15.4%;9.9%;12.1%;1.1%;2.2%;4.4%;;2.2%;;;;;;;;12.1%;
;;;;;;007;42101;Vijaykumar, T N.;4.0%;4.0%;;;20.0%;4.0%;8.0%;28.0%;12.0%;8.0%;;;4.0%;;;;;;;;;;8.0%;
;;43800;Dig Sig Proc With Appl;202620;Spring 2026;001;17228;Reibman, Amy R.;30.4%;8.7%;4.3%;;13.0%;13.0%;8.7%;8.7%;4.3%;;;;;;;;;;;;;;8.7%;
;;44000;Transmission Informa;202620;Spring 2026;005;24237;Kim, Kwang Taik;11.8%;5.9%;11.8%;;17.6%;17.6%;11.8%;;;23.5%;;;;;;;;;;;;;;
;;46900;Opring Systms Engrg;202620;Spring 2026;001;17479;Machiry, Aravind K.;39.5%;16.4%;30.3%;;3.9%;2.0%;2.6%;;0.7%;1.3%;;;0.7%;;0.7%;;;;;;;;2.0%;
;;47300;Intro Artificial Intel;202620;Spring 2026;001;17248;Inouye, David I.;28.6%;;;;40.0%;;;21.0%;;;5.7%;;;;1.0%;;;;;;;;3.8%;
;;;Intro Artificial Intel-Honors;202620;Spring 2026;001;17248;Inouye, David I.;;;;;;;;;;;100.0%;;;;;;;;;;;;;
;;48300;Digital Control Systms;202620;Spring 2026;002;17250;Pare, Philip E.;17.4%;8.7%;39.1%;;13.0%;;13.0%;4.3%;;4.3%;;;;;;;;;;;;;;
;;49022;Elec Engr Sr Design Proj;202620;Spring 2026;005;14362;Zoltowski, Carla B.;73.2%;19.5%;;;2.4%;;4.1%;;;0.8%;;;;;;;;;;;;;;
;;49401;Professional Comm Capstone;202620;Spring 2026;001;23952;Parks, Brooke A.;74.6%;12.2%;;;3.4%;1.4%;4.1%;1.0%;;0.7%;;0.3%;1.0%;;0.7%;;;;;;;;0.7%;
;;49595;Intr To Reinforcement Learning;202620;Spring 2026;020;22806;Ghasemi, Mahsa;12.5%;6.3%;18.8%;;12.5%;6.3%;18.8%;12.5%;;;;;;;;;;;;;;;12.5%;
;;;Natural Language Processing;202620;Spring 2026;019;21504;Siskind, Jeffrey M.;37.9%;;;;62.1%;;;;;;;;;;;;;;;;;;;
;;;Senior Design I: OSS;202620;Spring 2026;070;41866;France, Stephen P.;54.5%;9.1%;;;4.5%;9.1%;13.6%;9.1%;;;;;;;;;;;;;;;;
;;;Senior Design II: EMB;202620;Spring 2026;089;42031;Walter, Phillip B.;25.0%;17.3%;22.1%;;14.4%;5.8%;5.8%;1.0%;;4.8%;;;;;2.9%;;;;;;;;1.0%;
;;;Senior Design II: OSS;202620;Spring 2026;076;41872;France, Stephen P.;60.6%;18.2%;;;9.1%;3.0%;9.1%;;;;;;;;;;;;;;;;;
;;50005;Intellect Property Gen & Mgmt;202620;Spring 2026;001;38039;Badesha, Santokh S.;8.9%;28.6%;5.4%;;10.7%;10.7%;28.6%;1.8%;1.8%;;;;;;;;;;;;;;3.6%;
;;50024;Machine Learning;202620;Spring 2026;002;17000;Chan, Stanley H.;23.8%;19.0%;;2.9%;4.8%;8.6%;23.8%;6.7%;;;;;;;1.0%;;;1.0%;;;;;8.6%;
;;50631;Fundamentals Of Current Flow;202620;Spring 2026;001;16495;Datta, Supriyo;84.2%;;;;8.2%;;1.1%;1.1%;;0.5%;;;0.5%;;;;;;;;;;4.3%;
;;50632;Intro To Quantum Transport;202620;Spring 2026;001;16498;Datta, Supriyo;86.2%;;;0.6%;10.3%;;;2.3%;;;;;;;0.6%;;;;;;;;;
;;50633;Boltzmann Law;202620;Spring 2026;001;16503;Datta, Supriyo;77.6%;;;;8.5%;;8.5%;1.8%;;1.8%;1.2%;;;;;;;;;;;;0.6%;
;;50641;Semiconductor Fundamentals;202620;Spring 2026;001;38041;Morisette, Dallas T.;33.3%;;;5.6%;19.4%;;;16.7%;;;8.3%;;;;2.8%;;;;;;;;13.9%;
;;50642;Fundamental Of Transistors;202620;Spring 2026;001;38049;Morisette, Dallas T.;45.0%;;;;35.0%;;;5.0%;;;5.0%;;;;;;;;;;;;10.0%;
;;50650;AQC I - Fundamentals;202620;Spring 2026;001;36072;Du, Shengwang;38.3%;6.4%;38.3%;;2.1%;;6.4%;;;;;;;;;;;;;;;;8.5%;
;;50651;ACQ II - Hardware;202620;Spring 2026;003;36070;Du, Shengwang;2.9%;2.9%;94.3%;;;;;;;;;;;;;;;;;;;;;
;;50652;AQC III - Software & Algorithm;202620;Spring 2026;001;36069;Du, Shengwang;;32.3%;38.7%;;;22.6%;;6.5%;;;;;;;;;;;;;;;;
;;50863;Computer Network Systems;202620;Spring 2026;002;20504;Chen, Xiaoqi;9.1%;11.7%;7.8%;1.3%;13.0%;7.8%;24.7%;3.9%;2.6%;10.4%;;;1.3%;;;;;;;;;;6.5%;
;;50874;Advanced Software Engineering;202620;Spring 2026;001;36075;Davis, James C.;92.0%;;4.0%;;;;;;;;;;;;;;;;;;;;4.0%;
;;51012;Electromechanics;202620;Spring 2026;WNG;15302;Sudhoff, Scott D.;16.0%;4.0%;28.0%;4.0%;12.0%;12.0%;8.0%;4.0%;4.0%;;4.0%;;;;;;;;;;;;4.0%;
;;51216;Digital Sys Design Automation;202620;Spring 2026;FNY;26197;Raghunathan, Anand;40.0%;41.5%;12.3%;;;;3.1%;;;;;;;;;;;;;;;;3.1%;
;;52600;Fund MEMS&Micr Int Sys;202620;Spring 2026;MJD;24148;Lee, Chi Hwan;75.0%;5.0%;20.0%;;;;;;;;;;;;;;;;;;;;;
;;55200;Introduction To Lasers;202620;Spring 2026;WNG;22016;Shalaev, Vladimir M.;35.0%;;55.0%;2.5%;2.5%;2.5%;2.5%;;;;;;;;;;;;;;;;;
;;56800;Embedded Systems;202620;Spring 2026;003;15293;Kim, Younghyun;81.8%;9.1%;9.1%;;;;;;;;;;;;;;;;;;;;;
;;;;;;WNG;17687;Kim, Younghyun;75.3%;15.1%;6.8%;1.4%;;;1.4%;;;;;;;;;;;;;;;;;
;;56900;Intro To Robotic Syst;202620;Spring 2026;001;36037;Chang, Hamin;31.8%;18.2%;22.7%;;4.5%;;4.5%;9.1%;;4.5%;;;;;;;;;;;;;4.5%;
;;57000;Artificial Intellignce;202620;Spring 2026;002;26382;Liu, Chaoyue;19.3%;30.3%;1.7%;3.4%;8.4%;5.0%;22.7%;0.8%;;0.8%;;;0.8%;;1.7%;;;;;;;;5.0%;
;;;;;;003;31545;Liu, Chaoyue;21.1%;31.6%;21.1%;5.3%;5.3%;;10.5%;;;5.3%;;;;;;;;;;;;;;
;;58000;Opt Meth For Sys & Con;202620;Spring 2026;004;23536;Zak, Stanislaw H.;45.5%;39.4%;;;;3.0%;6.1%;3.0%;;;;;;;;;;;;;;;3.0%;
;;59500;Connected & Automated Vehicles;202620;Spring 2026;081;41290;Li, Lingxi;92.9%;;;7.1%;;;;;;;;;;;;;;;;;;;;
;;;Integratd Circuit/MEMS Fab;202620;Spring 2026;067;33458;Hussain, Muhammad M.;45.7%;;51.4%;;;;;;;;;;;;;;;;;;;;2.9%;
;;;Natural Language Processing;202620;Spring 2026;073;39558;Siskind, Jeffrey M.;31.3%;;;3.1%;46.9%;;;;;;;;;;;;;;;;;;18.8%;
;;;Pwr Conv AC Syst;202620;Spring 2026;055;32293;Dos Santos, Euzeli Cipriano;31.8%;9.1%;22.7%;9.1%;9.1%;;13.6%;4.5%;;;;;;;;;;;;;;;;
;;;Semi Mem Tech & App;202620;Spring 2026;077;41240;Li, Haitong;62.5%;;37.5%;;;;;;;;;;;;;;;;;;;;;
;;;Stories Of Success;202620;Spring 2026;068;33461;Bagchi, Saurabh;58.3%;;33.3%;;;;;;;;;;;;;;;;;;;;8.3%;
;;60000;Random Variables;202620;Spring 2026;002;15613;Comer, Mary L.;40.0%;12.0%;;;24.0%;;16.0%;8.0%;;;;;;;;;;;;;;;;
;;;;;;FNY;41469;Comer, Mary L.;6.3%;10.4%;;;25.0%;14.6%;18.8%;10.4%;;;;;;;;;;;;;;;14.6%;
;;60002;Concepts To Innovation II;202620;Spring 2026;019;36061;Chen, Arnold C.;41.4%;13.8%;10.3%;;13.8%;3.4%;13.8%;;;;;;;;;;;;;;;;3.4%;
;;60004;Comm For Engr Leaders;202620;Spring 2026;001;38059;Beck, Robert S.;96.9%;;;;;;;;;;;;;;;;;;;;;;3.1%;
;;60006;Ideation Catalyst;202620;Spring 2026;001;41976;Ziaie, Babak;76.9%;23.1%;;;;;;;;;;;;;;;;;;;;;;
;;60022;Wireless Communicat Networks;202620;Spring 2026;001;37955;Tripathi, Vishrant;46.2%;11.5%;3.8%;19.2%;;;11.5%;;;;;;;;;;;;;;;;7.7%;
;;60146;Deep Learning;202620;Spring 2026;001;18389;Bouman, Charles A.;45.1%;;9.9%;;25.3%;;6.6%;3.3%;;;;;;;;;;1.1%;;;;;8.8%;
;;60200;Lumped System Theory;202620;Spring 2026;003;46843;Hu, Jianghai;44.7%;15.8%;10.5%;;7.9%;;21.1%;;;;;;;;;;;;;;;;;
;;60270;Struct & Dyn Of Lrg-Scale Netw;202620;Spring 2026;001;25065;Sundaram, Shreyas;23.1%;;53.8%;7.7%;;;;;;;;;;;;;;;;;;;15.4%;
;;60400;Electromag Fld Theo;202620;Spring 2026;001;17296;Jiao, Dan;21.1%;5.3%;5.3%;;23.7%;15.8%;15.8%;2.6%;;2.6%;;;;;;;;;;;;;7.9%;
;;60600;Solid State Devices;202620;Spring 2026;003;47158;Wu, Can;19.4%;16.7%;11.1%;5.6%;13.9%;13.9%;8.3%;;;2.8%;2.8%;;;;5.6%;;;;;;;;;
;;60614;Reliab Phys Nanoelectr Trans;202620;Spring 2026;001;41239;Alam, Muhammad A.;50.0%;;16.7%;8.3%;16.7%;;;;;;;;;;;;;;;;;;8.3%;
;;60800;Comp Models & Methods;202620;Spring 2026;003;23496;Pomeranz, Irith;25.6%;5.1%;;;33.3%;2.6%;12.8%;7.7%;;5.1%;;;;;;;;;;;;;7.7%;
;;60827;Prog Accelerator Arch;202620;Spring 2026;003;31850;Rogers, Timothy G.;10.2%;18.6%;5.1%;3.4%;25.4%;3.4%;30.5%;;;1.7%;;;;;;;;;;;;;1.7%;
;;60850;Datacenter & Cloud Networks;202620;Spring 2026;004;40251;Shrivastav, Vishal;26.9%;11.5%;38.5%;7.7%;3.8%;;11.5%;;;;;;;;;;;;;;;;;
;;60864;Adv IoT Design & App;202620;Spring 2026;001;38070;Su, Lu;74.1%;11.1%;14.8%;;;;;;;;;;;;;;;;;;;;;
;;60872;Reliable Secure Comp Systems;202620;Spring 2026;001;21546;Bagchi, Saurabh;42.9%;7.1%;28.6%;7.1%;;;;;;;;;;;;;;;;;;;14.3%;
;;61800;Numerical Electromag;202620;Spring 2026;002;38441;Roth, Thomas E.;13.3%;13.3%;36.7%;10.0%;3.3%;3.3%;6.7%;;;;;;;;3.3%;;;;;;;;10.0%;
;;63700;Digital Image Proc I;202620;Spring 2026;WNG;21280;Bouman, Charles A.;31.3%;;18.8%;6.3%;18.8%;;25.0%;;;;;;;;;;;;;;;;;
;;65800;Sc Matl Device Charac;202620;Spring 2026;001;38448;Ye, Peide;25.0%;35.0%;;5.0%;10.0%;;5.0%;10.0%;;;;;;;;;;;;;;;10.0%;
;;66200;Pattn Recog/Decis Proc;202620;Spring 2026;001;38450;Qiu, Qiang;20.8%;4.2%;75.0%;;;;;;;;;;;;;;;;;;;;;
;;66600;Advanced Computer Sys;202620;Spring 2026;001;38454;Thottethodi, Mithuna S.;9.1%;9.1%;6.1%;24.2%;3.0%;12.1%;15.2%;12.1%;;;;;;;;;;;;;;;9.1%;
;;67500;Intro Anly Nonlin Syst;202620;Spring 2026;001;38108;Zak, Stanislaw H.;50.0%;21.4%;;14.3%;;;7.1%;;;;;;;;;;;;;;;;7.1%;
;;67900;Adv Dig Commun;202620;Spring 2026;001;38473;Love, David J.;90.9%;;;9.1%;;;;;;;;;;;;;;;;;;;;
;;69400;ECE Seminar;202620;Spring 2026;001;17323;Lu, Yung-Hsiang;;;;;;;;;;;;;;;;;;;;98.0%;;1.3%;0.7%;
;;69500;Advanced VLSI Design;202620;Spring 2026;160;40031;Gupta, Sumeet K.;53.3%;23.3%;6.7%;;;;16.7%;;;;;;;;;;;;;;;;;
;;;Hardware For Machine Learning;202620;Spring 2026;161;40636;Roy, Kaushik;44.8%;13.8%;;;10.3%;10.3%;;;;;;;;;;;;;;;;;20.7%;
;;;High-Speed Mixed-Signal IC;202620;Spring 2026;062;17554;Sen, Shreyas;38.9%;11.1%;16.7%;;5.6%;;;5.6%;;;;;;;;;;;;;;;22.2%;
;;;Robotics, Autonomy, And IoT;202620;Spring 2026;162;41033;Sundaram, Shreyas;11.5%;3.8%;73.1%;;3.8%;3.8%;;;;;;;;;;;;;;;;;3.8%;
;;69900;Research PhD Thesis;202620;Spring 2026;016;56462;Brinton, Christopher G.;;;;;;;;;;;;;;;;;;;;100.0%;;;;
;;;;;;019;36011;Chan, Stanley H.;;;;;;;;;;;;;;;;;;;;100.0%;;;;
;;;;;;051;36010;Gupta, Vijay;;;;;;;;;;;;;;;;;;;;100.0%;;;;
;;;;;;060;17407;Jacob, Zubin;;;;;;;;;;;;;;;;;;;;100.0%;;;;
;;;;;;101;61811;Mohammadi, Saeed;;;;;;;;;;;;;;;;;;;;100.0%;;;;
;;;;;;111;23809;Qiu, Qiang;;;;;;;;;;;;;;;;;;;;90.9%;;;9.1%;
;;;;;;123;24878;Roy, Kaushik;;;;;;;;;;;;;;;;;;;;100.0%;;;;
;;;;;;125;24880;Sen, Shreyas;;;;;;;;;;;;;;;;;;;;100.0%;;;;
;;;;;;146;30854;Webb, Kevin J.;;;;;;;;;;;;;;;;;;;;100.0%;;;;
;;;;;;154;17117;Zhu, Fengqing;;;;;;;;;;;;;;;;;;;;100.0%;;;;
ECET;ECET-Electrical&Comp Engr Tech;17700;DAQ And Systems Control;202620;Spring 2026;007;57465;Schreiber, Zachary;5.8%;;;;33.3%;;;21.7%;;;11.6%;;;;15.9%;;;;;;;;11.6%;
;;17900;Intro To Digital Systems;202620;Spring 2026;009;57466;Richardson, Jeffrey J.;26.4%;3.4%;3.4%;;14.9%;1.1%;6.9%;11.5%;4.6%;6.9%;3.4%;1.1%;;;10.3%;;;;;;;;5.7%;
;;22400;Electronic Systems;202620;Spring 2026;011;63449;Richardson, Jeffrey J.;33.9%;;;;29.9%;0.6%;2.3%;18.1%;;;5.6%;;;;2.8%;;;;;;;;6.8%;
;;;Electronic Systems-Honors;202620;Spring 2026;011;63449;Richardson, Jeffrey J.;100.0%;;;;;;;;;;;;;;;;;;;;;;;
;;22700;DC And Pulse Electronics;202620;Spring 2026;004;66306;Weissbach, Robert S.;1.8%;;;;3.6%;3.6%;7.1%;21.4%;;12.5%;5.4%;;10.7%;;23.2%;;;;;;;;10.7%;
;;22900;Concurrent Digital Systems;202620;Spring 2026;008;24330;Faezipour, Miad;45.7%;8.6%;17.1%;;5.7%;;;;;2.9%;;;;;2.9%;;;;;;;;17.1%;
;;27000;Electronic Prototype Develop;202620;Spring 2026;004;63177;Richardson, Jeffrey J.;37.7%;2.9%;30.4%;;11.6%;2.9%;2.9%;2.9%;;1.4%;4.3%;;;;1.4%;;;;;;;;1.4%;
;;27400;Wireless Communications;202620;Spring 2026;004;63491;Sundararajan, Rajeswari;33.3%;9.2%;1.1%;;1.1%;9.2%;25.3%;3.4%;;5.7%;1.1%;;;;2.3%;;;;;;;;8.0%;
;;27700;AC And Power Electronics;202620;Spring 2026;013;29307;Cheung, April;8.7%;;;;19.6%;;;32.6%;;;30.4%;;;;4.3%;;;;;;;;4.3%;
;;27900;Embedded Digital Systems;202620;Spring 2026;005;63486;Cheung, April;24.7%;;;;12.9%;11.8%;5.9%;9.4%;8.2%;8.2%;3.5%;;;;2.4%;;;;;;;;12.9%;
;;29801;Lab Assistant;202620;Spring 2026;007;25571;Richardson, Jeffrey J.;;;;;;;;;;;;;;;;;;100.0%;;;;;;
;;30201;Intro To Industrial Controls;202620;Spring 2026;001;15820;Richards, Grant P.;48.5%;;45.5%;;;;3.0%;;;;;;;;3.0%;;;;;;;;;
;;31800;Foundations Audio Electronics;202620;Spring 2026;003;13188;Jacob, James M.;18.9%;;;;32.4%;;;29.7%;;;10.8%;;;;5.4%;;;;;;;;2.7%;
;;32700;Instrmnt Data Aquisitn Design;202620;Spring 2026;019;37531;Kim, Noori;13.2%;18.4%;;;18.4%;21.1%;5.3%;10.5%;7.9%;2.6%;;2.6%;;;;;;;;;;;;
;;32900;Adv Embedded Digital Systems;202620;Spring 2026;002;20077;Panigrahi, Suranjan;44.6%;16.1%;;1.8%;8.9%;7.1%;7.1%;1.8%;1.8%;5.4%;;;;;3.6%;;;;;;;;1.8%;
;;33400;Embed Sys Interface And Comm;202620;Spring 2026;001;40801;Freije, Elizabeth A.;63.6%;;;;18.2%;;;4.5%;;;4.5%;;;;4.5%;;;;;;;;4.5%;
;;33700;Continuous Syst Anlys & Design;202620;Spring 2026;006;13604;Jacob, James M.;46.3%;;;;28.9%;;;13.2%;;;4.1%;;;;2.5%;;;;;;;;5.0%;
;;37300;Applied Electronic Drives;202620;Spring 2026;001;17547;Lu, Xiaonan;30.8%;23.1%;15.4%;;7.7%;;;;;7.7%;;;;;15.4%;;;;;;;;;
;;43600;Elec Pwr Distrib & Smart Ctrl;202620;Spring 2026;001;22502;Sundararajan, Rajeswari;16.7%;16.7%;;;8.3%;16.7%;25.0%;;;;8.3%;;;;;;;;;;;;8.3%;
;;43900;Advanced DSP;202620;Spring 2026;002;20001;Leon-Salas, Walter Daniel;23.1%;;25.6%;;10.3%;;25.6%;;;7.7%;;;5.1%;;;;;;;;;;2.6%;
;;44200;ROS Programming;202620;Spring 2026;001;19354;Deng, Yuelin;;7.7%;7.7%;;7.7%;15.4%;15.4%;15.4%;15.4%;7.7%;;7.7%;;;;;;;;;;;;
ECON;ECON-Economics;10500;Exp Career Bus Econ & Consult;202620;Spring 2026;001;35307;Yarbrough, Todd R.;91.2%;;1.1%;;2.2%;;1.1%;1.1%;;;;;;;;;;;;;;;3.3%;
;;21000;Prin Of Economics;202620;Spring 2026;010;40471;Rahimfallah, Shabnam;12.1%;6.1%;9.1%;;9.1%;6.1%;15.2%;15.2%;3.0%;;;;9.1%;;6.1%;;;;;;;;9.1%;
;;;;;;011;40472;Yang, Xiaoxu;12.2%;7.3%;2.4%;;14.6%;14.6%;9.8%;14.6%;2.4%;14.6%;;;2.4%;;2.4%;;;;;;;;2.4%;
;;;;;;012;40474;Tan, Rui;13.5%;5.8%;7.7%;;17.3%;5.8%;5.8%;11.5%;11.5%;5.8%;;;5.8%;;3.8%;;;;;;;;5.8%;
;;25100;Microeconomics;202620;Spring 2026;001;14208;Roberson, Brian A.;9.0%;10.1%;3.9%;;10.7%;9.6%;9.6%;7.9%;5.1%;10.1%;3.4%;1.1%;1.7%;;8.4%;;;;;;;;9.6%;
;;;;;;002;14209;Roberson, Brian A.;13.7%;9.3%;4.1%;;13.3%;10.4%;13.3%;5.2%;3.0%;7.0%;3.0%;1.9%;3.3%;;3.7%;;;;;;;;8.9%;
;;;;;;003;14210;Banan, Abigail R.;28.5%;6.7%;2.6%;;14.4%;8.1%;11.1%;4.4%;0.7%;4.8%;3.3%;2.2%;3.0%;;1.5%;;;;;;;;8.5%;
;;;;;;004;10573;Banan, Abigail R.;17.4%;8.1%;2.3%;;12.4%;7.4%;11.2%;9.3%;3.9%;3.9%;3.9%;1.6%;3.9%;;3.9%;;;;;;;;10.9%;
;;;;;;009;24642;Banan, Abigail R.;24.4%;12.2%;3.7%;;14.1%;8.5%;8.9%;6.3%;2.6%;6.7%;2.6%;1.1%;3.3%;;1.9%;;;;;;;;3.7%;
;;;;;;038;35232;Fan, Bing;24.1%;15.5%;8.6%;;8.6%;12.1%;6.9%;6.9%;3.4%;5.2%;;;;;;;;;;;;;8.6%;
;;;;;;040;35235;Fang, Ran;13.8%;10.3%;6.9%;;15.5%;8.6%;10.3%;3.4%;1.7%;8.6%;1.7%;;;;5.2%;;;;;;;;13.8%;
;;;Microeconomics-Honors;202620;Spring 2026;H01;26036;Yarbrough, Todd R.;22.4%;14.3%;;;24.5%;6.1%;10.2%;4.1%;2.0%;12.2%;;;;;2.0%;;;;;;;;2.0%;
;;;;;;I01;36078;Fox, Melanie E.;22.2%;13.9%;5.6%;;22.2%;11.1%;8.3%;2.8%;2.8%;5.6%;;;2.8%;;;;;;;;;;2.8%;
;;;;;;IBE;26042;Yarbrough, Todd R.;;23.1%;;;;15.4%;23.1%;;;15.4%;;;7.7%;;15.4%;;;;;;;;;
;;25200;Macroeconomics;202620;Spring 2026;001;14211;Fox, Melanie E.;14.2%;9.3%;6.8%;;16.0%;6.8%;3.7%;13.0%;4.3%;4.3%;5.6%;0.6%;1.9%;;6.2%;;;;;;;;7.4%;
;;;;;;002;14223;Fox, Melanie E.;10.6%;9.4%;13.3%;;13.3%;6.7%;2.8%;11.7%;3.9%;4.4%;4.4%;0.6%;1.7%;;7.2%;;;;;;;;10.0%;
;;;;;;004;24563;Vargas, Andres J.;16.8%;8.6%;11.7%;;18.3%;7.1%;13.2%;7.6%;1.0%;7.1%;1.0%;0.5%;2.0%;;2.0%;;;;;;;;3.0%;
;;;;;;007;34856;Single Toledo, Gabriel;24.0%;10.1%;10.1%;;19.8%;6.0%;8.3%;7.4%;0.9%;4.6%;0.9%;0.9%;2.3%;;2.3%;;;;;;;;2.3%;
;;;;;;009;35237;Li, Yiming;17.0%;7.5%;5.7%;;17.0%;5.7%;11.3%;9.4%;3.8%;9.4%;1.9%;;1.9%;;3.8%;;;;;;;;5.7%;
;;;;;;010;35238;Zhou, Haoyu;15.1%;9.4%;3.8%;;20.8%;1.9%;20.8%;9.4%;;5.7%;1.9%;;3.8%;;3.8%;;;;;;;;3.8%;
;;;Macroeconomics-Honors;202620;Spring 2026;001;14211;Fox, Melanie E.;100.0%;;;;;;;;;;;;;;;;;;;;;;;
;;;;;;004;24563;Vargas, Andres J.;;66.7%;;;;;33.3%;;;;;;;;;;;;;;;;;
;;;;;;007;34856;Single Toledo, Gabriel;50.0%;;;;50.0%;;;;;;;;;;;;;;;;;;;
;;26000;Data Visualization & Inference;202620;Spring 2026;001;24600;Umbeck, J R.;8.5%;11.3%;1.4%;;16.9%;9.9%;7.0%;16.9%;11.3%;5.6%;;;;;;;;;;;;;11.3%;
;;28600;Econ Scholars;202620;Spring 2026;001;31709;Zou, Ben;83.3%;;16.7%;;;;;;;;;;;;;;;;;;;;;
;;;;;;002;31710;Martin, Stephen;83.3%;8.3%;8.3%;;;;;;;;;;;;;;;;;;;;;
;;30100;Managerial Economics;202620;Spring 2026;001;11653;Grodeck, Ben L.;16.7%;14.6%;14.6%;;8.3%;6.3%;6.3%;6.3%;2.1%;16.7%;4.2%;;2.1%;;2.1%;;;;;;;;;
;;;;;;002;11657;Grodeck, Ben L.;15.4%;18.5%;12.3%;;7.7%;4.6%;15.4%;12.3%;3.1%;4.6%;;;3.1%;;1.5%;;;;;;;;1.5%;
;;;;;;003;24591;Grodeck, Ben L.;10.0%;12.2%;7.8%;;16.7%;5.6%;11.1%;11.1%;5.6%;12.2%;1.1%;2.2%;1.1%;;;;;;;;;;3.3%;
;;;Managerial Economics-Honors;202620;Spring 2026;002;11657;Grodeck, Ben L.;;;100.0%;;;;;;;;;;;;;;;;;;;;;
;;34000;Intrm Microecon Thry;202620;Spring 2026;001;11186;Klose, Bettina S.;18.8%;6.3%;;;31.3%;2.1%;12.5%;14.6%;;6.3%;;;;;;;;;;;;;8.3%;
;;;;;;002;17132;Klose, Bettina S.;14.9%;4.3%;;;25.5%;2.1%;12.8%;14.9%;4.3%;2.1%;2.1%;;;;8.5%;;;;;;;;8.5%;
;;;;;;005;24287;Klose, Bettina S.;20.8%;4.2%;6.3%;;29.2%;;2.1%;8.3%;6.3%;10.4%;6.3%;;;;;;;;;;;;6.3%;
;;35200;Intermed Macroecon;202620;Spring 2026;001;34490;Single Toledo, Gabriel;15.9%;20.3%;1.4%;;20.3%;8.7%;24.6%;1.4%;2.9%;1.4%;;;;;;;;;;;;;2.9%;
;;;;;;002;69836;Single Toledo, Gabriel;26.1%;15.9%;13.0%;;15.9%;2.9%;15.9%;1.4%;;1.4%;;1.4%;1.4%;;;;;;;;;;4.3%;
;;;;;;003;24616;Yarbrough, Todd R.;31.1%;;;;14.8%;8.2%;14.8%;6.6%;3.3%;13.1%;;;1.6%;;;;;;;;;;6.6%;
;;;Intermed Macroecon-Honors;202620;Spring 2026;001;34490;Single Toledo, Gabriel;100.0%;;;;;;;;;;;;;;;;;;;;;;;
;;;;;;002;69836;Single Toledo, Gabriel;100.0%;;;;;;;;;;;;;;;;;;;;;;;
;;36000;Econometrics;202620;Spring 2026;001;61814;Prowse, Victoria L.;17.6%;13.2%;7.4%;;14.7%;4.4%;26.5%;1.5%;1.5%;8.8%;;;;;1.5%;;;;;;;;2.9%;
;;;;;;002;14447;Prowse, Victoria L.;24.3%;22.9%;5.7%;;22.9%;1.4%;15.7%;1.4%;;2.9%;;;;;;;;;;;;;2.9%;
;;;;;;003;24619;Bao, Yong;6.4%;23.4%;6.4%;;6.4%;6.4%;14.9%;4.3%;2.1%;8.5%;;10.6%;;;6.4%;;;;;;;;4.3%;
;;;Econometrics-Honors;202620;Spring 2026;001;61814;Prowse, Victoria L.;;100.0%;;;;;;;;;;;;;;;;;;;;;;
;;37000;International Trade;202620;Spring 2026;001;17638;Umbeck, J R.;6.8%;14.9%;2.7%;;27.0%;12.2%;4.1%;10.8%;4.1%;4.1%;9.5%;;;;;;;;;;;;4.1%;
;;;;;;002;17637;Xiang, Chong;14.1%;9.4%;;;23.4%;20.3%;14.1%;7.8%;;6.3%;;;;;;;;;;;;;4.7%;
;;;;;;003;13567;Xiang, Chong;2.8%;19.7%;4.2%;;25.4%;14.1%;12.7%;1.4%;2.8%;4.2%;2.8%;;1.4%;;2.8%;;;;;;;;5.6%;
;;37200;Experimental Economics;202620;Spring 2026;001;24620;Grodeck, Ben L.;42.2%;11.1%;26.7%;2.2%;6.7%;2.2%;2.2%;2.2%;2.2%;2.2%;;;;;;;;;;;;;;
;;;Experimental Economics-Honors;202620;Spring 2026;001;24620;Grodeck, Ben L.;;;100.0%;;;;;;;;;;;;;;;;;;;;;
;;38000;Money And Banking;202620;Spring 2026;001;63447;Lopez Espino, Adriana Alejandra;21.4%;14.3%;17.9%;;10.7%;1.8%;12.5%;1.8%;1.8%;5.4%;1.8%;;1.8%;;1.8%;;;;;;;;7.1%;
;;;;;;002;49552;Lopez Espino, Adriana Alejandra;17.0%;17.0%;15.1%;;11.3%;7.5%;9.4%;1.9%;3.8%;;1.9%;;1.9%;;3.8%;;;;;;;;9.4%;
;;;;;;003;35239;Hong, Seungki;8.6%;5.7%;8.6%;;14.3%;11.4%;14.3%;5.7%;5.7%;8.6%;;;;;;;;;;;;;17.1%;
;;38500;Labor Economics;202620;Spring 2026;002;13580;Van Kammen, Benjamin J.;35.5%;24.2%;;;11.3%;9.7%;1.6%;1.6%;1.6%;1.6%;;;1.6%;;1.6%;;;;;;;;9.7%;
;;39000;Crime & Vice;202620;Spring 2026;001;37468;Carr, Jillian B.;19.1%;19.1%;10.6%;;4.3%;;23.4%;8.5%;;2.1%;;;;;4.3%;;;;;;;;8.5%;
;;;Freedon,Capitalism&DC Imm;202620;Spring 2026;002;37645;Van Kammen, Benjamin J.;88.2%;11.8%;;;;;;;;;;;;;;;;;;;;;;
;;45100;Game Theory;202620;Spring 2026;001;54949;Gill, David;26.3%;15.8%;12.3%;;8.8%;14.0%;12.3%;1.8%;;8.8%;;;;;;;;;;;;;;
;;;;;;002;14754;Gill, David;13.6%;10.2%;20.3%;;11.9%;8.5%;13.6%;3.4%;5.1%;13.6%;;;;;;;;;;;;;;
;;;Game Theory-Honors;202620;Spring 2026;001;54949;Gill, David;;100.0%;;;;;;;;;;;;;;;;;;;;;;
;;45600;Urban Economics;202620;Spring 2026;001;13577;Zou, Ben;27.5%;17.5%;10.0%;;15.0%;2.5%;5.0%;5.0%;2.5%;2.5%;2.5%;7.5%;;;;;;2.5%;;;;;;
;;46100;Industrial Organizatn;202620;Spring 2026;001;24621;Mcclure, Jonathon C.;21.8%;8.0%;;;18.4%;9.2%;11.5%;5.7%;3.4%;10.3%;2.3%;;;;1.1%;1.1%;;;;;;;6.9%;
;;46300;Advanced Data Analysis;202620;Spring 2026;001;25749;Prowse, Victoria L.;51.1%;27.7%;;;4.3%;2.1%;10.6%;;;2.1%;2.1%;;;;;;;;;;;;;
;;;Advanced Data Analysis-Honors;202620;Spring 2026;001;25749;Prowse, Victoria L.;100.0%;;;;;;;;;;;;;;;;;;;;;;;
;;47100;Behavioral Economics;202620;Spring 2026;001;14267;Kovach, Matthew L.;18.6%;23.3%;4.7%;;20.9%;2.3%;11.6%;7.0%;2.3%;7.0%;;;;;;;;;;;;;2.3%;
;;;;;;002;24327;Kovach, Matthew L.;33.3%;11.1%;4.4%;;11.1%;2.2%;17.8%;4.4%;4.4%;4.4%;;;2.2%;;2.2%;;;;;;;;2.2%;
;;48500;Econ Of Racial & Gender Discr;202620;Spring 2026;001;14268;Bond, Timothy N.;22.0%;9.8%;;;22.0%;17.1%;9.8%;;;9.8%;;;;;;;;;;;;;9.8%;
;;;;;;002;14269;Bond, Timothy N.;40.0%;17.1%;;;14.3%;14.3%;5.7%;2.9%;;5.7%;;;;;;;;;;;;;;
;;49900;Econ Capstone Research-Honors;202620;Spring 2026;H02;27367;Crucini, Mario J.;33.3%;33.3%;25.0%;;;;8.3%;;;;;;;;;;;;;;;;;
;;53900;Wage Discrimination;202620;Spring 2026;001;40834;Bond, Timothy N.;33.3%;8.3%;8.3%;;16.7%;;33.3%;;;;;;;;;;;;;;;;;
;;60900;Microeconomics III;202620;Spring 2026;001;18468;Kovach, Matthew L.;57.1%;28.6%;14.3%;;;;;;;;;;;;;;;;;;;;;
;;65000;Applied Microeconometrics;202620;Spring 2026;001;35270;Mumford, Kevin;15.4%;53.8%;;7.7%;7.7%;;15.4%;;;;;;;;;;;;;;;;;
;;66800;Topics In Applied Economics;202620;Spring 2026;011;28498;Zhang, Cathy M.;;;;;;;;;;;;;;;;;;100.0%;;;;;;
;;67200;Econometrics II;202620;Spring 2026;001;43031;Kejriwal, Mohitosh;33.3%;14.3%;;;38.1%;4.8%;9.5%;;;;;;;;;;;;;;;;;
;;68900;Experimental & Behavioral Econ;202620;Spring 2026;001;35269;Gill, David;25.0%;33.3%;;;16.7%;;8.3%;;;;;;;;;;;;;;;;;16.7%
;;69000;Computational Economics;202620;Spring 2026;004;35320;Mcclure, Jonathon C.;100.0%;;;;;;;;;;;;;;;;;;;;;;;
;;;Topics In Causal Inference;202620;Spring 2026;003;35272;Kejriwal, Mohitosh;41.7%;41.7%;;16.7%;;;;;;;;;;;;;;;;;;;;
EDCI;EDCI-Educ-Curric & Instruction;20500;Exploring Teaching;202620;Spring 2026;001;16399;Reyes Puente, Daniela;16.7%;6.7%;70.0%;;;;6.7%;;;;;;;;;;;;;;;;;
;;;;;;002;16400;Scherer, Stephanie;22.2%;7.4%;63.0%;;;;;;;;;;3.7%;;;3.7%;;;;;;;;
;;;;;;003;16397;Scherer, Stephanie;29.6%;11.1%;55.6%;;;3.7%;;;;;;;;;;;;;;;;;;
;;;;;;004;16398;Reyes Puente, Daniela;24.1%;17.2%;34.5%;;;3.4%;;;;3.4%;3.4%;;;;6.9%;;;;;;;;6.9%;
;;;Exploring Teaching-Honors;202620;Spring 2026;002;16400;Scherer, Stephanie;;;100.0%;;;;;;;;;;;;;;;;;;;;;
;;21510;Lang & Lit Foundations;202620;Spring 2026;001;25580;Wessel-Powell, Christina L.;29.6%;13.0%;50.0%;;1.9%;1.9%;1.9%;;;;;;1.9%;;;;;;;;;;;
;;21610;Teaching History;202620;Spring 2026;001;25581;Fang, Jiayi;30.8%;15.4%;11.5%;;11.5%;3.8%;7.7%;;;;;7.7%;;;;;;;;;;;11.5%;
;;21810;Teaching Civics And Government;202620;Spring 2026;001;17082;Obenchain, Kathryn M.;36.4%;;18.2%;;4.5%;;18.2%;4.5%;;;;;4.5%;;4.5%;;;;;;;;9.1%;
;;22222;Integrated Health & PE Elem Ed;202620;Spring 2026;001;39436;Mentzer, Fay E.;19.4%;9.7%;22.6%;;3.2%;;16.1%;6.5%;6.5%;3.2%;3.2%;;3.2%;;3.2%;;;;;;;;3.2%;
;;;;;;002;39437;Rush, Danae M.;30.3%;18.2%;27.3%;;6.1%;6.1%;3.0%;3.0%;3.0%;3.0%;;;;;;;;;;;;;;
;;;;;;003;39438;Bailey, Kelley C.;56.7%;3.3%;3.3%;;6.7%;6.7%;3.3%;13.3%;3.3%;;;;3.3%;;;;;;;;;;;
;;;;;;004;40300;Rippy, Whitney M.;46.9%;26.5%;4.1%;;2.0%;6.1%;4.1%;2.0%;4.1%;2.0%;;;;;2.0%;;;;;;;;;
;;;;;;005;42326;Mentzer, Fay E.;;;92.3%;;;;;;;;;;;;;;;;;;;;7.7%;
;;22550;Math Education Seminar;202620;Spring 2026;001;26677;Newton, Jill A.;92.3%;;;;;;;;;;;;;;;;;;;;;;7.7%;
;;27000;Intro Ed Tech;202620;Spring 2026;001;28985;Koehler-Blair, Adrie A.;58.0%;11.0%;;;6.0%;1.0%;7.0%;2.0%;;3.0%;;1.0%;;;4.0%;3.0%;;;;;;;4.0%;
;;28550;Found Multicult Ed & Community;202620;Spring 2026;002;39445;Peter, Jayvaughn F.;26.1%;17.4%;39.1%;;8.7%;;;;;4.3%;4.3%;;;;;;;;;;;;;
;;;;;;003;39461;Peter, Jayvaughn F.;22.7%;18.2%;45.5%;;9.1%;4.5%;;;;;;;;;;;;;;;;;;
;;;;;;004;39462;Odondi, Asenath A.;52.4%;14.3%;9.5%;;4.8%;4.8%;;;4.8%;;4.8%;4.8%;;;;;;;;;;;;
;;;;;;005;39464;Mamoon, Mahreen;31.8%;;54.5%;;;4.5%;;;;;;;;;4.5%;;;;;;;;4.5%;
;;30101;Teaching And Learning In K-2;202620;Spring 2026;0K2;19787;Martin, Kathleen A.;6.3%;18.8%;56.3%;;;;6.3%;6.3%;;;;;;;;;;;;;;;6.3%;
;;30102;Teaching And Learning In 3-6;202620;Spring 2026;A03;39895;Martin, Kathleen A.;;;86.7%;;6.7%;;6.7%;;;;;;;;;;;;;;;;;
;;;;;;B02;39894;Martin, Kathleen A.;6.3%;;93.8%;;;;;;;;;;;;;;;;;;;;;
;;;;;;C01;39893;Martin, Kathleen A.;;7.7%;84.6%;;7.7%;;;;;;;;;;;;;;;;;;;
;;30900;Rdg In Mdle & Sec Schl;202620;Spring 2026;003;27117;Martin, Kathleen A.;12.5%;;37.5%;;6.3%;;18.8%;;;;;;;;6.3%;;;;;;;;18.8%;
;;31103;Integrat Media In K-6 Classrm;202620;Spring 2026;001;39491;Boes, Nancy A.;62.5%;;;;18.8%;;;6.3%;;;;;;;;;;;;;;;12.5%;
;;31950;Approaches To English Learn Ed;202620;Spring 2026;001;28472;Chan, Virak;57.1%;9.5%;;;;;9.5%;;4.8%;4.8%;4.8%;;4.8%;;;;;;;;;;4.8%;
;;32501;Teaching Literacy In K-2;202620;Spring 2026;001;18561;Rippy, Whitney M.;20.8%;29.2%;4.2%;;4.2%;;4.2%;4.2%;;12.5%;;;8.3%;;4.2%;;;;;;;;8.3%;
;;;;;;002;39597;Rippy, Whitney M.;41.7%;20.8%;12.5%;;;;16.7%;;;8.3%;;;;;;;;;;;;;;
;;;;;;003;39599;Rippy, Whitney M.;32.1%;35.7%;3.6%;;10.7%;10.7%;3.6%;;;;3.6%;;;;;;;;;;;;;
;;32602;Teaching Literacy In 3-6;202620;Spring 2026;00A;26523;Abramova, Inna;20.0%;;73.3%;;6.7%;;;;;;;;;;;;;;;;;;;
;;;;;;00B;26524;Abramova, Inna;37.5%;;62.5%;;;;;;;;;;;;;;;;;;;;;
;;;;;;00C;26525;Abramova, Inna;50.0%;;50.0%;;;;;;;;;;;;;;;;;;;;;
;;32650;Intro To Linguistics & Lang Ed;202620;Spring 2026;001;29162;Dabak, Priya M.;6.7%;66.7%;;;6.7%;13.3%;;;;;6.7%;;;;;;;;;;;;;
;;33500;Reading For Tier 1 & 2;202620;Spring 2026;001;16658;Abramova, Inna;44.0%;8.0%;28.0%;;8.0%;;;;;;4.0%;;;;4.0%;;;;;;;;4.0%;
;;35950;Content Area Instr For EL;202620;Spring 2026;001;29163;Sabih, Muhammad T.;66.7%;8.3%;;;;;;;8.3%;;;;;;8.3%;;;;;;;;8.3%;
;;36101;Teaching Social Studies K-2;202620;Spring 2026;0K2;20051;Obenchain, Kathryn M.;31.3%;6.3%;;;;6.3%;6.3%;25.0%;;12.5%;;;;;6.3%;;;;;;;;6.3%;
;;36102;Teaching Social Studies 3-6;202620;Spring 2026;00A;26529;Broome, John P.;93.3%;6.7%;;;;;;;;;;;;;;;;;;;;;;
;;;;;;00B;26533;Broome, John P.;100.0%;;;;;;;;;;;;;;;;;;;;;;;
;;;;;;00C;26542;Broome, John P.;93.8%;;;;;;;;;;;;;;;6.3%;;;;;;;;
;;36303;Literacy Teaching & Assessment;202620;Spring 2026;002;41935;Mentzer, Fay E.;14.3%;14.3%;42.9%;;7.1%;7.1%;;;;;;;;;;;;;;;;;14.3%;
;;36401;Teaching Mathematics In K-2;202620;Spring 2026;0K2;21628;Fulwider, Doris;25.0%;18.8%;18.8%;;12.5%;;12.5%;;;;;;6.3%;;;;;;;;;;6.3%;
;;36402;Teaching Mathematics 3-6;202620;Spring 2026;00A;26548;Larison, Sarah A.;93.3%;;;;6.7%;;;;;;;;;;;;;;;;;;;
;;;;;;00B;26549;Larison, Sarah A.;81.3%;6.3%;;;6.3%;;6.3%;;;;;;;;;;;;;;;;;
;;;;;;00C;26550;Kastberg, Signe E.;37.5%;6.3%;37.5%;;12.5%;;6.3%;;;;;;;;;;;;;;;;;
;;36501;Teaching Science K-2;202620;Spring 2026;0K2;19109;Hammack, Rebekah J.;18.8%;12.5%;;;18.8%;18.8%;6.3%;6.3%;;6.3%;;;;;6.3%;;;;;;;;6.3%;
;;;Teaching Science K-2-Honors;202620;Spring 2026;0K2;19109;Hammack, Rebekah J.;100.0%;;;;;;;;;;;;;;;;;;;;;;;
;;36502;Teaching Science 3-6;202620;Spring 2026;00A;26553;Hammack, Rebekah J.;66.7%;;;;;;20.0%;;;6.7%;;;;;6.7%;;;;;;;;;
;;;;;;00B;26556;Hammack, Rebekah J.;81.3%;18.8%;;;;;;;;;;;;;;;;;;;;;;
;;;;;;00C;26560;Hammack, Rebekah J.;87.5%;12.5%;;;;;;;;;;;;;;;;;;;;;;
;;37001;Teaching And Learning ENL;202620;Spring 2026;006;26590;Kushki, Ali;21.4%;3.6%;53.6%;;3.6%;3.6%;7.1%;3.6%;;;;;;;3.6%;;;;;;;;;
;;;;;;008;26592;Sabih, Muhammad T.;29.6%;;48.1%;;;3.7%;3.7%;;;;;;;;7.4%;;;;;;;;7.4%;
;;;;;;009;26593;Kushki, Ali;8.3%;12.5%;54.2%;;4.2%;4.2%;4.2%;;;4.2%;;;;;;4.2%;;;;;;;4.2%;
;;;;;;010;26594;Kushki, Ali;37.0%;;51.9%;;;;;;;;;;;;;7.4%;;;;;;;3.7%;
;;42300;Teach Soc Stds Sec Sch;202620;Spring 2026;001;17903;Rapoport, Anatoli;66.7%;11.1%;11.1%;;;;11.1%;;;;;;;;;;;;;;;;;
;;42500;Teach Sec Math - Methods I;202620;Spring 2026;001;17904;Newton, Jill A.;83.3%;;;;8.3%;;8.3%;;;;;;;;;;;;;;;;;
;;43400;Secondary Literacy;202620;Spring 2026;002;26790;Alsup, Janet M.;93.3%;6.7%;;;;;;;;;;;;;;;;;;;;;;
;;49600;Student Tch Elem Sch;202620;Spring 2026;012;26329;Mitchell, Krista D.;62.7%;13.6%;18.6%;;;;1.7%;;;;;;;;;;;;;;;;3.4%;
;;53100;Learn Theories & Instr Design;202620;Spring 2026;019;38472;Watson, Sunnie L.;92.3%;;;;;;;;;;;;;;;;;;;;;;7.7%;
;;55600;Educational Video Game Design;202620;Spring 2026;006;38464;Watson, William R.;81.8%;;;9.1%;;;;;;;;;;;;;;;;;;;9.1%;
;;58500;Multicultural Educ;202620;Spring 2026;005;38338;Burdick, Steven J.;94.4%;;;;;;;;;;;;;;;;;;;;;;5.6%;
;;61500;Qual Res Meth In Educ;202620;Spring 2026;001;20334;Scherer, Stephanie;100.0%;;;;;;;;;;;;;;;;;;;;;;;
;;61600;Qual Data Collection& Analysis;202620;Spring 2026;001;14650;Neal-Stanley, Amber M.;100.0%;;;;;;;;;;;;;;;;;;;;;;;
;;62000;Dev Math Ed Researcher;202620;Spring 2026;004;20520;Kastberg, Signe E.;33.3%;;50.0%;;8.3%;;8.3%;;;;;;;;;;;;;;;;;
;;63800;C&I Doctoral Seminar II;202620;Spring 2026;001;40637;Morita-Mullaney, Patricia M.;94.7%;;;;5.3%;;;;;;;;;;;;;;;;;;;
;;67600;Writing Literature Reviews;202620;Spring 2026;001;13524;Lowell, Victoria L.;81.8%;;;;;;;;;9.1%;;9.1%;;;;;;;;;;;;
;;68400;Acad For The End Of The World;202620;Spring 2026;001;39751;Zywicki, Stephanie M.;92.3%;;;;;;;;;;;;;;;;;;;;;;7.7%;
;;;Qual Res With Children And Yth;202620;Spring 2026;002;39754;Neal-Stanley, Amber M.;100.0%;;;;;;;;;;;;;;;;;;;;;;;
EDPS;EDPS-Educ-Ed'l and Psy Studies;10500;Academic And Career Planning;202620;Spring 2026;006;14712;Lencke, Mary Beth;7.7%;15.4%;38.5%;;7.7%;;;7.7%;;;;;;;;;;;;;;;23.1%;
;;;;;;007;15467;Rodenberg, Eric J.;10.0%;5.0%;30.0%;;20.0%;;5.0%;5.0%;5.0%;;;5.0%;;;;;;;;;;;15.0%;
;;;;;;008;22923;Layman, Katherine J.;25.0%;;20.0%;;10.0%;10.0%;5.0%;5.0%;5.0%;;;;5.0%;;10.0%;;;;;;;;5.0%;
;;;;;;010;14445;Ruff, Ashlyn M.;32.0%;16.0%;24.0%;;4.0%;4.0%;8.0%;;;4.0%;;4.0%;;;4.0%;;;;;;;;;
;;;;;;011;15056;Panozzo, Katy M.;25.0%;12.5%;31.3%;;;;6.3%;;;;;;6.3%;;6.3%;;;;;;;;12.5%;
;;17700;Learning & Reg Strategies;202620;Spring 2026;001;38339;Downing, Brenda K.;35.0%;;50.0%;;;10.0%;;;;;;;;;;;;;;;;;5.0%;
;;;;;;002;38384;Downing, Brenda K.;25.0%;;35.0%;;10.0%;15.0%;;;;;;;;;;;;;;;;;15.0%;
;;20001;Special Pops Sem: Disab & Diff;202620;Spring 2026;001;14684;Opsahl, Scott E.;18.4%;10.2%;61.2%;;4.1%;6.1%;;;;;;;;;;;;;;;;;;
;;;;;;002;14685;Rusnak, Kathryn N.;18.4%;14.3%;36.7%;;8.2%;2.0%;8.2%;;;2.0%;;;;;6.1%;;;;;;;;4.1%;
;;21100;Law Policy Ethical Guidelines;202620;Spring 2026;001;24000;Jackson, David M.;19.0%;23.8%;4.8%;;14.3%;4.8%;14.3%;4.8%;;;;;;;9.5%;;;;;;;;4.8%;
;;21200;Collab & Family Engagement;202620;Spring 2026;001;24008;Rusnak, Kathryn N.;41.2%;17.6%;35.3%;;;;5.9%;;;;;;;;;;;;;;;;;
;;23500;Learning & Motivation;202620;Spring 2026;001;19646;Cho, Hyeree;33.3%;16.7%;20.4%;;3.7%;5.6%;5.6%;;1.9%;1.9%;;;1.9%;;3.7%;;;;;;;;5.6%;
;;;;;;002;19649;Kraatz, Elizabeth A.;34.5%;29.3%;19.0%;;6.9%;1.7%;3.4%;;;;;;;;;;;;;;;;5.2%;
;;;Learning & Motivation-Honors;202620;Spring 2026;002;19649;Kraatz, Elizabeth A.;;;100.0%;;;;;;;;;;;;;;;;;;;;;
;;24001;Found Gifted Ed & Differ Instr;202620;Spring 2026;001;37256;Haas, Benna S.;79.2%;12.5%;;;;4.2%;;;;;;;;;;;;;;;;;4.2%;
;;;;;;003;37258;Haas, Benna S.;71.4%;;;;7.1%;;7.1%;;7.1%;;;;;;;;;;;;;;7.1%;
;;;;;;005;39628;Cress, Alissa P.;36.8%;36.8%;;;10.5%;;;;;5.3%;;;;;10.5%;;;;;;;;;
;;;;;;006;39629;Cress, Alissa P.;33.3%;41.7%;;;4.2%;8.3%;;;;;;;;;8.3%;;;;;;;;4.2%;
;;26501;The Inclusive Classroom;202620;Spring 2026;001;14355;Opsahl, Scott E.;25.0%;8.9%;44.6%;;1.8%;5.4%;8.9%;;3.6%;;;;;;;;;;;;;;1.8%;
;;;;;;002;28229;Rusnak, Kathryn N.;30.2%;20.9%;23.3%;;7.0%;4.7%;;;;7.0%;;;;;2.3%;;;;;;;;4.7%;
;;30100;Peer Counseling Tng;202620;Spring 2026;001;18063;Allensworth, Brittany S.;78.6%;;;;7.1%;;;7.1%;;;;;;;;;;;;;;;7.1%;
;;;Peer Counseling Tng-Honors;202620;Spring 2026;001;18063;Allensworth, Brittany S.;100.0%;;;;;;;;;;;;;;;;;;;;;;;
;;31100;Support ECX Learners Math;202620;Spring 2026;001;13596;Xin, Yan Ping;18.2%;9.1%;54.5%;;9.1%;9.1%;;;;;;;;;;;;;;;;;;
;;31200;Inclusive Practices;202620;Spring 2026;001;13591;Begeske, Jasmine L.;12.5%;12.5%;75.0%;;;;;;;;;;;;;;;;;;;;;
;;31500;Collab Leader: Interpersonal;202620;Spring 2026;002;18158;Chapman, Jessica N.;3.8%;3.8%;80.8%;;;;11.5%;;;;;;;;;;;;;;;;;
;;;;;;004;14963;Cox, Angel R.;;14.8%;70.4%;;7.4%;;;;;3.7%;;;;;3.7%;;;;;;;;;
;;;;;;006;14968;Clemons Williams, Lamonica R.;3.6%;3.6%;85.7%;;;;;;;;3.6%;;;;;;;;;;;;3.6%;
;;;;;;008;14976;Cox, Angel R.;;7.4%;81.5%;;3.7%;3.7%;;;;;;;;;3.7%;;;;;;;;;
;;;;;;012;15252;Thompson, Grace A.;3.8%;;88.5%;;;;;;3.8%;;;;;;3.8%;;;;;;;;;
;;;;;;014;15254;Thompson, Grace A.;12.0%;12.0%;56.0%;;4.0%;4.0%;4.0%;;;;;;;;4.0%;;;;;;;;4.0%;
;;;;;;015;15255;Alexandra, Erin;7.4%;3.7%;85.2%;;;;;;;;;;;;3.7%;;;;;;;;;
;;;;;;016;15256;Pham, Phoebe T.;40.7%;3.7%;55.6%;;;;;;;;;;;;;;;;;;;;;
;;;;;;024;16031;May, Katharine A.;;;91.7%;;4.2%;;;4.2%;;;;;;;;;;;;;;;;
;;;;;;025;16058;Delgado, Joshua;;;92.0%;;;4.0%;;;4.0%;;;;;;;;;;;;;;;
;;;;;;026;16060;May, Katharine A.;;;91.3%;;;;4.3%;;;;;;;;;;;4.3%;;;;;;
;;;;;;027;32646;Salazar, Hannah N.;30.0%;6.7%;30.0%;;;6.7%;6.7%;;;6.7%;;;;;3.3%;;;;;;;;10.0%;
;;;;;;028;32647;Jarrard, Anne C.;30.0%;13.3%;16.7%;;;16.7%;10.0%;;3.3%;3.3%;;3.3%;3.3%;;;;;;;;;;;
;;;;;;029;32648;Clemons Williams, Lamonica R.;6.7%;3.3%;83.3%;;;;;;;;;;;;;;;;;;;;6.7%;
;;;;;;030;33026;Jarrard, Anne C.;24.1%;31.0%;17.2%;;;10.3%;;;3.4%;3.4%;;;;;;;;;;;;;10.3%;
;;;;;;034;37222;Pham, Phoebe T.;18.5%;3.7%;63.0%;;7.4%;;3.7%;;;3.7%;;;;;;;;;;;;;;
;;31600;Leadership: Cross-Cultural;202620;Spring 2026;001;66232;Johnson, Dallann A.;5.3%;5.3%;73.7%;;;;;;;;;;5.3%;;5.3%;;;;;;;;5.3%;
;;;;;;002;15273;Johnson, Dallann A.;18.2%;9.1%;59.1%;;;;9.1%;;;;;;;;4.5%;;;;;;;;;
;;31700;Leadership: Mentoring;202620;Spring 2026;009;22319;Elhedk, Farida R.;5.6%;;77.8%;;;;5.6%;;;;;;;;;;;;;;;;11.1%;
;;;;;;010;37223;Elhedk, Farida R.;;13.3%;66.7%;;6.7%;;13.3%;;;;;;;;;;;;;;;;;
;;;;;;011;37224;Payton, Samantha N.;81.8%;;18.2%;;;;;;;;;;;;;;;;;;;;;
;;;Leadership: Mentoring-Honors;202620;Spring 2026;011;37224;Payton, Samantha N.;100.0%;;;;;;;;;;;;;;;;;;;;;;;
;;32600;Health, Wellness, & Adapted PE;202620;Spring 2026;001;13619;Price, Richard A.;54.5%;18.2%;18.2%;;;;9.1%;;;;;;;;;;;;;;;;;
;;32700;Classroom Assessment;202620;Spring 2026;001;38323;Traynor, Anne;17.6%;23.5%;29.4%;;8.8%;;5.9%;;;2.9%;2.9%;;;;2.9%;;;;;;;;5.9%;
;;34201;Curriculum Prog Dev Gifted Ed;202620;Spring 2026;001;37263;Cress, Alissa P.;57.1%;14.3%;;;14.3%;;7.1%;7.1%;;;;;;;;;;;;;;;;
;;;;;;002;39603;Mcintosh, Jason S.;46.2%;23.1%;;;23.1%;;7.7%;;;;;;;;;;;;;;;;;
;;36201;Positive Behavioral Supports;202620;Spring 2026;001;26057;Jones, Kristie N.;26.8%;16.1%;33.9%;;3.6%;3.6%;7.1%;1.8%;;;;;;;1.8%;;;;;;;;5.4%;
;;;;;;002;14638;Aguilar, Juliana;22.0%;22.0%;29.3%;;4.9%;4.9%;9.8%;;;;;;;;2.4%;;;;;;;;4.9%;
;;43000;Creating Learning Env;202620;Spring 2026;002;25026;Kraatz, Elizabeth A.;27.3%;36.4%;9.1%;;;;9.1%;9.1%;;;;;;;9.1%;;;;;;;;;
;;43010;Secondary Create & Mgt Environ;202620;Spring 2026;002;15299;Kraatz, Elizabeth A.;10.3%;24.1%;24.1%;;13.8%;6.9%;3.4%;;;6.9%;3.4%;;;;6.9%;;;;;;;;;
;;49000;Life Skills Sucess & Leadershp;202620;Spring 2026;002;22905;Wright-Eger, Catherine J.;93.3%;;;;6.7%;;;;;;;;;;;;;;;;;;;
;;;;;;003;22918;Wright-Eger, Catherine J.;100.0%;;;;;;;;;;;;;;;;;;;;;;;
;;;;;;004;22922;Wright-Eger, Catherine J.;94.4%;;;;;;;;;;;;;;;;;;;;;;5.6%;
;;53300;Intr Ed Rsrch I Methd;202620;Spring 2026;021;18283;Masonheimer, August T.;7.7%;;84.6%;;;;;;7.7%;;;;;;;;;;;;;;;
;;59100;Psychopathology;202620;Spring 2026;001;37213;Deemer, Eric D.;100.0%;;;;;;;;;;;;;;;;;;;;;;;
;;60700;Mixed Methods Res Designs &App;202620;Spring 2026;008;38337;Rogat, Toni K.;81.8%;;18.2%;;;;;;;;;;;;;;;;;;;;;
;;62400;Off-Site Pract & Supervision;202620;Spring 2026;001;58856;Stanley, David C.;100.0%;;;;;;;;;;;;;;;;;;;;;;;
;;63000;Research Proc In Educ;202620;Spring 2026;003;25629;Traynor, Anne;15.4%;15.4%;69.2%;;;;;;;;;;;;;;;;;;;;;
;;63100;Gifted Ed Seminar;202620;Spring 2026;001;13966;Pereira, Nielsen L.;94.1%;;;;;;;;;;;;;;;5.9%;;;;;;;;
EDST;EDST-Ed Leadrship&Cultrl Fnd;20010;Educational Policies And Laws;202620;Spring 2026;001;11763;Phillips, Terron J.;40.4%;17.0%;12.8%;;8.5%;6.4%;;;4.3%;2.1%;2.1%;;;;4.3%;;;;;;;;2.1%;
EEE;EEE-Environ & Ecological Engr;30000;Environ & Ecol System Modeling;202620;Spring 2026;001;11390;Shah, Amisha D.;30.4%;28.3%;17.4%;;15.2%;2.2%;6.5%;;;;;;;;;;;;;;;;;
;;35000;Intro Env And Ecol Engineering;202620;Spring 2026;001;12775;Zhang, Xinyu;40.0%;16.0%;18.0%;;4.0%;4.0%;10.0%;;;;;;2.0%;;;;;;;;;;6.0%;
;;35500;Eng Env Sustainability;202620;Spring 2026;001;68649;Nies, Loring F.;60.0%;22.9%;;;5.7%;2.9%;5.7%;2.9%;;;;;;;;;;;;;;;;
;;;;;;002;34923;Nies, Loring F.;51.4%;14.3%;;;;2.9%;14.3%;5.7%;;2.9%;5.7%;;;;;;;;;;;;2.9%;
;;38000;Environmental Chemodynamics;202620;Spring 2026;001;12649;Howarter, John A.;36.1%;36.1%;;;13.9%;8.3%;;2.8%;;2.8%;;;;;;;;;;;;;;
;;39000;EEE Prof Pract Sem;202620;Spring 2026;001;59975;Whelton, Margaret F.;67.6%;;21.6%;;2.7%;;2.7%;2.7%;;;2.7%;;;;;;;;;;;;;
;;47200;Community-Engaged Eng & Design;202620;Spring 2026;001;13684;Payne Haugen, Lindsey B.;100.0%;;;;;;;;;;;;;;;;;;;;;;;
;;48002;Env & Ecol Eng Sr Design II;202620;Spring 2026;001;21650;Nies, Loring F.;83.7%;6.1%;6.1%;;;4.1%;;;;;;;;;;;;;;;;;;
;;55201;Environmental Biotechnology;202620;Spring 2026;001;69775;Zhou, Zhi;25.0%;16.7%;58.3%;;;;;;;;;;;;;;;;;;;;;
;;56000;Env Ecol Reg And Compliance;202620;Spring 2026;004;11168;Ridgway, Robin M.;40.0%;30.0%;;;5.0%;5.0%;20.0%;;;;;;;;;;;;;;;;;
;;;Env Sust Data Cent & Trans I;202620;Spring 2026;001;14617;Hua, Inez;100.0%;;;;;;;;;;;;;;;;;;;;;;;
;;;Env Sust Data Cent & Trans II;202620;Spring 2026;002;14623;Hua, Inez;100.0%;;;;;;;;;;;;;;;;;;;;;;;
;;;Env Sust Data Cent & Trans III;202620;Spring 2026;007;35317;Hua, Inez;50.0%;6.3%;37.5%;;6.3%;;;;;;;;;;;;;;;;;;;
;;57000;Solid & Hazardous Waste Mgmt;202620;Spring 2026;001;69806;Whelton, Andrew J.;17.9%;5.1%;69.2%;2.6%;;2.6%;;;2.6%;;;;;;;;;;;;;;;
;;69000;Env & Ecol Engr Grad Seminar;202620;Spring 2026;001;11368;Singh, Shweta;;;;;;;;;;;;;;;;;;;;94.1%;2.9%;2.9%;;
ENE;ENE-Engineering Education;50600;Content, Assessment & Pedagogy;202620;Spring 2026;001;17061;Purzer, Senay;100.0%;;;;;;;;;;;;;;;;;;;;;;;
ENGL;ENGL-English;10800;First Year Composition;202620;Spring 2026;039;20032;Alvey, Kyle R.;30.0%;;60.0%;;5.0%;;;5.0%;;;;;;;;;;;;;;;;
;;;;;;040;20033;Weatherford, Jessica A.;15.0%;35.0%;10.0%;;5.0%;;10.0%;;5.0%;;;;;;10.0%;;;;;;;;10.0%;
;;;;;;041;20034;Weatherford, Jessica A.;31.6%;26.3%;15.8%;;;;;5.3%;5.3%;;;;5.3%;;;;;;;;;;10.5%;
;;;;;;042;20035;Weatherford, Jessica A.;35.0%;25.0%;5.0%;;5.0%;;20.0%;5.0%;;;;;;;;;;;;;;;5.0%;
;;;;;;043;20036;Mercado, Jessica M.;15.0%;25.0%;5.0%;;15.0%;;15.0%;;;;;;;;5.0%;;;;;;;;20.0%;
;;;;;;044;20037;Dunn, Frederick T.;55.0%;;5.0%;;15.0%;;10.0%;;;5.0%;10.0%;;;;;;;;;;;;;
;;;;;;065;31583;Mercado, Jessica M.;29.4%;11.8%;5.9%;;5.9%;23.5%;;;5.9%;;;;;;;;;;;;;;17.6%;
;;;;;;066;37497;Rosell, Carla B.;;31.6%;10.5%;;21.1%;5.3%;5.3%;5.3%;;;;;;;5.3%;;;;;;;;15.8%;
;;;;;;067;37498;Rosell, Carla B.;21.1%;21.1%;;;15.8%;10.5%;21.1%;;;;;;;;;;;;;;;;10.5%;
;;;;;;068;37499;Rosell, Carla B.;21.1%;15.8%;;;;21.1%;10.5%;;10.5%;;;;;;;;;;;;;;21.1%;
;;;;;;069;37500;Rosell, Carla B.;21.1%;15.8%;;;10.5%;;36.8%;;;10.5%;;;;;;;;;;;;;5.3%;
;;;;;;070;37501;Shukle, Catherine J.;20.0%;20.0%;35.0%;;5.0%;5.0%;;;5.0%;;;;;;;;;;;;;;10.0%;
;;;;;;071;37502;Shukle, Catherine J.;30.0%;20.0%;25.0%;;5.0%;10.0%;5.0%;;;5.0%;;;;;;;;;;;;;;
;;;;;;072;37503;Jacoby, Joshua D.;57.9%;10.5%;15.8%;;5.3%;;10.5%;;;;;;;;;;;;;;;;;
;;;;;;073;37504;Shukle, Catherine J.;10.5%;15.8%;42.1%;;5.3%;5.3%;10.5%;;5.3%;5.3%;;;;;;;;;;;;;;
;;;;;;074;37895;Baumgartner, Beth E.;17.6%;29.4%;41.2%;;5.9%;;5.9%;;;;;;;;;;;;;;;;;
;;;;;;075;39398;Baumgartner, Beth E.;42.1%;5.3%;36.8%;;5.3%;;;;5.3%;;;;;;;;;;;;;;5.3%;
;;20200;Engaging English;202620;Spring 2026;002;19077;Mercado, Jessica M.;;45.5%;;;4.5%;4.5%;4.5%;9.1%;4.5%;9.1%;;;;;;;;;;;;;18.2%;
;;;;;;003;18329;Mercado, Jessica M.;7.1%;21.4%;;;7.1%;21.4%;21.4%;14.3%;;;;;7.1%;;;;;;;;;;;
;;;Engaging English-Honors;202620;Spring 2026;002;19077;Mercado, Jessica M.;66.7%;;33.3%;;;;;;;;;;;;;;;;;;;;;
;;20300;Research Prof Writ;202620;Spring 2026;SC1;26139;Denny, Harry C.;25.0%;6.3%;18.8%;;6.3%;;18.8%;;;;;;;;12.5%;;;;;;;;12.5%;
;;20400;Science Fiction Writing;202620;Spring 2026;001;25342;Gray, Casey M.;76.5%;5.9%;5.9%;;;;5.9%;;;;;;;;5.9%;;;;;;;;;
;;;;;;002;29035;Gray, Casey M.;58.8%;5.9%;5.9%;;5.9%;;;5.9%;;;;;;;;;;;;;;;17.6%;
;;20500;Intro Creative Writing;202620;Spring 2026;001;18837;Martinez, Alphonso;21.1%;10.5%;47.4%;;10.5%;5.3%;;;;;;;5.3%;;;;;;;;;;;
;;;;;;004;18843;Cameron, Brent M.;;5.3%;89.5%;;5.3%;;;;;;;;;;;;;;;;;;;
;;;;;;011;15989;O'Donoghue, Kate M.;15.8%;5.3%;57.9%;;;;10.5%;;5.3%;;;;;;;;;;;;;;5.3%;
;;;;;;012;15990;O'Donoghue, Kate M.;10.5%;5.3%;68.4%;;;;5.3%;5.3%;;;5.3%;;;;;;;;;;;;;
;;;;;;014;31585;Martinez, Alphonso;10.5%;21.1%;52.6%;;5.3%;;5.3%;5.3%;;;;;;;;;;;;;;;;
;;;;;;015;31586;Martinez, Alphonso;21.1%;21.1%;42.1%;;5.3%;;5.3%;;;;;;;;;;;;;;;;5.3%;
;;;;;;016;31587;O'Donoghue, Kate M.;16.7%;11.1%;55.6%;;;;11.1%;5.6%;;;;;;;;;;;;;;;;
;;;;;;017;41008;Fraterrigo, Melissa A.;10.5%;31.6%;;;10.5%;15.8%;5.3%;;5.3%;;;;;;5.3%;5.3%;;;;;;;10.5%;
;;;;;;019;41057;Brewer, Joshua A.;77.8%;11.1%;;;;;5.6%;;;;;;;;;;;;;;;;5.6%;
;;;;;;020;41058;Brewer, Joshua A.;88.2%;;;;;;5.9%;;;;;;;;;;;;;;;;5.9%;
;;;;;;021;41332;Del Busto, Matthew G.;21.1%;15.8%;42.1%;;;;5.3%;;5.3%;5.3%;5.3%;;;;;;;;;;;;;
;;;;;;022;41333;Martinez, Alphonso;31.6%;5.3%;47.4%;;;5.3%;10.5%;;;;;;;;;;;;;;;;;
;;21800;Heroes And Villains;202620;Spring 2026;001;26647;Armstrong, S D.;34.5%;9.1%;1.8%;;25.5%;5.5%;1.8%;7.3%;;3.6%;1.8%;;;;;;;;;;;;9.1%;
;;;Heroes And Villains-Honors;202620;Spring 2026;001;26647;Armstrong, S D.;50.0%;;;;;;50.0%;;;;;;;;;;;;;;;;;
;;22800;Language And Social Identity;202620;Spring 2026;001;38947;Fullin, Karen R.;30.8%;15.4%;15.4%;;15.4%;7.7%;15.4%;;;;;;;;;;;;;;;;;
;;23000;Great Narrative Works;202620;Spring 2026;001;23966;Plotnitsky, Arkady;8.3%;29.2%;;;8.3%;;37.5%;;;;;;;;;;;;;;;;16.7%;
;;23800;Intro To Fiction;202620;Spring 2026;004;23167;Ducleroir, Sidney;32.0%;12.0%;32.0%;;4.0%;;8.0%;4.0%;;;;;;;;;;;;;;;8.0%;
;;;;;;010;39319;Morris, Daniel C.;40.0%;24.0%;8.0%;;4.0%;;16.0%;;4.0%;4.0%;;;;;;;;;;;;;;
;;;;;;011;39320;Morris, Daniel C.;33.3%;8.3%;12.5%;;;8.3%;12.5%;;;20.8%;;;4.2%;;;;;;;;;;;
;;;Intro To Fiction-Honors;202620;Spring 2026;011;39320;Morris, Daniel C.;;;100.0%;;;;;;;;;;;;;;;;;;;;;
;;25000;Great American Books;202620;Spring 2026;001;24357;Lamb, Robert P.;9.1%;13.6%;31.8%;;9.1%;;9.1%;;4.5%;4.5%;;;;;4.5%;4.5%;;;;;;;9.1%;
;;;Great American Books-Honors;202620;Spring 2026;001;24357;Lamb, Robert P.;;;;;;;;;;;;;;;100.0%;;;;;;;;;
;;25700;Lit Of Black America;202620;Spring 2026;001;38236;Schneider, Paul R.;43.5%;26.1%;;;;13.0%;8.7%;4.3%;;4.3%;;;;;;;;;;;;;;
;;26200;Greek Roman Classics;202620;Spring 2026;001;37899;Conner, Daniel A.;28.6%;7.1%;7.1%;;;7.1%;14.3%;;;7.1%;;;;;14.3%;;;7.1%;;;;;7.1%;
;;26400;Bible As Literature;202620;Spring 2026;001;37199;Jouin, Gwenael B.;5.6%;5.6%;55.6%;;;5.6%;16.7%;5.6%;;;;5.6%;;;;;;;;;;;;
;;28600;The Movies;202620;Spring 2026;004;16829;Hughes, Shaun F.;59.1%;9.1%;31.8%;;;;;;;;;;;;;;;;;;;;;
;;;;;;006;24320;Hughes, Shaun F.;31.6%;10.5%;42.1%;;;;5.3%;;;;;;;;;;;;;;;;10.5%;
;;;;;;009;41969;Felluga, Dino F.;35.3%;23.5%;11.8%;;5.9%;17.6%;;;;5.9%;;;;;;;;;;;;;;
;;;The Movies-Honors;202620;Spring 2026;004;16829;Hughes, Shaun F.;50.0%;;50.0%;;;;;;;;;;;;;;;;;;;;;
;;;;;;009;41969;Felluga, Dino F.;;50.0%;50.0%;;;;;;;;;;;;;;;;;;;;;
;;30100;Ways Of Reading;202620;Spring 2026;001;32205;Sagar, Aparajita;26.3%;21.1%;10.5%;;;;21.1%;5.3%;;;;;;;10.5%;;;;;;;;5.3%;
;;30400;Advanced Composition;202620;Spring 2026;001;17924;Haynes, Linda E.;41.2%;11.8%;17.6%;;5.9%;;11.8%;5.9%;;;;;;;5.9%;;;;;;;;;
;;;;;;002;14959;Haynes, Linda E.;55.0%;;15.0%;;;;10.0%;;;;15.0%;;;;;;;;;;;;5.0%;
;;;;;;003;38467;Bras, Harris J.;58.8%;17.6%;;;5.9%;;;;;;;;;;;;;;;;;;17.6%;
;;;;;;004;38468;Bras, Harris J.;70.0%;10.0%;;;5.0%;;5.0%;;;;;;;;;;;;;;;;10.0%;
;;;;;;005;41815;Bras, Harris J.;65.0%;15.0%;;;;;15.0%;;;;;;;;;;;;;;;;5.0%;
;;;Advanced Composition-Honors;202620;Spring 2026;001;17924;Haynes, Linda E.;;;100.0%;;;;;;;;;;;;;;;;;;;;;
;;30600;Intro Profess Writing;202620;Spring 2026;001;59734;Dilger, C B.;44.4%;;27.8%;;5.6%;;;16.7%;;;;;;;5.6%;;;;;;;;;
;;;Intro Profess Writing-Honors;202620;Spring 2026;001;59734;Dilger, C B.;50.0%;;50.0%;;;;;;;;;;;;;;;;;;;;;
;;30900;Digital Design And Production;202620;Spring 2026;001;18913;Johnson, Michael D.;10.5%;10.5%;31.6%;;;10.5%;5.3%;;5.3%;;;;;;10.5%;;;;;;;;15.8%;
;;;;;;002;31119;Johnson, Michael D.;5.6%;11.1%;44.4%;;16.7%;;5.6%;;;;;;;;;;;;;;;;16.7%;
;;31600;Craft Of Fiction;202620;Spring 2026;001;23873;Peterson, Katherine;31.3%;6.3%;50.0%;;;;6.3%;;;;;;;;;;;;;;;;6.3%;
;;;;;;002;41006;Fraterrigo, Melissa A.;38.5%;23.1%;7.7%;;7.7%;;7.7%;;;;;;7.7%;;;;;;;;;;7.7%;
;;31700;Craft Of Poetry;202620;Spring 2026;001;38243;Brewer, Joshua A.;68.8%;6.3%;;;;;12.5%;;;;;;;;6.3%;;;;;;;;6.3%;
;;;;;;002;39625;Brewer, Joshua A.;88.2%;5.9%;;;;;;;;;;;;;5.9%;;;;;;;;;
;;;Craft Of Poetry-Honors;202620;Spring 2026;001;38243;Brewer, Joshua A.;100.0%;;;;;;;;;;;;;;;;;;;;;;;
;;32200;Word, Image, Media;202620;Spring 2026;001;39483;Lukasik, Christopher J.;32.0%;12.0%;4.0%;;12.0%;4.0%;16.0%;16.0%;4.0%;;;;;;;;;;;;;;;
;;33000;Games And Diversity;202620;Spring 2026;SC1;25350;Blackmon, Samantha;94.1%;;;;;;5.9%;;;;;;;;;;;;;;;;;
;;;Games And Diversity-Honors;202620;Spring 2026;SC1;25350;Blackmon, Samantha;100.0%;;;;;;;;;;;;;;;;;;;;;;;
;;34500;Games And World Building;202620;Spring 2026;001;37697;Blackmon, Samantha;85.7%;;;;4.8%;;;;;;4.8%;;;;;;;;;;;;4.8%;
;;35100;American Literature After 1865;202620;Spring 2026;001;31527;Flory, Wendy S.;36.0%;8.0%;24.0%;;4.0%;4.0%;12.0%;;;4.0%;;;;;;;;;;;;;8.0%;
;;35900;Black Women Writers;202620;Spring 2026;001;22557;David, Marlo D.;41.2%;5.9%;17.6%;;11.8%;11.8%;;;;5.9%;;5.9%;;;;;;;;;;;;
;;36000;Gender And Literature;202620;Spring 2026;001;17071;David, Marlo D.;33.3%;20.0%;20.0%;;;;13.3%;;;;6.7%;;;;;;;;;;;;6.7%;
;;36600;Postcolonial Lit;202620;Spring 2026;001;38232;Sagar, Aparajita;39.1%;13.0%;30.4%;;8.7%;;;;;;;;;;4.3%;;;;;;;;4.3%;
;;37300;Science Fict & Fantasy;202620;Spring 2026;001;14969;Weatherford, Jessica A.;27.3%;4.5%;31.8%;;;;9.1%;;;4.5%;;;4.5%;;;;;;;;;;18.2%;
;;;Science Fict & Fantasy-Honors;202620;Spring 2026;001;14969;Weatherford, Jessica A.;;;100.0%;;;;;;;;;;;;;;;;;;;;;
;;37700;Modern And Contemporary Poetry;202620;Spring 2026;001;24342;Flory, Wendy S.;25.0%;12.5%;33.3%;;12.5%;4.2%;8.3%;;;;;;;;;;;;;;;;4.2%;
;;37800;Stds In American Literary Hist;202620;Spring 2026;001;40681;Lamb, Robert P.;26.1%;8.7%;47.8%;;;;8.7%;;;;;;;;8.7%;;;;;;;;;
;;39000;Pract Tutoring Writing;202620;Spring 2026;001;18914;Montoya Lopez, Juan Carlos;69.2%;;;;;;;7.7%;;7.7%;;;;;7.7%;;;;;;;;7.7%;
;;39200;Young Adult Literature;202620;Spring 2026;002;41435;Lennon, Mary Ellen;44.0%;12.0%;16.0%;;8.0%;4.0%;8.0%;4.0%;4.0%;;;;;;;;;;;;;;;
;;40600;Review Writing;202620;Spring 2026;001;14977;Rickert, Thomas J.;75.0%;5.0%;10.0%;;;;5.0%;;;;;;;;;5.0%;;;;;;;;
;;40700;Intermediate Poetry Writing;202620;Spring 2026;001;18937;Platt, Donald O.;58.8%;17.6%;11.8%;;;;;;;;;;;;;;;;;;;;11.8%;
;;40800;Creatv Writng Capstone;202620;Spring 2026;001;38005;Leung, Brian J.;41.7%;;16.7%;;16.7%;8.3%;8.3%;;;;;;;;;;;;;;;;8.3%;
;;40900;Intermediate Fiction Writing;202620;Spring 2026;001;18940;Gray, Casey M.;64.7%;17.6%;;;17.6%;;;;;;;;;;;;;;;;;;;
;;;;;;002;18941;Gray, Casey M.;88.2%;5.9%;;;5.9%;;;;;;;;;;;;;;;;;;;
;;41300;Medieval Women Writers;202620;Spring 2026;001;37520;Armstrong, S D.;78.6%;14.3%;;;7.1%;;;;;;;;;;;;;;;;;;;
;;;Medieval Women Writers-Honors;202620;Spring 2026;001;37520;Armstrong, S D.;100.0%;;;;;;;;;;;;;;;;;;;;;;;
;;41900;Multimedia Writing;202620;Spring 2026;001;18948;Kaiser Lee, Karen A.;55.0%;20.0%;;;10.0%;;10.0%;;;;;;;;5.0%;;;;;;;;;
;;;;;;002;18949;Kaiser Lee, Karen A.;66.7%;11.1%;;;;11.1%;11.1%;;;;;;;;;;;;;;;;;
;;;Multimedia Writing-Honors;202620;Spring 2026;002;18949;Kaiser Lee, Karen A.;100.0%;;;;;;;;;;;;;;;;;;;;;;;
;;42000;Business Writing;202620;Spring 2026;001;33234;Colon, Garrett I.;15.0%;5.0%;80.0%;;;;;;;;;;;;;;;;;;;;;
;;;;;;002;42098;Wright, Judson C.;30.0%;35.0%;20.0%;;;5.0%;5.0%;;;;;;;;5.0%;;;;;;;;;
;;;;;;Y01;14980;Bailey, Rachael D.;33.3%;42.9%;;;;;19.0%;;;4.8%;;;;;;;;;;;;;;
;;;;;;Y02;14981;Bailey, Rachael D.;55.0%;10.0%;;;20.0%;5.0%;5.0%;5.0%;;;;;;;;;;;;;;;;
;;;;;;Y03;14983;Bailey, Rachael D.;40.0%;10.0%;5.0%;;20.0%;15.0%;5.0%;;;;;;;;5.0%;;;;;;;;;
;;;;;;Y04;14984;Bailey, Rachael D.;25.0%;45.0%;;;10.0%;;15.0%;;;;;;;;;;;;;;;;5.0%;
;;;;;;Y05;14985;Bailey, Rachael D.;63.2%;26.3%;;;;;10.5%;;;;;;;;;;;;;;;;;
;;;;;;Y06;14989;Beard, Daniela M.;25.0%;45.0%;5.0%;;5.0%;10.0%;5.0%;;;;5.0%;;;;;;;;;;;;;
;;;;;;Y07;25197;Lark, Jolene B.;60.0%;15.0%;15.0%;;10.0%;;;;;;;;;;;;;;;;;;;
;;42100;Technical Writing;202620;Spring 2026;001;18998;Kaiser Lee, Karen A.;78.9%;10.5%;;;5.3%;;;;;;;;;;;;;;;;;;5.3%;
;;;;;;004;19001;Kaiser Lee, Karen A.;85.0%;;;;;;;;;;;;;;;;;;;;;;15.0%;
;;;;;;055;24333;Hughes, Jennifer J.;65.0%;;;;30.0%;;;;;;;;;;;;;;;;;;5.0%;
;;;;;;056;24338;Wicks, Heather N.;50.0%;33.3%;5.6%;;;;11.1%;;;;;;;;;;;;;;;;;
;;;;;;057;24728;Sobolak, Frances E.;35.0%;5.0%;55.0%;;;;5.0%;;;;;;;;;;;;;;;;;
;;;;;;059;33342;Leary, Amanda E.;35.0%;5.0%;40.0%;;5.0%;;;;;10.0%;;;;;5.0%;;;;;;;;;
;;;;;;060;33343;Long, Alexander C.;;10.0%;;;30.0%;5.0%;50.0%;;;5.0%;;;;;;;;;;;;;;
;;;;;;061;33602;Leary, Amanda E.;27.8%;;61.1%;;;5.6%;5.6%;;;;;;;;;;;;;;;;;
;;;;;;066;39240;Clark, Tracy L.;27.8%;22.2%;22.2%;;11.1%;5.6%;11.1%;;;;;;;;;;;;;;;;;
;;;;;;067;39241;Clark, Tracy L.;16.7%;22.2%;22.2%;;11.1%;;5.6%;;;;5.6%;;5.6%;;5.6%;;;;;;;;5.6%;
;;;;;;068;39525;Salvo, Michael J.;31.6%;26.3%;26.3%;;;;5.3%;;;;;;;;10.5%;;;;;;;;;
;;;;;;Y01;25207;Clark, Tracy L.;45.0%;25.0%;15.0%;;;5.0%;5.0%;;;5.0%;;;;;;;;;;;;;;
;;;;;;Y02;25208;Clark, Tracy L.;52.6%;5.3%;10.5%;;10.5%;10.5%;;5.3%;;;;;;;;;;;;;;;5.3%;
;;;;;;Y03;25209;Hughes, Jennifer J.;60.0%;;;;15.0%;;;20.0%;;;;;;;;;;;;;;;5.0%;
;;;;;;Y04;25210;Hughes, Jennifer J.;70.0%;;;;20.0%;;;;;;10.0%;;;;;;;;;;;;;
;;;;;;Y05;25211;Hughes, Jennifer J.;85.0%;;;;10.0%;;;5.0%;;;;;;;;;;;;;;;;
;;;Technical Writing-Honors;202620;Spring 2026;Y01;25207;Clark, Tracy L.;;;100.0%;;;;;;;;;;;;;;;;;;;;;
;;42201;Wrtg Health Human Sciences;202620;Spring 2026;001;13527;Griffin, Mark;5.0%;;90.0%;;;;;;;5.0%;;;;;;;;;;;;;;
;;43400;Science And Medical Writing;202620;Spring 2026;001;41007;Defrench, Melissa K.;;5.0%;85.0%;;;;;;;;;;5.0%;;5.0%;;;;;;;;;
;;;;;;002;41501;Defrench, Melissa K.;5.0%;;90.0%;;;;;;;;;;5.0%;;;;;;;;;;;
;;43900;Disability Literature;202620;Spring 2026;001;38253;Linett, Maren T.;29.4%;35.3%;;5.9%;11.8%;5.9%;11.8%;;;;;;;;;;;;;;;;;
;;47000;Adv Topics In Rhetoric Studies;202620;Spring 2026;001;37896;Salvo, Michael J.;44.4%;5.6%;16.7%;;5.6%;;16.7%;;5.6%;;;;;;5.6%;;;;;;;;;
;;48800;Internshp Prof Writing;202620;Spring 2026;002;64937;Bay, Jennifer L.;36.4%;;36.4%;;9.1%;;9.1%;;;;;;;;;9.1%;;;;;;;;
;;49200;Lit Secondary Schools;202620;Spring 2026;001;18898;Alsup, Janet M.;77.8%;;;;;;11.1%;;;;;;;;5.6%;;;;;;;;5.6%;
;;50700;Advanced Poetry Writing;202620;Spring 2026;001;14757;Platt, Donald O.;100.0%;;;;;;;;;;;;;;;;;;;;;;;
;;50900;Adv Fiction Writing;202620;Spring 2026;001;28245;Leung, Brian J.;42.9%;7.1%;;;14.3%;14.3%;14.3%;;7.1%;;;;;;;;;;;;;;;
ENGR;ENGR-Engineering;10301;Applications Of AI In Engr;202620;Spring 2026;LC1;15175;Brophy, Sean;83.7%;6.1%;;;;2.0%;;;;4.1%;2.0%;;;;;;;;;;;;2.0%;
;;;BIDC Intro To Manufacturing;202620;Spring 2026;001;21007;Pal, Anirudh;88.5%;;;;5.8%;;;3.8%;;;;;;;;;;;;;;;1.9%;
;;;Changing The World With Chips;202620;Spring 2026;016;15199;Swabey, Matthew A.;81.9%;;;;12.4%;;;1.0%;;;3.8%;;;;;;;1.0%;;;;;;
;;;Eng Innov For Public Service;202620;Spring 2026;021;16459;Bayley, Susan R.;91.1%;;;;3.6%;;;3.6%;;;;;;;;;;;;;;;1.8%;
;;;Intro To Nano & Quantum Techno;202620;Spring 2026;033;32661;Boltasseva, Alexandra;58.8%;5.9%;23.5%;;;;5.9%;;;;;;;;;;;;;;;;5.9%;
;;;Intro To Undergrad Research;202620;Spring 2026;030;32484;Howarter, John A.;80.0%;12.0%;;;4.0%;;;;4.0%;;;;;;;;;;;;;;;
;;;Keys To Learning;202620;Spring 2026;020;10827;Melloch, Michael R.;36.1%;3.3%;52.5%;;1.6%;;;1.6%;;;;;;;;;;;;;;;4.9%;
;;;;;;026;25063;Melloch, Michael R.;37.6%;5.9%;47.1%;;;;;1.2%;;1.2%;;;;;1.2%;;;;;;;;5.9%;
;;;Nanoparticles In Science &Tech;202620;Spring 2026;031;32658;Boltasseva, Alexandra;76.9%;7.7%;7.7%;;;;;;;;;;;;;7.7%;;;;;;;;
;;;Pharma Careers & Drug Dvlpment;202620;Spring 2026;007;23950;Clark, William R.;66.3%;;25.7%;;2.0%;;1.0%;3.0%;;;;;;;1.0%;;;;;;;;1.0%;
;;;Silicon Valley Tech Industry;202620;Spring 2026;011;27379;Cleveland, Samuel Q.;100.0%;;;;;;;;;;;;;;;;;;;;;;;
;;10351;Space Engineering Seminar;202620;Spring 2026;001;39601;Parsons, Kevin K.;94.0%;;;;;;;4.0%;;;;;;;;;;;;;;;2.0%;
;;13000;Transform Ideas To Innovations;202620;Spring 2026;001;23942;Mcfall, Gary T.;48.9%;22.3%;;;6.4%;2.1%;16.0%;1.1%;2.1%;;;;;;;;;;;;;;1.1%;
;;13100;Trans Ideas To Innovation I;202620;Spring 2026;001;63559;Aguilar, Jeannete G.;39.2%;30.9%;;;5.2%;5.2%;10.3%;;1.0%;3.1%;1.0%;;;;2.1%;;;;;;;;2.1%;
;;13200;Trans Ideas To Innovation II;202620;Spring 2026;011;63528;Aguilar, Jeannete G.;42.9%;26.9%;;;5.0%;5.9%;10.9%;1.7%;0.8%;1.7%;0.8%;;;;1.7%;;;;;;;;1.7%;
;;;;;;012;63531;Aguilar, Jeannete G.;40.0%;36.7%;;;8.3%;6.7%;6.7%;0.8%;0.8%;;;;;;;;;;;;;;;
;;;;;;013;63529;Ferdoush, Shumaiya;41.7%;30.0%;;;5.8%;6.7%;9.2%;2.5%;0.8%;2.5%;0.8%;;;;;;;;;;;;;
;;;;;;014;63532;Ferdoush, Shumaiya;62.5%;25.0%;;;3.3%;0.8%;5.0%;1.7%;0.8%;0.8%;;;;;;;;;;;;;;
;;;;;;015;15179;Ferdoush, Shumaiya;43.3%;29.2%;;;5.8%;6.7%;13.3%;;;0.8%;;;;;;;;;;;;;0.8%;
;;;;;;022;15180;Galarza Tohen, Beatriz A.;57.5%;25.8%;;;2.5%;5.0%;6.7%;;;0.8%;1.7%;;;;;;;;;;;;;
;;;;;;024;25056;Galarza Tohen, Beatriz A.;72.6%;20.5%;;;2.6%;;3.4%;;;0.9%;;;;;;;;;;;;;;
;;;;;;112;10915;Galarza Tohen, Beatriz A.;55.0%;26.7%;;;6.7%;0.8%;7.5%;1.7%;;;;;;;;;;;;;;;1.7%;
;;;;;;113;14961;Wertz, Ruth E.;25.8%;36.7%;;;13.3%;2.5%;10.8%;0.8%;2.5%;4.2%;;;;;2.5%;;;;;;;;0.8%;
;;;;;;115;25059;Wertz, Ruth E.;44.5%;34.5%;;;4.2%;0.8%;12.6%;;0.8%;0.8%;;;;;0.8%;;;;;;;;0.8%;
;;;;;;122;15185;Mcfall, Gary T.;20.0%;37.5%;;;9.2%;9.2%;17.5%;1.7%;1.7%;1.7%;1.7%;;;;;;;;;;;;;
;;;;;;124;25058;Davis, Kirsten A.;44.5%;14.3%;;;8.4%;6.7%;15.1%;4.2%;0.8%;5.0%;;;;;;;;;;;;;0.8%;
;;;;;;222;15190;Wible, Kathleen J.;24.4%;43.7%;;;10.9%;3.4%;16.0%;0.8%;;0.8%;;;;;;;;;;;;;;
;;;;;;223;15193;Wible, Kathleen J.;32.5%;40.8%;;;5.8%;2.5%;12.5%;1.7%;0.8%;2.5%;;;;;;;;;;;;;0.8%;
;;;;;;224;25061;Wible, Kathleen J.;25.0%;39.2%;;;8.3%;5.8%;16.7%;0.8%;0.8%;;1.7%;;;;0.8%;;;;;;;;0.8%;
;;;;;;LC1;15449;Brophy, Sean;45.2%;23.1%;;;8.7%;1.0%;15.4%;;1.0%;2.9%;;;;;;;;;;;;;2.9%;
;;16200;Honors Intro To Phys & Engr II;202620;Spring 2026;H01;21127;Whalen, Timothy M.;38.2%;8.8%;;;25.0%;1.5%;13.2%;7.4%;;2.9%;1.5%;;;;;;;;;;;;1.5%;
;;;;;;H02;28571;Lee, Dong Hoon;30.8%;5.8%;;;40.4%;5.8%;3.8%;9.6%;;;3.8%;;;;;;;;;;;;;
;;;;;;H04;15543;Whalen, Timothy M.;42.6%;8.8%;;;23.5%;2.9%;8.8%;8.8%;;4.4%;;;;;;;;;;;;;;
;;;;;;H05;15546;Lee, Dong Hoon;29.9%;6.0%;;;37.3%;3.0%;7.5%;14.9%;1.5%;;;;;;;;;;;;;;;
;;29600;First-Time Researcher;202620;Spring 2026;010;33089;Howarter, John A.;87.5%;;;;6.3%;;;;;;;;;;;;;;;;;;6.3%;
;;;GEARE Pro Experience Prep;202620;Spring 2026;005;20175;Buntain, Leighton A.;85.7%;;;;7.1%;;;7.1%;;;;;;;;;;;;;;;;
;;;;;;007;32532;Buntain, Leighton A.;63.6%;;;;18.2%;;;;;;9.1%;;;;;;;;;;;;9.1%;
;;;Gender In The World;202620;Spring 2026;006;21606;Zurn-Birkhimer, Suzanne M.;82.4%;;17.6%;;;;;;;;;;;;;;;;;;;;;
;;;Origami Engineering-Honors;202620;Spring 2026;H01;37522;Lee, Dong Hoon;100.0%;;;;;;;;;;;;;;;;;;;;;;;
;;;Kiewit Scholar Seminar;202620;Spring 2026;003;26332;Mcfall-Wankat, Tyson J.;;;;;;;;;;;;;;;;;;;;100.0%;;;;
;;39600;High Tech Entrepreneurship;202620;Spring 2026;004;27706;Coburn, Stefan;50.0%;8.8%;20.6%;11.8%;2.9%;;2.9%;;;;;;;;;;;;;;;;2.9%;
;;;Springer Executive Forum;202620;Spring 2026;006;41741;Grigoriou, Konstantinos;21.1%;16.9%;39.4%;1.4%;2.8%;2.8%;11.3%;;;;1.4%;;;;;;;;;;;;2.8%;
;;39700;Global Engineering Experience;202620;Spring 2026;001;22641;Rios-Rojas, Gabriel O.;;;;;;;;;;;;;;;;;1.4%;69.0%;28.2%;;;;1.4%;
;;39899;GEARE Global Internship;202620;Spring 2026;001;17533;Buntain, Leighton A.;;;;;;;;;;;;;;;;;;;;100.0%;;;;
;;40400;Instr,Mentorshp&Ldrshp-Honors;202620;Spring 2026;H01;23869;Campbell, Makenzie R.;100.0%;;;;;;;;;;;;;;;;;;;;;;;
;;;;;;H02;23871;Campbell, Makenzie R.;100.0%;;;;;;;;;;;;;;;;;;;;;;;
;;;;;;H04;24805;Campbell, Makenzie R.;100.0%;;;;;;;;;;;;;;;;;;;;;;;
;;;;;;H05;40925;Mosher, Nicole M.;100.0%;;;;;;;;;;;;;;;;;;;;;;;
;;40600;Engr Ambassador Seminar;202620;Spring 2026;001;64509;Engelberth, Nathan P.;;;100.0%;;;;;;;;;;;;;;;;;;;;;
;;49400;Women Engr Sr Seminar;202620;Spring 2026;001;28607;Zurn-Birkhimer, Suzanne M.;27.3%;;63.6%;;9.1%;;;;;;;;;;;;;;;;;;;
;;50200;Engineering Leadership;202620;Spring 2026;001;32445;Hutcheson, John S.;89.4%;;;;8.5%;;;;;;;;;;;;;;;;;;2.1%;
;;59600;Autonomy, IoT, & Robotics Proj;202620;Spring 2026;009;42114;Janecko, Gerald A.;81.0%;;19.0%;;;;;;;;;;;;;;;;;;;;;
;;;Social Impact Startup Academy;202620;Spring 2026;004;27906;Vandevoorde, Eric A.;97.4%;;;;;;;;;;;;;;;;;;;;;;2.6%;
;;;Tech Product Mgmt;202620;Spring 2026;005;33335;Crynes, Lawrence L.;16.7%;33.3%;8.3%;;8.3%;;25.0%;;;8.3%;;;;;;;;;;;;;;
;;69199;Pro Prac Grad Co-Op I;202620;Spring 2026;002;17152;Hull, Karen E.;;;;;;;;;;;;;;;;;;;;100.0%;;;;
;;69299;Pro Prac Grad Co-Op II;202620;Spring 2026;001;17153;Strickland, Jennifer N.;;;;;;;;;;;;;;;;;;;;100.0%;;;;
;;69399;Pro Prac Grad Co-Op III;202620;Spring 2026;002;17156;Hull, Karen E.;;;;;;;;;;;;;;;;;;;;100.0%;;;;
;;69699;Pro Prac Grad Intern;202620;Spring 2026;001;17205;Strickland, Jennifer N.;;;;;;;;;;;;;;;;;;;;96.2%;;;3.8%;
ENGT;ENGT-Engineering Technology;18200;Gateway To Engineering Tech;202620;Spring 2026;001;15219;Pessler, Devon J.;15.0%;;;;40.0%;;;17.5%;;;10.0%;;;;5.0%;2.5%;;;;;;;10.0%;
;;;;;;013;23000;Pessler, Devon J.;19.2%;;;;44.2%;;;11.5%;;;13.5%;;;;7.7%;;;;;;;;3.8%;
;;48000;ET Capstone I;202620;Spring 2026;003;20593;Berry, Frederick C.;32.1%;;54.8%;;1.2%;3.6%;7.1%;;;1.2%;;;;;;;;;;;;;;
;;48100;ET Capstone II;202620;Spring 2026;006;20603;Aguirre, Milton E.;29.0%;;46.0%;;7.0%;5.0%;12.0%;;;1.0%;;;;;;;;;;;;;;
;;;;;;023;23208;Aguirre, Milton E.;33.9%;0.9%;44.0%;;4.6%;0.9%;14.7%;;;;;;;;;;;;;;;;0.9%;
;;50900;Applied Computational Methods;202620;Spring 2026;003;41036;French, Richard M.;23.1%;38.5%;;;15.4%;;15.4%;;;;;;;;7.7%;;;;;;;;;
ENTM;ENTM-Entomology;10200;The Practice Of Science;202620;Spring 2026;002;39289;Decker, Brenna L.;13.3%;33.3%;13.3%;;;13.3%;6.7%;;6.7%;13.3%;;;;;;;;;;;;;;
;;10500;Insects Friend And Foe;202620;Spring 2026;001;17789;Decker, Brenna L.;51.5%;11.8%;7.4%;;4.4%;4.4%;7.4%;2.9%;4.4%;;;;;;2.9%;;;;;;;;2.9%;
;;;;;;004;40298;Decker, Brenna L.;44.1%;19.1%;2.9%;;4.4%;4.4%;8.8%;2.9%;4.4%;4.4%;1.5%;;;;1.5%;;;;;;;;1.5%;
;;12800;Investigating Forensic Science;202620;Spring 2026;001;11668;Hans, Krystal R.;25.6%;14.6%;25.6%;;8.5%;1.2%;8.5%;4.9%;1.2%;3.7%;2.4%;;;;1.2%;;;;;;;;2.4%;
;;20600;General Entomology;202620;Spring 2026;001;19173;Cameron, Stephen L.;9.6%;15.4%;17.3%;;23.1%;11.5%;9.6%;1.9%;1.9%;3.8%;;1.9%;;;;;;;;;;;3.8%;
;;;General Entomology-Honors;202620;Spring 2026;001;19173;Cameron, Stephen L.;;;100.0%;;;;;;;;;;;;;;;;;;;;;
;;20700;General Entomology Lab;202620;Spring 2026;002;19177;Cameron, Stephen L.;33.3%;;;;27.8%;;;33.3%;;;5.6%;;;;;;;;;;;;;
;;;;;;003;19175;Cameron, Stephen L.;35.7%;;;;14.3%;;;14.3%;7.1%;;14.3%;;;;7.1%;;;;;;;;7.1%;
;;;;;;004;19176;Cameron, Stephen L.;38.1%;;;;52.4%;;;4.8%;;;;;;;;;;;;;;;4.8%;
;;21000;Intro Insect Behavior;202620;Spring 2026;001;19178;Ginzel, Matthew D.;56.3%;;;;29.2%;;;6.3%;;;2.1%;;;;;;;;;;;;6.3%;
;;22820;Forensic Analysis;202620;Spring 2026;001;10602;Hans, Krystal R.;9.6%;10.2%;;;9.1%;6.1%;17.3%;7.1%;7.1%;6.6%;3.6%;;2.0%;;7.6%;;;1.5%;;;;;12.2%;
;;24200;Data Science;202620;Spring 2026;001;39306;Decker, Brenna L.;23.8%;28.6%;4.8%;;19.0%;4.8%;9.5%;4.8%;;;;;;;4.8%;;;;;;;;;
;;31100;Insect Ecology;202620;Spring 2026;001;57243;Kaplan, Ian;67.3%;;;;12.2%;;;8.2%;;;8.2%;;;;2.0%;;;;;;;;2.0%;
;;;Insect Ecology-Honors;202620;Spring 2026;001;57243;Kaplan, Ian;;;;;100.0%;;;;;;;;;;;;;;;;;;;
;;31200;Plant-Insect Chemical Ecology;202620;Spring 2026;001;10293;Couture, John J.;64.3%;;;;17.9%;;;10.7%;;;3.6%;;;;3.6%;;;;;;;;;
;;35300;Insecticides And Environment;202620;Spring 2026;001;10295;Pietri Cotty, Jose E.;31.8%;4.5%;;;31.8%;;4.5%;9.1%;;9.1%;;;;;4.5%;4.5%;;;;;;;;
;;39310;Insect Biology Practicum II;202620;Spring 2026;001;40669;Decker, Brenna L.;;;;;;;;;;;;;;;;6.3%;6.3%;87.5%;;;;;;
;;42890;Forensic Science Teaching;202620;Spring 2026;001;19825;Hans, Krystal R.;;;;;;;;;;;;;;;;;;100.0%;;;;;;
;;52500;Med Veterinary Entmlgy;202620;Spring 2026;001;36184;Robert, Leon L.;13.3%;;86.7%;;;;;;;;;;;;;;;;;;;;;
ENTR;ENTR-Entrepreneurship;20000;Intro Entr & Innov;202620;Spring 2026;001;22694;Davis, Jack E.;23.5%;17.6%;11.8%;;;5.9%;23.5%;;;5.9%;;;;;;;;;;;;;11.8%;
;;;;;;002;55661;Reiff, Mark A.;12.5%;7.5%;70.0%;;5.0%;;2.5%;;;;;;;;;;;;;;;;2.5%;
;;;;;;003;16443;Woody, Lucas T.;25.7%;25.7%;22.9%;;5.7%;8.6%;2.9%;;;2.9%;;;;;2.9%;;;;;;;;2.9%;
;;;;;;004;15645;Reiff, Mark A.;18.6%;2.3%;65.1%;;4.7%;2.3%;4.7%;;;2.3%;;;;;;;;;;;;;;
;;;;;;005;19243;Woody, Lucas T.;33.3%;11.1%;36.1%;;5.6%;5.6%;5.6%;;;2.8%;;;;;;;;;;;;;;
;;;;;;006;22833;Woody, Lucas T.;47.4%;31.6%;13.2%;;2.6%;;2.6%;;;;;;;;;;;;;;;;2.6%;
;;;;;;007;19245;Romero-Day, Jorge A.;15.9%;27.3%;15.9%;;6.8%;9.1%;13.6%;;2.3%;4.5%;;;;;;;;;;;;;4.5%;
;;;;;;008;20265;Romero-Day, Jorge A.;24.4%;31.7%;9.8%;;;4.9%;14.6%;;;;;;;;;;;;;;;;14.6%;
;;;;;;009;20930;Davis, Rick B.;29.3%;17.1%;29.3%;;2.4%;4.9%;12.2%;2.4%;;;;;2.4%;;;;;;;;;;;
;;;;;;010;22692;Davis, Rick B.;38.1%;14.3%;23.8%;;7.1%;;9.5%;2.4%;;4.8%;;;;;;;;;;;;;;
;;;;;;011;22693;Indiano, Joseph D.;20.0%;30.0%;;;20.0%;12.5%;7.5%;;;;;;2.5%;;2.5%;;;;;;;;5.0%;
;;;Intro Entr & Innov-Honors;202620;Spring 2026;005;19243;Woody, Lucas T.;50.0%;;50.0%;;;;;;;;;;;;;;;;;;;;;
;;;;;;006;22833;Woody, Lucas T.;;;100.0%;;;;;;;;;;;;;;;;;;;;;
;;;;;;010;22692;Davis, Rick B.;100.0%;;;;;;;;;;;;;;;;;;;;;;;
;;31000;Mktg Mgmt For New Ventures;202620;Spring 2026;001;57370;Smith, Terry R.;10.0%;17.5%;62.5%;;;;10.0%;;;;;;;;;;;;;;;;;
;;;;;;002;57373;Smith, Terry R.;13.9%;5.6%;75.0%;;2.8%;;2.8%;;;;;;;;;;;;;;;;;
;;;;;;003;57371;Scott, Timothy D.;19.4%;25.0%;33.3%;;2.8%;5.6%;5.6%;;;5.6%;;;;;;;;;;;;;2.8%;
;;;;;;004;57374;Scott, Timothy D.;50.0%;10.0%;20.0%;;;2.5%;10.0%;;2.5%;2.5%;;;;;2.5%;;;;;;;;;
;;;;;;005;18854;Paden, Robert;27.8%;13.9%;44.4%;;;2.8%;5.6%;;2.8%;;;;;;;;;;;;;;2.8%;
;;;;;;006;28576;Paden, Robert;31.8%;13.6%;36.4%;;;4.5%;4.5%;;;4.5%;;;;;;;;;;;;;4.5%;
;;;;;;007;21443;Paden, Robert;31.7%;22.0%;29.3%;;7.3%;4.9%;2.4%;;;;;;2.4%;;;;;;;;;;;
;;;Mktg Mgmt For New Vent-Honors;202620;Spring 2026;002;57373;Smith, Terry R.;;;100.0%;;;;;;;;;;;;;;;;;;;;;
;;;;;;006;28576;Paden, Robert;;;100.0%;;;;;;;;;;;;;;;;;;;;;
;;;;;;007;21443;Paden, Robert;;;100.0%;;;;;;;;;;;;;;;;;;;;;
;;31500;Bus Planning For Social Entr;202620;Spring 2026;001;20999;Woody, Lucas T.;32.5%;27.5%;30.0%;;;5.0%;5.0%;;;;;;;;;;;;;;;;;
;;32500;Global Entr & Innovation;202620;Spring 2026;001;24398;Romero-Day, Jorge A.;26.1%;26.1%;30.4%;;;;8.7%;;;4.3%;;;;;;;;;;;;;4.3%;
;;46000;Internship And Career Prep;202620;Spring 2026;Y02;23597;Wheadon, Mandy J.;10.8%;21.6%;51.4%;;;2.7%;10.8%;;;;;;;;2.7%;;;;;;;;;
;;;;;;Y03;26627;Mcnamee, Kathleen E.;19.4%;13.9%;38.9%;;2.8%;;8.3%;;;;;;;;8.3%;;;;;;;;8.3%;
;;48000;Entr Leadership And Careers;202620;Spring 2026;X01;33450;Finch, Gregory D.;25.5%;16.4%;54.5%;;;;1.8%;;;;;;;;;;;;;;;;1.8%;
;;48100;Consulting For Emerging Entr;202620;Spring 2026;002;16348;Woods, Susan B.;36.4%;27.3%;36.4%;;;;;;;;;;;;;;;;;;;;;
EPCS;EPCS-Engr Proj Cmity Service;10100;First Yr Part In EPICS;202620;Spring 2026;041;15320;Khalifah, Susan M.;84.2%;5.3%;5.3%;;;;;;;;;;;;;;;;;;;;5.3%;
;;12100;First Yr ParticipationEPICS II;202620;Spring 2026;011;16608;Pierce, Andrew L.;42.9%;7.1%;7.1%;;21.4%;7.1%;7.1%;;7.1%;;;;;;;;;;;;;;;
;;;;;;016;16611;Williams, Charese M.;16.7%;8.3%;75.0%;;;;;;;;;;;;;;;;;;;;;
;;;;;;021;16631;Wylezinski, Andrzej;33.3%;;46.7%;;6.7%;6.7%;;6.7%;;;;;;;;;;;;;;;;
;;;;;;022;16579;Marshall, Curtis E.;100.0%;;;;;;;;;;;;;;;;;;;;;;;
;;;;;;023;16597;Holloway, Eric A.;54.5%;36.4%;;;;;9.1%;;;;;;;;;;;;;;;;;
;;;;;;024;16621;Cho, Lucky;9.1%;9.1%;81.8%;;;;;;;;;;;;;;;;;;;;;
;;;;;;025;16593;Manning, Benjamin T.;86.7%;;;;6.7%;;;;;;;;;;;;;;;;;;6.7%;
;;;;;;029;16629;Stevens, Brandon R.;33.3%;8.3%;50.0%;;8.3%;;;;;;;;;;;;;;;;;;;
;;;;;;032;16618;Huycke, Jason;66.7%;16.7%;;;8.3%;8.3%;;;;;;;;;;;;;;;;;;
;;;;;;033;16609;Manning, Benjamin T.;76.9%;;;;7.7%;;7.7%;7.7%;;;;;;;;;;;;;;;;
;;;;;;034;16635;Jaiswal, Aparajita;33.3%;;61.1%;;;;5.6%;;;;;;;;;;;;;;;;;
;;;;;;037;16614;Marshall, Curtis E.;100.0%;;;;;;;;;;;;;;;;;;;;;;;
;;;;;;044;13367;Samuel, Aamod G.;38.5%;;53.8%;;;7.7%;;;;;;;;;;;;;;;;;;
;;;;;;051;16210;Stevens, Brandon R.;14.3%;42.9%;42.9%;;;;;;;;;;;;;;;;;;;;;
;;;;;;054;16581;Cutler, Haley A.;54.5%;18.2%;18.2%;;;;;;;;;;9.1%;;;;;;;;;;;
;;;;;;076;16580;Qu, Ming;53.8%;7.7%;30.8%;;;;;;;;;;;;;;;;;;;;7.7%;
;;20100;Soph Part In EPICS;202620;Spring 2026;041;15322;Khalifah, Susan M.;77.3%;9.1%;9.1%;;;;;;;;;;;;;;;;;;;;4.5%;
;;30100;Jr Part In EPICS;202620;Spring 2026;041;15314;Khalifah, Susan M.;41.7%;;58.3%;;;;;;;;;;;;;;;;;;;;;
EXPL;EXPL-Exploratory Studies;20000;Internship Launch;202620;Spring 2026;001;38837;Andrade Carlson, Mary L.;8.3%;;66.7%;;16.7%;;;;;;;;;;;;;;;;;;8.3%;
FLM;FLM-Film & Video;24100;Foundations Cinema Production;202620;Spring 2026;001;25016;Zink, Jason W.;32.4%;11.8%;32.4%;;5.9%;2.9%;2.9%;2.9%;;;;;;;2.9%;;;;;;;;5.9%;
;;29108;Intro To Cinema;202620;Spring 2026;001;38400;Chastain, Bobby L.;53.3%;17.8%;;;6.7%;4.4%;11.1%;;;;4.4%;;;;;;;;;;;;2.2%;
;;32300;Live Prod I: Wntr/Sprng Sports;202620;Spring 2026;001;29065;Palm, Cory W.;32.0%;8.0%;36.0%;;12.0%;4.0%;;;;;4.0%;;;;;;;4.0%;;;;;;
;;35100;Screenwriting;202620;Spring 2026;001;29045;Sklar, Jeremy F.;5.9%;5.9%;88.2%;;;;;;;;;;;;;;;;;;;;;
;;36100;Cinematography;202620;Spring 2026;001;29052;Zink, Jason W.;33.3%;5.6%;;;22.2%;;16.7%;5.6%;;;;;5.6%;;5.6%;;;;;;;;5.6%;
;;37100;Editing I;202620;Spring 2026;001;29053;Chastain, Bobby L.;52.6%;5.3%;;;10.5%;;5.3%;;;10.5%;5.3%;;;;10.5%;;;;;;;;;
;;42300;Live Prod II: Wntr/Sprg Sports;202620;Spring 2026;001;29089;Cummings, Mccarty L.;92.3%;;;;;7.7%;;;;;;;;;;;;;;;;;;
;;44200;Directing Short Film;202620;Spring 2026;001;29098;Zink, Jason W.;40.0%;33.3%;;;13.3%;;;6.7%;;6.7%;;;;;;;;;;;;;;
;;49105;Screenwriting II;202620;Spring 2026;001;38405;Sklar, Jeremy F.;22.2%;16.7%;50.0%;;;;11.1%;;;;;;;;;;;;;;;;;
;;49106;Multi-Cam Cinematography;202620;Spring 2026;001;40032;Zink, Jason W.;55.6%;22.2%;;;;;11.1%;5.6%;;5.6%;;;;;;;;;;;;;;
;;49107;Editing Color And VFX;202620;Spring 2026;001;40035;Chastain, Bobby L.;64.3%;;;;7.1%;7.1%;7.1%;14.3%;;;;;;;;;;;;;;;;
;;;Editing Color And VFX-Honors;202620;Spring 2026;001;40035;Chastain, Bobby L.;100.0%;;;;;;;;;;;;;;;;;;;;;;;
FNR;FNR-Forestry&Natural Resources;12500;Environmental Scienc & Conserv;202620;Spring 2026;001;10288;Adeniji, Adebola E.;17.1%;12.9%;8.6%;;15.7%;8.6%;15.7%;5.7%;2.9%;5.7%;;;5.7%;;;;;;;;;;1.4%;
;;20100;Marine Biology;202620;Spring 2026;001;29480;Goforth, Reuben R.;24.6%;21.5%;;;21.5%;4.6%;13.8%;3.1%;;1.5%;1.5%;;1.5%;;3.1%;;;;;;;;3.1%;
;;;Marine Biology-Honors;202620;Spring 2026;001;29480;Goforth, Reuben R.;33.3%;33.3%;;;;33.3%;;;;;;;;;;;;;;;;;;
;;21000;Nat Res Info Mgmt;202620;Spring 2026;007;19844;Hardiman, Brady S.;30.3%;19.2%;14.1%;;5.1%;8.1%;10.1%;1.0%;;4.0%;;;;;2.0%;3.0%;;;;;;;3.0%;
;;25150;Ecol & Sys Mammals & Birds;202620;Spring 2026;001;16235;Ruhl, Patrick J.;4.8%;8.4%;1.2%;;25.3%;9.6%;13.3%;6.0%;8.4%;14.5%;1.2%;;1.2%;;1.2%;;;;;;;;4.8%;
;;25250;Lab Ecol&Sys Mammals &Birds;202620;Spring 2026;002;16239;Brent, Rachel I.;44.4%;5.6%;;;16.7%;;16.7%;5.6%;11.1%;;;;;;;;;;;;;;;
;;;;;;003;16244;Brent, Rachel I.;58.3%;;;;;16.7%;16.7%;8.3%;;;;;;;;;;;;;;;;
;;;;;;004;16245;Brent, Rachel I.;25.0%;33.3%;;;8.3%;;;8.3%;8.3%;;;;;;8.3%;;;;;;;;8.3%;
;;;;;;007;21849;Brent, Rachel I.;50.0%;11.1%;;;5.6%;16.7%;;;5.6%;5.6%;;;;;;5.6%;;;;;;;;
;;;;;;008;21850;Brent, Rachel I.;36.4%;18.2%;;;;;36.4%;;;;;;;;;;;;;;;;9.1%;
;;;;;;009;27227;Brent, Rachel I.;42.9%;7.1%;;;14.3%;14.3%;7.1%;7.1%;;7.1%;;;;;;;;;;;;;;
;;29800;Applied Ecology;202620;Spring 2026;001;36094;Burt, Carolyn S.;13.6%;20.3%;6.8%;;15.3%;8.5%;16.9%;6.8%;;1.7%;1.7%;;;;6.8%;;;;;;;;1.7%;
;;;Applied Ecology-Honors;202620;Spring 2026;001;36094;Burt, Carolyn S.;;;100.0%;;;;;;;;;;;;;;;;;;;;;
;;30200;Global Sustainability Issues;202620;Spring 2026;001;16196;Haviarova, Eva;69.2%;;15.4%;;7.7%;;;;;;7.7%;;;;;;;;;;;;;
;;30500;Conservation Genetics;202620;Spring 2026;001;27212;Dewoody, James A.;10.7%;7.1%;;;37.5%;1.8%;10.7%;16.1%;5.4%;3.6%;3.6%;;3.6%;;;;;;;;;;;
;;31110;Ident & Basic Prop Wood;202620;Spring 2026;001;10225;Haviarova, Eva;28.6%;14.3%;21.4%;;;7.1%;14.3%;7.1%;;;;;;;;;;;;;;;7.1%;
;;33350;Applied Fire Ecology;202620;Spring 2026;002;32020;Brooke, Jarred M.;28.0%;20.0%;;;24.0%;4.0%;8.0%;4.0%;;12.0%;;;;;;;;;;;;;;
;;34800;Wildlife Invest Tecniq;202620;Spring 2026;005;52847;Ruhl, Patrick J.;17.0%;27.7%;;;14.9%;17.0%;17.0%;;;4.3%;;;;;;;;;;;;;2.1%;
;;35150;Aquatic Sampling Techniques II;202620;Spring 2026;001;31536;Sepulveda, Maria S.;35.3%;;41.2%;;5.9%;;;;;;;;;;11.8%;;;;;;;;5.9%;
;;35300;Nat Res Measurement;202620;Spring 2026;001;19862;Fei, Songlin;18.2%;;9.1%;;27.3%;;27.3%;;9.1%;;;;;;;;;;;;;;9.1%;
;;35500;Quant Methods Res Mgrs;202620;Spring 2026;001;15750;Liang, Jingjing;8.3%;8.3%;;;16.7%;8.3%;33.3%;25.0%;;;;;;;;;;;;;;;;
;;37500;Human Dimensions Of NR;202620;Spring 2026;001;19867;Ma, Zhao;23.6%;11.8%;41.8%;;9.1%;2.7%;5.5%;0.9%;;0.9%;0.9%;;0.9%;;0.9%;;;;;;;;0.9%;
;;38400;Stats For Natural Resources;202620;Spring 2026;005;15751;Ruhl, Patrick J.;10.4%;13.0%;10.4%;;28.6%;6.5%;14.3%;5.2%;3.9%;6.5%;;;1.3%;;;;;;;;;;;
;;38500;Fish Biology And Ecology;202620;Spring 2026;001;11383;Warren, Les D.;44.0%;16.0%;24.0%;;4.0%;4.0%;4.0%;;;;;;4.0%;;;;;;;;;;;
;;40700;Forest Economics;202620;Spring 2026;001;19869;Zhou, Mo;53.8%;23.1%;;;;15.4%;7.7%;;;;;;;;;;;;;;;;;
;;40910;Forest Resources Management;202620;Spring 2026;001;31149;Zhou, Mo;100.0%;;;;;;;;;;;;;;;;;;;;;;;
;;41910;Furnitur Prod Dev&Strength Dsg;202620;Spring 2026;002;30943;Haviarova, Eva;41.7%;16.7%;33.3%;;;;;;;;;;;;8.3%;;;;;;;;;
;;43200;Human-Wildlife Conflicts;202620;Spring 2026;002;15643;Humberg, Lee A.;31.6%;26.3%;;;10.5%;15.8%;15.8%;;;;;;;;;;;;;;;;;
;;43300;Forestry Grand Challenges;202620;Spring 2026;001;18390;Jenkins, Michael A.;23.1%;38.5%;7.7%;;7.7%;;15.4%;;;7.7%;;;;;;;;;;;;;;
;;44500;Urban Forest Issues;202620;Spring 2026;001;30944;McCallister, Benjamin Z.;8.3%;;75.0%;;8.3%;;;;;;;;;;;;;;;;;;8.3%;
;;45200;Aquaculture;202620;Spring 2026;001;38265;Brown, Paul B.;10.5%;36.8%;;;21.1%;;21.1%;5.3%;;5.3%;;;;;;;;;;;;;;
;;45800;Advanced Marine Biology;202620;Spring 2026;001;17761;Goforth, Reuben R.;36.7%;36.7%;;;6.7%;6.7%;13.3%;;;;;;;;;;;;;;;;;
;;49800;Great Lakes Science Issues;202620;Spring 2026;044;38325;Carlton, Joshua S.;13.6%;9.1%;59.1%;;4.5%;;13.6%;;;;;;;;;;;;;;;;;
;;50600;Thry&App Ntrl Resrc Ext Prog;202620;Spring 2026;001;17015;Macgowan, Brian J.;100.0%;;;;;;;;;;;;;;;;;;;;;;;
;;52900;Disease Ecology;202620;Spring 2026;102;18498;Searle, Catherine L.;26.1%;13.0%;8.7%;;21.7%;4.3%;13.0%;4.3%;;8.7%;;;;;;;;;;;;;;
;;53500;Forest Regen Restoration;202620;Spring 2026;001;38317;Jacobs, Douglass F.;;30.8%;3.8%;;15.4%;7.7%;38.5%;3.8%;;;;;;;;;;;;;;;;
;;53600;Ecology Of Disturbance;202620;Spring 2026;001;38271;Jenkins, Michael A.;42.9%;28.6%;;;28.6%;;;;;;;;;;;;;;;;;;;
;;56700;Advanced Mammalogy;202620;Spring 2026;001;38274;Zollner, Patrick A.;75.0%;;16.7%;;;;8.3%;;;;;;;;;;;;;;;;;
;;59800;Science Communication Tools;202620;Spring 2026;134;40710;Horton, Kyle G.;14.3%;21.4%;35.7%;;7.1%;;14.3%;7.1%;;;;;;;;;;;;;;;;
FR;FR-French;10100;French Level I;202620;Spring 2026;008;21211;Oloore, Nafiu O.;13.3%;6.7%;6.7%;6.7%;6.7%;;6.7%;;;20.0%;;;;;6.7%;;;;;;;;26.7%;
;;;;;;010;22805;Obidiegwu, Vincent N.;6.7%;6.7%;26.7%;;26.7%;13.3%;6.7%;6.7%;;;;;;;;;6.7%;;;;;;;
;;10200;French Level II;202620;Spring 2026;016;19963;Ben Hadj Ben M'Barek, Emmanuelle;12.5%;16.7%;8.3%;;8.3%;16.7%;12.5%;4.2%;;4.2%;;;8.3%;;4.2%;;;;;;;;4.2%;
;;;;;;019;19966;Ben Hadj Ben M'Barek, Emmanuelle;17.4%;21.7%;8.7%;;4.3%;4.3%;4.3%;13.0%;;13.0%;4.3%;;;;4.3%;;;4.3%;;;;;;
;;10500;Accelerated Basic French;202620;Spring 2026;001;38440;Ben Hadj Ben M'Barek, Emmanuelle;16.7%;;33.3%;8.3%;8.3%;8.3%;16.7%;;;;;;;;;;;;;;;;8.3%;
;;20100;French Level III;202620;Spring 2026;002;19971;Kpetsu, Shalom A.;11.1%;16.7%;5.6%;;11.1%;11.1%;16.7%;;11.1%;5.6%;;;;;5.6%;;;;;;;;5.6%;
;;;;;;004;19973;Egere, Chinaza J.;5.3%;;5.3%;;10.5%;15.8%;15.8%;10.5%;10.5%;10.5%;;;;;;;;;;;;;15.8%;
;;;;;;005;15774;Delsad, Chloe;;7.1%;7.1%;;;14.3%;;14.3%;7.1%;7.1%;;;7.1%;;7.1%;;;7.1%;;;;;21.4%;
;;20200;French Level IV;202620;Spring 2026;003;15776;Tetne, Maurice;26.9%;19.2%;;;7.7%;3.8%;11.5%;7.7%;3.8%;3.8%;;;7.7%;;3.8%;;;3.8%;;;;;;
;;;;;;004;15777;Tetne, Maurice;5.6%;11.1%;;;5.6%;11.1%;11.1%;5.6%;;5.6%;16.7%;;;;5.6%;;;;;;;;22.2%;
;;24100;Intro Study French Lit;202620;Spring 2026;001;19679;Leverage, Paula E.;38.5%;38.5%;7.7%;;7.7%;;;;;;7.7%;;;;;;;;;;;;;
;;;Intro Study French Lit-Honors;202620;Spring 2026;001;19679;Leverage, Paula E.;;;100.0%;;;;;;;;;;;;;;;;;;;;;
;;30100;French Level V;202620;Spring 2026;006;27085;Valero Pena, Ana Isabel;15.8%;15.8%;5.3%;;15.8%;5.3%;36.8%;;;5.3%;;;;;;;;;;;;;;
;;30200;French Level VI;202620;Spring 2026;003;26397;Valero Pena, Ana Isabel;31.3%;6.3%;12.5%;;12.5%;12.5%;18.8%;;;;;;6.3%;;;;;;;;;;;
;;38100;French Sports Culture;202620;Spring 2026;001;40428;Sturm, Jessica L.;;;66.7%;;16.7%;;;;;;8.3%;8.3%;;;;;;;;;;;;
;;42400;Professional French III;202620;Spring 2026;001;38399;Valero Pena, Ana Isabel;18.2%;18.2%;;;36.4%;9.1%;18.2%;;;;;;;;;;;;;;;;;
FS;FS-Food Science;16100;Science Of Food;202620;Spring 2026;001;10409;Cho, Young-Hee;34.6%;14.8%;2.5%;;8.6%;4.9%;17.3%;6.2%;1.2%;1.2%;;2.5%;1.2%;;2.5%;;;;;;;;2.5%;
;;16200;Intro Food Processing;202620;Spring 2026;001;11910;Smith, Deandrae L.;55.6%;;;;33.3%;;;;;;;;;;;;;;;;;;11.1%;
;;16300;Intro To Fermentation Sci;202620;Spring 2026;001;10215;San Martin-Gonzalez, Maria F.;66.7%;;;;19.0%;;;2.4%;;;2.4%;;;;7.1%;;;;;;;;2.4%;
;;20000;Foods For Health;202620;Spring 2026;002;40470;Chen, Hanyu;10.3%;12.1%;41.4%;;3.4%;6.9%;3.4%;1.7%;1.7%;3.4%;1.7%;;1.7%;;1.7%;;;;;;;;10.3%;
;;24500;Food Packaging;202620;Spring 2026;001;20018;Mauer, Lisa J.;77.4%;;3.2%;;;;;6.5%;;3.2%;3.2%;;;;3.2%;;;;;;;;3.2%;
;;34000;Intro Food Law & Regs;202620;Spring 2026;001;20021;Hamaker, Bruce R.;27.3%;12.1%;12.1%;3.0%;21.2%;6.1%;9.1%;3.0%;3.0%;3.0%;;;;;;;;;;;;;;
;;38000;Fermented Food Products;202620;Spring 2026;010;25310;Simsek, Senay;5.6%;;88.9%;;;;5.6%;;;;;;;;;;;;;;;;;
;;43500;Sensory Science;202620;Spring 2026;004;68242;Liceaga, Andrea M.;19.4%;;;;54.8%;;;16.1%;;;6.5%;;;;3.2%;;;;;;;;;
;;44300;Food Product Design (Capstone);202620;Spring 2026;001;20026;Liceaga, Andrea M.;67.7%;29.0%;;;;;;3.2%;;;;;;;;;;;;;;;;
;;45300;Food Chemistry;202620;Spring 2026;001;20028;Chen, Da;19.4%;22.2%;2.8%;;27.8%;2.8%;13.9%;;;2.8%;5.6%;;;;2.8%;;;;;;;;;
;;45400;Food Chemistry Lab;202620;Spring 2026;003;10382;Jones, Owen G.;35.0%;30.0%;;;10.0%;10.0%;;5.0%;;;5.0%;;;;;;;;;;;;5.0%;
;;;;;;004;22076;Jones, Owen G.;41.7%;16.7%;;;;8.3%;25.0%;;;;;8.3%;;;;;;;;;;;;
;;46700;Food Analysis;202620;Spring 2026;001;15784;Wang, Weicang;15.2%;18.2%;30.3%;;9.1%;6.1%;6.1%;3.0%;6.1%;3.0%;;;3.0%;;;;;;;;;;;
;;46900;Food Analysis Laboratory;202620;Spring 2026;001;49503;Cho, Young-Hee;17.6%;11.8%;;;5.9%;17.6%;29.4%;;;;;17.6%;;;;;;;;;;;;
;;;;;;002;49504;Cho, Young-Hee;31.3%;18.8%;12.5%;;12.5%;12.5%;12.5%;;;;;;;;;;;;;;;;;
;;47000;Wine Appreciation;202620;Spring 2026;001;28271;Butzke, Christian E.;97.1%;;0.1%;;0.1%;;;0.1%;;;;;;;0.4%;;;1.0%;;;;;1.2%;
;;;Wine Appreciation-Honors;202620;Spring 2026;001;28271;Butzke, Christian E.;;;100.0%;;;;;;;;;;;;;;;;;;;;;
;;49100;Fresh Produce Food Safety;202620;Spring 2026;006;27885;Deering, Amanda J.;16.7%;8.3%;58.3%;;;;;;;8.3%;;;;;;;;;;;;;8.3%;
;;55501;Case Study;202620;Spring 2026;002;41998;Yao, Yuan;91.7%;8.3%;;;;;;;;;;;;;;;;;;;;;;
;;68500;Food Science Seminar;202620;Spring 2026;005;35707;Reddivari, Lavanya;;;;;;;;;;;;;;;;;;;;100.0%;;;;
GER;GER-German;10100;German Level I;202620;Spring 2026;001;39339;Hinkel, Irina A.;61.1%;11.1%;;;;5.6%;11.1%;;;5.6%;;;;;5.6%;;;;;;;;;
;;;;;;002;39340;Hinkel, Irina A.;25.0%;25.0%;18.8%;;6.3%;;;;;;6.3%;;;;;;;6.3%;;;;;12.5%;
;;;;;;003;39341;Hinkel, Irina A.;61.5%;15.4%;;;7.7%;;7.7%;;;;;;;;7.7%;;;;;;;;;
;;;;;;004;39342;Hinkel, Irina A.;21.4%;28.6%;7.1%;7.1%;;;;7.1%;;;;;;;;;;;;;;;28.6%;
;;10200;German Level II;202620;Spring 2026;002;39344;Fisher, Anne O.;21.4%;28.6%;;;14.3%;14.3%;;;;7.1%;;;;;;;;7.1%;;;;;7.1%;
;;;;;;003;39345;Fisher, Anne O.;;18.2%;;;18.2%;9.1%;27.3%;9.1%;;;;;9.1%;;9.1%;;;;;;;;;
;;;;;;004;39346;Baumer, Jason E.;16.7%;25.0%;;;16.7%;16.7%;;8.3%;;;;;;;;;;;;;;;16.7%;
;;;;;;005;39347;Baumer, Jason E.;30.8%;30.8%;;;7.7%;;;15.4%;;;;;;;;;;;;;;;15.4%;
;;20100;German Level III;202620;Spring 2026;021;63826;Rasajski Sasic, Viseslava;50.0%;21.4%;7.1%;;;;14.3%;;;;;;;;;;;;;;;;7.1%;
;;;;;;022;63827;Rasajski Sasic, Viseslava;35.3%;23.5%;17.6%;;;;17.6%;;;;;;;;;;;;;;;;5.9%;
;;;;;;024;69962;Rasajski Sasic, Viseslava;60.0%;;33.3%;;;;;;;6.7%;;;;;;;;;;;;;;
;;20200;German Level IV;202620;Spring 2026;003;20171;Felten, Vanessa S.;27.3%;27.3%;;;18.2%;;;;9.1%;;9.1%;;;;;;;;;;;;9.1%;
;;24100;Intro Study German Lit;202620;Spring 2026;001;16496;Baumer, Jason E.;73.3%;;6.7%;;6.7%;;;;;;;;;;6.7%;;;;;;;;6.7%;
;;30100;German Level V;202620;Spring 2026;001;52444;Rathmann, Marc O.;53.3%;6.7%;;;6.7%;;20.0%;;;6.7%;;;;;;;;;;;;;6.7%;
;;30200;German Level VI;202620;Spring 2026;002;25963;Rathmann, Marc O.;69.2%;15.4%;;;;;;;;;;;;;15.4%;;;;;;;;;
;;32300;Ger VI Sci And Engr;202620;Spring 2026;001;60554;Rathmann, Marc O.;50.0%;25.0%;;;;;8.3%;8.3%;;8.3%;;;;;;;;;;;;;;
;;33000;German Cinema;202620;Spring 2026;003;15840;Allert, Beate I.;35.7%;7.1%;38.1%;;2.4%;4.8%;2.4%;2.4%;;4.8%;;;;;2.4%;;;;;;;;;
GRAD;GRAD-Graduate Studies;50100;PULSe Scient Communic;202620;Spring 2026;001;68934;Springer, Lindsey B.;13.3%;;83.3%;;;;;;;;;;;;3.3%;;;;;;;;;
;;58700;Seminar In Cancer Research;202620;Spring 2026;001;41187;Teegarden, Dorothy;90.9%;;;;9.1%;;;;;;;;;;;;;;;;;;;
;;59000;Laboratory Rotation;202620;Spring 2026;013;45722;Springer, Lindsey B.;;;;;;;;;;;;;;;;;4.0%;96.0%;;;;;;
;;;Grant Writing Light;202620;Spring 2026;051;35308;Trondsen, Lauren H.;;;;;;;;;;;;;;;;;;100.0%;;;;;;
;;61200;Responsible Conduct Of Resrch;202620;Spring 2026;001;54332;Mohler, James L.;100.0%;;;;;;;;;;;;;;;;;;;;;;;
;;;;;;003;54330;Mohler, James L.;96.8%;;;;3.2%;;;;;;;;;;;;;;;;;;;
;;;;;;004;54331;Szymanski, Daniel B.;76.2%;;;;14.3%;;;;;;;;;;9.5%;;;;;;;;;
;;68900;CIGP Seminar;202620;Spring 2026;001;47114;Prakash, Arun;;;;;;;;;;;;;;;;;;100.0%;;;;;;
;;69900;Research PhD Thesis;202620;Spring 2026;001;29024;Stahelin, Robert V.;;;;;;;;;;;;;;;;;;;;92.6%;;3.7%;3.7%;
GS;GS-General Studies;19501;Preparing For UG Research Expr;202620;Spring 2026;001;23139;Sadler, James J.;95.0%;;;;5.0%;;;;;;;;;;;;;;;;;;;
;;21000;Leadership Development Seminar;202620;Spring 2026;001;54825;Loomis, Adina B.;28.6%;4.8%;57.1%;;;;4.8%;;;;;;;;;;;;;;;;4.8%;
;;;;;;003;54827;Rickett, Jacqueline A.;19.2%;3.8%;76.9%;;;;;;;;;;;;;;;;;;;;;
;;;;;;005;54829;Johnson, Whitney D.;57.7%;;38.5%;;;;3.8%;;;;;;;;;;;;;;;;;
;;;;;;008;55920;Johnson, Whitney D.;46.2%;3.8%;46.2%;;;;3.8%;;;;;;;;;;;;;;;;;
;;;;;;009;59923;Rickett, Jacqueline A.;7.7%;;92.3%;;;;;;;;;;;;;;;;;;;;;
;;;;;;010;15861;Webb, Alison A.;95.7%;;;;;;;;;;;;;;;;;;;;;;4.3%;
;;29501;Understand UG Research Exper;202620;Spring 2026;002;26555;Sadler, James J.;;;;;;;;;;;;;;;;;;;;;;;;100.0%
;;39501;Understanding UG Res Exp II;202620;Spring 2026;SC1;23140;Sadler, James J.;92.0%;;;;2.0%;;;;;;;;;;;;;;;;;;6.0%;
;;49000;Law School Exploration;202620;Spring 2026;117;12266;Gosney, Cristy R.;;;;;;;;;;;;;;;;;;95.9%;;;;;4.1%;
;;49501;Beyond Undergraduate Research;202620;Spring 2026;001;14291;Sadler, James J.;94.6%;;;;;;;2.7%;;;;;;;;;;;;;;;2.7%;
GSLA;GSLA-Global Studies Lib Arts;10100;Global Awareness;202620;Spring 2026;001;15894;Smythe, Stacey A.;40.0%;6.7%;;;;13.3%;26.7%;6.7%;;;;;;;;;;;;;;;6.7%;
;;30100;Theories Of Global Studies;202620;Spring 2026;001;31121;Ford, O.T.;31.3%;18.8%;6.3%;;12.5%;12.5%;12.5%;;;;;;;;;;;;;;;;6.3%;
HDFS;HDFS-Human Dev & Family Sci;10000;Orientat Curr Hum Dev&Fam Sci;202620;Spring 2026;001;23388;Elias, Cezanne M.;81.8%;;;;4.5%;;4.5%;4.5%;;;;;;;4.5%;;;;;;;;;
;;20100;Intro To Relatship & Fam Sci;202620;Spring 2026;002;23938;Rhodes-Carlson, Janet M.;36.5%;28.2%;;;5.9%;7.1%;14.1%;1.2%;1.2%;4.7%;;;;;1.2%;;;;;;;;;
;;;;;;003;23940;Knox, Marissa C.;37.7%;17.2%;24.6%;;4.1%;4.1%;4.9%;;1.6%;4.1%;;0.8%;;;;;;;;;;;0.8%;
;;21000;Intro Human Devlpment;202620;Spring 2026;001;10403;Elenbaas, Laura M.;44.2%;12.7%;24.4%;;3.0%;2.0%;6.6%;1.0%;1.0%;1.5%;;1.0%;1.0%;;1.0%;;;;;;;;0.5%;
;;;;;;002;68942;Knox, Marissa C.;36.9%;29.1%;10.1%;;3.9%;2.2%;12.3%;0.6%;1.1%;2.2%;;0.6%;;;0.6%;;;;;;;;0.6%;
;;28000;Divrsty Individual & Fam Life;202620;Spring 2026;002;11672;Eason, Sarah H.;28.3%;15.0%;30.0%;;6.7%;3.3%;3.3%;;3.3%;3.3%;;;;;5.0%;;;;;;;;1.7%;
;;;;;;006;17552;Rhodes-Carlson, Janet M.;27.0%;13.5%;32.4%;;10.8%;2.7%;;;2.7%;;2.7%;;;;8.1%;;;;;;;;;
;;31000;Guidance Early Child;202620;Spring 2026;001;62477;Harbin, Shawna G.;11.5%;15.4%;57.7%;;;;7.7%;;;3.8%;;;;;3.8%;;;;;;;;;
;;31100;Child Development;202620;Spring 2026;001;15875;Marks, Rebecca A.;37.3%;20.3%;1.7%;;10.2%;8.5%;13.6%;1.7%;1.7%;5.1%;;;;;;;;;;;;;;
;;;;;;002;10537;Varnell, Suzanne C.;55.0%;10.0%;8.3%;;11.7%;;3.3%;;3.3%;5.0%;;;1.7%;;1.7%;;;;;;;;;
;;31300;Adolescent Development;202620;Spring 2026;001;15879;Robbins, Paul A.;43.5%;23.9%;2.2%;;8.7%;2.2%;10.9%;2.2%;2.2%;;2.2%;;;;;;;;;;;;2.2%;
;;31400;Atypical Child Development;202620;Spring 2026;001;10111;Schwichtenberg, Amy J.;30.8%;19.2%;13.5%;;13.5%;7.7%;3.8%;1.9%;1.9%;1.9%;;;;;1.9%;;;;;;;;3.8%;
;;32500;Hlth Care Child & Fam;202620;Spring 2026;001;62502;Rosenberger, Claire A.;88.3%;;;;1.7%;1.7%;1.7%;1.7%;;3.3%;;;1.7%;;;;;;;;;;;
;;33000;Sexuality And Family Life;202620;Spring 2026;002;22718;Elias, Cezanne M.;33.3%;21.2%;;;9.1%;3.0%;6.1%;;3.0%;12.1%;6.1%;;3.0%;;3.0%;;;;;;;;;
;;33100;Skill Help Professnals;202620;Spring 2026;003;15883;Quichocho, Davina N.;44.0%;8.0%;16.0%;;8.0%;12.0%;4.0%;;;4.0%;;;;;4.0%;;;;;;;;;
;;33200;Stress Coping Contemp Families;202620;Spring 2026;001;11029;Hochgraf, Anna K.;14.6%;12.5%;47.9%;;6.3%;4.2%;4.2%;;;;2.1%;;;;4.2%;;;;;;;;4.2%;
;;34100;Working With Parents;202620;Spring 2026;001;62507;Quichocho, Davina N.;67.8%;6.8%;5.1%;;5.1%;3.4%;3.4%;;1.7%;1.7%;;1.7%;;;3.4%;;;;;;;;;
;;34300;Assessment And Case Mangement;202620;Spring 2026;001;10105;Watkins, Natasha D.;16.7%;5.6%;;;11.1%;5.6%;16.7%;22.2%;;;11.1%;5.6%;;;5.6%;;;;;;;;;
;;34600;Rsrch Design & Prog Evaluation;202620;Spring 2026;001;62509;Nichols, Deborah L.;35.7%;14.3%;;;7.1%;;7.1%;;7.1%;;21.4%;;;;7.1%;;;;;;;;;
;;;;;;002;23984;Loviska, Amy M.;5.3%;10.5%;68.4%;;10.5%;;;;;5.3%;;;;;;;;;;;;;;
;;39000;Appl Of Mindfulness & Cmpssn;202620;Spring 2026;042;16918;Knox, Marissa C.;30.6%;19.4%;30.6%;;2.8%;5.6%;5.6%;2.8%;;2.8%;;;;;;;;;;;;;;
;;40000;Soc Studies Pre & Primary Grds;202620;Spring 2026;001;38135;Purcell, Megan L.;37.5%;31.3%;;;6.3%;6.3%;18.8%;;;;;;;;;;;;;;;;;
;;40510;Literacy Pre & Primary Grades;202620;Spring 2026;001;38156;McBride, Catherine A.;68.8%;12.5%;;;12.5%;;6.3%;;;;;;;;;;;;;;;;;
;;40600;Math Preschl & Primary Grades;202620;Spring 2026;018;62545;Eason, Sarah H.;21.1%;26.3%;21.1%;;10.5%;;21.1%;;;;;;;;;;;;;;;;;
;;41200;Prof & Music Mvmnt Early Child;202620;Spring 2026;001;62547;Purcell, Megan L.;63.2%;10.5%;;;5.3%;10.5%;5.3%;;;;;;;;5.3%;;;;;;;;;
;;41500;Apprch Early Child Ed;202620;Spring 2026;001;10106;Schlesinger-Devlin, Elizabeth C.;56.3%;31.3%;;;;;12.5%;;;;;;;;;;;;;;;;;
;;45100;Internship & Career Prep HS;202620;Spring 2026;001;10620;Quichocho, Davina N.;72.7%;18.2%;;;;;;9.1%;;;;;;;;;;;;;;;;
;;60000;Fam & Hlth Across Life Course;202620;Spring 2026;001;24624;Franks, Melissa M.;100.0%;;;;;;;;;;;;;;;;;;;;;;;
;;62800;Struc Equation Modeling;202620;Spring 2026;001;38079;Chan, Hiu Ming;27.3%;;63.6%;;;;9.1%;;;;;;;;;;;;;;;;;
;;69700;Graduate Student Colloquium;202620;Spring 2026;001;68712;Christ, Sharon L.;100.0%;;;;;;;;;;;;;;;;;;;;;;;
HEBR;HEBR-Hebrew;38500;Holocaust In Modern Hebrew Lit;202620;Spring 2026;001;38151;William, Jennifer M.;37.5%;6.3%;;;31.3%;;6.3%;;12.5%;;;;;;6.3%;;;;;;;;;
HHS;HHS-College Health & Human Sci;40000;Intercultl Learn In HHS/Greece;202620;Spring 2026;001;40737;Molter, Roberta J.;38.5%;3.8%;53.8%;;3.8%;;;;;;;;;;;;;;;;;;;
HIST;HIST-History;10300;Intro To Medieval Wrld;202620;Spring 2026;001;15919;Zook, Melinda S.;21.8%;15.8%;22.8%;;5.9%;5.9%;5.9%;4.0%;1.0%;3.0%;1.0%;2.0%;1.0%;;4.0%;;;;;;;;5.9%;
;;10400;Intro To Modern World;202620;Spring 2026;006;16500;Fleetham, Deborah L.;11.1%;27.8%;;;22.2%;2.8%;13.9%;11.1%;;2.8%;;;2.8%;;5.6%;;;;;;;;;
;;;;;;007;69202;Fleetham, Deborah L.;19.0%;23.8%;;;14.3%;4.8%;9.5%;4.8%;;4.8%;;;;;;;;4.8%;;;;;14.3%;
;;;;;;008;69204;Barford, Mary F.;44.0%;6.0%;46.0%;;;;2.0%;;;;;;;;;;;;;;;;2.0%;
;;;;;;009;69205;Barford, Mary F.;23.5%;19.6%;49.0%;;;;5.9%;;;;;2.0%;;;;;;;;;;;;
;;;;;;013;36127;Stukey, Meredith K.;55.1%;;2.0%;;16.3%;4.1%;8.2%;2.0%;2.0%;4.1%;;;;;2.0%;;;;;;;;4.1%;
;;;;;;014;40683;Blair, Keri A.;8.3%;25.0%;2.8%;;13.9%;11.1%;11.1%;;;11.1%;2.8%;5.6%;5.6%;;2.8%;;;;;;;;;
;;;Intro To Modern World-Honors;202620;Spring 2026;013;36127;Stukey, Meredith K.;;;100.0%;;;;;;;;;;;;;;;;;;;;;
;;10500;Global History;202620;Spring 2026;001;23939;Klein-Pejsova, Rebekah A.;24.0%;21.3%;;;13.3%;8.0%;8.0%;5.3%;;5.3%;4.0%;1.3%;;;;;;;;;;;9.3%;
;;;;;;002;35338;Bhattacharya, Tithi;;3.0%;;;19.7%;24.2%;;10.6%;18.2%;;4.5%;1.5%;;;4.5%;;;;;;;;13.6%;
;;15100;Amer Hist To 1877;202620;Spring 2026;001;20252;Barford, Mary F.;19.7%;14.5%;14.5%;;10.5%;5.3%;14.5%;6.6%;1.3%;3.9%;2.6%;;;;5.3%;;;;;;;;1.3%;
;;;;;;003;15923;Lindey, Devan C.;41.4%;10.3%;15.5%;;13.8%;5.2%;1.7%;6.9%;;1.7%;;1.7%;1.7%;;;;;;;;;;;
;;;;;;004;35336;Marsh, Dawn G.;71.4%;;;;14.3%;;;4.1%;2.0%;;;;;;4.1%;;;;;;;;4.1%;
;;15200;U S Since 1877;202620;Spring 2026;001;15924;Gaarder, Renee D.;16.3%;17.4%;10.1%;;7.9%;7.3%;7.9%;8.4%;1.7%;5.1%;4.5%;1.1%;3.4%;;5.1%;;;;;;;;3.9%;
;;;;;;003;15929;Chowdhury, Srishti Dutta;24.0%;4.0%;66.0%;;;;;;;4.0%;;;;;;;;;;;;;2.0%;
;;;;;;Y02;66487;Lindey, Devan C.;38.5%;5.8%;38.5%;;3.8%;;1.9%;1.9%;;1.9%;;;1.9%;;1.9%;;;1.9%;;;;;1.9%;
;;;;;;Y03;12771;Lindey, Devan C.;43.1%;7.8%;33.3%;;7.8%;3.9%;;;;;;;;;2.0%;;;;;;;;2.0%;
;;;;;;Y04;12773;Soucek, Jonathan D.;53.1%;18.4%;6.1%;;8.2%;4.1%;6.1%;2.0%;;;;;;;2.0%;;;;;;;;;
;;;;;;Y05;12790;Soucek, Jonathan D.;53.1%;22.4%;2.0%;;4.1%;2.0%;8.2%;;;;;;;;2.0%;;;;;;;;6.1%;
;;;U S Since 1877-Honors;202620;Spring 2026;001;15924;Gaarder, Renee D.;50.0%;;50.0%;;;;;;;;;;;;;;;;;;;;;
;;24100;East Asia Modern World;202620;Spring 2026;001;15934;Tillman, Margaret M.;40.9%;18.2%;;;9.1%;;22.7%;;;;;;;;;;;;;;;;9.1%;
;;24300;South Asia Hist & Civ;202620;Spring 2026;001;23751;Bhattacharya, Tithi;23.8%;23.8%;;;9.5%;19.0%;;;4.8%;;4.8%;;;;;;;;;;;;14.3%;
;;27200;Intro To Modern Latin America;202620;Spring 2026;001;69376;De La Fuente, Ariel E.;70.0%;;;;16.7%;;;3.3%;;;;;;;;;;;;;;;10.0%;
;;27800;Money, Trade & Power;202620;Spring 2026;001;35340;Gray, William G.;31.8%;18.2%;;;22.7%;4.5%;13.6%;;2.3%;;;;;;2.3%;2.3%;;;;;;;2.3%;
;;30200;Bible & Early Intrpret;202620;Spring 2026;014;27578;Dodson, Joseph R.;16.7%;;5.6%;;11.1%;11.1%;16.7%;;11.1%;;;;;;5.6%;;;;;;;;22.2%;
;;;Great Issues Climate Chg Soc;202620;Spring 2026;015;40878;Conway, Erik M.;20.0%;13.3%;33.3%;;;;13.3%;6.7%;;;;;;;;;;;;;;;13.3%;
;;30605;Technology & War In US History;202620;Spring 2026;001;69380;Loeb, Zachary M.;34.6%;10.3%;39.7%;0.7%;5.1%;2.9%;3.7%;0.7%;;0.7%;;;;;0.7%;;;;;;;;0.7%;
;;30705;History Of Big Data;202620;Spring 2026;001;35341;Babintseva, Ekaterina;47.6%;16.7%;9.5%;;4.8%;4.8%;7.1%;;2.4%;4.8%;;;;;;;;;;;;;2.4%;
;;31305;Medical Devices And Innovation;202620;Spring 2026;001;23581;Labonte, Michelle L.;77.8%;13.0%;;;3.7%;1.9%;2.8%;0.9%;;;;;;;;;;;;;;;;
;;32105;Spain: The First Global Empire;202620;Spring 2026;001;36564;Mitchell, Silvia Z.;27.3%;9.1%;36.4%;;3.0%;;6.1%;3.0%;;;;;;;3.0%;;;;;;;;12.1%;
;;32400;Modern France;202620;Spring 2026;001;36187;Bellisari, Andrew H.;14.8%;51.9%;7.4%;;3.7%;3.7%;11.1%;;;3.7%;;;;;3.7%;;;;;;;;;
;;33205;The Nuclear Age;202620;Spring 2026;001;35286;Cooper, Austin R.;31.3%;11.1%;13.9%;;13.9%;4.9%;9.7%;1.4%;1.4%;4.2%;0.7%;;2.8%;;0.7%;;;;;;;;4.2%;
;;33805;History Of Human Rights;202620;Spring 2026;001;69375;Klein-Pejsova, Rebekah A.;55.2%;13.4%;;;7.5%;1.5%;9.0%;3.0%;;1.5%;1.5%;;;;1.5%;;;;;;;;6.0%;
;;;History Of Human Rights-Honors;202620;Spring 2026;001;69375;Klein-Pejsova, Rebekah A.;;50.0%;50.0%;;;;;;;;;;;;;;;;;;;;;
;;37600;History Of Indiana;202620;Spring 2026;001;25018;Cambron, David M.;43.1%;;;;43.1%;;;8.6%;;;;;;;1.7%;;;1.7%;;;;;1.7%;
;;37700;Hist & Cult Native Am;202620;Spring 2026;001;15475;Marsh, Dawn G.;77.1%;;;;8.6%;;;8.6%;;;;;;;2.9%;;;;;;;;2.9%;
;;37901;Corporation In Hist Of E Asia;202620;Spring 2026;001;35367;Wijeyeratne, Nissanka S.;57.1%;21.4%;7.1%;;;;;;;;;;;;;;;;;;;;14.3%;
;;38700;Hist Of The Space Age;202620;Spring 2026;001;11693;Smith, Michael G.;11.1%;18.1%;4.2%;;19.4%;6.9%;19.4%;4.2%;1.4%;4.2%;;;;;2.8%;;;1.4%;;;;;6.9%;
;;39500;Crooked Paths Of Archvl Resrch;202620;Spring 2026;002;32829;De La Fuente, Ariel E.;64.3%;;;;28.6%;;;;;;;;;;7.1%;;;;;;;;;
;;41505;Gender& Politics Early Mod Eur;202620;Spring 2026;001;35353;Mitchell, Silvia Z.;28.6%;21.4%;7.1%;;21.4%;;7.1%;7.1%;;;;;;;7.1%;;;;;;;;;
;;42200;Honors Thesis Hist Res;202620;Spring 2026;H01;24537;Fleetham, Deborah L.;63.6%;9.1%;9.1%;;9.1%;;;;;9.1%;;;;;;;;;;;;;;
;;42300;Divided Germany & The Cold War;202620;Spring 2026;001;35342;Gray, William G.;23.3%;26.7%;3.3%;;30.0%;;13.3%;;;;;;;;;3.3%;;;;;;;;
;;43900;Communist China;202620;Spring 2026;001;10352;Tillman, Margaret M.;73.1%;11.5%;;;;;3.8%;;;;;;;;;;;;;;;;11.5%;
;;49200;Kennedy Assn In Global Prspctv;202620;Spring 2026;001;35354;Smith, Michael G.;19.0%;19.0%;9.5%;;14.3%;;28.6%;;;4.8%;;;;;;;;4.8%;;;;;;
HK;HK-Health And Kinesiology;10000;Foundations Of Kinesiology;202620;Spring 2026;001;10792;Zelaznik, Howard N.;100.0%;;;;;;;;;;;;;;;;;;;;;;;
;;13500;Intro Health & Kines;202620;Spring 2026;001;20402;Treadway, Hannah R.;31.5%;14.8%;31.5%;;3.7%;3.7%;1.9%;;3.7%;;;;;;5.6%;;;;;;;;3.7%;
;;;;;;002;20403;Cavalier, Jocelyn D.;20.8%;4.2%;47.9%;;6.3%;;6.3%;4.2%;2.1%;2.1%;;;;;2.1%;;;;;;;;4.2%;
;;21300;Clin Field Exp Health Fitness;202620;Spring 2026;001;69362;Chrapek, Jason C.;;;100.0%;;;;;;;;;;;;;;;;;;;;;
;;22200;Found Hlth Fit Prof;202620;Spring 2026;001;25384;Heavrin, Adam M.;88.9%;3.7%;;;;;;;;;;;3.7%;;;;;;;;;;3.7%;
;;25300;Princ Motor Developmnt;202620;Spring 2026;002;16683;Claxton, Laura J.;33.3%;10.4%;13.5%;;9.4%;7.3%;6.3%;3.1%;3.1%;9.4%;;;1.0%;;2.1%;;;;;;;;1.0%;
;;25800;Found Motor Skill Lrng;202620;Spring 2026;001;11694;Zelaznik, Howard N.;86.7%;;;;5.1%;;7.1%;;;;;;;;;;;;;;;;1.0%;
;;26300;Biomech Found Mot Skls;202620;Spring 2026;001;20466;Rietdyk, Shirley;29.2%;21.9%;26.0%;;5.2%;1.0%;11.5%;4.2%;;;1.0%;;;;;;;;;;;;;
;;28500;Fieldwork In Athl Train - Coll;202620;Spring 2026;001;21670;Wilcoxson, Mitsue A.;100.0%;;;;;;;;;;;;;;;;;;;;;;;
;;28600;Fieldwork In Athl Train - Seco;202620;Spring 2026;001;21667;Voll, Craig A.;88.9%;3.7%;;;3.7%;;3.7%;;;;;;;;;;;;;;;;;
;;28700;Fieldwork In Athl Train - Clin;202620;Spring 2026;001;14659;Wilcoxson, Mitsue A.;96.4%;;;;3.6%;;;;;;;;;;;;;;;;;;;
;;30200;App Clin Anatomy;202620;Spring 2026;003;21438;Wilcoxson, Mitsue A.;20.0%;12.0%;;;24.0%;8.0%;5.0%;14.0%;2.0%;8.0%;4.0%;;2.0%;;;;;;;;;;1.0%;
;;30800;Athletic Health Care;202620;Spring 2026;001;14517;Voll, Craig A.;94.3%;1.4%;;;;1.4%;;1.4%;;;;1.4%;;;;;;;;;;;;
;;31300;Clin Field Exper Healthcare;202620;Spring 2026;001;23385;Chrapek, Jason C.;35.7%;;57.1%;;7.1%;;;;;;;;;;;;;;;;;;;
;;32700;Intro To Sports Management;202620;Spring 2026;001;69212;Henderson, Christopher J.;48.4%;16.1%;;;12.9%;3.2%;;3.2%;3.2%;3.2%;;;;;3.2%;;;3.2%;;;;;3.2%;
;;32800;Business Of Professional Sport;202620;Spring 2026;001;69215;Henderson, Christopher J.;26.9%;15.4%;;;19.2%;7.7%;7.7%;7.7%;3.8%;;;;7.7%;;3.8%;;;;;;;;;
;;36800;Exercise Physiology I;202620;Spring 2026;002;20525;Hirai, Daniel;27.3%;23.9%;14.8%;;8.0%;5.7%;6.8%;3.4%;;4.5%;;;1.1%;;;;;;;;;;4.5%;
;;37200;Sport Exercise Psy I;202620;Spring 2026;003;60263;Kao, Shih-Chun;23.7%;10.8%;16.1%;;10.8%;7.5%;14.0%;4.3%;2.2%;7.5%;;;2.2%;;;;;;;;;;1.1%;
;;40900;Sem In Sports Med;202620;Spring 2026;001;23401;Voll, Craig A.;90.9%;1.5%;;;3.0%;1.5%;;3.0%;;;;;;;;;;;;;;;;
;;;Sem In Sports Med-Honors;202620;Spring 2026;001;23401;Voll, Craig A.;100.0%;;;;;;;;;;;;;;;;;;;;;;;
;;42100;Health Screening & Evaluation;202620;Spring 2026;001;20569;Heavrin, Adam M.;65.0%;12.5%;;;2.5%;5.0%;7.5%;;2.5%;2.5%;;;;;;;;;;;;;2.5%;
;;42200;Basic Exercise Program Design;202620;Spring 2026;001;20574;Huffield, Adam S.;43.5%;13.0%;;;10.9%;2.2%;21.7%;6.5%;;2.2%;;;;;;;;;;;;;;
;;42700;Sports Marketing;202620;Spring 2026;001;69216;Henderson, Christopher J.;45.0%;20.0%;;;5.0%;5.0%;15.0%;;;10.0%;;;;;;;;;;;;;;
;;42800;Sports Facility Event Mgmt;202620;Spring 2026;001;69217;Henderson, Christopher J.;21.4%;21.4%;;;7.1%;14.3%;21.4%;7.1%;7.1%;;;;;;;;;;;;;;;
;;45300;Motor Coord & Develop;202620;Spring 2026;001;10401;Claxton, Laura J.;26.3%;15.8%;31.6%;;10.5%;5.3%;10.5%;;;;;;;;;;;;;;;;;
;;46500;Research Methods;202620;Spring 2026;001;60373;Jaiswal, Natasha;80.0%;6.0%;;;4.0%;;6.0%;;;;;2.0%;;;;;;;;;;;2.0%;
;;46800;Adv Exercise Physio II;202620;Spring 2026;001;28262;Fernandes, Igor A.;6.3%;43.8%;50.0%;;;;;;;;;;;;;;;;;;;;;
;;46900;Ex/Test Presc Spec Pop;202620;Spring 2026;001;64947;Huffield, Adam S.;60.0%;10.0%;;;5.0%;;10.0%;5.0%;5.0%;5.0%;;;;;;;;;;;;;;
;;47200;Sport Exercise Psy II;202620;Spring 2026;001;10940;Amireault, Steve;44.4%;11.1%;27.8%;;5.6%;;5.6%;;5.6%;;;;;;;;;;;;;;;
;;49000;Global Perspectives Sports Med;202620;Spring 2026;007;20780;Lawrance, Scott E.;100.0%;;;;;;;;;;;;;;;;;;;;;;;
;;;H2F Tactical Performance;202620;Spring 2026;012;33351;Heavrin, Adam M.;68.2%;4.5%;4.5%;;9.1%;;;;;;;;;;4.5%;;;;;;;;9.1%;
;;;Pract Exer And Musculoskel Fun;202620;Spring 2026;014;37207;Heavrin, Adam M.;72.5%;15.0%;;;2.5%;2.5%;7.5%;;;;;;;;;;;;;;;;;
;;51100;ECG And Exercise Testing;202620;Spring 2026;001;37210;Ledman, Cassandra A.;53.3%;20.0%;;;6.7%;;6.7%;6.7%;;6.7%;;;;;;;;;;;;;;
;;52200;Sport Law And Ethics;202620;Spring 2026;001;40394;Charters, Leslie A.;30.8%;15.4%;15.4%;;15.4%;7.7%;15.4%;;;;;;;;;;;;;;;;;
;;52600;Communication & Media In Sport;202620;Spring 2026;001;40381;Tutka, Patrick M.;75.0%;;;;;;8.3%;;;;;;;;;8.3%;;;;;;;8.3%;
;;53200;Musculoskeletal Adaptations;202620;Spring 2026;001;23402;Carroll, Chad C.;81.3%;12.5%;;;;;;;;;;;6.3%;;;;;;;;;;;
;;53500;AT Interventions;202620;Spring 2026;001;20098;Wilcoxson, Mitsue A.;34.8%;39.1%;;;13.0%;4.3%;8.7%;;;;;;;;;;;;;;;;;
;;53600;Cardiopulmonary Physiology;202620;Spring 2026;001;36112;Tesini Roseguini, Bruno;7.7%;7.7%;76.9%;;;;7.7%;;;;;;;;;;;;;;;;;
;;54000;Eval/Mgmt - Spine And Head;202620;Spring 2026;001;20126;Voll, Craig A.;65.2%;8.7%;;;4.3%;4.3%;17.4%;;;;;;;;;;;;;;;;;
;;54200;AT Practicum II;202620;Spring 2026;001;20218;Popp, Jennifer K.;;;;;;;;;;;;;;;;;4.3%;95.7%;;;;;;
;;54500;Therapeutic Modalities;202620;Spring 2026;001;20209;Popp, Jennifer K.;65.2%;4.3%;;;17.4%;;13.0%;;;;;;;;;;;;;;;;;
;;54700;Princ Health & Well Coaching;202620;Spring 2026;001;37208;Ledman, Cassandra A.;70.0%;20.0%;;;;;;;;5.0%;;;;;;;;;;;;;5.0%;
;;54800;Adv Concepts Health Coaching;202620;Spring 2026;001;37209;Ledman, Cassandra A.;69.2%;;;;7.7%;;7.7%;;7.7%;;;;;;7.7%;;;;;;;;;
;;55000;Eval/Mgmt - Medical Conditions;202620;Spring 2026;001;20133;Wilcoxson, Mitsue A.;91.3%;4.3%;;;4.3%;;;;;;;;;;;;;;;;;;;
;;58300;AT Simulation I;202620;Spring 2026;001;20217;Popp, Jennifer K.;95.7%;4.3%;;;;;;;;;;;;;;;;;;;;;;
;;59000;Adv Clin Exer Presc & Interven;202620;Spring 2026;057;40829;Heavrin, Adam M.;36.4%;27.3%;;;18.2%;9.1%;9.1%;;;;;;;;;;;;;;;;;
;;;College Sport History;202620;Spring 2026;056;40396;Tutka, Patrick M.;35.3%;5.9%;5.9%;;11.8%;5.9%;17.6%;5.9%;;;;;;;;5.9%;;;;;;;5.9%;
;;64000;Leadership In AT;202620;Spring 2026;001;14691;Lawrance, Scott E.;92.0%;;;;8.0%;;;;;;;;;;;;;;;;;;;
;;64200;Athletic Training Practicum V;202620;Spring 2026;001;14698;Popp, Jennifer K.;;;;;;;;;;;;;;;;;;100.0%;;;;;;
;;65000;Seminar In Athletic Training;202620;Spring 2026;001;14726;Voll, Craig A.;100.0%;;;;;;;;;;;;;;;;;;;;;;;
;;66000;Diagnostic Imaging In AT;202620;Spring 2026;001;14728;Lawrance, Scott E.;48.0%;24.0%;;;12.0%;;8.0%;8.0%;;;;;;;;;;;;;;;;
;;68300;AT Simulation II;202620;Spring 2026;001;14729;Popp, Jennifer K.;100.0%;;;;;;;;;;;;;;;;;;;;;;;
HONR;HONR-Honors;19900;Introduction To Leadership;202620;Spring 2026;001;39051;Scroggins, Shaunta D.;52.2%;8.7%;39.1%;;;;;;;;;;;;;;;;;;;;;
;;19902;Honors First Yr Experience II;202620;Spring 2026;H01;12885;Swanson, Nathan W.;100.0%;;;;;;;;;;;;;;;;;;;;;;;
;;;;;;H03;12886;Swanson, Nathan W.;95.8%;;;;4.2%;;;;;;;;;;;;;;;;;;;
;;;;;;H05;12890;Swanson, Nathan W.;95.8%;;;;;;4.2%;;;;;;;;;;;;;;;;;
;;;;;;H07;12891;Jengelley, Dwaine H.;8.3%;;91.7%;;;;;;;;;;;;;;;;;;;;;
;;;;;;H09;12892;Jengelley, Dwaine H.;66.7%;;29.2%;;;;4.2%;;;;;;;;;;;;;;;;;
;;;;;;H11;12913;Jengelley, Dwaine H.;33.3%;;62.5%;;4.2%;;;;;;;;;;;;;;;;;;;
;;;;;;H13;12916;Jengelley, Dwaine H.;;;95.8%;;4.2%;;;;;;;;;;;;;;;;;;;
;;;;;;H15;12928;Jengelley, Dwaine H.;33.3%;;66.7%;;;;;;;;;;;;;;;;;;;;;
;;;;;;H17;12931;Jengelley, Dwaine H.;33.3%;;62.5%;;;4.2%;;;;;;;;;;;;;;;;;;
;;;;;;H19;12933;Krishna, Ashima;66.7%;;33.3%;;;;;;;;;;;;;;;;;;;;;
;;;;;;H21;12934;Krishna, Ashima;52.6%;10.5%;36.8%;;;;;;;;;;;;;;;;;;;;;
;;;;;;H23;12938;Krishna, Ashima;62.5%;;33.3%;;4.2%;;;;;;;;;;;;;;;;;;;
;;;;;;H25;12939;Ware, Jason A.;;;100.0%;;;;;;;;;;;;;;;;;;;;;
;;;;;;H27;12941;Ware, Jason A.;;;100.0%;;;;;;;;;;;;;;;;;;;;;
;;;;;;H29;12945;Ware, Jason A.;3.8%;;92.3%;;;3.8%;;;;;;;;;;;;;;;;;;
;;;;;;H31;12946;Tehrani, Zahra A.;87.5%;8.3%;;;;;4.2%;;;;;;;;;;;;;;;;;
;;;;;;H33;12947;Tehrani, Zahra A.;95.8%;4.2%;;;;;;;;;;;;;;;;;;;;;;
;;;;;;H35;12948;Tehrani, Zahra A.;100.0%;;;;;;;;;;;;;;;;;;;;;;;
;;;;;;H37;12949;Brite, Elizabeth B.;100.0%;;;;;;;;;;;;;;;;;;;;;;;
;;;;;;H39;12950;Brite, Elizabeth B.;96.2%;3.8%;;;;;;;;;;;;;;;;;;;;;;
;;;;;;H41;12899;Brite, Elizabeth B.;100.0%;;;;;;;;;;;;;;;;;;;;;;;
;;;;;;H43;12900;Macgiollabhui, Muiris;83.3%;;;;;;8.3%;4.2%;;4.2%;;;;;;;;;;;;;;
;;;;;;H45;12901;Macgiollabhui, Muiris;95.8%;4.2%;;;;;;;;;;;;;;;;;;;;;;
;;;;;;H47;17240;Macgiollabhui, Muiris;95.8%;;;;4.2%;;;;;;;;;;;;;;;;;;;
;;;;;;H49;17241;Weinberg, Lindsay;83.3%;12.5%;;;;4.2%;;;;;;;;;;;;;;;;;;
;;;;;;H51;17242;Weinberg, Lindsay;95.8%;4.2%;;;;;;;;;;;;;;;;;;;;;;
;;;;;;H53;17245;Weinberg, Lindsay;92.0%;8.0%;;;;;;;;;;;;;;;;;;;;;;
;;;;;;H55;17246;Adeoye, Temitope F.;23.1%;26.9%;19.2%;;;3.8%;15.4%;;;3.8%;;;;;3.8%;;;;;;;;3.8%;
;;;;;;H57;17251;Adeoye, Temitope F.;29.2%;16.7%;8.3%;;20.8%;4.2%;20.8%;;;;;;;;;;;;;;;;;
;;;;;;H59;17253;Adeoye, Temitope F.;33.3%;14.3%;28.6%;;4.8%;9.5%;4.8%;;;4.8%;;;;;;;;;;;;;;
;;;;;;H61;17255;Jarriel, Katherine M.;95.7%;4.3%;;;;;;;;;;;;;;;;;;;;;;
;;;;;;H63;17257;Jarriel, Katherine M.;65.2%;13.0%;21.7%;;;;;;;;;;;;;;;;;;;;;
;;;;;;H65;17258;Jarriel, Katherine M.;94.7%;5.3%;;;;;;;;;;;;;;;;;;;;;;
;;;;;;H67;17259;Vanaik, Anish;62.5%;4.2%;25.0%;;;;4.2%;4.2%;;;;;;;;;;;;;;;;
;;;;;;H69;17262;Vanaik, Anish;66.7%;16.7%;12.5%;;4.2%;;;;;;;;;;;;;;;;;;;
;;;;;;H71;17263;Vanaik, Anish;57.9%;5.3%;21.1%;;5.3%;;;;;;;;;;5.3%;;;;;;;;5.3%;
;;;;;;H73;17264;Bellisario, Kristen M.;58.3%;8.3%;29.2%;;;;4.2%;;;;;;;;;;;;;;;;;
;;;;;;H75;17265;Bellisario, Kristen M.;70.8%;4.2%;25.0%;;;;;;;;;;;;;;;;;;;;;
;;;;;;H77;17266;Bellisario, Kristen M.;43.5%;26.1%;30.4%;;;;;;;;;;;;;;;;;;;;;
;;19903;Interdisc Approach To Writing;202620;Spring 2026;001;69810;Dilworth, Kathryn F.;90.0%;;10.0%;;;;;;;;;;;;;;;;;;;;;
;;;;;;002;15683;Dilworth, Kathryn F.;85.0%;;10.0%;;;;5.0%;;;;;;;;;;;;;;;;;
;;;;;;004;27509;Defrench, Melissa K.;6.7%;;80.0%;;;;;;;;;;;;6.7%;;;;;;;;6.7%;
;;22100;Expl Place Music Or Noise;202620;Spring 2026;002;40431;Petrosyan, Suren M.;95.0%;;;;;;;;;;;;;;;;;;;;;;5.0%;
;;;Exploring Place;202620;Spring 2026;001;22764;Swanson, Nathan W.;90.5%;;;;;;;;;;;;;;;;;;;;;;9.5%;
;;29500;Lead Forward Fellowship II;202620;Spring 2026;001;15970;Scroggins, Shaunta D.;18.8%;;81.3%;;;;;;;;;;;;;;;;;;;;;
;;29900;C3 Game Jam;202620;Spring 2026;054;29563;Jarriel, Katherine M.;73.3%;20.0%;;;3.3%;;3.3%;;;;;;;;;;;;;;;;;
;;;Foundations Of Mentorship;202620;Spring 2026;044;29295;Macgiollabhui, Muiris;95.8%;;;;;;;;;;;;;;;;;;;;;;4.2%;
;;;Full STEAM Ahead;202620;Spring 2026;056;39073;Petrosyan, Suren M.;81.3%;;;;6.3%;;;6.3%;;;6.3%;;;;;;;;;;;;;
;;;Leadership Praxis;202620;Spring 2026;053;29562;Scroggins, Shaunta D.;37.5%;8.3%;20.8%;;12.5%;;4.2%;;;;;;;;4.2%;4.2%;;;;;;;8.3%;
;;;Nonprofits & Philanthropy;202620;Spring 2026;043;26972;Dilworth, Kathryn F.;95.7%;1.4%;;;;;;;;;;;;;;;;;;;;;2.9%;
;;31000;Space-Time!;202620;Spring 2026;001;29566;Watkins, Adam E.;85.7%;4.8%;;;4.8%;;;;;;;;;;4.8%;;;;;;;;;
;;31200;Jazz;202620;Spring 2026;001;19727;Ware, Jason A.;20.0%;5.0%;50.0%;;10.0%;;;5.0%;;10.0%;;;;;;;;;;;;;;
;;31300;STS: Learning At PU In AI Era;202620;Spring 2026;002;39065;Nelson, David B.;75.0%;15.0%;;;;;5.0%;;;5.0%;;;;;;;;;;;;;;
;;;STS: Space Exploration & Soc;202620;Spring 2026;003;39067;Conway, Erik M.;35.0%;25.0%;30.0%;;5.0%;;5.0%;;;;;;;;;;;;;;;;;
;;;STS: World Building;202620;Spring 2026;001;29568;Jarriel, Katherine M.;89.5%;;;;;;;5.3%;;;;;;;;;;;;;;;5.3%;
;;;STS: The Tech-Juris Paradox;202620;Spring 2026;005;41275;Defrench, Melissa K.;;8.3%;83.3%;;;;;;;8.3%;;;;;;;;;;;;;;
;;31400;Human Epoch: Climate Solutions;202620;Spring 2026;004;39057;Vanaik, Anish;85.0%;10.0%;5.0%;;;;;;;;;;;;;;;;;;;;;
;;;Human Epoch: Mapping Heritage;202620;Spring 2026;003;15215;Krishna, Ashima;37.5%;;62.5%;;;;;;;;;;;;;;;;;;;;;
;;31500;Across Diff: Music Unites;202620;Spring 2026;002;39072;Petrosyan, Suren M.;94.4%;;;;;;5.6%;;;;;;;;;;;;;;;;;
;;;Across Diff: Stage & Screen;202620;Spring 2026;001;39070;Canete Jurado, Vanesa M.;60.0%;;25.0%;;5.0%;;5.0%;;;;;;;;;;;;;;;;5.0%;
;;39900;Defining Ugly;202620;Spring 2026;002;39091;Bellet, Ashley M.;28.6%;14.3%;52.4%;;;;;;;;;;;;;;;;;;;;4.8%;
;;;Embodied Cognition In Learning;202620;Spring 2026;005;39100;Guberman, Daniel A.;80.0%;;20.0%;;;;;;;;;;;;;;;;;;;;;
;;;Mind: Science, Art, Literature;202620;Spring 2026;003;39092;Kantor, Alon;;9.1%;90.9%;;;;;;;;;;;;;;;;;;;;;
;;46000;Technological Justice;202620;Spring 2026;001;19732;Weinberg, Lindsay;87.0%;13.0%;;;;;;;;;;;;;;;;;;;;;;
;;46300;Research Thinking Portfolio;202620;Spring 2026;002;22832;Defrench, Melissa K.;;;100.0%;;;;;;;;;;;;;;;;;;;;;
;;;;;;003;39075;Dilworth, Kathryn F.;100.0%;;;;;;;;;;;;;;;;;;;;;;;
;;46400;Scholarly Project: Bookworks;202620;Spring 2026;006;29574;Moore, Jonathan P.;100.0%;;;;;;;;;;;;;;;;;;;;;;;
;;;SP: Inspiring Motivation;202620;Spring 2026;009;39086;Adeoye, Temitope F.;47.1%;11.8%;11.8%;;;;17.6%;5.9%;;;;;;;;;;;;;;;5.9%;
;;;SP: Noise In The Environment;202620;Spring 2026;008;39085;Bellisario, Kristen M.;100.0%;;;;;;;;;;;;;;;;;;;;;;;
;;49900;TREKS Engagement VI;202620;Spring 2026;001;41571;Ware, Jason A.;4.8%;;95.2%;;;;;;;;;;;;;;;;;;;;;
HORT;HORT-Horticulture;10100;Fundmntls Horticulture;202620;Spring 2026;014;12554;Corado Mendoza, Celia G.;45.5%;18.2%;;;;;;9.1%;;18.2%;;;;;;;;;;;;;9.1%;
;;;;;;018;16468;Corado Mendoza, Celia G.;41.7%;25.0%;;;;;8.3%;16.7%;;;;;8.3%;;;;;;;;;;;
;;11000;Opportunities In Horticulture;202620;Spring 2026;001;20671;Patton, Aaron J.;72.4%;3.4%;;;8.6%;;3.4%;3.4%;1.7%;;3.4%;;;;1.7%;;;;;;;;1.7%;
;;20100;Plant Propagation;202620;Spring 2026;001;20672;Beck, MacOn A.;53.8%;7.7%;15.4%;;15.4%;;7.7%;;;;;;;;;;;;;;;;;
;;;Plant Propagation-Honors;202620;Spring 2026;001;20672;Beck, MacOn A.;;;100.0%;;;;;;;;;;;;;;;;;;;;;
;;21000;Fund Turfgrass Culture;202620;Spring 2026;001;15257;Bigelow, Cale A.;47.6%;33.3%;;;14.3%;;;;;;;;;;;;;;;;;;4.8%;
;;21100;Turfgrass Culture Lab;202620;Spring 2026;001;15258;Bigelow, Cale A.;38.9%;16.7%;;;16.7%;11.1%;11.1%;;;;;;;;;;;;;;;;5.6%;
;;21200;GH And LA For Educators;202620;Spring 2026;002;37473;Orvis, Kathryn S.;4.8%;;85.7%;;;4.8%;;;4.8%;;;;;;;;;;;;;;;
;;27000;Floral Design & Inter Plt Mgmt;202620;Spring 2026;005;13242;Sullivan, Karen M.;25.0%;11.3%;56.3%;;1.3%;2.5%;2.5%;;;;;;;;;;;1.3%;;;;;;
;;30100;Plant Physiology;202620;Spring 2026;003;11401;Li, Ying;71.4%;;4.8%;;19.0%;;;4.8%;;;;;;;;;;;;;;;;
;;;Plant Physiology-Honors;202620;Spring 2026;003;11401;Li, Ying;100.0%;;;;;;;;;;;;;;;;;;;;;;;
;;30600;Hist Of Horticulture;202620;Spring 2026;001;17363;Beck, MacOn A.;10.8%;6.6%;67.9%;;2.8%;4.2%;1.9%;;0.9%;0.9%;0.5%;;;;1.9%;;;0.5%;;;;;0.9%;
;;32200;Greenhouse Crop Production;202620;Spring 2026;001;28870;Gomez, Celina;50.0%;;;;25.0%;;;5.0%;;;;;;;;;;5.0%;;;;;15.0%;
;;43500;Developing An Agr Startup;202620;Spring 2026;001;28026;Torres Bravo, Ariana P.;;;100.0%;;;;;;;;;;;;;;;;;;;;;
;;53000;Intr To Computng Fr Biologists;202620;Spring 2026;003;29394;Varala, Kranthi K.;16.7%;8.3%;66.7%;;;;;;;;;;;;;;;;;;;;8.3%;
;;59000;Advanced Turfgrass Pest Mgmt;202620;Spring 2026;001;38248;Powlen, Jada S.;53.8%;;;;30.8%;;7.7%;7.7%;;;;;;;;;;;;;;;;
HSCI;HSCI-Health Sciences;13000;Intro To Medical Lab Science;202620;Spring 2026;003;55347;Hilliard, Lisa M.;61.1%;;5.6%;;2.8%;2.8%;11.1%;;;;;;;;5.6%;;;;;;;;11.1%;
;;13100;Medical Terminology;202620;Spring 2026;SC1;68237;Hilliard, Lisa M.;17.8%;5.8%;1.6%;;22.5%;1.0%;5.2%;12.6%;;4.2%;4.7%;0.5%;2.6%;;3.7%;;;;;;;;17.8%;
;;;Medical Terminology-Honors;202620;Spring 2026;SC1;68237;Hilliard, Lisa M.;100.0%;;;;;;;;;;;;;;;;;;;;;;;
;;20100;Public Health Science;202620;Spring 2026;001;20743;Havics, Andrew A.;84.1%;;;;11.0%;;;1.9%;;;0.6%;;;;1.0%;;;;;;;;1.3%;
;;22500;Health Leadership And Safety;202620;Spring 2026;001;22980;Wilson, Mark D.;55.2%;2.1%;22.8%;;9.7%;;6.2%;2.8%;;0.7%;;;;;;;;;;;;;0.7%;
;;30500;Basics Of Oncology;202620;Spring 2026;001;10306;He, Qiuhong;24.2%;4.5%;42.4%;;4.5%;6.1%;12.1%;4.5%;;1.5%;;;;;;;;;;;;;;
;;;Basics Of Oncology-Honors;202620;Spring 2026;001;10306;He, Qiuhong;;;100.0%;;;;;;;;;;;;;;;;;;;;;
;;31000;Imaging In Medicine;202620;Spring 2026;001;20103;Ooms, Nathan A.;93.9%;;;;4.5%;;;;;;1.5%;;;;;;;;;;;;;
;;33300;Introduction To Immunology;202620;Spring 2026;003;55346;Hilliard, Lisa M.;36.1%;5.2%;;;34.0%;;19.6%;2.1%;;3.1%;;;;;;;;;;;;;;
;;33400;Lung Physiology And Medicine;202620;Spring 2026;001;22977;Wilson, Mark D.;48.9%;;37.8%;;8.9%;;2.2%;;;;;;2.2%;;;;;;;;;;;
;;33500;Heart Physiology And Medicine;202620;Spring 2026;001;22775;Wilson, Mark D.;31.0%;7.1%;52.4%;;4.8%;;2.4%;2.4%;;;;;;;;;;;;;;;;
;;;;;;002;30706;Wilson, Mark D.;50.0%;4.8%;21.4%;;4.8%;;7.1%;7.1%;2.4%;;;;2.4%;;;;;;;;;;;
;;;Heart Physiology & Med-Honors;202620;Spring 2026;001;22775;Wilson, Mark D.;;;100.0%;;;;;;;;;;;;;;;;;;;;;
;;33600;Eye Physiology And Disease;202620;Spring 2026;001;16188;Kerstein, Patrick C.;72.7%;9.1%;9.1%;;6.8%;;2.3%;;;;;;;;;;;;;;;;;
;;;Eye Physiology&Disease-Honors;202620;Spring 2026;001;16188;Kerstein, Patrick C.;100.0%;;;;;;;;;;;;;;;;;;;;;;;
;;34500;Intro Occ Envir Health;202620;Spring 2026;001;14789;Havics, Andrew A.;55.0%;15.0%;;;7.5%;;17.5%;2.5%;;2.5%;;;;;;;;;;;;;;
;;35300;Occ Safety Management Culture;202620;Spring 2026;001;37470;Wilson, Mark D.;28.6%;;11.4%;;25.7%;;17.1%;5.7%;;8.6%;;;2.9%;;;;;;;;;;;
;;36000;Everyday Toxicology;202620;Spring 2026;001;22799;Baloni, Priyanka;47.6%;;;;47.6%;;;4.8%;;;;;;;;;;;;;;;;
;;;Everyday Toxicology-Honors;202620;Spring 2026;001;22799;Baloni, Priyanka;100.0%;;;;;;;;;;;;;;;;;;;;;;;
;;39501;HSCI Junior Honors Seminar;202620;Spring 2026;H01;69767;Scarpelli, Matthew L.;;;;;;;;;;;;;;;;;;100.0%;;;;;;
;;39601;HSCI Junior Honors Project;202620;Spring 2026;H01;12443;Bowman, Aaron B.;;;;;;;;;;;;;;;;;;100.0%;;;;;;
;;41500;Intro To Nuclear Security;202620;Spring 2026;001;39155;Harris, Jason T.;57.9%;15.8%;;;10.5%;;15.8%;;;;;;;;;;;;;;;;;
;;49000;Dissecting Dementia;202620;Spring 2026;101;17387;Hilliard, Lisa M.;60.7%;3.6%;;;10.7%;;14.3%;7.1%;;3.6%;;;;;;;;;;;;;;
;;51400;Radiation Instrumt Lab;202620;Spring 2026;003;52869;Nie, Linda H.;61.5%;;;;23.1%;;;15.4%;;;;;;;;;;;;;;;;
;;52000;Risk Assessment Environ Health;202620;Spring 2026;001;16122;Wells, Ellen M.;46.2%;;7.7%;;15.4%;;23.1%;;;;;;;;;;;;;;;;7.7%;
;;53400;Applied Health Physics;202620;Spring 2026;001;69277;Nie, Linda H.;88.9%;;;;11.1%;;;;;;;;;;;;;;;;;;;
;;54000;Radiation Biology;202620;Spring 2026;001;20856;Scarpelli, Matthew L.;43.9%;9.8%;2.4%;;17.1%;;24.4%;2.4%;;;;;;;;;;;;;;;;
;;57500;Intro Environmental Health;202620;Spring 2026;002;15979;Muthumalage, Thivanka M.;100.0%;;;;;;;;;;;;;;;;;;;;;;;
;;61300;Professional Devel In Hlth Sci;202620;Spring 2026;001;16622;Shannahan, Jonathan H.;50.0%;;41.7%;;8.3%;;;;;;;;;;;;;;;;;;;
;;69600;Seminr In Hlth Science;202620;Spring 2026;001;20874;Kerstein, Patrick C.;86.8%;7.4%;;;1.5%;;2.9%;;;;;;;;;;;;;;;;1.5%;
HSOP;HSOP-Hlth,Srvcs,Outcomes&Polic;69600;Sem In Phar Adm;202620;Spring 2026;001;10131;Allen, John M.;;;;;;;;;;;;;;;;;;100.0%;;;;;;
HTM;HTM-Hospitality & Tourism Mgmt;14100;Fin Acctg Service Ind;202620;Spring 2026;001;15357;Bucher, Shawn;25.0%;8.3%;8.3%;;4.2%;16.7%;20.8%;4.2%;4.2%;;;;4.2%;;;;;;;;;;4.2%;
;;;;;;002;16231;Bucher, Shawn;12.5%;16.7%;12.5%;;12.5%;8.3%;;16.7%;4.2%;4.2%;;;;;4.2%;;;;;;;;8.3%;
;;16200;Intro To Event & Meet Planning;202620;Spring 2026;001;38263;Cecil, Amanda K.;33.3%;18.5%;;;37.0%;;;3.7%;;3.7%;;;;;;;;;;;;;3.7%;
;;17300;Tourism Systems;202620;Spring 2026;001;16232;Lehto, Xinran Y.;72.0%;;;;24.0%;;;;;;;;;;;;;;;;;;4.0%;
;;;;;;002;38131;Day, Gordon J.;40.0%;16.0%;4.0%;;8.0%;;12.0%;4.0%;4.0%;4.0%;;;;;;;;;;;;;8.0%;
;;18000;Hospitality Operations;202620;Spring 2026;001;28839;Bies, Amanda R.;17.9%;5.1%;56.4%;;7.7%;5.1%;5.1%;;;;;;;;;;;;;;;;2.6%;
;;20000;Career Explor And Dev Seminar;202620;Spring 2026;002;37493;Love, Samantha N.;7.1%;;64.3%;;14.3%;;;;;;;;7.1%;;;;;;;;;;7.1%;
;;20200;Hospitality&Tourism Work Expr;202620;Spring 2026;001;14446;Helfert, Rene M.;;;;;;;;;;;;;;;;;;91.7%;;;;;8.3%;
;;21200;Leading For Success In Svc Ind;202620;Spring 2026;001;57317;Day, Gordon J.;42.4%;24.2%;;;6.1%;6.1%;6.1%;;3.0%;3.0%;;3.0%;;;6.1%;;;;;;;;;
;;21800;Creating Exp For A Diverse Soc;202620;Spring 2026;001;40894;Kour, Gurpreet;32.0%;36.0%;;;4.0%;4.0%;8.0%;;;4.0%;;;;;12.0%;;;;;;;;;
;;23100;Mktg In Service Industries;202620;Spring 2026;001;16236;Hu, Hongyan;26.3%;26.3%;;;15.8%;15.8%;5.3%;5.3%;5.3%;;;;;;;;;;;;;;;
;;;;;;002;19634;Lehto, Xinran Y.;75.0%;;;;20.0%;;;5.0%;;;;;;;;;;;;;;;;
;;24100;Mgr Acct In Svc Industries;202620;Spring 2026;001;14630;Bang, Dohyung;22.2%;;;;51.9%;;;22.2%;;;;;;;;;;;;;;;3.7%;
;;;;;;002;16237;Baldick, Hwijin J.;;21.7%;;;8.7%;34.8%;13.0%;8.7%;4.3%;8.7%;;;;;;;;;;;;;;
;;25501;Excel & Analytics In Svc Inds;202620;Spring 2026;004;35347;Sun, Jiong;5.9%;11.8%;2.9%;;16.7%;7.8%;20.6%;6.9%;8.8%;6.9%;3.9%;;1.0%;;2.9%;;;;;;;;3.9%;
;;26200;Festivals And Special Events;202620;Spring 2026;001;15323;Cox Dexter, Casey M.;16.0%;4.0%;56.0%;;8.0%;4.0%;8.0%;;;;;;;;;;;;;;;;4.0%;
;;29001;Food And Beverage Mgmt;202620;Spring 2026;001;28601;Bucher, Shawn;28.9%;15.6%;17.8%;;4.4%;17.8%;11.1%;;2.2%;;;;;;;;;;;;;;2.2%;
;;29101;The JPR Restaurant Experience;202620;Spring 2026;001;20907;Tkach, Julie L.;16.7%;33.3%;33.3%;;8.3%;;8.3%;;;;;;;;;;;;;;;;;
;;;;;;003;20905;Tkach, Julie L.;9.1%;9.1%;45.5%;;9.1%;;18.2%;;;;;;;;;;;;;;;;9.1%;
;;;The JPR Restaurant Exp -Honors;202620;Spring 2026;003;20905;Tkach, Julie L.;;;;;;;100.0%;;;;;;;;;;;;;;;;;
;;30200;Hosp & Tour Ind Intern I;202620;Spring 2026;001;20910;Helfert, Rene M.;25.0%;12.5%;37.5%;;;6.3%;12.5%;;;;;;;;;;;;;;;;6.3%;
;;31100;Procuremt Mgt Foodserv;202620;Spring 2026;001;31606;Byrd, Karen S.;50.0%;;5.6%;;16.7%;;16.7%;3.7%;;3.7%;1.9%;;1.9%;;;;;;;;;;;
;;31200;Talent Mgmt For Serv Ind;202620;Spring 2026;001;20913;Gordon, Susan E.;25.8%;12.9%;12.9%;;6.5%;6.5%;12.9%;3.2%;;3.2%;;3.2%;;;3.2%;;;;;;;;9.7%;
;;31700;Bus Etiquette For Mgrs;202620;Spring 2026;001;22804;Cawdron, Anthony P.;31.3%;10.4%;58.3%;;;;;;;;;;;;;;;;;;;;;
;;32200;Hosptl Facilities Mgmt;202620;Spring 2026;001;50544;Tkach, Julie L.;78.4%;;;;18.9%;;;2.7%;;;;;;;;;;;;;;;;
;;34100;Ops Ctrl/Analysis In Hosp Ind;202620;Spring 2026;001;20917;Bucher, Shawn;21.1%;42.1%;;;5.3%;26.3%;;;5.3%;;;;;;;;;;;;;;;
;;;Ops Ctrl/Anly In Hosp Ind-Hnrs;202620;Spring 2026;001;20917;Bucher, Shawn;;100.0%;;;;;;;;;;;;;;;;;;;;;;
;;38110;Revenue Mgmt In Svc Ind;202620;Spring 2026;001;64098;Wang, Peihao;42.9%;23.8%;4.8%;;14.3%;4.8%;4.8%;;4.8%;;;;;;;;;;;;;;;
;;;;;;002;16249;Wang, Peihao;36.7%;6.7%;23.3%;;3.3%;6.7%;16.7%;3.3%;;;;;3.3%;;;;;;;;;;;
;;38600;Fund Of Hotel Asset Mgmt;202620;Spring 2026;001;38574;Tang, Chun-Hung H.;14.3%;28.6%;9.5%;;14.3%;9.5%;9.5%;4.8%;;4.8%;;;4.8%;;;;;;;;;;;
;;39900;Sustnable Tourism Destntn Mgmt;202620;Spring 2026;001;39793;Day, Gordon J.;31.6%;31.6%;;;21.1%;;10.5%;;;;;;;;5.3%;;;;;;;;;
;;41100;Hospitality & Tour Law;202620;Spring 2026;001;20928;Tkach, Julie L.;62.5%;;;;27.5%;;;7.5%;;;;;;;2.5%;;;;;;;;;
;;44100;Fin Mgt Hospitality Ind;202620;Spring 2026;002;17565;Jang, Soo Cheong;27.8%;;;;33.3%;;;33.3%;;;5.6%;;;;;;;;;;;;;
;;46200;Adv Event And Meeting Mgmt;202620;Spring 2026;001;10772;Jung, Shinyong;28.6%;42.9%;;;9.5%;4.8%;14.3%;;;;;;;;;;;;;;;;;
;;49112;Mgmt & Serv Beverage Alcohol;202620;Spring 2026;X01;57346;Wade, Courtney J.;38.1%;4.8%;23.8%;;19.0%;4.8%;9.5%;;;;;;;;;;;;;;;;;
;;49201;Hosp Op Mgmt And Ldshp;202620;Spring 2026;001;26676;Goad, Bruce A.;76.1%;;;;19.6%;;;4.3%;;;;;;;;;;;;;;;;
;;49901;Strategic Mgmt In Svc Ind;202620;Spring 2026;002;26451;Kwak, Soo Yeon;23.1%;23.1%;;;23.1%;23.1%;7.7%;;;;;;;;;;;;;;;;;
;;;;;;003;38852;Nicely, Annmarie J.;;15.4%;15.4%;;15.4%;;;15.4%;7.7%;15.4%;;7.7%;7.7%;;;;;;;;;;;
;;;;;;004;38853;Sun, Jiong;7.1%;14.3%;;;7.1%;14.3%;42.9%;7.1%;7.1%;;;;;;;;;;;;;;;
IDE;IDE-Interdisciplinary Engr;30100;Professional Prep IDE;202620;Spring 2026;001;21598;Hynes, Morgan M.;6.5%;;48.4%;;6.5%;3.2%;9.7%;;6.5%;3.2%;;;;;6.5%;;;;;;;;9.7%;
;;36000;MDE Statistics;202620;Spring 2026;001;14987;Syed Hassan, Syed Ahmad Helmi B.;;20.0%;25.0%;;;15.0%;15.0%;;;5.0%;;5.0%;;;;;;;;;;;15.0%;
;;48000;Engineering Ethics In IDE;202620;Spring 2026;001;30690;Hess, Justin L.;33.3%;14.3%;19.0%;;4.8%;4.8%;;4.8%;4.8%;4.8%;;;;;9.5%;;;;;;;;;
;;48500;MDE Engr Design Project;202620;Spring 2026;001;21105;Hynes, Morgan M.;88.5%;;;;;;7.7%;;;3.8%;;;;;;;;;;;;;;
;;49500;Civilian Service In DoD;202620;Spring 2026;006;32143;Callahan, Ken D.;100.0%;;;;;;;;;;;;;;;;;;;;;;;
;;;;;;007;32144;Prater, Sarah N.;92.3%;;;;;;7.7%;;;;;;;;;;;;;;;;;
IE;IE-Industrial Engineering;20000;Ind Engr Seminar;202620;Spring 2026;001;20971;Pearson, Elizabeth;;;;;;;;;;;;;;;;;;;;87.5%;;5.0%;7.5%;
;;23000;Prob & Stat In Engr I;202620;Spring 2026;001;20972;Huang, Congfang;21.8%;15.3%;55.6%;;0.8%;;3.2%;0.8%;0.8%;;;;;;1.6%;;;;;;;;;
;;33000;Prob & Stat In Engr II;202620;Spring 2026;001;20974;Cho, Lucky;28.6%;;19.0%;;10.5%;;24.8%;2.9%;;6.7%;;;2.9%;;2.9%;;;;;;;;1.9%;
;;;;;;002;36765;Huang, Congfang;32.7%;19.2%;38.5%;;1.0%;;3.8%;1.0%;1.9%;1.0%;1.0%;;;;;;;;;;;;;
;;33200;Comput In Indust Engr;202620;Spring 2026;001;20975;Ventresca, Mario;1.8%;7.0%;;;19.3%;29.8%;7.0%;5.3%;8.8%;19.3%;;;1.8%;;;;;;;;;;;
;;33500;Oper Research-Optimiz;202620;Spring 2026;001;20980;Cho, Lucky;27.4%;;48.9%;;7.4%;;9.6%;;;5.2%;;;;;0.7%;;;;;;;;0.7%;
;;;;;;002;26131;Zhang, Zhe;9.7%;27.4%;7.3%;;26.6%;;2.4%;12.9%;;1.6%;3.2%;;;;;;;;;;;;8.9%;
;;33600;Oper Res-Stoch Models;202620;Spring 2026;001;20981;Goni Cortes, Joaquin;16.7%;14.5%;13.8%;;10.1%;6.5%;6.5%;8.0%;5.1%;7.2%;2.2%;2.9%;3.6%;;2.2%;;;;;;;;0.7%;
;;34300;Engineering Economics;202620;Spring 2026;001;11276;Esmaeili, Behzad;29.3%;12.1%;43.3%;;4.5%;3.8%;5.1%;;;0.6%;0.6%;;;;0.6%;;;;;;;;;
;;;;;;002;11277;Salama, Mohamed;12.9%;17.2%;4.9%;;13.5%;8.0%;16.0%;6.7%;4.3%;6.7%;1.8%;;1.8%;;3.1%;;;;;;;;3.1%;
;;;Engineering Economics-Honors;202620;Spring 2026;001;11276;Esmaeili, Behzad;;100.0%;;;;;;;;;;;;;;;;;;;;;;
;;37000;Mfg Processes I;202620;Spring 2026;001;20984;Martinez, Ramses;11.7%;9.7%;13.0%;;7.8%;9.7%;17.5%;16.2%;;;7.8%;;;;3.9%;;;;;;;;2.6%;
;;38300;Integrated Prod Sys I;202620;Spring 2026;001;68820;Yih, Yuehwern;22.5%;10.6%;7.0%;;9.9%;7.7%;10.6%;9.2%;2.8%;7.7%;4.9%;1.4%;1.4%;;2.1%;1.4%;;;;;;;0.7%;
;;38600;Work Anly And Design I;202620;Spring 2026;001;20986;Lehto, Mark R.;19.2%;9.0%;0.6%;;10.9%;16.0%;28.2%;6.4%;1.9%;7.7%;;;;;;;;;;;;;;
;;39699;Prof Practice Internship;202620;Spring 2026;001;59056;Brunese, Patrick A.;;;;;;;;;;;;;;;;;;;;100.0%;;;;
;;43100;Industrial Engr Design;202620;Spring 2026;003;41243;Syed Hassan, Syed Ahmad Helmi B.;80.4%;;;;17.9%;;;1.7%;;;;;;;;;;;;;;;;
;;47000;Mfg Processes II;202620;Spring 2026;001;21025;Cheng, Gary J.;68.1%;8.7%;15.9%;;1.4%;1.4%;4.3%;;;;;;;;;;;;;;;;;
;;47400;Industrial Control Sys;202620;Spring 2026;001;21029;Seetharaman, Sivaranjani;24.6%;20.3%;16.1%;;14.4%;11.9%;9.3%;0.8%;0.8%;1.7%;;;;;;;;;;;;;;
;;48100;Intro To System Simulation;202620;Spring 2026;001;25568;Lee, Seokcheon;64.7%;17.6%;11.8%;;;;5.9%;;;;;;;;;;;;;;;;;
;;48400;Integrated Prod Sys II;202620;Spring 2026;002;21031;Lee, Seokcheon;36.3%;22.5%;7.8%;;7.8%;6.9%;8.8%;1.0%;1.0%;7.8%;;;;;;;;;;;;;;
;;48600;Work Anly & Design II;202620;Spring 2026;001;21033;Caldwell, Barrett S.;11.8%;1.8%;10.0%;;61.8%;5.5%;6.4%;1.8%;0.9%;;;;;;;;;;;;;;;
;;49000;AI And Job Design UAE;202620;Spring 2026;006;41427;Duffy, Vincent G.;53.8%;7.7%;15.4%;;;;15.4%;;;7.7%;;;;;;;;;;;;;;
;;;Intro Machine Learning & Apps;202620;Spring 2026;005;24229;Estrada Gomez, Ana M.;42.9%;;23.8%;;;;9.5%;;;;;;;;9.5%;;;;;;;;9.5%;4.8%
;;53000;Quality Control;202620;Spring 2026;002;42864;Lin, Dennis K.;29.2%;12.5%;;;8.3%;6.3%;37.5%;4.2%;;2.1%;;;;;;;;;;;;;;
;;53300;Ind Application Stat;202620;Spring 2026;WNG;41472;Hass, Zachary J.;54.7%;1.3%;36.0%;;5.3%;;;;;;;;;;1.3%;;;;;;;;1.3%;
;;53800;Nonlin Opt Algrms Mdls;202620;Spring 2026;001;16250;Xie, Miaolan;46.7%;6.7%;13.3%;;;;6.7%;;;;;;;;;;;6.7%;;;;;20.0%;
;;54600;Economic Decis Engr;202620;Spring 2026;WNG;52296;Liu, Lu;92.8%;;;1.4%;4.3%;;;;;;;;;;1.4%;;;;;;;;;
;;54900;Mach Vis Intelligent Robot Sys;202620;Spring 2026;001;25360;Wachs, Juan P.;32.4%;5.4%;37.8%;;2.7%;5.4%;8.1%;2.7%;;;;;;;;;;2.7%;;;;;2.7%;
;;55100;Dgtl Transform In Indust Bus;202620;Spring 2026;001;41739;Biller, Stephan R.;13.3%;66.7%;20.0%;;;;;;;;;;;;;;;;;;;;;
;;55600;Job Design;202620;Spring 2026;001;11284;Duffy, Vincent G.;29.7%;21.6%;29.7%;;;2.7%;8.1%;2.7%;;2.7%;;;;;;;;;;;;;2.7%;
;;55800;Safety Engineering;202620;Spring 2026;001;25347;Duffy, Vincent G.;38.1%;13.1%;34.5%;;4.8%;3.6%;;1.2%;1.2%;;;;;;;;;;;;;;3.6%;
;;;;;;003;25492;Duffy, Vincent G.;48.0%;32.0%;;;8.0%;8.0%;;;;4.0%;;;;;;;;;;;;;;
;;57400;Ind Robtc Flexbl Asmby;202620;Spring 2026;WNG;16330;She, Yu;2.7%;2.7%;91.9%;;2.7%;;;;;;;;;;;;;;;;;;;
;;58200;Adv Facilities Design;202620;Spring 2026;001;26318;Huang, Congfang;41.4%;6.9%;44.8%;;3.4%;3.4%;;;;;;;;;;;;;;;;;;
;;58800;e-Work And e-Service;202620;Spring 2026;001;36110;Nof, Shimon Y.;33.3%;11.1%;33.3%;;11.1%;;5.6%;;;;;;;;;;;;;;;;5.6%;
;;59000;Adv Project Mgmt: Agile Methds;202620;Spring 2026;108;39561;Crynes, Lawrence L.;27.8%;27.8%;16.7%;;11.1%;;16.7%;;;;;;;;;;;;;;;;;
;;;AI And Energy Systems;202620;Spring 2026;109;39570;Liu, Lu;100.0%;;;;;;;;;;;;;;;;;;;;;;;
;;;Human Factor & Medical Devices;202620;Spring 2026;082;15921;Yu, Denny;47.6%;14.3%;33.3%;;4.8%;;;;;;;;;;;;;;;;;;;
;;;Policy Analysis Climate Change;202620;Spring 2026;107;39485;Johnson, David R.;45.5%;;9.1%;;9.1%;;27.3%;;;;;;;;;;;;;;;;9.1%;
;;;Quality Systems Management;202620;Spring 2026;090;26319;Semssar, Salim A.;77.3%;;;;9.1%;;;9.1%;;;;;;;;;;;;;;;4.5%;
;;;Supply Chain Engr & Analytics;202620;Spring 2026;083;16329;Khir, Reem;52.5%;;;2.5%;10.0%;;25.0%;5.0%;;2.5%;;;;;;;;2.5%;;;;;;
;;;Technical Product Management;202620;Spring 2026;095;33332;Crynes, Lawrence L.;33.3%;18.2%;;;15.2%;9.1%;24.2%;;;;;;;;;;;;;;;;;
;;;Technical Project Management;202620;Spring 2026;WNG;69826;Crynes, Lawrence L.;21.4%;32.1%;10.7%;;14.3%;3.6%;14.3%;;;;;;;;;;;;;;;;3.6%;
;;63400;Integer Programming;202620;Spring 2026;003;36707;Davarnia, Danial;25.0%;12.5%;12.5%;31.3%;;;6.3%;;;;6.3%;;;;;;;;;;;;6.3%;
;;65900;Human Aspects Comput;202620;Spring 2026;001;36640;Pitts, Brandon J.;100.0%;;;;;;;;;;;;;;;;;;;;;;;
;;69000;Grad Prof Dev Seminar;202620;Spring 2026;001;25358;Wachs, Juan P.;91.7%;;;;;;;;;;;;;;8.3%;;;;;;;;;
;;;Graduate Research Seminar;202620;Spring 2026;002;25359;Wachs, Juan P.;92.3%;;;;;;;;;;;;;;5.5%;;;;;;;;2.2%;
;;;Reinforce Learn: Theory Founds;202620;Spring 2026;022;40145;Chen, Zaiwei;73.9%;4.3%;;13.0%;;;;;;;;;;;;;;;;;;;8.7%;
;;;Reinforcmnt Learn: Adv Topics;202620;Spring 2026;009;36680;Aggarwal, Vaneet;30.0%;25.0%;35.0%;;;;;;;;;;;;;;;;;;;;10.0%;
IET;IET-Industrial Engr Technology;21400;Intro Supply Chain Mgmt Tech;202620;Spring 2026;016;20212;Tanoos, James J.;54.2%;20.8%;;;4.2%;2.1%;6.3%;2.1%;;2.1%;;;;;4.2%;;;;;;;;4.2%;
;;;;;;017;20213;Tanoos, James J.;48.8%;12.2%;2.4%;;2.4%;;17.1%;;2.4%;;;;;;4.9%;;;2.4%;;;;;7.3%;
;;31600;Statistical Quality Control;202620;Spring 2026;001;20223;Parker, Thomas G.;15.8%;13.2%;;;10.5%;7.9%;18.4%;5.3%;2.6%;10.5%;;;;;2.6%;;;2.6%;;;;;10.5%;
;;33400;Economics Analysis - Tech Sys;202620;Spring 2026;013;20224;Athinarayanan, Ragu;39.3%;2.4%;;;25.0%;6.0%;;11.9%;;;8.3%;;;;1.2%;;;;;;;;6.0%;
;;33520;Human Factors For Tech Sys;202620;Spring 2026;001;20229;Nanda, Gaurav;21.4%;10.7%;7.1%;;7.1%;7.1%;14.3%;3.6%;7.1%;14.3%;;;;;3.6%;;;;;;;;3.6%;
;;34200;Warehouse & Inventory Mgmt;202620;Spring 2026;003;20235;Newton, Kathryne A.;24.1%;24.1%;13.8%;;6.9%;3.4%;17.2%;3.4%;;;;;3.4%;;;3.4%;;;;;;;;
;;34300;Technical And Service Selling;202620;Spring 2026;013;20236;Tanoos, James J.;66.7%;16.7%;;;5.6%;;5.6%;5.6%;;;;;;;;;;;;;;;;
;;34350;B2B Sales Management;202620;Spring 2026;001;20239;Tanoos, James J.;25.0%;33.3%;;;8.3%;16.7%;16.7%;;;;;;;;;;;;;;;;;
;;43540;Facilities Planning;202620;Spring 2026;017;40574;Parker, Thomas G.;4.5%;22.7%;;;27.3%;13.6%;9.1%;4.5%;;4.5%;;4.5%;;;;;;;;;;;9.1%;
;;43630;Design Of Experiments;202620;Spring 2026;010;24300;Parker, Thomas G.;11.1%;16.7%;2.8%;;25.0%;8.3%;19.4%;2.8%;;;;2.8%;;;;;;;;;;;11.1%;
;;43640;Lean Six Sigma;202620;Spring 2026;015;20246;Le, Tho V.;;12.0%;8.0%;;16.0%;12.0%;20.0%;8.0%;4.0%;4.0%;;4.0%;;;4.0%;;;;;;;;8.0%;
;;44500;Strategic Supply Chain Mgmt;202620;Spring 2026;002;32926;Newton, Kathryne A.;13.3%;;;;60.0%;;;20.0%;;;6.7%;;;;;;;;;;;;;
ILS;ILS-Information & Library Sci;10000;Intro To Info Studies;202620;Spring 2026;001;29478;Dawkins, Victoria B.;30.8%;7.7%;7.7%;;7.7%;;23.1%;7.7%;;;;;;;7.7%;;;;;;;;7.7%;
;;10300;Intro Data Lifcycl Mgmt-Honors;202620;Spring 2026;003;29458;Witt, Michael C.;100.0%;;;;;;;;;;;;;;;;;;;;;;;
;;;Intro Data Lifecycle Mgmt;202620;Spring 2026;002;17377;Zakharov, Wei;94.6%;5.4%;;;;;;;;;;;;;;;;;;;;;;
;;;;;;003;29458;Witt, Michael C.;54.3%;20.0%;;;2.9%;;17.1%;;;;;;;;;;;;;;;;5.7%;
;;23000;Data Science & Society ELSI;202620;Spring 2026;001;23991;Chomintra, Melissa A.;47.5%;7.5%;35.0%;;2.5%;;7.5%;;;;;;;;;;;;;;;;;
;;;;;;003;24369;Fosmire, Michael J.;69.2%;10.3%;;;2.6%;;10.3%;5.1%;;;;;;;;;;;;;;;2.6%;
;;;;;;005;29457;Dawkins, Victoria B.;22.5%;12.5%;47.5%;;2.5%;;10.0%;;;;;;;;;;;;;;;;5.0%;
;;;;;;007;39191;Tinio, Jerilyn P.;30.0%;5.0%;52.5%;;5.0%;;5.0%;2.5%;;;;;;;;;;;;;;;;
;;;Data Sci & Society ELSI-Honors;202620;Spring 2026;003;24369;Fosmire, Michael J.;;;;;100.0%;;;;;;;;;;;;;;;;;;;
;;30000;Information, Culture & Society;202620;Spring 2026;001;28243;Bochenek, Annette H.;31.8%;13.6%;36.4%;;4.5%;;;4.5%;;;;;;;9.1%;;;;;;;;;
;;30100;Data Foundations, Tools & Apps;202620;Spring 2026;001;29980;Gerrish, Thomas E.;43.8%;18.8%;31.3%;;;;6.3%;;;;;;;;;;;;;;;;;
;;38000;Understanding UG Res Exp II;202620;Spring 2026;001;16935;Sadler, James J.;89.3%;;;;7.1%;;;;;;;;;;;;;;;;;;3.6%;
;;39500;AI Info Strategies;202620;Spring 2026;002;39213;Lu, Jing;9.5%;14.3%;52.4%;;4.8%;4.8%;;9.5%;;;4.8%;;;;;;;;;;;;;
;;44500;Research Methods Rare Books;202620;Spring 2026;001;39212;Harmeyer, Adriana M.;33.3%;;41.7%;8.3%;;;8.3%;;8.3%;;;;;;;;;;;;;;;
;;49500;Info Strategies For Hlth Profs;202620;Spring 2026;004;17632;Hayes, Andrea M.;62.5%;12.5%;;;18.8%;;;;;;;;;;;;;;;;;;6.3%;
;;59000;GIS Capstone Experience;202620;Spring 2026;001;25115;Kong, Ningning N.;36.4%;27.3%;;;18.2%;;18.2%;;;;;;;;;;;;;;;;;
;;65000;Computational Text Analysis;202620;Spring 2026;002;29988;Stewart, Spencer D.;91.7%;;;;;;;;;;;;;;;8.3%;;;;;;;;
IMPH;IMPH-Indstrl & Mlculr Phrmcutc;58300;Adv Biopharmaceutics;202620;Spring 2026;001;24996;Knipp, Gregory T.;68.8%;;;12.5%;;;18.8%;;;;;;;;;;;;;;;;;
;;69600;Sem Indus & Phys Phar;202620;Spring 2026;001;24998;Luo, Jie;90.9%;;;;;;;;;;;;;;;9.1%;;;;;;;;
;;;;;;002;31888;Luo, Jie;;;;;;;;;;;;;;;;;;;;100.0%;;;;
ITAL;ITAL-Italian;10100;Italian Level I;202620;Spring 2026;003;22757;Grande, Giuseppina;15.4%;7.7%;7.7%;;15.4%;15.4%;15.4%;;7.7%;;;;;;7.7%;;;;;;;;7.7%;
;;;;;;004;23456;Grande, Giuseppina;37.5%;12.5%;12.5%;;6.3%;12.5%;;;6.3%;;6.3%;;;;;;;;;;;;6.3%;
;;10200;Italian Level II;202620;Spring 2026;002;15112;Bogart, Brett T.;15.4%;;;;61.5%;7.7%;7.7%;;7.7%;;;;;;;;;;;;;;;
;;;;;;003;25968;Bogart, Brett T.;27.3%;9.1%;;;18.2%;18.2%;9.1%;;9.1%;;9.1%;;;;;;;;;;;;;
;;20100;Italian Level III;202620;Spring 2026;001;21297;Grande, Giuseppina;21.1%;5.3%;;;15.8%;10.5%;5.3%;10.5%;5.3%;;;;;;10.5%;;;5.3%;;;;;10.5%;
;;33300;Spirit Of Ital Comedy;202620;Spring 2026;001;39275;Babic Williams, Tatjana;37.5%;16.7%;4.2%;;25.0%;;8.3%;;;;;;;;;;;;;;;;8.3%;
;;38100;Ital & Ital-Amer Food Culture;202620;Spring 2026;001;39280;Babic Williams, Tatjana;45.8%;25.0%;12.5%;;16.7%;;;;;;;;;;;;;;;;;;;
;;;Ital&Ital-Amer Food Cltr-Honrs;202620;Spring 2026;001;39280;Babic Williams, Tatjana;100.0%;;;;;;;;;;;;;;;;;;;;;;;
JPNS;JPNS-Japanese;10100;Japanese Level I;202620;Spring 2026;001;20681;Osumi, Akari;12.5%;12.5%;37.5%;;6.3%;;;;;6.3%;;;;;12.5%;;;6.3%;;;;;6.3%;
;;;;;;002;20566;Lutz, Asami;23.1%;7.7%;23.1%;;23.1%;;7.7%;;;;;;;;;;;;;;;;15.4%;
;;;;;;003;41113;Uchida, Namiko;40.0%;6.7%;26.7%;;;;6.7%;6.7%;;;;;;;;;;6.7%;;;;;6.7%;
;;;;;;004;41789;Uchida, Namiko;20.0%;20.0%;20.0%;;33.3%;;;;;;;;;;;;;;;;;;6.7%;
;;10200;Japanese Level II;202620;Spring 2026;031;32357;Morita, Ayami;43.8%;6.3%;18.8%;;12.5%;;6.3%;6.3%;;;;;;;;;;;;;;;6.3%;
;;;;;;032;32358;Murakami, Nami;14.3%;28.6%;28.6%;;7.1%;;7.1%;;7.1%;;;;;;;;;;;;;;7.1%;
;;;;;;033;32359;Suzuki, Natsumi;33.3%;;16.7%;;8.3%;;;;8.3%;16.7%;;;;;;;;;;;;;16.7%;
;;20100;Japanese Level III;202620;Spring 2026;001;19581;Lutz, Asami;50.0%;21.4%;14.3%;;;;7.1%;;;;;;;;;;;;;;;;7.1%;
;;20200;Japanese Level IV;202620;Spring 2026;022;32450;Sano, Momoka;33.3%;16.7%;8.3%;;16.7%;8.3%;;;;8.3%;;;8.3%;;;;;;;;;;;
;;;;;;025;39293;Sano, Momoka;27.3%;18.2%;9.1%;;18.2%;9.1%;18.2%;;;;;;;;;;;;;;;;;
;;24100;Intro Study Jpns Lit;202620;Spring 2026;001;15122;Bassoe, Pedro T.;54.5%;18.2%;;;;9.1%;18.2%;;;;;;;;;;;;;;;;;
;;;Intro Study Jpns Lit-Honors;202620;Spring 2026;001;15122;Bassoe, Pedro T.;50.0%;50.0%;;;;;;;;;;;;;;;;;;;;;;
;;30200;Japanese Level VI;202620;Spring 2026;003;19171;Ogiuchi, Sayuri;30.8%;15.4%;53.8%;;;;;;;;;;;;;;;;;;;;;
;;40200;Japanese Level VIII;202620;Spring 2026;001;20488;Ogiuchi, Sayuri;63.6%;;36.4%;;;;;;;;;;;;;;;;;;;;;
;;49000;Japanese Translation;202620;Spring 2026;001;39294;Osumi, Akari;15.4%;7.7%;76.9%;;;;;;;;;;;;;;;;;;;;;
KOR;KOR-Korean;10100;Korean Level I;202620;Spring 2026;001;25526;Park, Yechan;56.3%;12.5%;;;6.3%;12.5%;;12.5%;;;;;;;;;;;;;;;;
;;;;;;003;26986;Kim, Jungeun A.;43.8%;31.3%;;;6.3%;;6.3%;;;6.3%;;;;;;;;;;;;;6.3%;
;;10200;Korean Level II;202620;Spring 2026;001;26320;Park, Yechan;8.3%;;;8.3%;8.3%;8.3%;16.7%;8.3%;8.3%;;;;8.3%;;8.3%;;;;;;;;16.7%;
;;;;;;002;26321;Chang, Ammi;28.6%;21.4%;;;;14.3%;21.4%;;7.1%;7.1%;;;;;;;;;;;;;;
;;;;;;003;23673;Cho, Hyung Chan;25.0%;12.5%;;;12.5%;18.8%;25.0%;;;6.3%;;;;;;;;;;;;;;
;;;;;;005;17720;Kim, Jungeun A.;60.0%;6.7%;;;6.7%;;13.3%;;;;;;;;;;;6.7%;;;;;6.7%;
;;;Korean Level II-Honors;202620;Spring 2026;005;17720;Kim, Jungeun A.;100.0%;;;;;;;;;;;;;;;;;;;;;;;
;;20200;Korean Level IV;202620;Spring 2026;001;26324;Chang, Ammi;16.7%;33.3%;;;16.7%;16.7%;;;;;;;;;8.3%;;;8.3%;;;;;;
;;;;;;002;23707;Kim, Jungeun A.;35.3%;47.1%;;;11.8%;;5.9%;;;;;;;;;;;;;;;;;
;;30200;Korean Level VI;202620;Spring 2026;001;26326;Kim, Jungeun A.;41.7%;16.7%;;;;8.3%;25.0%;;8.3%;;;;;;;;;;;;;;;
;;38100;Korean Food Culture;202620;Spring 2026;001;39384;Kim, Huai-Rhin;75.0%;8.3%;;;8.3%;;8.3%;;;;;;;;;;;;;;;;;
LA;LA-Landscape Architecture;16600;Hist Thry Land Arch;202620;Spring 2026;001;21350;Siciliano, Paul C.;7.1%;;;;32.1%;;;25.0%;;;21.4%;;;;7.1%;;;;;;;;7.1%;
;;21600;Studio I: Foundational Design;202620;Spring 2026;002;16922;Percevault, Erin M.;;16.7%;16.7%;;33.3%;;16.7%;8.3%;;;;;;;8.3%;;;;;;;;;
;;22704;Studio III: Planting Design;202620;Spring 2026;001;32174;Siciliano, Paul C.;100.0%;;;;;;;;;;;;;;;;;;;;;;;
;;29299;Cooperative Experience II;202620;Spring 2026;001;17379;Barbarash, David M.;;;;;;;;;;;;;;;;;;;;100.0%;;;;
;;32600;Studio V: Cmty Dsgn & Planning;202620;Spring 2026;002;17294;Rotar, Sean M.;16.7%;33.3%;;;16.7%;;25.0%;;;;;;;;;;;;;;;;8.3%;
;;34604;Site Engr: Materials & Constrc;202620;Spring 2026;001;32176;Thompson, Aaron W.;31.6%;15.8%;31.6%;;10.5%;;10.5%;;;;;;;;;;;;;;;;;
;;35600;Site Engr: Const Doc & Adv Sys;202620;Spring 2026;002;17497;Percevault, Erin M.;25.0%;50.0%;;;;;16.7%;;;;;;;;;;;;;;;;8.3%;
;;42600;Studio VII: LA Capstone;202620;Spring 2026;001;17502;Thompson, Aaron W.;41.7%;8.3%;33.3%;;;8.3%;8.3%;;;;;;;;;;;;;;;;;
;;;;;;003;39499;Thompson, Aaron W.;30.8%;;30.8%;;15.4%;;;7.7%;;7.7%;;;7.7%;;;;;;;;;;;
;;47600;Prof Pract Landsc Arch;202620;Spring 2026;001;38614;Percevault, Erin M.;16.0%;24.0%;;;36.0%;4.0%;12.0%;4.0%;4.0%;;;;;;;;;;;;;;;
;;48100;Hist Of Am Landscape;202620;Spring 2026;001;38612;Rotar, Sean M.;33.3%;44.4%;5.6%;;;;11.1%;;;;;;;;;;;;;;;;5.6%;
;;48200;Landscape Photo Documentation;202620;Spring 2026;001;18399;Barbarash, David M.;83.3%;16.7%;;;;;;;;;;;;;;;;;;;;;;
LALS;LALS-Latina Am&Latino Studies;25000;Intro Latin Am & Latino Study;202620;Spring 2026;001;25849;Clavijo, Francisco J.;15.4%;15.4%;53.8%;;7.7%;;7.7%;;;;;;;;;;;;;;;;;
LATN;LATN-Latin;10200;Latin Level II;202620;Spring 2026;008;14843;Barnes, Robert J.;35.3%;;5.9%;;;5.9%;5.9%;5.9%;5.9%;23.5%;;5.9%;;;;;;;;;;;5.9%;
;;;;;;009;16487;Conner, Daniel A.;6.3%;25.0%;12.5%;6.3%;12.5%;;;12.5%;;;6.3%;;6.3%;;6.3%;;;;;;;;6.3%;
;;;Latin Level II-Honors;202620;Spring 2026;008;14843;Barnes, Robert J.;;;;;;100.0%;;;;;;;;;;;;;;;;;;
;;;;;;009;16487;Conner, Daniel A.;100.0%;;;;;;;;;;;;;;;;;;;;;;;
;;20200;Latin Level IV;202620;Spring 2026;001;24120;Moodie, Erin K.;12.5%;12.5%;;;;6.3%;18.8%;12.5%;;12.5%;6.3%;;18.8%;;;;;;;;;;;
;;;Latin Level IV-Honors;202620;Spring 2026;001;24120;Moodie, Erin K.;33.3%;;;;33.3%;;33.3%;;;;;;;;;;;;;;;;;
LC;LC-Languages and Cultures;28100;Intro To World Food Cultures;202620;Spring 2026;001;17781;Delsad, Chloe;20.0%;40.0%;12.0%;;8.0%;4.0%;8.0%;;;;;;;;4.0%;;;;;;;;4.0%;
;;;;;;002;38133;Delsad, Chloe;43.5%;17.4%;17.4%;;;;13.0%;;;;;;;;;;;;;;;;8.7%;
;;;;;;003;38134;Dutta, Anurati;48.0%;8.0%;36.0%;;;4.0%;4.0%;;;;;;;;;;;;;;;;;
;;38500;Holocaust World Lit And Film;202620;Spring 2026;001;38136;William, Jennifer M.;30.2%;25.6%;;;11.6%;9.3%;14.0%;2.3%;2.3%;;2.3%;;;;;;;;;;;;2.3%;
LING;LING-Linguistics;20100;Intro To Linguistics;202620;Spring 2026;021;27562;Castillo Revelo, Santiago;18.2%;36.4%;18.2%;;;;;;;;;;;;9.1%;;;;;;;;18.2%;
;;31100;Fundmntls Phon & Morph;202620;Spring 2026;001;31597;Dmitrieva, Olga;20.0%;13.3%;26.7%;;6.7%;13.3%;;6.7%;;;;;;;6.7%;;;;;;;;6.7%;
;;32100;Fndatns Of Synt & Sem;202620;Spring 2026;001;23994;Benedicto, Elena E.;27.8%;;55.6%;;11.1%;;;;;;;;;;5.6%;;;;;;;;;
;;39800;Structure Of Farsi;202620;Spring 2026;008;30852;Khodadadi, Golsa;33.3%;;50.0%;;;;;;;;8.3%;;;;;;;8.3%;;;;;;
;;54100;Hist Ling & Lang Chng;202620;Spring 2026;001;19978;Neary-Sundquist, Colleen A.;38.5%;15.4%;;;7.7%;7.7%;30.8%;;;;;;;;;;;;;;;;;
;;56500;Sociolinguistics;202620;Spring 2026;001;37994;Neary-Sundquist, Colleen A.;100.0%;;;;;;;;;;;;;;;;;;;;;;;
MA;MA-Mathematics;13700;Math For Elm Tchrs I;202620;Spring 2026;701;21805;Fitch, Jennifer M.;14.3%;4.8%;4.8%;;19.0%;4.8%;;33.3%;;;9.5%;;;;4.8%;;;;;;;;4.8%;
;;;;;;702;61607;Collins, Mary K.;37.5%;;18.8%;;6.3%;;;18.8%;;;6.3%;;;;6.3%;;;;;;;;6.3%;
;;;;;;703;25530;Fitch, Jennifer M.;26.7%;;;;20.0%;;;33.3%;;6.7%;6.7%;;6.7%;;;;;;;;;;;
;;;;;;704;29265;Collins, Mary K.;22.2%;11.1%;;;44.4%;5.6%;;11.1%;;;;;;;5.6%;;;;;;;;;
;;13800;Math For Elm Tchrs II;202620;Spring 2026;801;21812;Fitch, Jennifer M.;15.0%;;;;25.0%;;;30.0%;5.0%;5.0%;10.0%;;;;10.0%;;;;;;;;;
;;13900;Math For Elm Tchrs III;202620;Spring 2026;901;60994;Max, Brooke M.;40.9%;4.5%;;;36.4%;4.5%;;13.6%;;;;;;;;;;;;;;;;
;;;;;;902;40838;Max, Brooke M.;25.0%;12.5%;;;25.0%;12.5%;;16.7%;;;4.2%;;;;4.2%;;;;;;;;;
;;15300;College Algebra;202620;Spring 2026;200;63683;Devlin, Patrick M.;6.5%;1.6%;6.5%;;16.1%;4.8%;3.2%;6.5%;3.2%;9.7%;1.6%;;3.2%;;16.1%;;;;;;;;21.0%;
;;;;;;Y08;17270;Devlin, Patrick M.;7.7%;;;;9.6%;;;;7.7%;1.9%;1.9%;;1.9%;;25.0%;;;;;;;;44.2%;
;;;;;;Y16;10710;Devlin, Patrick M.;13.3%;;;;6.7%;6.7%;;6.7%;6.7%;13.3%;6.7%;;;;6.7%;;;;;;;;33.3%;
;;15555;Quantitative Reasoning;202620;Spring 2026;301;10575;Kapsin, Nathan A.;13.6%;4.5%;36.4%;;9.1%;9.1%;4.5%;9.1%;;;9.1%;4.5%;;;;;;;;;;;;
;;;;;;302;10576;Kapsin, Nathan A.;26.1%;8.7%;39.1%;;;4.3%;13.0%;4.3%;;4.3%;;;;;;;;;;;;;;
;;;;;;303;10579;Xie, Bryant J.;4.8%;14.3%;33.3%;;4.8%;4.8%;19.0%;9.5%;;;4.8%;;;;4.8%;;;;;;;;;
;;;;;;304;10580;Xie, Bryant J.;23.8%;4.8%;14.3%;;19.0%;;14.3%;;9.5%;4.8%;;;;;4.8%;;;;;;;;4.8%;
;;;;;;305;11325;Fines, Risa M.;23.8%;4.8%;23.8%;;19.0%;9.5%;9.5%;;;;;4.8%;4.8%;;;;;;;;;;;
;;;;;;306;11326;Fines, Risa M.;19.0%;14.3%;14.3%;;9.5%;;9.5%;;19.0%;;4.8%;4.8%;;;4.8%;;;;;;;;;
;;;;;;308;16567;Mudrak, Benjamin J.;15.8%;15.8%;21.1%;;;10.5%;5.3%;15.8%;;5.3%;;5.3%;;;;;;;;;;;5.3%;
;;15800;Precalculus- Functions & Trig;202620;Spring 2026;100;14869;Shalabi, Jill D.;;1.1%;;1.1%;4.4%;2.2%;4.4%;11.1%;14.4%;7.8%;13.3%;;10.0%;;15.6%;;;;;;;;14.4%;
;;;;;;200;21651;Shalabi, Jill D.;3.3%;2.2%;2.2%;;12.2%;4.4%;2.2%;13.3%;10.0%;7.8%;12.2%;;7.8%;;15.6%;;;;;;;;6.7%;
;;;;;;301;16570;Baier, Otto C.;2.9%;;;;14.3%;2.9%;5.7%;17.1%;8.6%;14.3%;2.9%;;5.7%;;8.6%;;;;;;;;17.1%;
;;;;;;302;16574;Baier, Otto C.;;2.9%;;;8.6%;2.9%;;14.3%;11.4%;11.4%;8.6%;;;;22.9%;;;;;;;;17.1%;
;;16010;Applied Calculus I;202620;Spring 2026;100;11373;Delgado, Huimei;11.8%;4.5%;1.8%;;16.4%;4.5%;3.6%;16.4%;6.4%;5.5%;10.0%;0.9%;4.5%;;4.5%;;;;;;;;9.1%;
;;;;;;103;15804;Chlopecki, Anna N.;17.5%;5.0%;;;15.0%;;7.5%;15.0%;2.5%;;5.0%;;2.5%;;12.5%;;;;;;;;17.5%;
;;;;;;104;14892;Chlopecki, Anna N.;7.5%;2.5%;;;7.5%;5.0%;;20.0%;7.5%;2.5%;20.0%;5.0%;2.5%;;7.5%;;;;;;;;12.5%;
;;;;;;105;15805;Makarova, Maiia;7.3%;7.3%;2.4%;;17.1%;;7.3%;19.5%;2.4%;9.8%;7.3%;2.4%;4.9%;;4.9%;;;;;;;;7.3%;
;;;;;;106;14870;Makarova, Maiia;15.0%;2.5%;2.5%;;12.5%;5.0%;7.5%;15.0%;2.5%;2.5%;7.5%;;2.5%;;10.0%;;;;;;;;15.0%;
;;;;;;107;14882;Singh, Mansimar;12.8%;2.6%;2.6%;;15.4%;7.7%;2.6%;12.8%;5.1%;;7.7%;;2.6%;;12.8%;;;;;;;;15.4%;
;;;;;;108;14881;Singh, Mansimar;7.5%;7.5%;;;12.5%;2.5%;2.5%;7.5%;2.5%;5.0%;15.0%;10.0%;5.0%;;10.0%;;;;;;;;12.5%;
;;;;;;109;14899;Wong, Katherine T.;5.0%;;5.0%;;10.0%;5.0%;5.0%;22.5%;5.0%;;5.0%;7.5%;2.5%;;7.5%;;;;;;;;20.0%;
;;;;;;110;14872;Wong, Katherine T.;;;5.7%;;5.7%;8.6%;5.7%;20.0%;;;11.4%;5.7%;8.6%;;14.3%;;;;;;;;14.3%;
;;;;;;200;21661;Delworth, Timothy J.;16.8%;5.0%;2.5%;;12.6%;5.0%;8.4%;21.0%;4.2%;3.4%;2.5%;2.5%;5.0%;;4.2%;;;0.8%;;;;;5.9%;
;;;;;;500;35702;Delgado, Huimei;10.8%;5.4%;0.9%;;14.4%;3.6%;5.4%;13.5%;8.1%;9.0%;6.3%;0.9%;3.6%;;9.9%;;;;;;;;8.1%;
;;16020;Applied Calculus II;202620;Spring 2026;002;38287;Anderson, Sarah E.;16.7%;4.8%;;;23.8%;7.1%;2.4%;4.8%;4.8%;11.9%;2.4%;;2.4%;;9.5%;;;;;;;;9.5%;
;;;;;;101;16624;Dunaisky, Tyler J.;3.6%;;;;17.9%;;3.6%;3.6%;7.1%;10.7%;10.7%;;10.7%;;28.6%;;;;;;;;3.6%;
;;;;;;102;16616;Dunaisky, Tyler J.;4.8%;7.1%;2.4%;;14.3%;2.4%;2.4%;7.1%;4.8%;11.9%;11.9%;;9.5%;;9.5%;;;;;;;;11.9%;
;;;;;;103;16606;Poole, Michael B.;11.9%;4.8%;;;4.8%;4.8%;2.4%;7.1%;11.9%;9.5%;2.4%;;11.9%;;21.4%;;;;;;;;7.1%;
;;;;;;104;16603;Poole, Michael B.;4.8%;2.4%;;;7.1%;7.1%;4.8%;7.1%;7.1%;14.3%;4.8%;;11.9%;;16.7%;;;;;;;;11.9%;
;;;;;;105;38286;Anderson, Sarah E.;19.0%;11.9%;;;23.8%;7.1%;2.4%;2.4%;14.3%;7.1%;2.4%;;4.8%;;;;;;;;;;4.8%;
;;;;;;200;22725;Norris, David M.;14.6%;4.6%;;;21.5%;4.6%;3.1%;11.5%;5.4%;7.7%;3.8%;;2.3%;;9.2%;;;;;;;;11.5%;
;;;;;;300;23095;Norris, David M.;8.8%;3.5%;;;12.4%;6.2%;3.5%;8.0%;8.0%;4.4%;8.8%;;5.3%;;17.7%;;;;;;;;13.3%;
;;;;;;301;41399;Yandell, Evan A.;16.7%;2.4%;;;11.9%;4.8%;;11.9%;11.9%;14.3%;4.8%;;4.8%;;11.9%;;;;;;;;4.8%;
;;16100;Pl Anly Geo Calc I;202620;Spring 2026;101;16680;Fessler, Austin J.;10.7%;;10.7%;;7.1%;;10.7%;10.7%;;17.9%;10.7%;;3.6%;;7.1%;;;;;;;;10.7%;
;;;;;;102;16681;Fessler, Austin J.;;7.4%;7.4%;;14.8%;11.1%;11.1%;11.1%;11.1%;3.7%;7.4%;;7.4%;;3.7%;;;;;;;;3.7%;
;;;;;;105;16692;Long, Roland A.;7.1%;7.1%;7.1%;;3.6%;3.6%;;10.7%;14.3%;10.7%;10.7%;;3.6%;;3.6%;;;;;;;;17.9%;
;;;;;;106;16693;Long, Roland A.;10.7%;10.7%;3.6%;;10.7%;3.6%;;3.6%;17.9%;7.1%;;;7.1%;;14.3%;;;;;;;;10.7%;
;;;;;;107;16678;Castillo, Laura M.;17.9%;3.6%;7.1%;;3.6%;;7.1%;14.3%;10.7%;7.1%;10.7%;;3.6%;;10.7%;;;;;;;;3.6%;
;;;;;;108;16679;Castillo, Laura M.;10.7%;3.6%;;;10.7%;3.6%;3.6%;21.4%;3.6%;10.7%;7.1%;;3.6%;;3.6%;;;;;;;;17.9%;
;;;;;;109;16721;Vo, Hoang K.;;11.1%;3.7%;;;22.2%;7.4%;11.1%;11.1%;7.4%;7.4%;;;;11.1%;;;;;;;;7.4%;
;;;;;;110;16719;Vo, Hoang K.;3.6%;7.1%;10.7%;;14.3%;10.7%;10.7%;3.6%;10.7%;7.1%;3.6%;;3.6%;;10.7%;;;;;;;;3.6%;
;;16200;Pl Anly Geo Calc II;202620;Spring 2026;101;16747;Miga, Luke D.;;4.5%;;;40.9%;9.1%;4.5%;13.6%;4.5%;;;4.5%;4.5%;;13.6%;;;;;;;;;
;;;;;;102;16748;Miga, Luke D.;4.2%;4.2%;;;8.3%;16.7%;12.5%;16.7%;12.5%;8.3%;;;;;12.5%;;;;;;;;4.2%;
;;;;;;103;16749;Yang, Alexander J.;7.7%;11.5%;3.8%;;11.5%;7.7%;23.1%;7.7%;3.8%;3.8%;;;3.8%;;3.8%;;;;;;;;11.5%;
;;;;;;104;16750;Yang, Alexander J.;12.0%;4.0%;8.0%;;8.0%;8.0%;8.0%;20.0%;4.0%;16.0%;8.0%;;;;;;;;;;;;4.0%;
;;;;;;105;16766;Yu, Andy;;4.5%;;;22.7%;9.1%;9.1%;18.2%;13.6%;4.5%;;;;;9.1%;;;;;;;;9.1%;
;;;;;;106;16765;Yu, Andy;16.7%;4.2%;4.2%;;8.3%;8.3%;;25.0%;8.3%;;;;;;4.2%;;;;;;;;20.8%;
;;;;;;107;16780;Moses, Skip E.;4.0%;8.0%;4.0%;;8.0%;8.0%;;16.0%;12.0%;8.0%;8.0%;;;;12.0%;;;;;;;;12.0%;
;;;;;;108;16779;Moses, Skip E.;8.0%;8.0%;;;8.0%;12.0%;8.0%;16.0%;8.0%;4.0%;8.0%;;;;12.0%;;;;;;;;8.0%;
;;;;;;109;16790;Tan, Oliver;8.7%;8.7%;;;4.3%;4.3%;8.7%;17.4%;;17.4%;;;8.7%;;;;;;;;;;21.7%;
;;;;;;110;16782;Tan, Oliver;8.0%;4.0%;;;20.0%;4.0%;8.0%;8.0%;8.0%;12.0%;;;8.0%;;;;;;;;;;20.0%;
;;;;;;111;16745;Crouch, Trey M.;4.2%;4.2%;;;20.8%;16.7%;8.3%;8.3%;8.3%;;8.3%;;;;4.2%;;;;;;;;16.7%;
;;;;;;112;16740;Crouch, Trey M.;4.0%;4.0%;;;8.0%;16.0%;;12.0%;16.0%;12.0%;12.0%;;4.0%;;8.0%;;;;;;;;4.0%;
;;;;;;301;23303;Barrientos Lopez, Jose Manuel;8.0%;;4.0%;;8.0%;8.0%;;20.0%;4.0%;16.0%;8.0%;;8.0%;;4.0%;;;;;;;;12.0%;
;;;;;;302;23304;Barrientos Lopez, Jose Manuel;4.2%;12.5%;4.2%;;8.3%;;12.5%;20.8%;;8.3%;;;12.5%;;12.5%;;;;;;;;4.2%;
;;;;;;303;23302;Ali, Fawzan;7.7%;3.8%;3.8%;;15.4%;7.7%;7.7%;11.5%;3.8%;7.7%;3.8%;;3.8%;;3.8%;;;;;;;;19.2%;
;;;;;;304;23301;Ali, Fawzan;16.0%;12.0%;;;8.0%;4.0%;;12.0%;8.0%;12.0%;8.0%;;4.0%;;4.0%;;;;;;;;12.0%;
;;;;;;305;23305;Brickner, Rose P.;8.0%;4.0%;;;;8.0%;8.0%;20.0%;4.0%;16.0%;8.0%;;12.0%;;4.0%;;;;;;;;8.0%;
;;;;;;306;23259;Brickner, Rose P.;4.0%;4.0%;8.0%;;8.0%;8.0%;8.0%;20.0%;12.0%;4.0%;4.0%;;8.0%;;4.0%;;;;;;;;8.0%;
;;;;;;307;23260;Morales Vega, Pedro D.;20.0%;16.0%;4.0%;;12.0%;4.0%;12.0%;12.0%;;8.0%;;;4.0%;;4.0%;;;;;;;;4.0%;
;;;;;;308;23262;Morales Vega, Pedro D.;8.0%;8.0%;12.0%;;;12.0%;;20.0%;16.0%;;4.0%;;;;8.0%;;;;;;;;12.0%;
;;;;;;309;23306;Bhat, Dhruv;;8.0%;12.0%;;8.0%;12.0%;12.0%;8.0%;;4.0%;;;8.0%;;16.0%;;;;;;;;12.0%;
;;;;;;310;23265;Bhat, Dhruv;12.0%;12.0%;;;20.0%;;8.0%;4.0%;12.0%;12.0%;;;4.0%;;4.0%;;;;;;;;12.0%;
;;;;;;311;23308;Patel, Shivang J.;13.0%;8.7%;4.3%;;4.3%;8.7%;4.3%;8.7%;4.3%;8.7%;4.3%;;13.0%;;4.3%;;;;;;;;13.0%;
;;;;;;312;23309;Patel, Shivang J.;4.0%;4.0%;;;12.0%;4.0%;20.0%;12.0%;4.0%;8.0%;8.0%;;;;4.0%;;;;;;;;20.0%;
;;16290;Data Science Labs: Calculus;202620;Spring 2026;004;23565;Whisner, Warren J.;28.6%;;64.3%;;;;;;;;;;;;7.1%;;;;;;;;;
;;16600;Analytc Geom & Calc II;202620;Spring 2026;201;21924;Conran, Emma J.;3.8%;3.8%;3.8%;;26.9%;11.5%;;19.2%;7.7%;;;;11.5%;;;3.8%;;;;;;;7.7%;
;;;;;;202;14851;Conran, Emma J.;7.7%;3.8%;11.5%;;11.5%;19.2%;15.4%;3.8%;3.8%;7.7%;3.8%;;7.7%;;;;;;;;;;3.8%;
;;;;;;203;41313;Conran, Emma J.;11.5%;7.7%;19.2%;;11.5%;3.8%;15.4%;3.8%;7.7%;11.5%;;;7.7%;;;;;;;;;;;
;;;;;;204;57872;Gull, Laiba;15.4%;3.8%;3.8%;;11.5%;15.4%;11.5%;15.4%;3.8%;3.8%;;;;;;;;;;;;;15.4%;
;;;;;;205;14850;Gull, Laiba;19.2%;7.7%;;;15.4%;7.7%;3.8%;15.4%;3.8%;15.4%;;;7.7%;;;;;;;;;;3.8%;
;;;;;;206;17934;Gull, Laiba;7.7%;15.4%;11.5%;;3.8%;11.5%;7.7%;7.7%;11.5%;3.8%;3.8%;;7.7%;;3.8%;;;;;;;;3.8%;
;;;;;;207;57877;Zhang, Minghui;7.7%;3.8%;3.8%;;3.8%;15.4%;7.7%;15.4%;15.4%;3.8%;3.8%;;15.4%;;;;;;;;;;3.8%;
;;;;;;208;63699;Zhang, Minghui;19.2%;15.4%;7.7%;;7.7%;7.7%;11.5%;3.8%;3.8%;7.7%;;;15.4%;;;;;;;;;;;
;;;;;;209;57870;Zhang, Minghui;15.4%;;3.8%;;7.7%;15.4%;7.7%;19.2%;3.8%;3.8%;11.5%;;3.8%;;3.8%;;;;;;;;3.8%;
;;;;;;210;23318;Qasem, Yusra A.;3.8%;7.7%;3.8%;;11.5%;7.7%;11.5%;19.2%;11.5%;3.8%;3.8%;;7.7%;;3.8%;;;;;;;;3.8%;
;;;;;;211;23317;Qasem, Yusra A.;3.8%;15.4%;3.8%;;15.4%;7.7%;;11.5%;19.2%;11.5%;;;7.7%;;3.8%;;;;;;;;;
;;;;;;212;23316;Qasem, Yusra A.;19.2%;19.2%;11.5%;;7.7%;7.7%;3.8%;23.1%;;;;;3.8%;;;;;;;;;;3.8%;
;;;;;;287;17935;Kibria, Md Hasan;11.5%;19.2%;15.4%;;3.8%;3.8%;15.4%;3.8%;11.5%;7.7%;;;;;;;;;;;;;7.7%;
;;;;;;288;21931;Kibria, Md Hasan;19.2%;11.5%;7.7%;;19.2%;3.8%;11.5%;11.5%;3.8%;7.7%;;;;;;;;;;;;;3.8%;
;;;;;;289;57876;Kibria, Md Hasan;23.1%;7.7%;3.8%;;15.4%;3.8%;7.7%;15.4%;11.5%;11.5%;;;;;;;;;;;;;;
;;;;;;290;16800;Zhang, Yuchuan;26.9%;7.7%;3.8%;;7.7%;7.7%;11.5%;;15.4%;15.4%;;;3.8%;;;;;;;;;;;
;;;;;;291;16803;Zhang, Yuchuan;15.4%;7.7%;15.4%;;7.7%;15.4%;7.7%;3.8%;7.7%;7.7%;;;11.5%;;;;;;;;;;;
;;;;;;292;16804;Zhang, Yuchuan;11.5%;11.5%;19.2%;;11.5%;3.8%;11.5%;7.7%;7.7%;11.5%;;;;;;;;;;;;;3.8%;
;;;;;;293;16807;Donn, Marshall C.;3.8%;15.4%;23.1%;;3.8%;;19.2%;19.2%;;11.5%;;;3.8%;;;;;;;;;;;
;;;;;;294;16808;Donn, Marshall C.;15.4%;3.8%;7.7%;;19.2%;3.8%;19.2%;11.5%;7.7%;3.8%;;;7.7%;;;;;;;;;;;
;;;;;;295;16809;Donn, Marshall C.;14.8%;14.8%;14.8%;;;7.4%;7.4%;22.2%;;7.4%;3.7%;;3.7%;;;;;;;;;;3.7%;
;;;;;;296;16812;Chen, Nathan A.;15.4%;3.8%;11.5%;;15.4%;11.5%;7.7%;3.8%;7.7%;11.5%;;;7.7%;;;;;;;;;;3.8%;
;;;;;;297;16814;Chen, Nathan A.;15.4%;15.4%;11.5%;;11.5%;15.4%;7.7%;11.5%;3.8%;7.7%;;;;;;;;;;;;;;
;;;;;;298;16816;Chen, Nathan A.;19.2%;3.8%;23.1%;;11.5%;3.8%;7.7%;;7.7%;15.4%;;;7.7%;;;;;;;;;;;
;;26100;Multivariate Calculus;202620;Spring 2026;701;15831;Roscow, Dylan M.;2.6%;5.3%;2.6%;;21.1%;10.5%;18.4%;7.9%;7.9%;5.3%;10.5%;;5.3%;;;;;;;;;;2.6%;
;;;;;;702;63744;Roscow, Dylan M.;7.9%;13.2%;2.6%;;13.2%;7.9%;15.8%;5.3%;5.3%;13.2%;5.3%;;;;7.9%;;;;;;;;2.6%;
;;;;;;703;43314;Roscow, Dylan M.;2.7%;10.8%;2.7%;;5.4%;16.2%;16.2%;8.1%;2.7%;21.6%;2.7%;;2.7%;;;;;2.7%;;;;;5.4%;
;;;;;;704;13344;Bruhnke, Tyler W.;2.7%;10.8%;;;13.5%;13.5%;16.2%;13.5%;10.8%;8.1%;2.7%;;;;;;;;;;;;8.1%;
;;;;;;705;13364;Bruhnke, Tyler W.;13.5%;13.5%;2.7%;;2.7%;8.1%;13.5%;5.4%;5.4%;13.5%;2.7%;;;;10.8%;;;;;;;;8.1%;
;;;;;;706;22037;Bruhnke, Tyler W.;2.6%;7.9%;;;13.2%;5.3%;5.3%;10.5%;10.5%;7.9%;5.3%;;7.9%;;5.3%;;;;;;;;18.4%;
;;;;;;707;13348;Polychronidis, Georgios N.;5.3%;13.2%;2.6%;;13.2%;13.2%;7.9%;2.6%;5.3%;15.8%;7.9%;;2.6%;;5.3%;;;;;;;;5.3%;
;;;;;;708;13403;Polychronidis, Georgios N.;13.5%;13.5%;;;10.8%;10.8%;8.1%;2.7%;8.1%;8.1%;5.4%;;;;16.2%;;;;;;;;2.7%;
;;;;;;709;15833;Polychronidis, Georgios N.;5.3%;10.5%;;;15.8%;7.9%;10.5%;7.9%;10.5%;7.9%;;;5.3%;;10.5%;;;;;;;;7.9%;
;;;;;;710;17697;Thai, Giovani C.;2.6%;18.4%;2.6%;;10.5%;13.2%;2.6%;21.1%;7.9%;5.3%;2.6%;;2.6%;;10.5%;;;;;;;;;
;;;;;;711;17700;Thai, Giovani C.;8.1%;8.1%;;;10.8%;8.1%;16.2%;10.8%;10.8%;2.7%;5.4%;;8.1%;;8.1%;;;;;;;;2.7%;
;;;;;;712;17705;Thai, Giovani C.;16.2%;8.1%;;;5.4%;5.4%;8.1%;2.7%;16.2%;13.5%;8.1%;;2.7%;;8.1%;;;;;;;;5.4%;
;;;;;;781;16823;Mackewicz, Athaliah J.;5.3%;10.5%;;;21.1%;7.9%;18.4%;15.8%;2.6%;7.9%;;;5.3%;;5.3%;;;;;;;;;
;;;;;;782;16826;Mackewicz, Athaliah J.;10.5%;26.3%;2.6%;;13.2%;10.5%;10.5%;2.6%;2.6%;5.3%;5.3%;;5.3%;;2.6%;;;;;;;;2.6%;
;;;;;;783;16831;Mackewicz, Athaliah J.;7.9%;18.4%;;;2.6%;10.5%;10.5%;15.8%;10.5%;7.9%;5.3%;;2.6%;;2.6%;;;;;;;;5.3%;
;;;;;;784;16836;Santori, Luis E.;5.3%;26.3%;;;13.2%;;10.5%;5.3%;15.8%;10.5%;2.6%;;;;5.3%;;;;;;;;5.3%;
;;;;;;785;16838;Santori, Luis E.;5.3%;26.3%;;;10.5%;7.9%;21.1%;2.6%;2.6%;18.4%;2.6%;;;;2.6%;;;;;;;;;
;;;;;;786;16841;Santori, Luis E.;15.8%;13.2%;;;13.2%;7.9%;7.9%;5.3%;5.3%;10.5%;5.3%;;2.6%;;10.5%;;;;;;;;2.6%;
;;;;;;787;16844;Sterling, John S.;5.3%;23.7%;;;21.1%;7.9%;10.5%;7.9%;5.3%;5.3%;2.6%;;2.6%;;7.9%;;;;;;;;;
;;;;;;788;16848;Sterling, John S.;13.2%;23.7%;2.6%;;15.8%;7.9%;7.9%;5.3%;10.5%;5.3%;;;;;2.6%;;;;;;;;5.3%;
;;;;;;789;16855;Sterling, John S.;2.6%;23.7%;5.3%;;10.5%;10.5%;7.9%;7.9%;5.3%;13.2%;2.6%;;;;2.6%;;;;;;;;7.9%;
;;;;;;790;14807;Aly, Ibrahim M.;10.5%;13.2%;10.5%;;7.9%;13.2%;10.5%;5.3%;;13.2%;7.9%;;;;7.9%;;;;;;;;;
;;;;;;791;14808;Aly, Ibrahim M.;13.2%;15.8%;2.6%;;7.9%;18.4%;10.5%;;7.9%;10.5%;2.6%;;;;7.9%;;;;;;;;2.6%;
;;;;;;792;14809;Aly, Ibrahim M.;15.8%;15.8%;2.6%;;21.1%;10.5%;5.3%;2.6%;7.9%;5.3%;;;2.6%;;7.9%;;;;;;;;2.6%;
;;;;;;811;25982;Wackerfuss, Matthew C.;5.4%;13.5%;2.7%;;13.5%;18.9%;8.1%;8.1%;10.8%;8.1%;;;;;2.7%;;;;;;;;8.1%;
;;;;;;812;25986;Wackerfuss, Matthew C.;8.3%;5.6%;2.8%;;11.1%;25.0%;8.3%;13.9%;5.6%;5.6%;;;2.8%;;5.6%;;;;;;;;5.6%;
;;;;;;813;25987;Wackerfuss, Matthew C.;8.6%;5.7%;;;22.9%;14.3%;2.9%;5.7%;2.9%;11.4%;2.9%;;;;8.6%;;;;;;;;14.3%;
;;;;;;814;25973;Stuart, Jonas M.;5.6%;13.9%;5.6%;;2.8%;13.9%;11.1%;8.3%;8.3%;16.7%;2.8%;;2.8%;;2.8%;2.8%;;;;;;;2.8%;
;;;;;;815;25978;Stuart, Jonas M.;8.1%;24.3%;;;10.8%;2.7%;13.5%;10.8%;8.1%;13.5%;2.7%;;2.7%;;;;;;;;;;2.7%;
;;;;;;816;25980;Stuart, Jonas M.;2.9%;11.4%;;;22.9%;17.1%;5.7%;8.6%;5.7%;17.1%;;;2.9%;;2.9%;;;;;;;;2.9%;
;;;;;;817;25981;Melo, Anthony S.;8.8%;11.8%;;;8.8%;11.8%;17.6%;2.9%;5.9%;11.8%;;;2.9%;;14.7%;;;;;;;;2.9%;
;;;;;;818;25955;Melo, Anthony S.;5.6%;5.6%;5.6%;;19.4%;22.2%;11.1%;2.8%;5.6%;11.1%;2.8%;;;;5.6%;;;;;;;;2.8%;
;;;;;;819;25964;Melo, Anthony S.;13.5%;10.8%;2.7%;;2.7%;13.5%;10.8%;;10.8%;13.5%;5.4%;;;;8.1%;2.7%;;;;;;;5.4%;
;;;;;;820;25969;Seyedpour, Reyhaneh Sadat;16.7%;8.3%;;;5.6%;13.9%;13.9%;13.9%;2.8%;8.3%;2.8%;;2.8%;;8.3%;;;;;;;;2.8%;
;;;;;;831;25971;Seyedpour, Reyhaneh Sadat;17.1%;2.9%;2.9%;;11.4%;17.1%;14.3%;11.4%;;11.4%;5.7%;;;;;;;;;;;;5.7%;
;;;;;;832;25958;Seyedpour, Reyhaneh Sadat;5.6%;11.1%;2.8%;;16.7%;8.3%;22.2%;2.8%;8.3%;13.9%;5.6%;;;;;;;;;;;;2.8%;
;;26200;Lin Alg Diff Equats;202620;Spring 2026;101;12895;Boan, Jonah E.;12.5%;18.8%;12.5%;;12.5%;6.3%;18.8%;;;6.3%;;;6.3%;;;;;;;;;;6.3%;
;;;;;;102;12896;Boan, Jonah E.;;36.4%;9.1%;;;;36.4%;;;18.2%;;;;;;;;;;;;;;
;;;;;;201;12863;Somasundaram, Siva;18.2%;;18.2%;;18.2%;9.1%;36.4%;;;;;;;;;;;;;;;;;
;;;;;;202;12889;Somasundaram, Siva;17.2%;17.2%;;;13.8%;6.9%;27.6%;;3.4%;6.9%;;;;;3.4%;;;;;;;;3.4%;
;;;;;;501;14810;Hilmer, Kieran W.;38.5%;23.1%;7.7%;;15.4%;7.7%;;7.7%;;;;;;;;;;;;;;;;
;;;;;;502;14817;Hilmer, Kieran W.;20.7%;20.7%;10.3%;;13.8%;3.4%;20.7%;3.4%;;3.4%;;;;;;;;;;;;;3.4%;
;;;;;;569;14820;Hsu, Alexander Y.;17.2%;10.3%;;;17.2%;6.9%;24.1%;3.4%;;17.2%;;;;;;3.4%;;;;;;;;
;;;;;;570;14819;Hsu, Alexander Y.;13.0%;21.7%;21.7%;;4.3%;8.7%;30.4%;;;;;;;;;;;;;;;;;
;;;;;;573;14821;Zou, Ruipeng;20.7%;20.7%;13.8%;;13.8%;;10.3%;3.4%;6.9%;3.4%;;;;;;;;;;;;;6.9%;
;;;;;;574;14826;Zou, Ruipeng;28.6%;21.4%;3.6%;;17.9%;17.9%;7.1%;;;3.6%;;;;;;;;;;;;;;
;;26500;Linear Algebra;202620;Spring 2026;172;14859;Bickle, Allan E.;9.8%;4.9%;4.9%;;7.3%;7.3%;12.2%;12.2%;14.6%;14.6%;;;;;4.9%;;;;;;;;7.3%;
;;;;;;173;13028;Bickle, Allan E.;7.5%;10.0%;2.5%;;15.0%;12.5%;5.0%;10.0%;10.0%;7.5%;2.5%;;2.5%;;;;;;;;;;15.0%;
;;;;;;196;13035;Glubokov, Andrey;20.0%;10.0%;10.0%;;20.0%;7.5%;12.5%;2.5%;2.5%;7.5%;;;;;;;;;;;;;7.5%;
;;;;;;201;13039;Barata, Miguel;22.5%;5.0%;2.5%;;10.0%;15.0%;10.0%;5.0%;17.5%;;5.0%;;;;5.0%;;;;;;;;2.5%;
;;;;;;202;13044;Wang, Yueqi;22.5%;5.0%;5.0%;;25.0%;;10.0%;10.0%;7.5%;2.5%;2.5%;;2.5%;;5.0%;;;;;;;;2.5%;
;;;;;;213;13051;Wang, Yueqi;24.4%;2.4%;;;17.1%;;19.5%;19.5%;7.3%;4.9%;;;;;4.9%;;;;;;;;;
;;;;;;214;13055;Lohr, Nicholas G.;20.5%;10.3%;10.3%;;7.7%;12.8%;;17.9%;5.1%;7.7%;2.6%;;2.6%;;;;;;;;;;2.6%;
;;;;;;225;13060;Lohr, Nicholas G.;12.5%;10.0%;;;15.0%;15.0%;12.5%;17.5%;;7.5%;2.5%;;5.0%;;;;;;;;;;2.5%;
;;;;;;226;13063;Jiang, Zhiyuan;11.9%;11.9%;4.8%;;4.8%;11.9%;4.8%;9.5%;14.3%;4.8%;2.4%;;9.5%;;4.8%;;;;;;;;4.8%;
;;;;;;237;13065;Jiang, Zhiyuan;7.1%;2.4%;;;16.7%;11.9%;7.1%;9.5%;11.9%;7.1%;4.8%;;9.5%;;9.5%;;;;;;;;2.4%;
;;;;;;238;13076;Prouff, Antoine H.;7.5%;17.5%;2.5%;;12.5%;5.0%;20.0%;10.0%;7.5%;5.0%;;;2.5%;;2.5%;;;;;;;;7.5%;
;;;;;;240;13077;Prouff, Antoine H.;7.7%;7.7%;2.6%;;12.8%;23.1%;7.7%;5.1%;7.7%;5.1%;5.1%;;;;5.1%;;;;;;;;10.3%;
;;;;;;241;13082;Hakiki, Youssef;13.2%;5.3%;;;15.8%;2.6%;;15.8%;7.9%;7.9%;5.3%;;5.3%;;13.2%;;;;;;;;7.9%;
;;;;;;252;13083;Hakiki, Youssef;17.9%;2.6%;5.1%;;5.1%;5.1%;12.8%;5.1%;15.4%;10.3%;;;7.7%;;10.3%;;;;;;;;2.6%;
;;;;;;253;13084;Wang, Yi;5.1%;7.7%;2.6%;;10.3%;7.7%;5.1%;12.8%;15.4%;5.1%;10.3%;;7.7%;;7.7%;;;;;;;;2.6%;
;;;;;;264;13088;Wang, Yi;18.4%;7.9%;;;7.9%;13.2%;10.5%;15.8%;7.9%;10.5%;2.6%;;2.6%;;2.6%;;;;;;;;;
;;;;;;265;13093;George, Mathew;15.0%;5.0%;10.0%;;10.0%;12.5%;5.0%;15.0%;7.5%;5.0%;;;2.5%;;10.0%;;;;;;;;2.5%;
;;;;;;276;13098;George, Mathew;20.5%;10.3%;2.6%;;7.7%;10.3%;5.1%;7.7%;2.6%;12.8%;5.1%;;2.6%;;5.1%;;;;;;;;7.7%;
;;;;;;277;13103;Asadi Vasfi, Mohammad Ali;14.6%;12.2%;4.9%;;7.3%;7.3%;4.9%;7.3%;7.3%;12.2%;4.9%;;2.4%;;7.3%;;;;;;;;7.3%;
;;;;;;281;13111;Asadi Vasfi, Mohammad Ali;22.0%;7.3%;2.4%;;17.1%;7.3%;9.8%;9.8%;4.9%;14.6%;2.4%;;;;;;;;;;;;2.4%;
;;;;;;282;20521;Grebnev, Haim R.;4.8%;14.3%;;;11.9%;14.3%;11.9%;11.9%;16.7%;;2.4%;;2.4%;;2.4%;;;;;;;;7.1%;
;;;;;;283;16865;Glubokov, Andrey;28.6%;14.3%;7.1%;;4.8%;7.1%;21.4%;;2.4%;4.8%;4.8%;;;;2.4%;;;;;;;;2.4%;
;;;;;;284;16867;Barata, Miguel;15.0%;7.5%;2.5%;;20.0%;15.0%;2.5%;5.0%;12.5%;2.5%;5.0%;;7.5%;;2.5%;;;;;;;;2.5%;
;;;;;;285;16869;Grebnev, Haim R.;4.8%;9.5%;;;11.9%;11.9%;7.1%;14.3%;14.3%;11.9%;4.8%;;2.4%;;;;;;;;;;7.1%;
;;;;;;287;16871;Debonis, Patrick H.;11.9%;14.3%;2.4%;;28.6%;2.4%;2.4%;11.9%;9.5%;2.4%;4.8%;;2.4%;;4.8%;;;;;;;;2.4%;
;;;;;;288;16876;Debonis, Patrick H.;5.1%;7.7%;5.1%;;15.4%;7.7%;15.4%;7.7%;;5.1%;5.1%;;7.7%;;2.6%;;;;;;;;15.4%;
;;;;;;289;20492;Phagan, Shaver L.;22.0%;9.8%;9.8%;;17.1%;;9.8%;4.9%;4.9%;7.3%;;;2.4%;;9.8%;;;;;;;;2.4%;
;;;;;;298;17201;Phagan, Shaver L.;11.9%;9.5%;2.4%;;9.5%;;7.1%;26.2%;7.1%;9.5%;4.8%;;2.4%;;7.1%;;;;;;;;2.4%;
;;;;;;299;23226;Zhang, Ying;26.7%;13.3%;3.3%;;8.3%;11.7%;10.0%;5.0%;6.7%;5.0%;;;3.3%;;3.3%;;;;;;;;3.3%;
;;;;;;300;23232;Zhang, Ying;11.9%;15.3%;8.5%;;11.9%;6.8%;11.9%;11.9%;6.8%;1.7%;1.7%;;3.4%;;3.4%;;;;;;;;5.1%;
;;;;;;304;29281;Khoudari, Nour;17.5%;20.0%;5.0%;;7.5%;20.0%;7.5%;5.0%;7.5%;5.0%;;;2.5%;;2.5%;;;;;;;;;
;;;;;;305;29282;Khoudari, Nour;20.0%;7.5%;10.0%;;15.0%;15.0%;7.5%;10.0%;5.0%;7.5%;;;;;2.5%;;;;;;;;;
;;;;;;306;29283;Mondal, Shubhodip;12.5%;12.5%;;;10.0%;15.0%;7.5%;15.0%;7.5%;2.5%;;;5.0%;;2.5%;;;;;;;;10.0%;
;;;;;;307;29284;Luo, Zhilin;23.7%;2.6%;13.2%;;7.9%;5.3%;5.3%;10.5%;5.3%;5.3%;2.6%;;5.3%;;5.3%;;;;;;;;7.9%;
;;;;;;311;35482;Karunaratne, Susitha H.;13.6%;11.9%;3.4%;;3.4%;11.9%;11.9%;6.8%;16.9%;10.2%;;;;;3.4%;;;;;;;;6.8%;
;;;;;;312;35483;Karunaratne, Susitha H.;15.0%;6.7%;10.0%;;13.3%;10.0%;11.7%;11.7%;1.7%;8.3%;1.7%;;;;6.7%;;;;;;;;3.3%;
;;;;;;314;38289;Basu, Saugata;13.5%;10.8%;10.8%;;8.1%;;16.2%;10.8%;10.8%;8.1%;5.4%;;;;2.7%;;;;;;;;2.7%;
;;;;;;316;38293;Memariansorkhabi, Soheil;11.9%;7.1%;2.4%;;9.5%;4.8%;4.8%;11.9%;16.7%;2.4%;7.1%;;2.4%;;4.8%;;;;;;;;14.3%;
;;;;;;317;38294;Memariansorkhabi, Soheil;7.1%;7.1%;;;16.7%;11.9%;11.9%;4.8%;9.5%;4.8%;4.8%;;;;14.3%;;;;;;;;7.1%;
;;;;;;318;38295;Luo, Zhilin;16.7%;11.9%;;;7.1%;4.8%;11.9%;11.9%;9.5%;7.1%;7.1%;;4.8%;;7.1%;;;;;;;;;
;;;;;;319;38296;Egorova, Iryna;5.0%;5.0%;;;;10.0%;2.5%;10.0%;10.0%;7.5%;7.5%;;;;27.5%;;;;;;;;15.0%;
;;26600;Ordinary Differ Equatn;202620;Spring 2026;313;22090;Robbins, Jakayla R.;14.3%;16.7%;4.8%;;14.3%;11.9%;9.5%;11.9%;4.8%;;2.4%;2.4%;;;2.4%;;;;;;;;4.8%;
;;;;;;314;52755;Robbins, Jakayla R.;14.3%;14.3%;2.4%;;14.3%;7.1%;2.4%;11.9%;11.9%;4.8%;2.4%;2.4%;2.4%;;7.1%;;;;;;;;2.4%;
;;;;;;325;22091;Robbins, Jakayla R.;7.1%;14.3%;9.5%;;14.3%;9.5%;9.5%;14.3%;2.4%;2.4%;4.8%;;;;7.1%;;;;;;;;4.8%;
;;;;;;326;22096;Weng, Shuyi;15.0%;5.0%;5.0%;;12.5%;10.0%;10.0%;12.5%;12.5%;2.5%;5.0%;;;;7.5%;;;;;;;;2.5%;
;;;;;;337;22105;Volkening, Alexandria V.;10.5%;7.9%;7.9%;;10.5%;13.2%;7.9%;10.5%;5.3%;5.3%;10.5%;2.6%;2.6%;;2.6%;;;;;;;;2.6%;
;;;;;;338;22088;Park, Moongyu;14.3%;19.0%;11.9%;;7.1%;4.8%;4.8%;9.5%;4.8%;9.5%;;;4.8%;;7.1%;;;;;;;;2.4%;
;;;;;;340;22093;Park, Moongyu;14.3%;14.3%;9.5%;;19.0%;9.5%;7.1%;7.1%;2.4%;4.8%;7.1%;2.4%;;;;;;;;;;;2.4%;
;;;;;;341;22092;Park, Moongyu;19.0%;9.5%;4.8%;;11.9%;2.4%;9.5%;2.4%;7.1%;19.0%;2.4%;;;;11.9%;;;;;;;;;
;;;;;;352;22100;Han, Yuxi;17.5%;7.5%;5.0%;;10.0%;12.5%;15.0%;7.5%;5.0%;10.0%;;2.5%;2.5%;;5.0%;;;;;;;;;
;;;;;;353;22094;Han, Yuxi;10.0%;22.5%;7.5%;;10.0%;5.0%;10.0%;5.0%;7.5%;7.5%;;2.5%;;;10.0%;;;;;;;;2.5%;
;;;;;;364;65085;Aksoy, Esen;15.0%;5.0%;12.5%;;5.0%;10.0%;5.0%;7.5%;5.0%;10.0%;5.0%;5.0%;2.5%;;12.5%;;;;;;;;;
;;;;;;365;22086;Aksoy, Esen;12.5%;10.0%;7.5%;;12.5%;22.5%;2.5%;10.0%;5.0%;5.0%;7.5%;2.5%;;;2.5%;;;;;;;;;
;;;;;;376;22097;Xu, Ping;11.9%;2.4%;16.7%;;9.5%;4.8%;14.3%;11.9%;9.5%;7.1%;2.4%;;2.4%;;7.1%;;;;;;;;;
;;;;;;901;22087;Xu, Ping;16.7%;7.1%;14.3%;;19.0%;4.8%;16.7%;4.8%;7.1%;4.8%;4.8%;;;;;;;;;;;;;
;;;;;;902;43085;Xu, Ping;16.7%;4.8%;11.9%;;14.3%;16.7%;7.1%;7.1%;7.1%;7.1%;2.4%;;;;2.4%;;;;;;;;2.4%;
;;;;;;903;35644;Chan, Chin-Yi J.;10.8%;13.5%;8.1%;;16.2%;2.7%;18.9%;16.2%;;5.4%;;;2.7%;;2.7%;;;;;;;;2.7%;
;;;;;;904;12452;Chan, Chin-Yi J.;5.0%;7.5%;7.5%;;10.0%;15.0%;10.0%;10.0%;12.5%;5.0%;10.0%;;2.5%;;5.0%;;;;;;;;;
;;;;;;905;16878;Kuo, Po Chun;7.1%;2.4%;2.4%;;19.0%;14.3%;11.9%;7.1%;2.4%;23.8%;;2.4%;4.8%;;;;;;;;;;2.4%;
;;;;;;906;16880;Kuo, Po Chun;9.5%;7.1%;11.9%;;19.0%;4.8%;7.1%;11.9%;9.5%;4.8%;;;2.4%;;9.5%;;;;;;;;2.4%;
;;;;;;915;24152;Poghotanyan, Gayane;6.8%;11.9%;13.6%;;11.9%;3.4%;11.9%;15.3%;11.9%;1.7%;3.4%;1.7%;1.7%;;5.1%;;;;;;;;;
;;;;;;916;24153;Poghotanyan, Gayane;13.3%;11.7%;8.3%;;20.0%;8.3%;1.7%;8.3%;10.0%;8.3%;1.7%;;;;5.0%;1.7%;;;;;;;1.7%;
;;;;;;922;29286;Cui, Can;10.0%;5.0%;15.0%;;17.5%;5.0%;12.5%;10.0%;5.0%;7.5%;2.5%;;;;5.0%;;;;;;;;5.0%;
;;;;;;923;29287;Barnes, Russell;7.5%;7.5%;10.0%;;10.0%;7.5%;10.0%;15.0%;2.5%;7.5%;;2.5%;7.5%;;10.0%;2.5%;;;;;;;;
;;;;;;924;29288;Cui, Can;5.3%;5.3%;18.4%;;10.5%;10.5%;2.6%;5.3%;7.9%;5.3%;10.5%;2.6%;;;10.5%;;;;;;;;5.3%;
;;;;;;926;30065;Chen, Ying;7.5%;10.0%;17.5%;;10.0%;10.0%;10.0%;7.5%;5.0%;2.5%;7.5%;;2.5%;;2.5%;;;;;;;;7.5%;
;;;;;;927;30066;Chen, Ying;22.5%;7.5%;5.0%;;10.0%;15.0%;5.0%;12.5%;;7.5%;;;5.0%;;5.0%;;;;;;;;5.0%;
;;;;;;930;35485;Bell, Steven R.;13.8%;6.3%;11.3%;;11.3%;12.5%;10.0%;11.3%;7.5%;5.0%;3.8%;;2.5%;;2.5%;;;;;;;;2.5%;
;;;;;;932;41488;Polak, Raechel L.;21.4%;7.1%;21.4%;;4.8%;11.9%;11.9%;4.8%;2.4%;4.8%;;2.4%;;;7.1%;;;;;;;;;
;;;;;;933;41973;Geng, Zhiyuan;10.3%;5.1%;;;10.3%;5.1%;5.1%;15.4%;7.7%;15.4%;5.1%;7.7%;2.6%;;7.7%;;;;;;;;2.6%;
;;;;;;934;41974;Geng, Zhiyuan;;7.7%;;;7.7%;7.7%;7.7%;15.4%;15.4%;5.1%;5.1%;5.1%;5.1%;;15.4%;2.6%;;;;;;;;
;;;;;;935;42013;Park, Moongyu;2.5%;5.0%;5.0%;;;12.5%;5.0%;7.5%;15.0%;17.5%;5.0%;2.5%;5.0%;;15.0%;;;;;;;;2.5%;
;;;;;;936;42117;Weiland, Jack A.;15.4%;2.6%;2.6%;;2.6%;2.6%;10.3%;12.8%;12.8%;10.3%;12.8%;;7.7%;;7.7%;;;;;;;;;
;;30100;Intro Proof Real Anlys;202620;Spring 2026;111;58238;Gao, Yuan;8.3%;11.1%;;;11.1%;8.3%;19.4%;;5.6%;13.9%;5.6%;;;;8.3%;;;;;;;;8.3%;
;;30300;Diff Equa Inc Systems;202620;Spring 2026;133;10276;Wang, Changyou;37.1%;8.6%;5.7%;;8.6%;17.1%;8.6%;2.9%;;2.9%;2.9%;2.9%;;;;;;;;;;;2.9%;
;;;;;;244;10278;Wlodarczyk, Jaroslaw;30.6%;5.6%;2.8%;;22.2%;5.6%;13.9%;2.8%;5.6%;8.3%;2.8%;;;;;;;;;;;;;
;;;;;;255;13202;Wlodarczyk, Jaroslaw;25.0%;22.2%;8.3%;;19.4%;2.8%;13.9%;;;5.6%;;;;;;;;;;;;;2.8%;
;;;;;;377;10280;Egorova, Iryna;14.3%;17.1%;5.7%;;20.0%;;5.7%;8.6%;8.6%;8.6%;2.9%;;2.9%;;2.9%;;;;;;;;2.9%;
;;;;;;413;16888;Wang, Dixi;13.9%;5.6%;11.1%;;11.1%;19.4%;2.8%;5.6%;5.6%;2.8%;;5.6%;;11.1%;;;;;;;;;5.6%;
;;;;;;414;25535;Wang, Dixi;8.8%;17.6%;11.8%;;11.8%;5.9%;5.9%;5.9%;8.8%;5.9%;2.9%;8.8%;2.9%;;;;;;;;;;2.9%;
;;;;;;416;20813;Egorova, Iryna;16.1%;6.5%;3.2%;;6.5%;9.7%;3.2%;19.4%;3.2%;12.9%;;;3.2%;;6.5%;;;;;;;;9.7%;
;;;;;;417;38298;Xu, Wuzhe;22.9%;5.7%;11.4%;;17.1%;8.6%;8.6%;2.9%;5.7%;8.6%;2.9%;;;;5.7%;;;;;;;;;
;;;;;;418;38299;Xu, Wuzhe;19.4%;6.5%;16.1%;;9.7%;6.5%;3.2%;9.7%;3.2%;6.5%;;;3.2%;;12.9%;;;;;;;;3.2%;
;;;;;;JC1;20799;Chen, Kuan-Hua J.;30.6%;8.3%;2.8%;;5.6%;5.6%;22.2%;2.8%;;8.3%;5.6%;;5.6%;;;;;;;;;;2.8%;
;;;;;;JC2;10277;Chen, Kuan-Hua J.;33.3%;16.7%;11.1%;;8.3%;8.3%;11.1%;8.3%;;2.8%;;;;;;;;;;;;;;
;;;Diff Equa Inc Systems-Honors;202620;Spring 2026;JC2;10277;Chen, Kuan-Hua J.;;;100.0%;;;;;;;;;;;;;;;;;;;;;
;;32500;History Of Mathematics;202620;Spring 2026;001;29311;Max, Brooke M.;93.1%;;;;3.4%;;;;;;3.4%;;;;;;;;;;;;;
;;34100;Foundations Analysis;202620;Spring 2026;041;22122;Mummert, Philip P.;20.6%;20.6%;11.8%;;2.9%;2.9%;2.9%;2.9%;5.9%;5.9%;8.8%;;2.9%;;2.9%;;;;;;;;8.8%;
;;;;;;042;60863;Johnstone, Daniel L.;17.6%;8.8%;14.7%;;11.8%;;14.7%;11.8%;5.9%;;;;2.9%;;;;;;;;;;11.8%;
;;;;;;065;22123;Johnstone, Daniel L.;24.2%;15.2%;9.1%;;12.1%;9.1%;21.2%;;;3.0%;;;3.0%;;;;;;;;;;3.0%;
;;;;;;067;26812;Datchev, Kiril;14.7%;17.6%;5.9%;;2.9%;11.8%;2.9%;11.8%;2.9%;5.9%;;;;;5.9%;;;;;;;;17.6%;
;;;;;;070;15514;Datchev, Kiril;30.0%;6.7%;6.7%;;6.7%;3.3%;10.0%;;3.3%;13.3%;;;;;10.0%;;;;;;;;10.0%;
;;;;;;071;29453;Dadarlat, Marius D.;17.2%;3.4%;3.4%;;13.8%;3.4%;3.4%;10.3%;20.7%;3.4%;3.4%;;;;6.9%;;;;;;;;10.3%;
;;;;;;072;33299;Toms, Andrew S.;21.2%;6.1%;36.4%;;9.1%;9.1%;15.2%;3.0%;;;;;;;;;;;;;;;;
;;;;;;073;33300;Toms, Andrew S.;11.8%;8.8%;35.3%;;11.8%;;2.9%;;;8.8%;8.8%;;2.9%;;2.9%;;;;;;;;5.9%;
;;;;;;076;41485;Chen, Ying;6.7%;16.7%;6.7%;;3.3%;10.0%;16.7%;3.3%;6.7%;6.7%;3.3%;;3.3%;;;;;;;;;;16.7%;
;;34900;Signals And Systems For Math;202620;Spring 2026;001;14002;Hood, Kaitlyn T.;12.9%;12.9%;25.8%;;16.1%;;12.9%;6.5%;3.2%;;;;;;3.2%;3.2%;;;;;;;3.2%;
;;35100;Elem Linear Algebra;202620;Spring 2026;021;22126;Chen, Lyuzhou;28.9%;5.3%;5.3%;;7.9%;10.5%;26.3%;2.6%;;5.3%;;;;;;2.6%;;;;;;;5.3%;
;;;;;;022;22128;Chen, Lyuzhou;15.8%;18.4%;15.8%;;13.2%;2.6%;18.4%;;2.6%;5.3%;;;;;2.6%;;;;;;;;5.3%;
;;;;;;083;52757;Delaney, Colleen;15.8%;18.4%;2.6%;;26.3%;5.3%;10.5%;7.9%;;2.6%;;;5.3%;;;;;;;;;;5.3%;
;;;;;;111;58240;Yeh, Kuan-Ting;5.3%;13.2%;15.8%;;7.9%;13.2%;15.8%;5.3%;2.6%;10.5%;2.6%;;5.3%;;;;;;;;;;2.6%;
;;;;;;112;58239;Polak, Raechel L.;23.7%;10.5%;44.7%;;7.9%;;5.3%;5.3%;;;;;;;;2.6%;;;;;;;;
;;;;;;126;15967;Polak, Raechel L.;22.5%;30.0%;32.5%;;2.5%;2.5%;2.5%;2.5%;2.5%;2.5%;;;;;;;;;;;;;;
;;;;;;127;16891;Yeh, Kuan-Ting;15.8%;10.5%;10.5%;;5.3%;10.5%;26.3%;5.3%;7.9%;2.6%;;;5.3%;;;;;;;;;;;
;;;;;;128;16893;Lin, Yu-Hsiang;5.6%;13.9%;;;13.9%;11.1%;11.1%;5.6%;5.6%;11.1%;;;;;2.8%;;;;;;;;19.4%;
;;;;;;129;16898;Lin, Yu-Hsiang;8.3%;13.9%;;;25.0%;8.3%;8.3%;8.3%;2.8%;8.3%;;;;;;;;;;;;;16.7%;
;;;;;;130;20841;Wei, Ning;3.3%;10.0%;13.3%;;10.0%;6.7%;6.7%;13.3%;6.7%;6.7%;6.7%;3.3%;3.3%;;6.7%;;;;;;;;3.3%;
;;;;;;131;15515;Wei, Ning;17.6%;14.7%;2.9%;;11.8%;2.9%;11.8%;8.8%;2.9%;17.6%;;2.9%;;;5.9%;;;;;;;;;
;;;;;;132;24102;Pandey, Vaibhav;7.9%;13.2%;5.3%;;15.8%;13.2%;10.5%;18.4%;;;2.6%;;5.3%;;2.6%;2.6%;;;;;;;2.6%;
;;;;;;135;29455;Pandey, Vaibhav;15.8%;10.5%;15.8%;;10.5%;21.1%;10.5%;5.3%;;10.5%;;;;;;;;;;;;;;
;;35301;Linear Algebra II;202620;Spring 2026;001;14057;Le, Daniel T.;8.8%;11.8%;11.8%;;8.8%;8.8%;8.8%;2.9%;8.8%;11.8%;;2.9%;5.9%;;;2.9%;;;;;;;5.9%;
;;;;;;015;14062;Miller, Jeremy K.;28.6%;2.9%;14.3%;;14.3%;11.4%;2.9%;8.6%;2.9%;2.9%;2.9%;;;;5.7%;;;;;;;;2.9%;
;;;;;;016;16906;Miller, Jeremy K.;23.5%;8.8%;8.8%;;20.6%;2.9%;5.9%;8.8%;;2.9%;5.9%;;;;2.9%;2.9%;;;;;;;5.9%;
;;;;;;017;41996;Swanson, Steven L.;29.4%;11.8%;11.8%;;8.8%;5.9%;5.9%;5.9%;;;2.9%;;;;;;;;;;;;17.6%;
;;36200;Topics Vector Calculus;202620;Spring 2026;023;16912;Qi, Di;10.3%;6.9%;3.4%;;10.3%;;20.7%;3.4%;3.4%;10.3%;;;3.4%;;;;;;;;;;27.6%;
;;36600;Ord Differential Eqs;202620;Spring 2026;021;43105;Harris, Isaac;18.4%;7.9%;15.8%;;13.2%;2.6%;;10.5%;7.9%;2.6%;2.6%;;5.3%;;5.3%;;;;;;;;7.9%;
;;;;;;061;22134;Dong, Suchuan;5.3%;7.9%;2.6%;;23.7%;10.5%;7.9%;10.5%;13.2%;5.3%;7.9%;2.6%;2.6%;;;;;;;;;;;
;;;;;;071;22131;Dong, Suchuan;16.2%;5.4%;8.1%;;13.5%;2.7%;13.5%;8.1%;5.4%;8.1%;2.7%;;5.4%;;8.1%;;;;;;;;2.7%;
;;;;;;193;15974;Harris, Isaac;10.8%;5.4%;24.3%;;10.8%;2.7%;8.1%;5.4%;2.7%;2.7%;5.4%;;10.8%;;10.8%;;;;;;;;;
;;37300;Financial Mathematics;202620;Spring 2026;001;13820;Ray, Sally A.;6.3%;12.5%;12.5%;;10.9%;3.9%;7.0%;7.0%;5.5%;3.9%;3.9%;3.9%;3.9%;;5.5%;;;0.8%;;;;;12.5%;
;;37500;Intro Discrete Math;202620;Spring 2026;042;15835;Bickle, Allan E.;21.2%;6.1%;12.1%;;6.1%;6.1%;15.2%;15.2%;3.0%;6.1%;;;3.0%;;3.0%;;;;;;;;3.0%;
;;;;;;043;15836;Johnstone, Daniel L.;6.3%;25.0%;18.8%;;6.3%;6.3%;12.5%;;9.4%;;;;3.1%;;;3.1%;;;;;;;9.4%;
;;38500;Introduction To Logic;202620;Spring 2026;001;17536;Sinclair, Thomas J.;10.3%;13.8%;10.3%;;24.1%;6.9%;;;3.4%;6.9%;;;;;10.3%;;;;;;;;13.8%;
;;41600;Probability;202620;Spring 2026;001;13254;Owada, Takashi;25.0%;12.5%;;;6.3%;25.0%;;6.3%;;18.8%;;;;;6.3%;;;;;;;;;
;;;;;;002;13259;Bong, Heejong;17.6%;5.9%;17.6%;;5.9%;5.9%;5.9%;;;17.6%;;;;;5.9%;;;;;;;;17.6%;
;;;;;;003;13284;Tindel, Samy;30.8%;7.7%;30.8%;;;15.4%;15.4%;;;;;;;;;;;;;;;;;
;;;;;;004;13332;Tindel, Samy;15.4%;15.4%;30.8%;;15.4%;;;7.7%;;7.7%;;;7.7%;;;;;;;;;;;
;;;;;;006;15625;Lodha, Yash;18.2%;18.2%;9.1%;;18.2%;9.1%;9.1%;;;;;;;;9.1%;;;;;;;;9.1%;
;;;;;;008;15632;Wang, Jing;8.3%;16.7%;16.7%;;8.3%;8.3%;;8.3%;8.3%;16.7%;;;;;;;;;;;;;8.3%;
;;42500;Elem Complex Anly;202620;Spring 2026;001;14003;Sahay, Anurag;4.9%;14.6%;9.8%;;4.9%;19.5%;19.5%;4.9%;4.9%;4.9%;4.9%;;;;2.4%;;;;;;;;4.9%;
;;;;;;002;38336;Tsymbaliuk, Oleksandr;16.7%;2.4%;9.5%;;11.9%;7.1%;19.0%;4.8%;7.1%;11.9%;4.8%;;;;2.4%;;;;;;;;2.4%;
;;42800;Intro To Fourier Analysis;202620;Spring 2026;001;10703;Petrosyan, Arshak;12.5%;4.2%;4.2%;;12.5%;4.2%;4.2%;8.3%;;4.2%;12.5%;;;;;;;4.2%;;;;;29.2%;
;;44200;Honors Real Analysis II;202620;Spring 2026;H01;22149;Mcreynolds, David B.;42.9%;;33.3%;;;;;;9.5%;;;;;;;;;;;;;;14.3%;
;;45300;Algebra I;202620;Spring 2026;141;22150;Goldberg, David;26.5%;;;;32.4%;;;14.7%;;;5.9%;;;;14.7%;;;;;;;;5.9%;
;;;;;;161;49761;Liu, Baiying;2.9%;11.4%;14.3%;;14.3%;2.9%;14.3%;14.3%;11.4%;8.6%;;;;;;;;;;;;;5.7%;
;;;;;;162;20862;Liu, Baiying;11.4%;11.4%;25.7%;;5.7%;5.7%;8.6%;11.4%;8.6%;2.9%;;;;;2.9%;;;;;;;;5.7%;
;;45401;Galois Theory Honors;202620;Spring 2026;H01;16920;Shkredov, Ilia;45.5%;9.1%;9.1%;;;;9.1%;;;;;;;;18.2%;;;;;;;;9.1%;
;;48200;Adv Short Term Actuarial Math;202620;Spring 2026;001;29462;Noack, Christian J.;2.5%;2.5%;42.5%;;;2.5%;5.0%;5.0%;2.5%;2.5%;12.5%;12.5%;7.5%;;2.5%;;;;;;;;;
;;49000;Purdue Experimental Math Lab;202620;Spring 2026;004;32031;Sinclair, Thomas J.;86.7%;;13.3%;;;;;;;;;;;;;;;;;;;;;
;;49500;Number Theory;202620;Spring 2026;003;38375;Sedunova, Alisa;16.7%;8.3%;;;;8.3%;;;;;;8.3%;;;25.0%;;;;;;;;33.3%;
;;50400;Real Analysis;202620;Spring 2026;001;16925;Chandra, Ajay;12.5%;;18.8%;12.5%;12.5%;18.8%;6.3%;;;;;;;;;;;;;;;;18.8%;
;;51000;Vector Calculus;202620;Spring 2026;001;22156;Torres, Monica;30.8%;;7.7%;;30.8%;3.8%;7.7%;;;;;;;;;;;;;;;;19.2%;
;;51100;Linear Algebra Appl;202620;Spring 2026;ONC;26928;Lai, Rongjie;30.8%;15.4%;20.5%;;2.6%;2.6%;20.5%;;;5.1%;;;;;;;;;;;;;2.6%;
;;;;;;WNG;10704;Lai, Rongjie;20.5%;22.3%;15.2%;;12.5%;5.4%;17.0%;;;1.8%;1.8%;;;;1.8%;;;;;;;;1.8%;
;;51400;Numerical Analysis;202620;Spring 2026;001;13547;Pothen, Alex;14.8%;14.8%;14.8%;;7.4%;7.4%;14.8%;14.8%;;;;;;;3.7%;;;;;;;;7.4%;
;;51900;Intro To Probability;202620;Spring 2026;001;22164;Dasgupta, Anirban;;;7.7%;;23.1%;15.4%;;7.7%;;;23.1%;7.7%;;;;;;;;;;;15.4%;
;;52000;Bdry Val Prob Diff Eqs;202620;Spring 2026;001;16863;Gao, Yuan;15.4%;23.1%;;7.7%;23.1%;7.7%;15.4%;;;;;7.7%;;;;;;;;;;;;
;;52700;Adv Math Engr Phys I;202620;Spring 2026;ONC;27829;Mummert, Philip P.;23.7%;26.3%;10.5%;;2.6%;5.3%;13.2%;2.6%;;2.6%;;;;;2.6%;;;;;;;;10.5%;
;;;;;;WNG;27826;Mummert, Philip P.;20.8%;27.8%;4.2%;;13.9%;2.8%;26.4%;;;;;;;;1.4%;;;;;;;;2.8%;
;;52800;Adv Math Engr Phys II;202620;Spring 2026;ONC;17571;Zhang, Xiangxiong;10.5%;21.1%;31.6%;;;15.8%;10.5%;;;5.3%;;;;;;;;;;;;;5.3%;
;;;;;;WNG;12320;Zhang, Xiangxiong;19.7%;9.8%;50.8%;;1.6%;;16.4%;;;1.6%;;;;;;;;;;;;;;
;;53000;Funct Complex Vrbl I;202620;Spring 2026;001;22172;Buzzard, Gregery T.;21.7%;26.1%;17.4%;;8.7%;;21.7%;4.3%;;;;;;;;;;;;;;;;
;;53200;Elem Stochastic Proc;202620;Spring 2026;001;22175;Janjigian, Christopher;35.3%;;;5.9%;17.6%;11.8%;23.5%;;;5.9%;;;;;;;;;;;;;;
;;53800;Probability Theory I;202620;Spring 2026;001;43133;Chandra, Ajay;37.0%;14.8%;11.1%;;7.4%;7.4%;7.4%;;;;;;;;;;;;;;;;14.8%;
;;54300;Ord Diff Eqs & Dyn Sys;202620;Spring 2026;001;17540;Yip, Nung Kwan;70.3%;21.6%;;;2.7%;;;;;;;;;;;;;;;;;;5.4%;
;;54400;Real Anlys Measur Thry;202620;Spring 2026;001;22177;Torres, Monica;26.1%;;8.7%;4.3%;26.1%;4.3%;;13.0%;;4.3%;;;;;;4.3%;;;;;;;8.7%;
;;54600;Intro Functional Anly;202620;Spring 2026;001;15864;Stefanov, Plamen D.;23.5%;17.6%;11.8%;;17.6%;;;11.8%;;;;;;;5.9%;;;;;;;;11.8%;
;;55300;Intro Abstract Algebra;202620;Spring 2026;001;22179;Mondal, Shubhodip;13.3%;6.7%;33.3%;6.7%;20.0%;6.7%;13.3%;;;;;;;;;;;;;;;;;
;;55400;Linear Algebra;202620;Spring 2026;002;10705;Basu, Saugata;47.4%;;15.8%;5.3%;;;21.1%;;;;;;;;;;;;;;;;10.5%;
;;55800;Abstract Algebra II;202620;Spring 2026;001;17541;Le, Daniel T.;15.0%;15.0%;10.0%;20.0%;;5.0%;20.0%;;;;;;;;;5.0%;;;;;;;10.0%;
;;57200;Intro Algebra Topology;202620;Spring 2026;001;46826;Rivera, Manuel L.;21.9%;34.4%;;18.8%;3.1%;;12.5%;;;;;;;;3.1%;;;;;;;;6.3%;
;;57500;Graph Theory;202620;Spring 2026;001;38363;Caviglia, Giulio;22.9%;2.9%;65.7%;5.7%;2.9%;;;;;;;;;;;;;;;;;;;
;;59500;Complex Algebraic Geometry;202620;Spring 2026;189;38380;Arapura, Donu V.;93.8%;;;6.3%;;;;;;;;;;;;;;;;;;;;
;;;Intro To Additive Combinatoric;202620;Spring 2026;184;38373;Shkredov, Ilia;9.1%;9.1%;18.2%;18.2%;9.1%;;;;;;;;;;;;;18.2%;;;;;18.2%;
;;;Introduction To KK Theory;202620;Spring 2026;187;38377;Dadarlat, Marius D.;88.2%;;;11.8%;;;;;;;;;;;;;;;;;;;;
;;;Lie Algebra;202620;Spring 2026;186;38376;Tsymbaliuk, Oleksandr;28.0%;40.0%;;8.0%;8.0%;4.0%;;;;;;;;;;;;;;;;;12.0%;
;;;Mathematical Biology;202620;Spring 2026;185;38374;Volkening, Alexandria V.;84.2%;;10.5%;;;;;;;;;;;;;;;;;;;;5.3%;
;;;Quantum Invariants;202620;Spring 2026;188;38378;Cui, Xingshan;70.0%;;;25.0%;;;;;;;;;;;;;;;;;;;5.0%;
;;;Topo Geom Alg Of Loop Spaces;202620;Spring 2026;183;38371;Rivera, Manuel L.;85.0%;;;10.0%;;;;;;;;;;;;;;;;;;;5.0%;
;;59800;Algebraic Geometry Seminar;202620;Spring 2026;217;38998;Murayama, Takumi;90.9%;;;;;;;;;;;;;;;;;;;;;;9.1%;
;;;Commutative Algebra Seminar;202620;Spring 2026;175;32304;Ma, Linquan;100.0%;;;;;;;;;;;;;;;;;;;;;;;
;;;Math Colloquium;202620;Spring 2026;100;27446;Liu, Baiying;91.7%;;;;;;;;;;;;;;;;;;;;;;8.3%;
;;;SCAM/CCAM Lunch Seminar;202620;Spring 2026;216;38386;Cai, Zhiqiang;100.0%;;;;;;;;;;;;;;;;;;;;;;;
;;;Bridge To Research Sem;202620;Spring 2026;112;30000;Kaufmann, Erika B.;;;;;;;;;;;;;;;;;9.1%;81.8%;;;;;9.1%;
;;;CCAM Seminar;202620;Spring 2026;072;24830;Buzzard, Gregery T.;;;;;;;;;;;;;;;;;;100.0%;;;;;;
;;61500;Num Methods For PDEs I;202620;Spring 2026;001;16068;Qi, Di;31.3%;18.8%;18.8%;18.8%;12.5%;;;;;;;;;;;;;;;;;;;
;;64300;Mth Part Diff Equat II;202620;Spring 2026;001;38389;Novack, Matthew D.;72.7%;;;18.2%;;;;;;;;;;;;;;;;;;;9.1%;
;;66100;Mod Differential Geom;202620;Spring 2026;001;38390;Mccleerey, Nicholas J.;41.7%;16.7%;33.3%;;;;8.3%;;;;;;;;;;;;;;;;;
;;68400;Class Field Theory;202620;Spring 2026;001;38393;Liu, Tong;21.4%;;57.1%;7.1%;;;;;;;;;;;7.1%;;;;;;;;7.1%;
MCMP;MCMP-Med Chem &Molecular Pharm;54400;Drug Classes And Mechanisms;202620;Spring 2026;001;69058;Hudmon, Andy;19.7%;;23.0%;;16.4%;;11.5%;19.7%;;;9.8%;;;;;;;;;;;;;
;;57100;Disc & Dev Of Therapeut Agents;202620;Spring 2026;001;33322;Hazbun, Tony R.;58.3%;;;33.3%;;;;;;;;;;;;8.3%;;;;;;;;
;;69000;Computer Aided Drug Design;202620;Spring 2026;031;26931;Li, Jianing;100.0%;;;;;;;;;;;;;;;;;;;;;;;
;;69600;Seminar Med Chem;202620;Spring 2026;001;22288;Huang, Rong;81.8%;;;;9.1%;;;;;;;;;;;;;;;;;;9.1%;
ME;ME-Mechanical Engineering;16400;Geom And Annotation Modeling;202620;Spring 2026;007;36599;Kim, Eunseob;15.9%;29.9%;2.8%;;14.0%;9.3%;16.8%;1.9%;0.9%;1.9%;;;;;;;;;;;;;6.5%;
;;19800;PMEA Leadership Program;202620;Spring 2026;001;28956;Eichrodt, Louanna E.;97.9%;;;;;;2.1%;;;;;;;;;;;;;;;;;
;;19900;How Stuff Works;202620;Spring 2026;026;12875;King, Julia D.;36.2%;3.5%;45.4%;;5.0%;;6.4%;2.1%;0.7%;;;;;;0.7%;;;;;;;;;
;;20000;Thermodynamics I;202620;Spring 2026;002;16966;Naik, Sameer V.;17.2%;16.2%;2.0%;;9.1%;6.1%;10.1%;7.1%;10.1%;5.1%;4.0%;3.0%;2.0%;;5.1%;1.0%;;;;;;;2.0%;
;;;;;;003;16970;Gore, Jay P.;9.7%;10.8%;9.7%;;6.5%;10.8%;5.4%;6.5%;5.4%;4.3%;3.2%;7.5%;4.3%;;10.8%;;;;;;;;5.4%;
;;;;;;004;16980;Holloway, Elizabeth M.;6.1%;15.2%;5.1%;;17.2%;12.1%;6.1%;10.1%;9.1%;4.0%;2.0%;3.0%;1.0%;;6.1%;;;;;;;;3.0%;
;;;;;;005;16981;Cai, Jie;7.0%;9.0%;10.0%;;10.0%;7.0%;10.0%;10.0%;3.0%;6.0%;4.0%;;4.0%;;11.0%;;;;;;;;9.0%;
;;;;;;014;23197;Li, Tian;8.1%;7.1%;4.0%;;15.2%;12.1%;12.1%;4.0%;6.1%;6.1%;5.1%;1.0%;7.1%;;8.1%;;;;;;;;4.0%;
;;;;;;015;23199;Shelly, Marie R.;7.1%;12.1%;3.0%;;7.1%;12.1%;16.2%;6.1%;2.0%;12.1%;6.1%;1.0%;2.0%;;5.1%;1.0%;;;;;;;7.1%;
;;;;;;023;35531;Shelly, Marie R.;4.0%;10.0%;5.0%;;14.0%;12.0%;5.0%;6.0%;9.0%;4.0%;4.0%;3.0%;5.0%;;10.0%;;;;;;;;9.0%;
;;;;;;025;35533;Mitra, Shailee;19.2%;11.1%;3.0%;;9.1%;11.1%;6.1%;4.0%;5.1%;6.1%;6.1%;;4.0%;;8.1%;;;;;;;;7.1%;
;;23900;Intro To Data Sci For Mech Eng;202620;Spring 2026;003;37243;Taghian Dinani, Soudabeh;17.9%;2.6%;66.7%;;5.1%;2.6%;;;;;;2.6%;;;;;;;;;;;2.6%;
;;;;;;004;37244;Taghian Dinani, Soudabeh;8.0%;;84.0%;;;;;8.0%;;;;;;;;;;;;;;;;
;;;;;;005;37245;Maulik, Romit;15.3%;;79.2%;;;;;1.4%;;;;1.4%;1.4%;;;;;;;;;;1.4%;
;;;;;;006;37246;Mirfarah, Motahareh;23.5%;5.9%;55.9%;;5.9%;;;4.4%;;2.9%;;;;;;;;;;;;;1.5%;
;;;;;;007;37247;Taghian Dinani, Soudabeh;9.8%;1.6%;80.3%;;3.3%;;;;;;;1.6%;1.6%;;;;;;;;;;1.6%;
;;;;;;008;37249;Taghian Dinani, Soudabeh;13.8%;;75.9%;;3.4%;3.4%;;;;;;;;;;3.4%;;;;;;;;
;;;;;;009;37251;Maulik, Romit;26.5%;5.9%;52.9%;;8.8%;2.9%;;;2.9%;;;;;;;;;;;;;;;
;;;;;;010;37252;Mirfarah, Motahareh;17.4%;2.2%;73.9%;;;2.2%;;;;2.2%;;2.2%;;;;;;;;;;;;
;;;;;;011;37253;Maulik, Romit;15.6%;9.4%;65.6%;;3.1%;;3.1%;;;;;;;;;;;;;;;;3.1%;
;;26400;Intro To Mfg For Mech Design;202620;Spring 2026;006;35540;Montalvo, Francisco J.;35.6%;28.4%;1.5%;;10.3%;3.1%;19.1%;0.5%;;1.0%;;;;;;;;;;;;;0.5%;
;;;;;;007;35541;Montalvo, Francisco J.;41.6%;32.0%;3.2%;;5.9%;1.4%;14.6%;;;0.9%;;0.5%;;;;;;;;;;;;
;;;;;;008;35542;Montalvo, Francisco J.;40.9%;28.6%;3.6%;;7.7%;2.7%;13.6%;0.5%;;1.4%;;;0.5%;;;;;;;;;;0.5%;
;;27000;Basic Mechanics I;202620;Spring 2026;001;21463;Jones, James D.;16.7%;12.2%;17.8%;;17.8%;6.7%;4.4%;4.4%;1.1%;2.2%;4.4%;2.2%;1.1%;;5.6%;;;;;;;;3.3%;
;;;;;;003;13841;Jones, James D.;27.8%;6.7%;33.3%;;6.7%;2.2%;5.6%;4.4%;;4.4%;1.1%;2.2%;;;4.4%;;;;;;;;1.1%;
;;;;;;004;12871;Jones, James D.;9.4%;3.1%;4.7%;;12.5%;4.7%;9.4%;9.4%;7.8%;3.1%;1.6%;6.3%;4.7%;;12.5%;1.6%;;;;;;;9.4%;
;;;;;;005;13507;Ramkumar, Abhinav;15.9%;8.0%;18.2%;;6.8%;9.1%;10.2%;6.8%;2.3%;10.2%;1.1%;3.4%;4.5%;;2.3%;;;;;;;;1.1%;
;;;;;;013;24419;Murphy, Morgan D.;28.9%;7.8%;21.1%;;12.2%;5.6%;6.7%;3.3%;1.1%;2.2%;3.3%;;2.2%;;;1.1%;;;;;;;4.4%;
;;27400;Basic Mechanics II;202620;Spring 2026;001;49294;Salmeron Becerra, Manuel I.;6.4%;11.8%;0.9%;;15.5%;17.3%;9.1%;12.7%;4.5%;12.7%;0.9%;0.9%;2.7%;;0.9%;;;;;;;;3.6%;
;;;;;;003;17020;Krousgrill, Charles M.;10.0%;11.7%;1.7%;;20.0%;12.5%;9.2%;8.3%;7.5%;11.7%;5.8%;;;;0.8%;;;;;;;;0.8%;
;;;;;;004;17021;Silva Salazar, Christian E.;10.0%;8.2%;1.8%;;17.3%;12.7%;20.9%;14.5%;2.7%;6.4%;0.9%;0.9%;2.7%;;0.9%;;;;;;;;;
;;;;;;005;29801;Krousgrill, Charles M.;6.4%;12.7%;1.8%;;19.1%;13.6%;15.5%;11.8%;6.4%;9.1%;3.6%;;;;;;;;;;;;;
;;;;;;006;14423;Frias Miranda, Eugenio;1.8%;2.8%;1.8%;;25.7%;11.9%;11.0%;11.0%;6.4%;10.1%;6.4%;2.8%;2.8%;;2.8%;;;;;;;;2.8%;
;;;;;;012;24627;Krest, Lily A.;7.3%;5.5%;0.9%;;20.0%;11.8%;7.3%;16.4%;10.0%;10.0%;2.7%;0.9%;3.6%;;0.9%;;;;;;;;2.7%;
;;;;;;015;35578;Andress, Stephanie R.;2.4%;9.6%;;;13.3%;10.8%;9.6%;4.8%;8.4%;14.5%;9.6%;;6.0%;;7.2%;;;;;;;;3.6%;
;;;;;;016;35579;Addis, Clark C.;7.3%;7.3%;;;16.4%;15.5%;16.4%;10.9%;7.3%;7.3%;3.6%;1.8%;4.5%;;0.9%;;;;;;;;0.9%;
;;29199;Cooperative Experience I;202620;Spring 2026;001;58327;King, Julia D.;;;;;;;;;;;;;;;;;;;;93.8%;6.3%;;;
;;29299;Cooperative Experience II;202620;Spring 2026;001;58328;King, Julia D.;;;;;;;;;;;;;;;;;;;;100.0%;;;;
;;30000;Thermodynamics II;202620;Spring 2026;001;33843;Naik, Sameer V.;23.9%;26.1%;3.4%;;10.2%;9.1%;11.4%;5.7%;2.3%;4.5%;2.3%;1.1%;;;;;;;;;;;;
;;;;;;002;29802;Mcclain, Monique S.;22.4%;16.4%;3.0%;;10.4%;3.0%;9.0%;9.0%;1.5%;14.9%;6.0%;;;;;;;;;;;;4.5%;
;;30800;Fluid Mechanics;202620;Spring 2026;001;25219;Houim, Ryan W.;7.4%;5.6%;7.4%;;13.9%;10.2%;7.4%;13.0%;7.4%;10.2%;4.6%;;4.6%;;4.6%;;;;;;;;3.7%;
;;;;;;003;25221;Bhaduri, Sreetam;7.3%;6.4%;2.8%;;10.1%;5.5%;7.3%;17.4%;5.5%;7.3%;5.5%;1.8%;12.8%;;2.8%;;;;;;;;7.3%;
;;30801;Fluid Mechanics Laboratory;202620;Spring 2026;013;28820;Chen, Jun;48.1%;38.2%;;;2.7%;;11.0%;;;;;;;;;;;;;;;;;
;;31500;Heat And Mass Transfer;202620;Spring 2026;001;21544;Weibel, Justin A.;25.0%;7.7%;3.8%;;13.5%;3.8%;9.6%;9.6%;5.8%;3.8%;13.5%;;;;1.9%;;;;;;;;1.9%;
;;;;;;002;33797;Beechem, Thomas E.;31.7%;4.9%;2.4%;;12.2%;9.8%;9.8%;2.4%;19.5%;7.3%;;;;;;;;;;;;;;
;;;;;;049;40666;Anandan, Sudharshan;19.0%;7.1%;7.1%;;11.9%;4.8%;9.5%;7.1%;7.1%;11.9%;2.4%;;;;11.9%;;;;;;;;;
;;32300;Mechanics Of Material;202620;Spring 2026;001;11090;Zhao, Kejie;13.0%;8.3%;8.3%;;13.0%;12.0%;13.0%;7.4%;1.9%;12.0%;;1.9%;3.7%;;1.9%;;;;;;;;3.7%;
;;;;;;002;17042;Han, Tianhong;15.8%;14.9%;4.0%;;14.9%;11.9%;8.9%;5.9%;5.9%;7.9%;2.0%;1.0%;5.0%;;1.0%;;;;;;;;1.0%;
;;;;;;003;14282;Chortos, Alex;14.4%;13.5%;3.8%;;13.5%;13.5%;16.3%;4.8%;2.9%;12.5%;2.9%;1.0%;;;1.0%;;;;;;;;;
;;32301;Mechanics Of Materials Lab;202620;Spring 2026;003;69567;Ashtekar, Shlok V.;25.0%;;75.0%;;;;;;;;;;;;;;;;;;;;;
;;;;;;004;69568;Harbin, Zachary J.;30.4%;;56.5%;;4.3%;;4.3%;;;;;;;;;;;;;;;;4.3%;
;;;;;;008;69572;Chatterjee, Shayak;79.2%;4.2%;16.7%;;;;;;;;;;;;;;;;;;;;;
;;;;;;010;69574;Al-Rifaie, Mohammed J.;52.4%;4.8%;42.9%;;;;;;;;;;;;;;;;;;;;;
;;;;;;012;69576;Rade, Uday Madhukar;43.5%;8.7%;43.5%;;;;;;;;;;;;;;;;;;;;4.3%;
;;;;;;013;69577;Al-Rifaie, Mohammed J.;43.5%;8.7%;43.5%;;;;;;;4.3%;;;;;;;;;;;;;;
;;;;;;015;69579;Scifert, Colin A.;45.8%;33.3%;12.5%;;;;8.3%;;;;;;;;;;;;;;;;;
;;;;;;017;35587;Park, Sewon;79.2%;4.2%;16.7%;;;;;;;;;;;;;;;;;;;;;
;;;;;;018;35588;Chatterjee, Shayak;17.4%;4.3%;73.9%;;4.3%;;;;;;;;;;;;;;;;;;;
;;;;;;019;35589;Majidi, Mohammad;60.0%;26.7%;13.3%;;;;;;;;;;;;;;;;;;;;;
;;;;;;020;35590;Majidi, Mohammad;50.0%;;50.0%;;;;;;;;;;;;;;;;;;;;;
;;;;;;021;35591;Al-Rifaie, Mohammed J.;25.0%;12.5%;58.3%;;;;4.2%;;;;;;;;;;;;;;;;;
;;;;;;023;35593;Ashtekar, Shlok V.;50.0%;12.5%;29.2%;;4.2%;;4.2%;;;;;;;;;;;;;;;;;
;;35400;Machine Design;202620;Spring 2026;001;23730;Arya, Ujjawal;20.8%;;20.8%;;10.4%;;24.7%;2.6%;;13.0%;1.3%;2.6%;3.9%;;;;;;;;;;;
;;;;;;002;23731;Boregowda, Satish C.;10.2%;7.4%;17.6%;;16.7%;10.2%;14.8%;10.2%;2.8%;8.3%;0.9%;;;;;;;;;;;;0.9%;
;;;;;;003;23733;Boregowda, Satish C.;16.7%;8.3%;21.3%;;6.5%;11.1%;19.4%;5.6%;;8.3%;;;;;1.9%;;;;;;;;0.9%;
;;;;;;006;69529;Zhao, Fu;10.1%;14.6%;11.2%;;7.9%;18.0%;15.7%;5.6%;2.2%;7.9%;2.2%;;1.1%;;;;;;;;;;3.4%;
;;36500;Measure Control Systems I;202620;Spring 2026;040;13929;Chiu, George T.;23.2%;17.9%;1.8%;;26.8%;;10.7%;14.3%;;3.6%;;;1.8%;;;;;;;;;;;
;;;;;;041;13930;Deng, Xinyan;31.3%;16.2%;6.1%;;20.2%;6.1%;10.1%;4.0%;;3.0%;;;2.0%;;1.0%;;;;;;;;;
;;37500;Measure Control Systems II;202620;Spring 2026;069;13988;Lillian, Todd D.;8.9%;10.9%;7.9%;;13.9%;14.9%;13.9%;6.9%;5.0%;11.9%;1.0%;;4.0%;;;;;;;;;;1.0%;
;;;;;;070;13991;Zhang, Song;8.7%;10.1%;2.9%;;18.8%;14.5%;11.6%;8.7%;8.7%;7.2%;2.9%;;5.8%;;;;;;;;;;;
;;;;;;071;13993;Jain, Neera;7.9%;7.9%;8.9%;;17.8%;16.8%;6.9%;12.9%;6.9%;6.9%;3.0%;;2.0%;;1.0%;;;;;;;;1.0%;
;;;;;;072;13997;Kakani, Raghav;10.5%;5.3%;5.3%;;15.8%;5.3%;15.8%;26.3%;5.3%;10.5%;;;;;;;;;;;;;;
;;;;;;073;13998;Lillian, Todd D.;8.1%;9.1%;4.0%;;19.2%;8.1%;12.1%;6.1%;7.1%;12.1%;4.0%;1.0%;8.1%;;1.0%;;;;;;;;;
;;;Measure Contr Systms II-Honors;202620;Spring 2026;070;13991;Zhang, Song;;;100.0%;;;;;;;;;;;;;;;;;;;;;
;;39699;Prof Practice Internship;202620;Spring 2026;001;18535;King, Julia D.;;;;;;;;;;;;;;;;;;;;96.7%;3.3%;;;
;;41200;Additive Manufacturing;202620;Spring 2026;001;39662;Bapat, Salil;13.2%;45.3%;;;13.2%;;22.6%;1.9%;;3.8%;;;;;;;;;;;;;;
;;;Additive Manufacturing-Honors;202620;Spring 2026;001;39662;Bapat, Salil;;100.0%;;;;;;;;;;;;;;;;;;;;;;
;;41300;Noise Control;202620;Spring 2026;001;16746;Li, Junfei;12.2%;14.3%;24.5%;;6.1%;6.1%;4.1%;4.1%;8.2%;10.2%;;;;;8.2%;;;;;;;;2.0%;
;;41500;Energy Syst Engineerng;202620;Spring 2026;001;18172;Marconnet, Amy M.;30.0%;2.5%;17.5%;;17.5%;2.5%;17.5%;5.0%;5.0%;;2.5%;;;;;;;;;;;;;
;;43000;Power Engineering;202620;Spring 2026;001;17124;Ciez, Rebecca E.;12.7%;17.7%;;;17.7%;5.1%;22.8%;5.1%;3.8%;8.9%;1.3%;;2.5%;;1.3%;;;;;;;;1.3%;
;;44000;Green Eng/Clean Fuel;202620;Spring 2026;002;53092;Holloway, Eric A.;22.0%;22.0%;13.6%;;18.6%;5.1%;10.2%;1.7%;;5.1%;;;;;;;;;;;;;1.7%;
;;44400;Comp-Aided Des & Proto;202620;Spring 2026;005;23236;Liu, Min;30.9%;22.2%;14.8%;;6.2%;2.5%;17.3%;;1.2%;3.7%;;;;;;;;;;;;;1.2%;
;;;;;;010;14281;Liu, Min;24.0%;24.0%;6.7%;;16.0%;8.0%;14.7%;4.0%;1.3%;1.3%;;;;;;;;;;;;;;
;;46300;Engineering Design;202620;Spring 2026;060;23256;Hirleman, E D.;61.5%;20.5%;10.3%;;2.6%;;5.1%;;;;;;;;;;;;;;;;;
;;;;;;071;69743;Bae, Euiwon;59.4%;12.5%;25.0%;;;;3.1%;;;;;;;;;;;;;;;;;
;;;;;;074;24979;Choi, Jong Hyun;68.3%;7.3%;14.6%;;4.9%;;4.9%;;;;;;;;;;;;;;;;;
;;;;;;082;32399;Mudawar, Issam;45.2%;11.9%;42.9%;;;;;;;;;;;;;;;;;;;;;
;;;;;;084;32401;Warsinger, David E.;46.2%;41.0%;7.7%;;;;5.1%;;;;;;;;;;;;;;;;;
;;;;;;092;33231;Cakmak, Mukerrem;31.4%;17.1%;51.4%;;;;;;;;;;;;;;;;;;;;;
;;;;;;093;35609;Shang, Lizhi;31.3%;68.8%;;;;;;;;;;;;;;;;;;;;;;
;;;;;;094;35610;Ramachandran, Ashwin;20.0%;43.3%;16.7%;;3.3%;;16.7%;;;;;;;;;;;;;;;;;
;;;;;;095;35611;Dyke, Shirley J.;46.7%;16.7%;10.0%;;6.7%;;20.0%;;;;;;;;;;;;;;;;;
;;;;;;096;35612;Hess, Beth J.;67.6%;8.8%;;;23.5%;;;;;;;;;;;;;;;;;;;
;;;;;;097;35613;Hirleman, E D.;43.8%;31.3%;;;12.5%;;12.5%;;;;;;;;;;;;;;;;;
;;;;;;098;35614;Silva Salazar, Christian E.;19.4%;19.4%;;;41.9%;19.4%;;;;;;;;;;;;;;;;;;
;;;;;;099;35615;Li, Jingang;53.7%;12.2%;22.0%;;2.4%;4.9%;2.4%;;;;;;;;;;;;;;;;2.4%;
;;;;;;100;40896;Toki, Takahiko;32.6%;13.0%;52.2%;;;;2.2%;;;;;;;;;;;;;;;;;
;;;;;;102;41920;Chang, Chun-Li;50.0%;23.3%;16.7%;;;;10.0%;;;;;;;;;;;;;;;;;
;;47500;Automatic Control Sys;202620;Spring 2026;001;21639;Gu, Yan;5.0%;30.0%;10.0%;5.0%;5.0%;5.0%;5.0%;5.0%;10.0%;5.0%;10.0%;;;;;;;;;;;;5.0%;
;;48900;Intro To Finite Element Anlys;202620;Spring 2026;001;31756;Ballance, Tanner J.;13.0%;;52.2%;;8.7%;;17.4%;2.2%;;4.3%;;;;;;;;;;;;;2.2%;
;;49601;AI For Research Innovation;202620;Spring 2026;024;40434;Zhang, Song;87.9%;;;;9.1%;;;;;;;;;;;;;;;;;;3.0%;
;;;Essentials Of Research;202620;Spring 2026;023;40105;Farha, Aaron H.;56.5%;;;4.3%;17.4%;;;8.7%;;;8.7%;;;;;;;;;;;;4.3%;
;;;Fundmntls Of Manufacturing Sci;202620;Spring 2026;021;37291;Sealy, Michael P.;13.0%;29.6%;3.7%;;16.7%;14.8%;16.7%;;1.9%;3.7%;;;;;;;;;;;;;;
;;;Roller Coaster Design;202620;Spring 2026;022;40027;Gibert, James M.;10.0%;2.5%;82.5%;;2.5%;2.5%;;;;;;;;;;;;;;;;;;
;;;STUDY ABOVE: In-Space Mfg;202620;Spring 2026;020;32548;Malshe, Ajay P.;51.0%;18.4%;20.4%;;6.1%;;4.1%;;;;;;;;;;;;;;;;;
;;;Study Abv:In-Space Mfg-Honors;202620;Spring 2026;020;32548;Malshe, Ajay P.;100.0%;;;;;;;;;;;;;;;;;;;;;;;
;;;Succeeding As A Woman Engineer;202620;Spring 2026;019;31523;Hess, Beth J.;13.9%;2.8%;77.8%;;2.8%;2.8%;;;;;;;;;;;;;;;;;;
;;49800;Research In ME I;202620;Spring 2026;149;29884;Meyers, Brett A.;90.9%;;;;;;;;;;;;;;;;;;;9.1%;;;;
;;;;;;156;29891;Warsinger, David E.;44.4%;;33.3%;;;;;;;;;;;;;5.6%;;;;16.7%;;;;
;;50000;Adv Thermodynamics;202620;Spring 2026;001;40657;Ziviani, Davide;21.6%;10.8%;5.4%;;16.2%;8.1%;18.9%;2.7%;;10.8%;;;;;2.7%;;;;;;;;2.7%;
;;;;;;002;40889;Ziviani, Davide;44.4%;;;;16.7%;;16.7%;;;16.7%;;;;;;;;;;;;;5.6%;
;;50500;Intermed Heat Transfer;202620;Spring 2026;001;40736;Pan, Liang;24.1%;;6.9%;;6.9%;10.3%;44.8%;;;3.4%;;;;;;;;;;;;;3.4%;
;;50900;Intermed Fluid Mech;202620;Spring 2026;FNY;25640;Christov, Ivan C.;12.1%;6.9%;69.0%;;1.7%;;3.4%;;;;;;;;1.7%;;;;;;;;3.4%;1.7%
;;51000;Gas Dynamics;202620;Spring 2026;002;30426;Morris, Aaron B.;11.1%;7.9%;1.6%;1.6%;27.0%;7.9%;11.1%;11.1%;3.2%;7.9%;3.2%;3.2%;;;3.2%;;;;;;;;;
;;;;;;003;41349;Morris, Aaron B.;14.3%;14.3%;14.3%;;28.6%;7.1%;14.3%;;;;;7.1%;;;;;;;;;;;;
;;52500;Combustion;202620;Spring 2026;001;14546;Meyer, Terrence R.;25.0%;43.8%;6.3%;12.5%;;6.3%;6.3%;;;;;;;;;;;;;;;;;
;;;;;;WNG;21659;Meyer, Terrence R.;15.9%;25.0%;13.6%;;15.9%;;25.0%;;;;;;;;;;;;;;;;4.5%;
;;52600;Spray Applic & Theory;202620;Spring 2026;001;37267;Guildenbecher, Daniel R.;45.8%;33.3%;;8.3%;4.2%;4.2%;4.2%;;;;;;;;;;;;;;;;;
;;55300;Product & Process Des;202620;Spring 2026;001;18072;Ramani, Karthik;37.5%;20.0%;25.0%;;7.5%;2.5%;7.5%;;;;;;;;;;;;;;;;;
;;55400;Intellectual Prop For Engrs;202620;Spring 2026;WNG;28505;Sarma, Dwadasi;75.6%;;20.0%;;2.2%;;;;;;;;;;;;;;;;;;2.2%;
;;55600;Lube, Friction & Wear;202620;Spring 2026;004;40778;Sadeghi, Farshid;37.0%;;11.1%;;18.5%;;25.9%;7.4%;;;;;;;;;;;;;;;;
;;55900;Micromechanics Of Mtrl;202620;Spring 2026;001;17053;Siegmund, Thomas H.;29.8%;23.4%;19.1%;;6.4%;4.3%;10.6%;2.1%;;;;;;;;;;;;;;;4.3%;
;;;;;;OL1;25992;Siegmund, Thomas H.;33.3%;25.0%;25.0%;;;;8.3%;;;;;;;;8.3%;;;;;;;;;
;;56200;Advanced Dynamics;202620;Spring 2026;WNG;41482;Gibert, James M.;29.3%;9.8%;36.6%;;4.9%;2.4%;7.3%;;2.4%;;;;;;;;;;;;;;7.3%;
;;56500;Vehicle Dynamics;202620;Spring 2026;002;26811;Williams, Daniel E.;23.9%;21.7%;6.5%;2.2%;41.3%;;2.2%;;;;;;;;;;;;;;;;2.2%;
;;57100;Reliability Based Des;202620;Spring 2026;002;37271;Du, Xiaoping;51.6%;14.1%;31.3%;1.6%;;1.6%;;;;;;;;;;;;;;;;;;
;;57800;Digital Control;202620;Spring 2026;001;37275;Chiu, George T.;15.0%;10.0%;;10.0%;15.0%;10.0%;15.0%;;;5.0%;;;;;;;;;;;;;20.0%;
;;57900;Digital Signal Process;202620;Spring 2026;WNG;15303;Liu, Yangfan;20.0%;6.7%;13.3%;6.7%;13.3%;6.7%;20.0%;;;6.7%;;;;;;;;;;;;;6.7%;
;;58100;Num Mthds Mech Engr;202620;Spring 2026;002;40779;Karimi, Mina;3.8%;26.9%;42.3%;;7.7%;3.8%;11.5%;;;3.8%;;;;;;;;;;;;;;
;;58800;Mechatronics;202620;Spring 2026;001;43736;Blumenschein, Laura H.;34.1%;2.4%;52.4%;;1.2%;1.2%;8.5%;;;;;;;;;;;;;;;;;
;;59600;Solid Mechanics II;202620;Spring 2026;001;37287;Gonzalez, Marcial;38.1%;19.0%;23.8%;;4.8%;;4.8%;;;;;;;;;;;;;;;;9.5%;
;;59700;Distributed Energy Resources;202620;Spring 2026;124;14760;Kircher, Kevin J.;60.6%;15.2%;9.1%;;3.0%;3.0%;6.1%;;3.0%;;;;;;;;;;;;;;;
;;;;;;159;31659;Kircher, Kevin J.;90.9%;;;;;;9.1%;;;;;;;;;;;;;;;;;
;;;Fund Microsystems Pack;202620;Spring 2026;172;40983;Bansal, Shubhra;12.5%;18.8%;25.0%;;6.3%;;;6.3%;;6.3%;;;;;;;;;;;;;6.3%;18.8%
;;;Indust IoT Imple For Smart Mfg;202620;Spring 2026;094;28272;Jun, Martin Byung-Guk;90.5%;9.5%;;;;;;;;;;;;;;;;;;;;;;
;;;Phenomena In Cmpste Manfctring;202620;Spring 2026;167;37290;Barocio Vaca, Eduardo;33.3%;4.8%;47.6%;;9.5%;4.8%;;;;;;;;;;;;;;;;;;
;;61000;Boundary Layer Theory;202620;Spring 2026;001;37276;Castillo, Luciano;43.8%;12.5%;31.3%;12.5%;;;;;;;;;;;;;;;;;;;;
;;61700;Apl Therm Physics & Mol Spect;202620;Spring 2026;001;37277;Goldenstein, Christopher S.;25.0%;30.0%;;;20.0%;5.0%;15.0%;;;;;;;;5.0%;;;;;;;;;
;;62000;Comb Of Energetic Materials;202620;Spring 2026;001;40658;Son, Steven F.;58.3%;12.5%;8.3%;8.3%;;;4.2%;;;;;;;;;4.2%;;;;;;;4.2%;
;;65000;Computational Fracture Mech;202620;Spring 2026;001;17052;Siegmund, Thomas H.;9.1%;54.5%;9.1%;9.1%;;;;;;;;;;;;;;;;;;;18.2%;
;;69700;Comp Mthd Nanoscal Engr Transp;202620;Spring 2026;017;39799;Ruan, Xiulin;66.7%;;33.3%;;;;;;;;;;;;;;;;;;;;;
;;;Topic In Adv Sci Machine Learn;202620;Spring 2026;010;20527;Alberts, Alexander M.;66.7%;4.8%;19.0%;9.5%;;;;;;;;;;;;;;;;;;;;
;;69900;Research PhD Thesis;202620;Spring 2026;045;21791;Son, Steven F.;;;;;;;;;;;;;;;;;;;;100.0%;;;;
;;;;;;046;21792;Shaver, Gregory M.;;;;;;;;;;;;;;;;;;;;100.0%;;;;
;;;;;;074;55734;Vacca, Andrea;;;;;;;;;;;;;;;;;;;;100.0%;;;;
;;;;;;090;64474;Weibel, Justin A.;;;;;;;;;;;;;;;;;;;;100.0%;;;;
;;;;;;105;15104;Ardekani, Arezoo M.;;;;;;;;;;;;;;;;;;;;92.9%;;7.1%;;
;;;;;;113;15046;Meyer, Terrence R.;;;;;;;;;;;;;;;;;;;;100.0%;;;;
;;;;;;141;22129;Mukherjee, Partha P.;;;;;;;;;;;;;;;;;;;;100.0%;;;;
;;;;;;151;23231;Warsinger, David E.;;;;;;;;;;;;;;;;;;;;100.0%;;;;
;;;;;;153;24840;Ziviani, Davide;;;;;;;;;;;;;;;;;;;;100.0%;;;;
MET;MET-Mechanical Engr Tech;10200;Prodctn Desgn&Specfctn;202620;Spring 2026;001;22314;Hughes, Kylea E.;28.0%;16.0%;4.0%;;14.0%;8.0%;16.0%;;2.0%;2.0%;;;2.0%;;;;;;;;;;8.0%;
;;;;;;005;22313;Hughes, Kylea E.;20.4%;10.2%;22.4%;;4.1%;8.2%;18.4%;;;;;;;;4.1%;;;;;;;;12.2%;
;;11100;Applied Statics;202620;Spring 2026;001;22323;Efendy, Eddy;25.6%;;;;22.1%;;;22.1%;;;17.4%;;;;10.5%;;;;;;;;2.3%;
;;;Applied Statics-Honors;202620;Spring 2026;001;22323;Efendy, Eddy;100.0%;;;;;;;;;;;;;;;;;;;;;;;
;;14300;Materials &Processes I;202620;Spring 2026;004;69465;Vian, Wei;23.3%;6.0%;;;34.6%;0.8%;;22.6%;;;5.3%;;;;3.8%;;;;;;;;3.8%;
;;14400;Materials And Processes II;202620;Spring 2026;001;13584;Kilaz, Gozdem;91.4%;;;;1.0%;;;;;;1.9%;;;;2.9%;;;;;;;;2.9%;
;;21100;Appl Strength Material;202620;Spring 2026;005;22359;Lee, Sunghwan;23.5%;7.4%;;;19.1%;8.8%;5.9%;7.4%;10.3%;7.4%;4.4%;;2.9%;;1.5%;;;;;;;;1.5%;
;;21300;Dynamics;202620;Spring 2026;001;61175;Rastgaar, Mo;5.9%;13.4%;7.6%;;15.1%;16.0%;13.4%;4.2%;5.0%;11.8%;;;4.2%;;;;;;;;;;3.4%;
;;22000;Heat/Power;202620;Spring 2026;005;33491;Hutzel, William J.;5.7%;11.4%;;;14.3%;25.7%;7.1%;17.1%;10.0%;5.7%;1.4%;;;;1.4%;;;;;;;;;
;;23000;Fluid Power;202620;Spring 2026;008;22375;El breidi, Farid Y.;5.7%;14.8%;;;18.2%;9.1%;5.7%;20.5%;2.3%;6.8%;6.8%;3.4%;3.4%;;1.1%;;;;;;;;2.3%;
;;24500;Manufacturing Systems;202620;Spring 2026;009;66669;Blowers, Kyler M.;65.7%;2.9%;;;17.6%;;7.8%;4.9%;;1.0%;;;;;;;;;;;;;;
;;28400;Intro To Industrial Controls;202620;Spring 2026;011;57505;Richards, Grant P.;60.2%;;22.9%;;6.8%;;5.9%;0.8%;;0.8%;;;;;1.7%;;;;;;;;0.8%;
;;31300;Applied Fluid Mechanics;202620;Spring 2026;001;22407;Lucietto, Anne M.;74.0%;;;;14.0%;;;8.0%;;;;;;;4.0%;;;;;;;;;
;;31400;Appl Of Mach Elements;202620;Spring 2026;001;22752;Zhang, Haiyan H.;20.0%;25.7%;2.9%;;44.3%;4.3%;;2.9%;;;;;;;;;;;;;;;;
;;31500;Ap Mech Kinematics & Dynamics;202620;Spring 2026;001;14628;Diao, Xiumin;4.3%;6.5%;2.2%;;4.3%;10.9%;4.3%;17.4%;13.0%;8.7%;10.9%;;4.3%;;4.3%;;;;;;;;8.7%;
;;31700;Machine Diagnostics;202620;Spring 2026;001;22408;Nicholson, Dale C.;35.3%;;;;55.9%;;;2.9%;;;5.9%;;;;;;;;;;;;;
;;32000;Applied Thermodynamics;202620;Spring 2026;001;22412;Sheffield, John W.;12.8%;13.8%;59.6%;;2.1%;2.1%;3.2%;1.1%;1.1%;2.1%;;1.1%;1.1%;;;;;;;;;;;
;;33400;Advanced Fluid Power;202620;Spring 2026;003;60684;Durango-Cogollo, Marvin R.;6.4%;23.4%;6.4%;;19.1%;8.5%;19.1%;;4.3%;;2.1%;4.3%;;;4.3%;;;;;;;;2.1%;
;;34600;Adv Matls In Manufact;202620;Spring 2026;007;43012;Wang, Xiaoming;21.4%;28.6%;10.7%;;7.1%;7.1%;7.1%;7.1%;;3.6%;;3.6%;3.6%;;;;;;;;;;;
;;37900;Intro Aerospace Tech;202620;Spring 2026;002;41052;French, Richard M.;25.0%;31.3%;;;25.0%;6.3%;12.5%;;;;;;;;;;;;;;;;;
;;38200;Cntrl&Instrmtn Automtn;202620;Spring 2026;005;58810;Zhang, Haiyan H.;47.6%;11.1%;;;39.7%;;;1.6%;;;;;;;;;;;;;;;;
;;41100;Intro Finite Elmnt Mth;202620;Spring 2026;002;23381;Mao, Huachao;38.5%;;;;38.5%;;;23.1%;;;;;;;;;;;;;;;;
;;42200;Power Plnts&Energy Con;202620;Spring 2026;001;17562;Lucietto, Anne M.;100.0%;;;;;;;;;;;;;;;;;;;;;;;
;;42600;Internal Combust Eng;202620;Spring 2026;012;30859;Ostanek, Jason K.;25.9%;;;;63.0%;;;11.1%;;;;;;;;;;;;;;;;
;;43200;Hydraulic Motion Cntrl;202620;Spring 2026;004;22382;El breidi, Farid Y.;11.9%;11.9%;4.8%;;21.4%;9.5%;14.3%;14.3%;4.8%;2.4%;2.4%;;;;;;;;;;;;2.4%;
;;45100;Manufact Qualty Contrl;202620;Spring 2026;002;19833;Mcpherson, Paul B.;41.7%;;41.7%;;12.5%;4.2%;;;;;;;;;;;;;;;;;;
;;52700;Tech Global Perspect;202620;Spring 2026;004;23409;Dunlap, Duane D.;36.4%;9.1%;9.1%;;9.1%;9.1%;22.7%;4.5%;;;;;;;;;;;;;;;;
MFET;MFET-Manufacturing Engr Tech;10301;Geometric Modeling Applcations;202620;Spring 2026;004;68913;Fuerst, Travis J.;19.4%;9.7%;15.3%;;9.7%;1.4%;4.2%;4.2%;1.4%;8.3%;;1.4%;;;11.1%;;;;;;;;13.9%;
;;11301;Product Data Management;202620;Spring 2026;001;14951;Dorribo Camba, Jorge;64.7%;5.9%;;;17.6%;5.9%;5.9%;;;;;;;;;;;;;;;;;
;;16300;Geometric Modeling & Data Mgmt;202620;Spring 2026;029;68880;Fuerst, Travis J.;23.6%;5.6%;53.6%;;3.4%;1.5%;3.0%;0.4%;0.4%;1.1%;0.4%;;0.4%;;1.5%;0.4%;;0.4%;;;;;4.5%;
;;;;;;054;25765;Fuerst, Travis J.;23.5%;11.2%;42.2%;;3.7%;1.5%;8.2%;1.1%;0.7%;1.9%;;1.1%;;;0.7%;;;;;;;;4.1%;
;;21301;Simulation &Visual Applcations;202620;Spring 2026;002;37239;Dorribo Camba, Jorge;21.7%;30.4%;4.3%;;13.0%;4.3%;17.4%;;;8.7%;;;;;;;;;;;;;;
;;24100;Automatic Control Systems;202620;Spring 2026;001;37286;Gan, Dongming;20.0%;;;;33.3%;;20.0%;20.0%;;6.7%;;;;;;;;;;;;;;
;;24800;Industrial Robot Prog And App;202620;Spring 2026;002;20228;Sealy, Dominique W.;76.2%;;;;19.0%;;;1.2%;;;;;;;1.2%;;;;;;;;2.4%;
;;31301;Bus Of Managing Digt Prod Data;202620;Spring 2026;002;37279;Fuerst, Travis J.;28.6%;38.1%;14.3%;;4.8%;;9.5%;;;;4.8%;;;;;;;;;;;;;
;;37400;Mfg Integration I;202620;Spring 2026;002;10797;Richards, Grant P.;55.8%;;25.6%;;7.0%;;;2.3%;;2.3%;;;;;4.7%;;;;;;;;2.3%;
;;41000;Intro To Additive Mfg;202620;Spring 2026;001;14652;Mao, Huachao;33.3%;;;;58.3%;;;;;;;;;;8.3%;;;;;;;;;
;;44200;ROS Programming;202620;Spring 2026;002;27076;Deng, Yuelin;18.2%;13.6%;2.3%;;9.1%;4.5%;11.4%;6.8%;6.8%;4.5%;6.8%;2.3%;2.3%;;9.1%;;;;;;;;2.3%;
MGMT;MGMT-Management;17300;Data Mining Lab;202620;Spring 2026;003;32573;Zhu, Zhiwei;7.4%;63.0%;;;11.1%;5.6%;5.6%;;;;;1.9%;;;;;;;;;;;5.6%;
;;17500;Info Strategies For Management;202620;Spring 2026;001;26466;Bochenek, Annette H.;16.7%;16.7%;33.3%;;;;3.3%;;;3.3%;;;;;3.3%;;;3.3%;;;;;20.0%;
;;18700;Intro To AI For Business;202620;Spring 2026;001;34749;Ying, Yat Ling;5.5%;26.7%;13.7%;;11.6%;8.9%;13.7%;0.7%;;4.1%;1.4%;;2.7%;;1.4%;;;;;;;;9.6%;
;;;;;;006;34911;Ying, Yat Ling;15.0%;15.6%;14.3%;;8.8%;11.6%;9.5%;0.7%;2.7%;6.1%;0.7%;0.7%;4.1%;;2.0%;;;;;;;;8.2%;
;;19700;Careers In Acct & Finance;202620;Spring 2026;001;36735;Karan, James J.;78.1%;;;;10.4%;;;3.1%;;;1.0%;;;;2.1%;;;;;;;;5.2%;
;;20000;Intro Accounting;202620;Spring 2026;002;22494;Maienbrook, Terra D.;18.9%;11.9%;;;11.3%;9.4%;6.3%;8.8%;5.0%;10.1%;1.9%;1.9%;1.9%;;4.4%;;;;;;;;8.2%;
;;;;;;003;11639;Bokrand, Rebekha E.;18.1%;10.2%;;;17.3%;13.7%;13.7%;6.6%;2.7%;7.1%;1.8%;0.9%;2.2%;;2.2%;;;;;;;;3.5%;
;;;;;;006;17177;Maienbrook, Terra D.;24.1%;20.5%;;;16.1%;7.1%;12.5%;4.5%;3.6%;3.6%;1.3%;0.4%;2.2%;;0.9%;;;0.4%;;;;;2.7%;
;;;;;;008;69178;Choi, Diana;18.8%;12.5%;12.5%;;;6.3%;;6.3%;6.3%;12.5%;;;6.3%;;6.3%;;;;;;;;12.5%;
;;;;;;009;69179;Choi, Diana;;13.0%;8.7%;;4.3%;;17.4%;8.7%;13.0%;17.4%;4.3%;;8.7%;;;;;;;;;;4.3%;
;;;;;;010;19873;Bokrand, Rebekha E.;21.2%;11.1%;;;16.8%;12.4%;10.2%;6.6%;2.7%;4.4%;1.3%;1.3%;3.1%;;4.0%;;;0.4%;;;;;4.4%;
;;;;;;SC1;22501;Maienbrook, Terra D.;22.5%;17.1%;;;9.9%;11.7%;10.4%;4.5%;5.4%;6.3%;1.8%;0.5%;2.3%;;3.6%;0.5%;;;;;;;3.6%;
;;;Intro Accounting-Honors;202620;Spring 2026;002;22494;Maienbrook, Terra D.;;;;;50.0%;50.0%;;;;;;;;;;;;;;;;;;
;;;;;;006;17177;Maienbrook, Terra D.;100.0%;;;;;;;;;;;;;;;;;;;;;;;
;;;;;;H01;15015;Choi, Diana;16.7%;16.7%;11.1%;;11.1%;;22.2%;;;5.6%;;;;;;;;;;;;;16.7%;
;;;;;;SC1;22501;Maienbrook, Terra D.;50.0%;;;;;;50.0%;;;;;;;;;;;;;;;;;
;;20100;Mgmt Accounting I;202620;Spring 2026;001;17325;Sorensen, R S.;17.1%;11.3%;9.9%;;19.4%;9.5%;9.9%;6.3%;1.4%;5.9%;3.6%;;1.8%;;0.9%;;;;;;;;3.2%;
;;;;;;002;17324;Sorensen, R S.;11.4%;16.6%;9.3%;;13.0%;8.8%;6.7%;8.8%;4.7%;5.7%;2.1%;1.0%;2.1%;;3.1%;;;;;;;;6.7%;
;;;;;;003;17181;Sorensen, R S.;21.3%;6.7%;8.9%;;17.3%;7.6%;10.7%;8.9%;3.1%;4.4%;1.8%;0.9%;1.8%;;1.8%;;;0.4%;;;;;4.4%;
;;;;;;004;19875;Sorensen, R S.;20.1%;10.0%;5.0%;;20.1%;5.9%;7.3%;8.7%;3.7%;7.3%;2.3%;0.9%;2.3%;;1.8%;;;;;;;;4.6%;
;;;Mgmt Accounting I-Honors;202620;Spring 2026;001;17325;Sorensen, R S.;33.3%;;33.3%;;;;33.3%;;;;;;;;;;;;;;;;;
;;;;;;004;19875;Sorensen, R S.;66.7%;33.3%;;;;;;;;;;;;;;;;;;;;;;
;;21200;Business Accounting;202620;Spring 2026;001;20436;Bokrand, Rebekha E.;20.6%;8.5%;;;11.2%;13.0%;8.5%;8.5%;4.5%;13.5%;0.4%;0.9%;2.7%;;3.1%;;;;;;;;4.5%;
;;;;;;002;34752;Bokrand, Rebekha E.;22.0%;8.9%;;;13.8%;9.8%;5.7%;8.9%;3.3%;11.4%;4.1%;1.6%;2.4%;;3.3%;;;;;;;;4.9%;
;;22000;Making The Business Case;202620;Spring 2026;001;15892;Randich, David M.;20.0%;16.7%;;;16.7%;3.3%;33.3%;;;3.3%;3.3%;;;;;;;;;;;;3.3%;
;;;;;;002;22713;Randich, David M.;10.0%;23.3%;;;40.0%;3.3%;23.3%;;;;;;;;;;;;;;;;;
;;;;;;003;34753;Randich, David M.;33.3%;26.7%;;;26.7%;3.3%;3.3%;;;;3.3%;;;;;;;;;;;;3.3%;
;;22300;Mrkt Excel Fund & Data Anlyt;202620;Spring 2026;001;34756;Leitch, Stephen R.;5.8%;23.1%;;;21.2%;7.7%;21.2%;5.8%;;5.8%;1.9%;1.9%;;;3.8%;;;;;;;;1.9%;
;;;;;;002;34758;Leitch, Stephen R.;9.4%;17.0%;;;20.8%;9.4%;24.5%;3.8%;;7.5%;3.8%;;1.9%;;;;;;;;;;1.9%;
;;23500;Data Tools For Business;202620;Spring 2026;001;40640;Crowe, Marta A.;46.2%;;6.8%;;17.9%;;7.7%;6.0%;;3.4%;1.7%;;1.7%;;1.7%;;;;;;;;6.8%;
;;24200;Contemp Prob Personal Finance;202620;Spring 2026;002;28238;Henry, Darren L.;33.3%;5.6%;38.9%;;;;8.3%;;2.8%;5.6%;2.8%;;;;2.8%;;;;;;;;;
;;25400;Legal Found Business;202620;Spring 2026;001;69999;Harper, Cecelia M.;3.1%;12.5%;6.3%;3.1%;15.6%;9.4%;15.6%;3.1%;6.3%;9.4%;;;3.1%;;6.3%;;;;;;;;6.3%;
;;;;;;002;10002;Ficht, Linda S.;2.0%;2.0%;2.0%;;27.5%;21.6%;17.6%;13.7%;2.0%;3.9%;2.0%;;2.0%;;2.0%;;;;;;;;2.0%;
;;;;;;003;10016;Klingerman, Trenten D.;20.4%;1.9%;;;37.0%;;11.1%;7.4%;;14.8%;3.7%;;;;;;;;;;;;3.7%;
;;;;;;004;10022;Lemper, Tim;14.5%;12.7%;;;10.9%;10.9%;25.5%;9.1%;3.6%;9.1%;;;;;;;;;;;;;3.6%;
;;;;;;005;17185;Fisher, Clifford D.;14.5%;30.9%;5.5%;;9.1%;5.5%;16.4%;1.8%;1.8%;;7.3%;1.8%;1.8%;;;;;;;;;;3.6%;
;;;;;;006;17193;Gavia, Miltina A.;7.4%;9.3%;;;37.0%;14.8%;16.7%;3.7%;3.7%;5.6%;;;;;;;;;;;;;1.9%;
;;;;;;007;22711;Gavia, Miltina A.;9.1%;5.5%;;;36.4%;12.7%;16.4%;9.1%;;3.6%;1.8%;;1.8%;;;;;;;;;;3.6%;
;;;;;;008;69180;Gavia, Miltina A.;7.3%;14.5%;3.6%;;41.8%;9.1%;9.1%;1.8%;1.8%;9.1%;;;;;1.8%;;;;;;;;;
;;;;;;009;34760;Lemper, Tim;13.0%;13.0%;;;15.2%;19.6%;15.2%;10.9%;2.2%;8.7%;;;;;;;;;;;;;2.2%;
;;;;;;010;34761;Williams, Randy J.;5.0%;20.0%;;;20.0%;10.0%;10.0%;;5.0%;10.0%;;;10.0%;;;;;;;;;;10.0%;
;;;;;;011;34764;Williams, Randy J.;12.1%;12.1%;1.7%;;13.8%;8.6%;19.0%;5.2%;3.4%;6.9%;1.7%;3.4%;1.7%;;1.7%;1.7%;;;;;;;6.9%;
;;;;;;012;34766;Harper, Cecelia M.;7.3%;12.7%;1.8%;;10.9%;9.1%;23.6%;3.6%;3.6%;18.2%;;;1.8%;;;;;;;;;;7.3%;
;;;Legal Found Business-Honors;202620;Spring 2026;001;69999;Harper, Cecelia M.;;;;;;;100.0%;;;;;;;;;;;;;;;;;
;;;;;;003;10016;Klingerman, Trenten D.;;;;;;;;;;100.0%;;;;;;;;;;;;;;
;;;;;;009;34760;Lemper, Tim;;;100.0%;;;;;;;;;;;;;;;;;;;;;
;;25500;Found Of Business Ethics;202620;Spring 2026;002;20453;Ficht, Linda S.;4.9%;26.8%;;;17.1%;14.6%;19.5%;7.3%;;;;;2.4%;;4.9%;;;;;;;;2.4%;
;;;;;;003;20456;Ficht, Linda S.;1.8%;20.0%;1.8%;;27.3%;14.5%;23.6%;3.6%;;1.8%;;;;;1.8%;;;;;;;;3.6%;
;;;;;;004;20458;Ficht, Linda S.;3.7%;20.4%;1.9%;;20.4%;11.1%;22.2%;3.7%;1.9%;5.6%;1.9%;;;;1.9%;;;;;;;;5.6%;
;;;;;;007;34769;Putman, Cara C.;4.7%;7.8%;1.6%;;34.4%;17.2%;15.6%;4.7%;3.1%;9.4%;;;;;;;;;;;;;1.6%;
;;;;;;009;34772;Lemper, Tim;16.7%;10.0%;;;11.7%;10.0%;16.7%;15.0%;3.3%;8.3%;;;;;;;;;;;;;8.3%;
;;;;;;010;34773;Lemper, Tim;10.0%;13.3%;;;23.3%;15.0%;6.7%;11.7%;1.7%;11.7%;;;;;1.7%;;;;;;;;5.0%;
;;;;;;011;34775;Lemper, Tim;11.9%;6.8%;1.7%;;25.4%;18.6%;8.5%;8.5%;3.4%;10.2%;;;;;;;;;;;;;5.1%;
;;;;;;013;37638;Putman, Cara C.;5.7%;13.2%;;;32.1%;7.5%;17.0%;7.5%;5.7%;7.5%;;;;;;;;;;;;;3.8%;
;;;;;;014;37639;Putman, Cara C.;3.3%;9.8%;;;29.5%;24.6%;8.2%;6.6%;3.3%;4.9%;;;1.6%;;;;;;;;;;8.2%;
;;;;;;015;40572;Lemper, Tim;13.3%;18.3%;;;21.7%;10.0%;11.7%;13.3%;;8.3%;;;;;;;;;;;;;3.3%;
;;26100;Intro To Supply Chain Mgmt;202620;Spring 2026;001;25705;David, Amy B.;7.5%;25.0%;;;17.5%;;35.0%;10.0%;;;2.5%;;;;;;;;;;;;2.5%;
;;;;;;002;34783;David, Amy B.;15.0%;40.0%;;;5.0%;5.0%;15.0%;12.5%;;2.5%;;;;;;;;;;;;;5.0%;
;;28800;Prog Business Applications;202620;Spring 2026;001;16315;Crowe, Marta A.;37.5%;;7.5%;;35.0%;;2.5%;5.0%;;5.0%;2.5%;;;;;;;;;;;;5.0%;
;;;;;;002;40639;Crowe, Marta A.;40.0%;;;;25.0%;;12.5%;12.5%;;5.0%;;;2.5%;;2.5%;;;;;;;;;
;;29130;Int Bus & Eng Seminar III;202620;Spring 2026;001;18378;Stef-Praun, Ana-Maria L.;30.0%;23.3%;;;10.0%;10.0%;20.0%;;;6.7%;;;;;;;;;;;;;;
;;;;;;002;18380;Stef-Praun, Ana-Maria L.;24.1%;20.7%;3.4%;;17.2%;17.2%;17.2%;;;;;;;;;;;;;;;;;
;;;;;;003;18381;Stef-Praun, Ana-Maria L.;28.0%;24.0%;;;8.0%;12.0%;4.0%;4.0%;4.0%;8.0%;;4.0%;;;;;;;;;;;4.0%;
;;;;;;004;69183;Stef-Praun, Ana-Maria L.;13.0%;13.0%;4.3%;;4.3%;13.0%;21.7%;4.3%;8.7%;4.3%;;;4.3%;;4.3%;;;;;;;;4.3%;
;;;;;;005;20738;Woodson, Aryca P.;3.3%;40.0%;;;16.7%;;23.3%;3.3%;;3.3%;3.3%;;;;3.3%;;;;;;;;3.3%;
;;29150;IBE Prof Dev;202620;Spring 2026;001;37474;Case, Ryan P.;;;;;;;;;;;;;;;;;;;;86.3%;;12.0%;1.7%;
;;29450;Women In Leadership;202620;Spring 2026;LC1;28561;Putman, Cara C.;20.6%;26.5%;2.9%;;23.5%;8.8%;14.7%;;;2.9%;;;;;;;;;;;;;;
;;29500;Bus Prof Dev & Career Strat;202620;Spring 2026;020;15266;Pedley, Storie P.;73.0%;9.5%;;;2.7%;4.1%;4.1%;;1.4%;1.4%;1.4%;;2.7%;;;;;;;;;;;
;;;;;;022;15272;Pedley, Storie P.;70.7%;6.7%;;;4.0%;1.3%;2.7%;1.3%;1.3%;2.7%;2.7%;1.3%;;;2.7%;;;;;;;;2.7%;
;;;;;;026;23358;Pedley, Storie P.;61.6%;12.3%;;;9.6%;5.5%;2.7%;;2.7%;1.4%;;;;;1.4%;;;;;;;;2.7%;
;;;;;;027;23359;Pedley, Storie P.;72.1%;2.9%;;;5.9%;4.4%;4.4%;2.9%;;1.5%;1.5%;1.5%;;;;;;;;;;;2.9%;
;;;;;;028;37082;Pedley, Storie P.;56.2%;16.4%;;;5.5%;4.1%;6.8%;5.5%;1.4%;1.4%;;;;;1.4%;;;;;;;;1.4%;
;;;;;;029;37083;Pedley, Storie P.;71.2%;2.7%;;;4.1%;5.5%;6.8%;1.4%;2.7%;;;;;;1.4%;;;;;;;;4.1%;
;;;;;;030;37084;Pedley, Storie P.;74.7%;5.3%;;;4.0%;5.3%;5.3%;;;2.7%;;;;;;;;;;;;;2.7%;
;;;;;;032;37086;Pedley, Storie P.;60.8%;14.9%;1.4%;;10.8%;2.7%;4.1%;;;;;;2.7%;;2.7%;;;;;;;;;
;;;Career Readiness & Expl-Honors;202620;Spring 2026;H20;19856;Pedley, Storie P.;75.3%;13.0%;;;2.6%;3.9%;;;;1.3%;;;;;;;;;;;;;3.9%;
;;30400;Intro To Financial Management;202620;Spring 2026;001;59343;Yatsenko, Valeriia;16.3%;12.2%;;;12.2%;11.6%;11.6%;8.8%;5.4%;12.2%;;;;;2.7%;;;0.7%;;;;;6.1%;
;;30500;Business Statistics;202620;Spring 2026;002;54086;Lim, Tongseok;9.7%;8.1%;11.3%;;16.1%;16.1%;14.5%;9.7%;3.2%;4.8%;1.6%;;;;1.6%;;;;;;;;3.2%;
;;;;;;003;59265;Lim, Tongseok;9.8%;12.2%;9.8%;;19.5%;9.8%;12.2%;7.3%;7.3%;4.9%;;;4.9%;;;;;;;;;;2.4%;
;;;;;;004;54084;Wolanski, Adrian H.;20.3%;15.6%;4.7%;;10.9%;15.6%;12.5%;3.1%;6.3%;4.7%;3.1%;;;;1.6%;;;;;;;;1.6%;
;;;;;;005;17200;Wolanski, Adrian H.;14.0%;16.3%;2.3%;;16.3%;9.3%;9.3%;14.0%;4.7%;2.3%;;;;;4.7%;;;;;;;;7.0%;
;;;;;;006;23574;Wang, Xing;16.4%;5.5%;10.9%;;18.2%;9.1%;5.5%;9.1%;5.5%;10.9%;;;;;;;;;;;;;9.1%;
;;;;;;007;13452;Wang, Xing;9.3%;16.7%;3.7%;;11.1%;7.4%;5.6%;14.8%;;22.2%;;;;;;;;;;;;;9.3%;
;;;;;;008;20922;Cordeiro Moreira, Davi;3.9%;17.6%;;;41.2%;5.9%;21.6%;3.9%;;5.9%;;;;;;;;;;;;;;
;;;;;;011;31700;Mo, Weibin;7.7%;15.4%;7.7%;;7.7%;15.4%;7.7%;3.8%;;19.2%;;;;;3.8%;;;;;;;;11.5%;
;;;;;;012;32536;Mo, Weibin;9.8%;14.8%;13.1%;;19.7%;8.2%;11.5%;3.3%;1.6%;8.2%;;;;;3.3%;;;;;;;;6.6%;
;;;;;;013;33065;Mo, Weibin;9.5%;7.1%;2.4%;;23.8%;11.9%;14.3%;2.4%;7.1%;9.5%;2.4%;;;;2.4%;;;;;;;;7.1%;
;;;;;;014;41820;Cordeiro Moreira, Davi;7.8%;14.1%;;;37.5%;14.1%;10.9%;6.3%;;4.7%;;;;;1.6%;;;;;;;;3.1%;
;;30600;Management Science;202620;Spring 2026;001;22529;Alexander, Arthur A.;26.6%;4.7%;1.6%;;29.7%;6.3%;4.7%;14.1%;3.1%;6.3%;;;;;1.6%;;;;;;;;1.6%;
;;;;;;002;22532;Alexander, Arthur A.;27.4%;4.8%;;;17.7%;4.8%;4.8%;29.0%;4.8%;3.2%;3.2%;;;;;;;;;;;;;
;;;;;;004;18087;Wang, Alex L.;22.2%;7.9%;7.9%;;19.0%;7.9%;19.0%;1.6%;1.6%;9.5%;3.2%;;;;;;;;;;;;;
;;;;;;005;13693;Wang, Alex L.;14.3%;1.6%;4.8%;;12.7%;9.5%;6.3%;12.7%;3.2%;15.9%;1.6%;4.8%;3.2%;;4.8%;;;;;;;;4.8%;
;;;;;;006;21112;Jaiswal, Prateek;25.9%;;3.7%;;27.8%;5.6%;3.7%;14.8%;3.7%;9.3%;;;;;3.7%;;;;;;;;1.9%;
;;;;;;007;21162;Jaiswal, Prateek;21.9%;6.3%;4.7%;;25.0%;6.3%;7.8%;12.5%;1.6%;6.3%;;;;;3.1%;;;;;;;;4.7%;
;;31000;Financial Mgmt;202620;Spring 2026;001;63404;Hansen, Peter G.;18.3%;8.3%;6.7%;;28.3%;3.3%;11.7%;8.3%;;13.3%;;;;;;;;;;;;;1.7%;
;;;;;;002;54252;Hansen, Peter G.;14.5%;5.5%;9.1%;;25.5%;3.6%;12.7%;16.4%;1.8%;9.1%;;;;;;1.8%;;;;;;;;
;;;;;;003;54253;Yatsenko, Valeriia;11.5%;13.5%;3.8%;;21.2%;5.8%;21.2%;1.9%;3.8%;11.5%;;;;;;;;;;;;;5.8%;
;;;;;;004;14443;Zhou, Yunrong;9.1%;7.3%;9.1%;;21.8%;20.0%;21.8%;;;7.3%;;;;;1.8%;;;;;;;;1.8%;
;;;;;;005;54254;Zhou, Yunrong;9.4%;9.4%;7.5%;;18.9%;18.9%;20.8%;;;5.7%;;;;;;;;;;;;;9.4%;
;;;;;;007;22953;Bruschi Martins, Claudia;20.0%;14.5%;;;18.2%;16.4%;9.1%;3.6%;5.5%;10.9%;;;;;;;;;;;;;1.8%;
;;;;;;010;18345;Xu, Suyang;23.6%;7.3%;3.6%;;27.3%;7.3%;7.3%;18.2%;3.6%;;;;;;1.8%;;;;;;;;;
;;;;;;011;18346;Xu, Suyang;20.6%;5.9%;5.9%;;38.2%;;5.9%;14.7%;5.9%;;2.9%;;;;;;;;;;;;;
;;;;;;012;69184;Bruschi Martins, Claudia;3.3%;25.0%;;;26.7%;11.7%;16.7%;3.3%;1.7%;11.7%;;;;;;;;;;;;;;
;;;;;;013;34794;Yatsenko, Valeriia;;11.1%;5.6%;;25.9%;7.4%;13.0%;9.3%;9.3%;7.4%;1.9%;;;;1.9%;;;1.9%;;;;;5.6%;
;;;;;;016;41489;Zhou, Zibo;17.3%;32.7%;3.8%;;19.2%;15.4%;5.8%;1.9%;;;;;;;;;;;;;;;3.8%;
;;;Financial Mgmt-Honors;202620;Spring 2026;H13;21194;Boquist, Alexander W.;14.5%;10.9%;;;47.3%;3.6%;23.6%;;;;;;;;;;;;;;;;;
;;31300;Venture X2-Honors;202620;Spring 2026;H01;34797;Grigoriou, Konstantinos;12.5%;27.5%;17.5%;;10.0%;;27.5%;;;;;;;;;;;;;;;;5.0%;
;;32300;Principles Of Marketing;202620;Spring 2026;001;22540;Downey, Laura A.;55.0%;;;;36.7%;;;6.7%;;;;;;;;;;;;;;;1.7%;
;;;;;;002;17202;Downey, Laura A.;26.5%;;;;49.4%;;;14.5%;;;1.2%;;;;2.4%;;;;;;;;6.0%;
;;32400;Marketing Mgmt;202620;Spring 2026;001;22544;Berbeglia, Franco;7.4%;9.3%;1.9%;;20.4%;5.6%;50.0%;3.7%;;1.9%;;;;;;;;;;;;;;
;;;;;;002;22542;Berbeglia, Franco;;21.8%;7.3%;;29.1%;10.9%;29.1%;;;1.8%;;;;;;;;;;;;;;
;;;;;;003;22546;Nowak, Daniel P.;16.7%;16.7%;;;3.3%;6.7%;36.7%;;3.3%;6.7%;;;;;6.7%;;;;;;;;3.3%;
;;;;;;004;22545;Zhang, Tongxiao;20.4%;;;;63.0%;;;9.3%;;;3.7%;;;;;;;;;;;;3.7%;
;;;;;;005;16356;Yu, Siyi;11.1%;38.9%;5.6%;;7.4%;7.4%;29.6%;;;;;;;;;;;;;;;;;
;;;;;;006;13697;Nowak, Daniel P.;9.4%;18.9%;;;37.7%;3.8%;13.2%;3.8%;3.8%;3.8%;;;;;1.9%;;;;;;;;3.8%;
;;;;;;007;69188;Zhao, Jason Y.;10.9%;14.5%;;;23.6%;18.2%;20.0%;7.3%;;3.6%;;;;;;;;;;;;;1.8%;
;;;;;;008;21195;Zhao, Jason Y.;11.8%;19.6%;;;13.7%;27.5%;15.7%;3.9%;;5.9%;;;;;2.0%;;;;;;;;;
;;;;;;010;21197;Zhao, Jason Y.;11.3%;15.1%;;;26.4%;17.0%;17.0%;7.5%;;3.8%;;;;;;;;;;;;;1.9%;
;;;;;;011;21198;Yu, Siyi;41.7%;20.8%;8.3%;;8.3%;8.3%;12.5%;;;;;;;;;;;;;;;;;
;;;;;;013;21201;Yu, Siyi;8.7%;43.5%;8.7%;;8.7%;4.3%;21.7%;4.3%;;;;;;;;;;;;;;;;
;;;;;;014;35192;Yu, Siyi;11.4%;28.6%;;;11.4%;8.6%;37.1%;;;;;2.9%;;;;;;;;;;;;
;;33100;Develop & Impt Eq Emp Law;202620;Spring 2026;001;34806;Ficht, Linda S.;30.8%;7.7%;7.7%;;7.7%;;7.7%;15.4%;;7.7%;7.7%;;;;7.7%;;;;;;;;;
;;33500;Strategic Business Writing;202620;Spring 2026;001;13702;Roberson, Kasie M.;9.1%;31.8%;;;27.3%;4.5%;27.3%;;;;;;;;;;;;;;;;;
;;;;;;002;13703;Roberson, Kasie M.;;50.0%;;;25.0%;4.2%;12.5%;;;4.2%;;;;;;;;;;;;;4.2%;
;;;;;;003;69190;Roberson, Kasie M.;;45.8%;;;12.5%;4.2%;29.2%;;;4.2%;;;;;;;;;;;;;4.2%;
;;;;;;004;69191;Liu, Yuchen;29.2%;33.3%;;;4.2%;8.3%;8.3%;8.3%;;4.2%;;;;;4.2%;;;;;;;;;
;;;;;;005;69192;Woodson, Aryca P.;;33.3%;;;20.8%;;37.5%;4.2%;;;;;;;;;;;;;;;4.2%;
;;;;;;006;69719;Woodson, Aryca P.;4.2%;25.0%;;;37.5%;;20.8%;4.2%;;4.2%;;;;;;;;;;;;;4.2%;
;;;;;;007;21689;Ortiz, Vanessa V.;8.3%;33.3%;;;37.5%;8.3%;4.2%;4.2%;;4.2%;;;;;;;;;;;;;;
;;;;;;008;21690;Stef-Praun, Ana-Maria L.;8.3%;37.5%;;;4.2%;12.5%;29.2%;;4.2%;4.2%;;;;;;;;;;;;;;
;;;;;;009;21701;Stef-Praun, Ana-Maria L.;12.5%;37.5%;;;8.3%;8.3%;29.2%;;4.2%;;;;;;;;;;;;;;;
;;;;;;010;21707;Stef-Praun, Ana-Maria L.;;33.3%;;;20.8%;16.7%;25.0%;;;4.2%;;;;;;;;;;;;;;
;;;;;;011;21342;Woodson, Aryca P.;4.3%;26.1%;;;26.1%;;17.4%;13.0%;;4.3%;4.3%;;;;4.3%;;;;;;;;;
;;;;;;012;21367;Liu, Yuchen;20.8%;33.3%;;;4.2%;8.3%;20.8%;4.2%;;4.2%;;;;;4.2%;;;;;;;;;
;;;;;;013;21384;Liu, Yuchen;16.7%;33.3%;;;20.8%;4.2%;20.8%;;;4.2%;;;;;;;;;;;;;;
;;;;;;014;34812;Ortiz, Vanessa V.;;29.2%;;;29.2%;8.3%;25.0%;4.2%;4.2%;;;;;;;;;;;;;;;
;;;;;;015;34816;Ortiz, Vanessa V.;8.3%;41.7%;;;16.7%;;29.2%;;;;4.2%;;;;;;;;;;;;;
;;;;;;016;34817;Ortiz, Vanessa V.;4.3%;34.8%;;;26.1%;8.7%;17.4%;;;4.3%;;;;;;;;;;;;;4.3%;
;;;;;;017;34819;Woodson, Aryca P.;12.5%;54.2%;;;12.5%;;20.8%;;;;;;;;;;;;;;;;;
;;35000;Intermediate Acctg I;202620;Spring 2026;001;22548;Oh, Junhyeog;10.9%;20.0%;;;20.0%;3.6%;10.9%;9.1%;;16.4%;;;;;;;;;;;;;9.1%;
;;;;;;002;11194;Oh, Junhyeog;10.9%;9.1%;3.6%;;14.5%;7.3%;16.4%;10.9%;3.6%;9.1%;1.8%;;;;1.8%;;;;;;;;10.9%;
;;;;;;003;69193;Oh, Junhyeog;20.0%;9.1%;;;10.9%;9.1%;7.3%;7.3%;1.8%;18.2%;;;;;;;;;;;;;16.4%;
;;35100;Intermediate Acctg II;202620;Spring 2026;001;15420;Qiu, Lin;11.1%;19.4%;11.1%;;8.3%;8.3%;13.9%;5.6%;5.6%;8.3%;8.3%;;;;;;;;;;;;;
;;;;;;002;15422;Qiu, Lin;6.8%;20.5%;4.5%;;25.0%;9.1%;18.2%;2.3%;4.5%;4.5%;;;;;2.3%;;;;;;;;2.3%;
;;;;;;003;69194;Qiu, Lin;13.2%;22.6%;9.4%;;20.8%;9.4%;11.3%;1.9%;1.9%;3.8%;3.8%;;;;;;;;;;;;1.9%;
;;35200;Strategic Management;202620;Spring 2026;002;10060;Basak, Preetika;18.5%;31.5%;1.9%;;9.3%;1.9%;27.8%;;;1.9%;1.9%;;;;;;;;;;;;5.6%;
;;;;;;003;10065;Gibbs, Ralph A.;18.2%;7.3%;;;18.2%;23.6%;16.4%;1.8%;1.8%;7.3%;;;;;1.8%;;;;;;;;3.6%;
;;;;;;004;10066;Gibbs, Ralph A.;12.2%;16.3%;;;22.4%;6.1%;22.4%;6.1%;6.1%;6.1%;2.0%;;;;;;;;;;;;;
;;;;;;005;10069;Gibbs, Ralph A.;12.7%;12.7%;;;30.9%;10.9%;18.2%;5.5%;1.8%;3.6%;1.8%;;;;;;;;;;;;1.8%;
;;;;;;006;17899;Hu, Jiabei;12.7%;25.5%;;;9.1%;12.7%;23.6%;7.3%;;1.8%;1.8%;;;;;;;;;;;;5.5%;
;;;;;;007;17204;Hu, Jiabei;12.7%;29.1%;;;14.5%;10.9%;21.8%;5.5%;1.8%;1.8%;1.8%;;;;;;;;;;;;;
;;;;;;008;69196;Klapper, Helge J.;3.6%;14.5%;;;25.5%;16.4%;25.5%;5.5%;;9.1%;;;;;;;;;;;;;;
;;;;;;009;69197;Klapper, Helge J.;7.4%;14.8%;;;22.2%;11.1%;33.3%;3.7%;;5.6%;1.9%;;;;;;;;;;;;;
;;;;;;010;21476;Rios, Luis A.;16.4%;5.5%;1.8%;;18.2%;14.5%;25.5%;3.6%;5.5%;7.3%;;;1.8%;;;;;;;;;;;
;;;;;;011;34821;Lu, Xiaohan;9.3%;14.8%;1.9%;;20.4%;13.0%;25.9%;7.4%;;1.9%;3.7%;;;;1.9%;;;;;;;;;
;;;;;;012;34823;Sariri, Amir;16.7%;33.3%;8.3%;;8.3%;;8.3%;;;;;;;;16.7%;;;;;;;;8.3%;
;;;;;;013;34825;Sariri, Amir;7.8%;9.8%;3.9%;;25.5%;13.7%;23.5%;3.9%;2.0%;2.0%;;;;;2.0%;;;;;;;;5.9%;
;;;;;;014;34827;Sariri, Amir;5.8%;9.6%;1.9%;;19.2%;19.2%;30.8%;1.9%;;5.8%;;;;;;;;;;;;;5.8%;
;;;Strategic Management-Honors;202620;Spring 2026;009;69197;Klapper, Helge J.;;;;;;;100.0%;;;;;;;;;;;;;;;;;
;;35300;Int Acct For Non Acct Maj;202620;Spring 2026;002;69198;Seo, Hojun;5.3%;18.4%;2.6%;;10.5%;15.8%;10.5%;7.9%;2.6%;10.5%;;;;;;;;;;;;;15.8%;
;;;;;;003;69199;Seo, Hojun;7.3%;16.4%;1.8%;;18.2%;5.5%;21.8%;5.5%;5.5%;10.9%;;;;;;;;;;;;;7.3%;
;;;;;;004;34843;Seo, Hojun;10.2%;14.3%;;;18.4%;10.2%;14.3%;4.1%;8.2%;8.2%;;;;;;;;;;;;;12.2%;
;;35500;Consulting Tools And Skills;202620;Spring 2026;001;24789;Burr, John F.;20.8%;29.2%;;;;;45.8%;;;;;;;;;;;;;;;;4.2%;
;;36100;Operations Management;202620;Spring 2026;001;33909;Madan, Manohar S.;10.9%;5.5%;;;20.0%;20.0%;21.8%;7.3%;1.8%;5.5%;1.8%;;;;;;;;;;;;5.5%;
;;;;;;002;33906;Gunay, Elif E.;26.4%;9.4%;3.8%;;20.8%;7.5%;11.3%;3.8%;3.8%;9.4%;;1.9%;1.9%;;;;;;;;;;;
;;;;;;004;16374;Shi, Pengyi;13.3%;11.7%;;;36.7%;13.3%;8.3%;5.0%;1.7%;6.7%;3.3%;;;;;;;;;;;;;
;;;;;;005;19270;Shi, Pengyi;25.4%;5.1%;8.5%;;27.1%;3.4%;11.9%;8.5%;1.7%;3.4%;1.7%;3.4%;;;;;;;;;;;;
;;;;;;006;13705;Madan, Manohar S.;13.3%;8.3%;;;10.0%;30.0%;16.7%;6.7%;6.7%;5.0%;1.7%;;;;;;;;;;;;1.7%;
;;;;;;010;34848;Gunay, Elif E.;21.7%;11.7%;1.7%;;10.0%;8.3%;13.3%;11.7%;3.3%;13.3%;;;1.7%;;1.7%;;;;;;;;1.7%;
;;;;;;011;34849;Madan, Manohar S.;13.3%;25.0%;;;13.3%;8.3%;8.3%;11.7%;8.3%;5.0%;1.7%;;1.7%;;3.3%;;;;;;;;;
;;;;;;012;34850;Madan, Manohar S.;12.3%;5.3%;;;17.5%;10.5%;14.0%;14.0%;1.8%;12.3%;3.5%;;5.3%;;1.8%;;;;;;;;1.8%;
;;;Operations Management-Honors;202620;Spring 2026;H09;34846;Senicheva, Olga R.;3.0%;42.4%;6.1%;;15.2%;3.0%;18.2%;;6.1%;3.0%;;;3.0%;;;;;;;;;;;
;;37000;Real Estate Fund;202620;Spring 2026;001;16940;Stokes, Jeffrey R.;17.6%;29.4%;;;11.8%;23.5%;;5.9%;;;;;;;;;;;;;;;11.8%;
;;;;;;003;35728;Stokes, Jeffrey R.;8.1%;27.0%;;;5.4%;43.2%;;5.4%;5.4%;;;;2.7%;;;;;;;;;;2.7%;
;;37500;Real Estate Law;202620;Spring 2026;001;13706;Harper, Cecelia M.;9.1%;12.1%;3.0%;;21.2%;9.1%;30.3%;;;15.2%;;;;;;;;;;;;;;
;;;Real Estate Law-Honors;202620;Spring 2026;001;13706;Harper, Cecelia M.;;;100.0%;;;;;;;;;;;;;;;;;;;;;
;;38200;Mgmt & Informatn Systm;202620;Spring 2026;001;22566;Zheng, Jie;20.0%;21.8%;9.1%;;7.3%;12.7%;29.1%;;;;;;;;;;;;;;;;;
;;;;;;002;18493;Wang, Fangyan;29.1%;23.6%;12.7%;;10.9%;5.5%;14.5%;3.6%;;;;;;;;;;;;;;;;
;;;;;;003;22565;Jiang, Yikun;10.9%;14.5%;3.6%;;9.1%;14.5%;29.1%;10.9%;;5.5%;;;;;;;;;;;;;1.8%;
;;;;;;005;17209;Mazur, Lawrence J.;12.7%;21.8%;9.1%;;27.3%;12.7%;12.7%;;;1.8%;;;;;;;;;;;;;1.8%;
;;;;;;006;17211;Mazur, Lawrence J.;7.3%;14.5%;3.6%;;27.3%;9.1%;34.5%;;;1.8%;;;;;;1.8%;;;;;;;;
;;;;;;007;69203;Dejoie, Roy M.;11.9%;7.1%;4.8%;;42.9%;4.8%;4.8%;9.5%;4.8%;2.4%;;;2.4%;;;;;;;;;;4.8%;
;;;;;;008;69207;Jiang, Yikun;8.6%;14.3%;5.7%;;8.6%;14.3%;31.4%;11.4%;;5.7%;;;;;;;;;;;;;;
;;;;;;010;21482;Dejoie, Roy M.;17.0%;2.1%;4.3%;;27.7%;6.4%;8.5%;6.4%;4.3%;6.4%;4.3%;;2.1%;;4.3%;;;;;;;;6.4%;
;;;;;;011;33169;Ying, Yat Ling;3.6%;29.1%;5.5%;;12.7%;18.2%;16.4%;1.8%;1.8%;3.6%;;;1.8%;;;1.8%;;;;;;;3.6%;
;;;;;;012;34851;Mazur, Lawrence J.;16.1%;26.8%;8.9%;;17.9%;5.4%;19.6%;;;5.4%;;;;;;;;;;;;;;
;;;;;;014;41793;Jiang, Yikun;9.8%;22.0%;4.9%;;7.3%;14.6%;24.4%;9.8%;;4.9%;;;;;;;;;;;;;2.4%;
;;;Mgmt & Informatn Systm-Honors;202620;Spring 2026;012;34851;Mazur, Lawrence J.;;;100.0%;;;;;;;;;;;;;;;;;;;;;
;;38800;Python For Business;202620;Spring 2026;001;14950;Ferdousi, Bushra;29.2%;1.5%;3.1%;;29.2%;10.8%;20.0%;4.6%;;1.5%;;;;;;;;;;;;;;
;;;;;;002;21483;Ferdousi, Bushra;29.2%;12.5%;12.5%;;18.8%;6.3%;12.5%;4.2%;;;;2.1%;2.1%;;;;;;;;;;;
;;;;;;004;34859;Khan, Shoaib A.;14.3%;16.3%;6.1%;;18.4%;10.2%;24.5%;2.0%;;6.1%;2.0%;;;;;;;;;;;;;
;;38900;Using AI For Business Analytic;202620;Spring 2026;001;21501;Gonzalez Espinosa, Juan Ignacio;27.7%;29.8%;2.1%;;8.5%;6.4%;19.1%;;;6.4%;;;;;;;;;;;;;;
;;39000;Personal Financial Mgmt;202620;Spring 2026;004;40466;Lagrange, Neil C.;18.9%;18.9%;;;22.6%;11.3%;22.6%;3.8%;1.9%;;;;;;;;;;;;;;;
;;;Principled Business Leadership;202620;Spring 2026;003;34863;Lemper, Tim;25.0%;35.0%;10.0%;;15.0%;5.0%;10.0%;;;;;;;;;;;;;;;;;
;;39100;Strat Think & Decision Making;202620;Spring 2026;002;23907;Owen, Silas M.;13.0%;30.4%;;;8.7%;;39.1%;;4.3%;4.3%;;;;;;;;;;;;;;
;;40100;Exec Forum;202620;Spring 2026;001;22574;Randich, David M.;26.6%;13.8%;23.4%;;10.6%;4.3%;1.1%;4.3%;2.1%;4.3%;1.1%;2.1%;;;1.1%;;;;;;;;5.3%;
;;40500;Six Sigma And Quality;202620;Spring 2026;001;17212;Mercado Velasco, Gary;4.2%;40.8%;4.2%;;16.9%;7.0%;18.3%;1.4%;;4.2%;1.4%;;;;;;;;;;;;1.4%;
;;41100;Investments Management;202620;Spring 2026;001;22576;Silva, Dejanir H.;6.7%;8.3%;25.0%;;8.3%;5.0%;45.0%;;;1.7%;;;;;;;;;;;;;;
;;;;;;002;22578;Silva, Dejanir H.;5.0%;10.0%;31.7%;;8.3%;;38.3%;;;3.3%;;;;;;;;;;;;;3.3%;
;;;;;;003;19300;Silva, Dejanir H.;10.0%;6.7%;10.0%;;11.7%;11.7%;45.0%;;;3.3%;;;;;;;;;;;;;1.7%;
;;;;;;004;22955;Liu, Ping;43.6%;16.4%;14.5%;;9.1%;1.8%;5.5%;1.8%;1.8%;1.8%;;;;;;;;;;;;;3.6%;
;;;;;;005;69218;Liu, Ping;55.6%;14.8%;11.1%;;9.3%;5.6%;1.9%;;;;;;;;;;;;;;;;1.9%;
;;;;;;006;35478;Liu, Ping;49.1%;18.9%;9.4%;;7.5%;1.9%;3.8%;5.7%;;1.9%;;;;;;;;;;;;;1.9%;
;;41150;Futures And Options;202620;Spring 2026;001;22726;Boquist, Alexander W.;8.8%;15.8%;;;28.1%;8.8%;33.3%;1.8%;;3.5%;;;;;;;;;;;;;;
;;;;;;002;69220;Boquist, Alexander W.;14.3%;16.1%;1.8%;;23.2%;8.9%;28.6%;3.6%;;1.8%;;;;;;;;;;;;;1.8%;
;;;Futures And Options-Honors;202620;Spring 2026;001;22726;Boquist, Alexander W.;;;;;100.0%;;;;;;;;;;;;;;;;;;;
;;;;;;002;69220;Boquist, Alexander W.;50.0%;;;;;50.0%;;;;;;;;;;;;;;;;;;
;;41200;Financial Institutions;202620;Spring 2026;001;34865;Baeza, Phillip G.;33.9%;18.6%;5.1%;;15.3%;10.2%;10.2%;1.7%;;3.4%;;;;;;;;;;;;;1.7%;
;;;;;;002;34866;Baeza, Phillip G.;27.6%;15.5%;6.9%;;5.2%;17.2%;15.5%;1.7%;5.2%;5.2%;;;;;;;;;;;;;;
;;41250;Fixed Income Securities;202620;Spring 2026;001;19301;Zeng, Lulu;31.5%;11.1%;5.6%;;13.0%;9.3%;11.1%;7.4%;5.6%;3.7%;;;1.9%;;;;;;;;;;;
;;;;;;002;19302;Zeng, Lulu;27.3%;10.9%;9.1%;;3.6%;21.8%;9.1%;7.3%;1.8%;7.3%;1.8%;;;;;;;;;;;;;
;;41300;Corporate Finance;202620;Spring 2026;001;22581;Brown, Craig;24.2%;16.1%;1.6%;;22.6%;3.2%;8.1%;6.5%;6.5%;1.6%;3.2%;;;;1.6%;;;;;;;;4.8%;
;;;;;;002;69222;Brown, Craig;10.5%;17.5%;;;36.8%;8.8%;5.3%;1.8%;5.3%;1.8%;1.8%;;;;;;;;;;;;10.5%;
;;;;;;005;40475;Brown, Craig;17.2%;12.1%;1.7%;;25.9%;5.2%;20.7%;5.2%;5.2%;1.7%;3.4%;;;;;;;;;;;;1.7%;
;;;;;;006;40478;Yatsenko, Valeriia;5.7%;15.1%;5.7%;;7.5%;11.3%;15.1%;7.5%;;1.9%;;;;;3.8%;;;;;;;;26.4%;
;;41310;Financial Modeling;202620;Spring 2026;002;25005;Zeng, Lulu;18.3%;11.7%;5.0%;;16.7%;11.7%;23.3%;5.0%;1.7%;6.7%;;;;;;;;;;;;;;
;;;;;;003;33402;Zeng, Lulu;21.0%;17.7%;4.8%;;27.4%;4.8%;6.5%;8.1%;1.6%;6.5%;;1.6%;;;;;;;;;;;;
;;41350;Venture Capital;202620;Spring 2026;001;19320;D'Almeida, Fabricio R.;21.3%;21.3%;;;8.2%;11.5%;21.3%;4.9%;4.9%;3.3%;;;;;;;;;;;;;3.3%;
;;;;;;002;19321;D'Almeida, Fabricio R.;19.4%;17.7%;;;16.1%;9.7%;27.4%;1.6%;1.6%;3.2%;;;;;1.6%;;;;;;;;1.6%;
;;41500;Intl Financial Mgmt;202620;Spring 2026;003;16174;Faccio, Mara;23.6%;16.4%;3.6%;;21.8%;7.3%;20.0%;;;5.5%;;;;;;;;;;;;;1.8%;
;;;;;;004;13719;Faccio, Mara;21.4%;21.4%;;;21.4%;10.7%;19.6%;;;1.8%;;;;;1.8%;;;;;;;;1.8%;
;;;;;;005;21507;Faccio, Mara;20.4%;22.2%;1.9%;;20.4%;3.7%;20.4%;;3.7%;5.6%;;;;;;;;;;;;;1.9%;
;;;;;;006;34870;Zhang, Xinde;23.8%;6.3%;;;14.3%;9.5%;27.0%;6.3%;3.2%;7.9%;;;;;;;;;;;;;1.6%;
;;41650;Financial Engineering;202620;Spring 2026;001;21522;Atmaz, Adem;16.4%;10.9%;5.5%;;10.9%;12.7%;27.3%;;;3.6%;;;;;;;;;;;;;12.7%;
;;;;;;002;41891;Atmaz, Adem;14.3%;28.6%;7.1%;;3.6%;7.1%;21.4%;3.6%;;;;;;;;;;;;;;;14.3%;
;;42000;Consumer Analytics;202620;Spring 2026;001;21529;Jo, Wooyong;19.6%;27.5%;3.9%;;15.7%;7.8%;17.6%;;;3.9%;;;;;;;;;;;;;3.9%;
;;42110;Marketing Analytics;202620;Spring 2026;001;16240;Berbeglia, Franco;28.0%;14.0%;10.0%;;18.0%;2.0%;26.0%;;;2.0%;;;;;;;;;;;;;;
;;42210;International Marketing;202620;Spring 2026;001;16444;Allred, Chad R.;31.6%;17.5%;;;10.5%;8.8%;29.8%;;;1.8%;;;;;;;;;;;;;;
;;;;;;002;16445;Allred, Chad R.;7.3%;16.4%;;;25.5%;9.1%;34.5%;1.8%;;3.6%;;;;;;;;;;;;;1.8%;
;;42420;Sales Management;202620;Spring 2026;001;34872;Zhang, Tongxiao;36.4%;;;;61.8%;;;1.8%;;;;;;;;;;;;;;;;
;;42500;Marketing Research;202620;Spring 2026;001;21539;Yu, Siyi;5.9%;23.5%;;;27.5%;7.8%;33.3%;;;2.0%;;;;;;;;;;;;;;
;;42710;Digital Marketing Strategy;202620;Spring 2026;001;16448;Lee, Jinsuh;;32.7%;1.8%;;18.2%;10.9%;25.5%;;1.8%;5.5%;;;;;;;;;;;;;3.6%;
;;;;;;002;69803;Lee, Jinsuh;5.9%;15.7%;2.0%;;13.7%;21.6%;33.3%;2.0%;5.9%;;;;;;;;;;;;;;;
;;42910;Marketing Practicum;202620;Spring 2026;004;34877;Allred, Chad R.;54.5%;31.8%;4.5%;;;;9.1%;;;;;;;;;;;;;;;;;
;;;;;;006;34879;Leitch, Stephen R.;16.0%;56.0%;;;12.0%;;12.0%;;;4.0%;;;;;;;;;;;;;;
;;;Marketing Practicum-Honors;202620;Spring 2026;004;34877;Allred, Chad R.;;;;;;;100.0%;;;;;;;;;;;;;;;;;
;;43700;Social Media Marketing;202620;Spring 2026;001;21554;Nowak, Daniel P.;21.4%;14.3%;;;28.6%;10.7%;16.1%;;3.6%;3.6%;;;;;;;;;;;;;1.8%;
;;43800;Pricing Strategies;202620;Spring 2026;001;17214;Rossi, Federico;27.5%;7.8%;;;13.7%;25.5%;23.5%;;;;;;;;;;;;;;;;2.0%;
;;43901;Real Estate Inv & Dev;202620;Spring 2026;001;13667;Eriksen, Michael D.;28.9%;4.4%;;;44.4%;4.4%;2.2%;8.9%;4.4%;;;;;;;;;;;;;;2.2%;
;;43902;Real Estate Capital Markets;202620;Spring 2026;001;31335;Stokes, Jeffrey R.;17.1%;8.6%;2.9%;;11.4%;34.3%;5.7%;2.9%;8.6%;2.9%;;2.9%;;;;;;;;;;;2.9%;
;;43905;Real Est Ind Proj;202620;Spring 2026;001;35318;Stokes, Jeffrey R.;16.7%;33.3%;;;22.2%;11.1%;11.1%;;5.6%;;;;;;;;;;;;;;;
;;44301;Management Of Human Resources;202620;Spring 2026;001;11952;Williams, Henry E.;13.7%;26.0%;2.7%;;15.1%;15.1%;19.2%;1.4%;1.4%;;;;;;;;;;;;;;5.5%;
;;;;;;002;13444;Williams, Henry E.;10.7%;24.0%;1.3%;;5.3%;18.7%;12.0%;10.7%;2.7%;9.3%;;;;;1.3%;;;;;;;;4.0%;
;;;;;;003;34881;Williams, Henry E.;20.0%;6.7%;2.7%;;16.0%;16.0%;22.7%;2.7%;;8.0%;;;2.7%;;;;;1.3%;;;;;1.3%;
;;44362;Leadership In A Changing World;202620;Spring 2026;001;40580;Zipay, Katelyn P.;13.9%;50.0%;;;5.6%;;25.0%;;;2.8%;;;;;;2.8%;;;;;;;;
;;;;;;002;40581;Zipay, Katelyn P.;20.0%;31.4%;;;14.3%;11.4%;14.3%;;2.9%;;;;;;5.7%;;;;;;;;;
;;;Ldrshp In A Chng World-Honors;202620;Spring 2026;001;40580;Zipay, Katelyn P.;;;;;;;100.0%;;;;;;;;;;;;;;;;;
;;44428;Human Resources Mgmt;202620;Spring 2026;001;11812;Munoz, Joel;11.8%;14.7%;;;20.6%;8.8%;32.4%;2.9%;;5.9%;2.9%;;;;;;;;;;;;;
;;;;;;002;34885;Munoz, Joel;5.8%;11.5%;1.9%;;26.9%;9.6%;21.2%;1.9%;5.8%;7.7%;;;;;;;;;;;;;7.7%;
;;;Human Resources Mgmt-Honors;202620;Spring 2026;001;11812;Munoz, Joel;;100.0%;;;;;;;;;;;;;;;;;;;;;;
;;44429;Talent Management;202620;Spring 2026;001;15282;Chupp, Brian K.;19.4%;9.7%;;;25.8%;16.1%;16.1%;3.2%;;6.5%;;;3.2%;;;;;;;;;;;
;;44431;Compensation: Total Rewards;202620;Spring 2026;002;41325;Gibelato Santos Ribeiro, Izabely R.;6.3%;9.4%;;;12.5%;18.8%;31.3%;9.4%;;12.5%;;;;;;;;;;;;;;
;;44630;Innovation Mgmt;202620;Spring 2026;001;21573;Klapper, Helge J.;13.6%;27.3%;9.1%;;9.1%;9.1%;13.6%;4.5%;;9.1%;;;;;;;;;;;;;4.5%;
;;44673;Intensive I -Self Ldrshp;202620;Spring 2026;007;40945;Zipay, Katelyn P.;83.3%;1.9%;;;1.9%;;;;;;;;;;;;;;;;;;13.0%;
;;;Intensive II Relational Ldrshp;202620;Spring 2026;006;34886;Alge, Bradley J.;58.3%;;;;;;;;;;;;;;;8.3%;;;;;;;33.3%;
;;44690;Negotiation & Decision Making;202620;Spring 2026;001;25195;Schneider, Natalie M.;27.8%;8.3%;;;16.7%;22.2%;19.4%;;;5.6%;;;;;;;;;;;;;;
;;;;;;002;40577;Schneider, Natalie M.;31.6%;2.6%;;;15.8%;10.5%;23.7%;2.6%;2.6%;5.3%;;;;;2.6%;;;;;;;;2.6%;
;;44710;Competitive Strategy;202620;Spring 2026;002;69231;Burr, John F.;32.1%;3.6%;7.1%;;10.7%;7.1%;32.1%;;;3.6%;;;;;;;;;;;;;3.6%;
;;44810;Technology Strategy;202620;Spring 2026;001;69232;Rios, Luis A.;14.7%;20.6%;;;17.6%;2.9%;35.3%;5.9%;;;;;;;2.9%;;;;;;;;;
;;;;;;002;21576;Lee, Gwendolyn K.;21.7%;13.0%;;;47.8%;4.3%;8.7%;4.3%;;;;;;;;;;;;;;;;
;;45500;Legal Bkgrnd Bus I;202620;Spring 2026;001;22600;Gavia, Miltina A.;13.5%;18.2%;1.4%;;26.4%;3.4%;29.7%;2.0%;;4.1%;;;;;0.7%;;;;;;;;0.7%;
;;;Legal Bkgrnd Bus I-Honors;202620;Spring 2026;001;22600;Gavia, Miltina A.;;;;;;;100.0%;;;;;;;;;;;;;;;;;
;;45600;Legal Foundatns Bus II;202620;Spring 2026;001;22602;Harper, Cecelia M.;7.5%;22.5%;7.5%;;15.0%;;22.5%;10.0%;2.5%;5.0%;;;7.5%;;;;;;;;;;;
;;45900;International Mangemnt;202620;Spring 2026;001;17216;Chiu, Wan Ting;;22.8%;29.8%;;8.8%;5.3%;21.1%;3.5%;1.8%;3.5%;;1.8%;;;;;;;;;;;1.8%;
;;;;;;002;17219;Chiu, Wan Ting;;17.0%;28.3%;;9.4%;3.8%;26.4%;;;5.7%;1.9%;3.8%;;;3.8%;;;;;;;;;
;;46300;Supply Chain Analytics;202620;Spring 2026;001;16318;Haskell, William B.;14.3%;46.9%;2.0%;;6.1%;8.2%;20.4%;;;;;;;;;;;;;;;;2.0%;
;;;;;;002;16319;Haskell, William B.;14.6%;50.0%;2.1%;;4.2%;14.6%;12.5%;;;2.1%;;;;;;;;;;;;;;
;;46400;Logistics: Concepts & Models;202620;Spring 2026;001;23844;Senicheva, Olga R.;23.4%;14.9%;4.3%;;17.0%;;17.0%;2.1%;2.1%;17.0%;;;;;;;;;;;;;2.1%;
;;;Logstcs: Concepts&Modls-Honors;202620;Spring 2026;001;23844;Senicheva, Olga R.;100.0%;;;;;;;;;;;;;;;;;;;;;;;
;;46600;Project Management;202620;Spring 2026;001;23846;Gunay, Elif E.;38.8%;10.2%;2.0%;;18.4%;14.3%;8.2%;2.0%;2.0%;;2.0%;;;;2.0%;;;;;;;;;
;;46800;Supply Chain Technology;202620;Spring 2026;001;21587;Senicheva, Olga R.;18.8%;16.7%;2.1%;;20.8%;2.1%;22.9%;2.1%;;12.5%;2.1%;;;;;;;;;;;;;
;;;Supply Chain Technology-Honors;202620;Spring 2026;001;21587;Senicheva, Olga R.;100.0%;;;;;;;;;;;;;;;;;;;;;;;
;;47200;Adv Spreadsheet Mod & Sim;202620;Spring 2026;001;12447;Jaiswal, Prateek;23.6%;3.6%;3.6%;;27.3%;7.3%;5.5%;10.9%;1.8%;14.5%;;;;;;;;;;;;;1.8%;
;;;;;;002;12446;Li, Yanjun;38.2%;14.5%;3.6%;;7.3%;12.7%;12.7%;5.5%;1.8%;3.6%;;;;;;;;;;;;;;
;;;;;;003;69718;Li, Yanjun;29.6%;11.1%;;;14.8%;7.4%;14.8%;7.4%;1.9%;11.1%;1.9%;;;;;;;;;;;;;
;;47300;Data Mining;202620;Spring 2026;001;18575;Zhu, Zhiwei;18.8%;31.3%;;;16.7%;4.2%;22.9%;2.1%;;;;;;;;;;;;;;;4.2%;
;;;;;;002;69233;Zhu, Zhiwei;14.6%;27.1%;;;14.6%;10.4%;29.2%;2.1%;;2.1%;;;;;;;;;;;;;;
;;;Data Mining-Honors;202620;Spring 2026;001;18575;Zhu, Zhiwei;;100.0%;;;;;;;;;;;;;;;;;;;;;;
;;47400;Predictive Analytics;202620;Spring 2026;001;28954;Wolanski, Adrian H.;31.4%;15.7%;3.9%;;3.9%;11.8%;17.6%;5.9%;2.0%;5.9%;2.0%;;;;;;;;;;;;;
;;;;;;002;21609;Wolanski, Adrian H.;18.4%;30.6%;10.2%;;10.2%;8.2%;6.1%;14.3%;;2.0%;;;;;;;;;;;;;;
;;47500;Machine Learning For Business;202620;Spring 2026;001;13798;Zhang, Yichen;5.6%;44.4%;3.7%;;5.6%;3.7%;33.3%;3.7%;;;;;;;;;;;;;;;;
;;47800;Experiential Proj In Analytics;202620;Spring 2026;003;16868;Elliott, Robert E.;23.5%;8.8%;;;26.5%;2.9%;29.4%;5.9%;;2.9%;;;;;;;;;;;;;;
;;;;;;005;41323;Wang, Xing;45.8%;12.5%;16.7%;;4.2%;;16.7%;;;;;;;;;;;;;;;;4.2%;
;;47900;Data Visualization;202620;Spring 2026;003;28196;Chaturvedi, Alok R.;34.7%;8.2%;;;20.4%;4.1%;26.5%;4.1%;;2.0%;;;;;;;;;;;;;;
;;;;;;004;28198;Chaturvedi, Alok R.;18.4%;28.6%;;;8.2%;20.4%;18.4%;;2.0%;4.1%;;;;;;;;;;;;;;
;;48400;Mgmt Entrepreneurial Ventures;202620;Spring 2026;002;69703;Chakravarty, Sugato;44.0%;;;;12.0%;8.0%;12.0%;4.0%;4.0%;;;;;;4.0%;;;;;;;;12.0%;
;;;;;;003;21610;Lynall, Matthew D.;22.2%;36.1%;;;8.3%;2.8%;30.6%;;;;;;;;;;;;;;;;;
;;49000;AI Finance Application;202620;Spring 2026;001;40645;Zhang, Xinde;42.9%;8.6%;;;5.7%;2.9%;14.3%;2.9%;2.9%;5.7%;;;;;2.9%;;;;;;;;11.4%;
;;;Finance Practicum;202620;Spring 2026;002;40995;Zhang, Xinde;20.0%;16.0%;;;12.0%;12.0%;28.0%;4.0%;4.0%;4.0%;;;;;;;;;;;;;;
;;;Hacking For Defense;202620;Spring 2026;003;41183;Callahan, Ken D.;88.2%;;;5.9%;5.9%;;;;;;;;;;;;;;;;;;;
;;49400;IBE Capstone;202620;Spring 2026;001;21790;Grigoriou, Konstantinos;29.4%;29.4%;14.7%;;14.7%;5.9%;5.9%;;;;;;;;;;;;;;;;;
;;;;;;002;21800;Grigoriou, Konstantinos;40.0%;22.9%;2.9%;;8.6%;2.9%;22.9%;;;;;;;;;;;;;;;;;
;;;IBE Capstone-Honors;202620;Spring 2026;001;21790;Grigoriou, Konstantinos;;;100.0%;;;;;;;;;;;;;;;;;;;;;
;;49600;Mgmt Consult Practicum;202620;Spring 2026;001;34889;Chiu, Wan Ting;;6.7%;20.0%;;6.7%;33.3%;33.3%;;;;;;;;;;;;;;;;;
;;49700;The Science Of Working Well;202620;Spring 2026;001;34891;Rossetti, Allison S.;15.4%;28.2%;2.6%;;12.8%;7.7%;15.4%;5.1%;2.6%;2.6%;2.6%;2.6%;;;;;;;;;;;2.6%;
;;50300;Advanced Accounting;202620;Spring 2026;001;57688;Kregar, Michael;22.2%;2.8%;;;25.0%;5.6%;25.0%;5.6%;11.1%;;;;;;;;;;;;;;2.8%;
;;;;;;002;57689;Kregar, Michael;21.8%;9.1%;1.8%;;10.9%;10.9%;20.0%;18.2%;1.8%;5.5%;;;;;;;;;;;;;;
;;50400;Tax Accounting;202620;Spring 2026;002;22617;Eagan, John T.;41.8%;20.0%;18.2%;;5.5%;1.8%;9.1%;1.8%;;1.8%;;;;;;;;;;;;;;
;;;;;;003;19879;Eagan, John T.;36.4%;12.7%;27.3%;;12.7%;1.8%;3.6%;;1.8%;1.8%;;;;;;;;;;;;;1.8%;
;;50600;Auditing;202620;Spring 2026;001;68691;Anderson, Erin A.;9.1%;9.1%;;;30.9%;18.2%;12.7%;3.6%;1.8%;9.1%;;;;;1.8%;;;;;;;;3.6%;
;;;;;;002;22620;Anderson, Erin A.;10.9%;21.8%;;;21.8%;20.0%;7.3%;3.6%;;10.9%;;;;;3.6%;;;;;;;;;
;;50900;International Accountg;202620;Spring 2026;001;21623;Kregar, Michael;14.3%;28.6%;4.1%;;14.3%;10.2%;20.4%;2.0%;;2.0%;;;;;;;;;;;;;4.1%;
;;51100;Fixed Income Security;202620;Spring 2026;001;15216;Atmaz, Adem;10.0%;35.0%;;;25.0%;15.0%;15.0%;;;;;;;;;;;;;;;;;
;;51400;Vol Inc Tax Assist VITA;202620;Spring 2026;001;35140;Karan, James J.;86.7%;6.7%;;;3.3%;;;;;;;;;;;;;;;;;;3.3%;
;;52710;Digital Marketing Applications;202620;Spring 2026;001;17249;Liu, Qiang;6.7%;46.7%;;;;;40.0%;;;;;;;;;;;;;;;;6.7%;
;;52800;Customer Analytics;202620;Spring 2026;001;22531;Jo, Wooyong;28.9%;13.2%;2.6%;;15.8%;5.3%;34.2%;;;;;;;;;;;;;;;;;
;;52900;Marketing Consulting;202620;Spring 2026;001;16927;Lee, Jinsuh;18.8%;50.0%;;;25.0%;;6.3%;;;;;;;;;;;;;;;;;
;;;;;;002;13742;Lee, Jinsuh;23.1%;30.8%;;;7.7%;7.7%;23.1%;7.7%;;;;;;;;;;;;;;;;
;;54400;Database Mgmt Systems;202620;Spring 2026;001;10291;Ferdousi, Bushra;10.2%;;38.8%;;16.3%;4.1%;12.2%;4.1%;2.0%;8.2%;4.1%;;;;;;;;;;;;;
;;;;;;002;21622;Ferdousi, Bushra;22.0%;4.0%;20.0%;;20.0%;8.0%;12.0%;6.0%;;8.0%;;;;;;;;;;;;;;
;;54500;Systems Development;202620;Spring 2026;002;25128;Elliott, Robert E.;30.6%;6.1%;;;46.9%;8.2%;4.1%;4.1%;;;;;;;;;;;;;;;;
;;55360;Industrial Relations I;202620;Spring 2026;002;23290;Dworkin, James B.;30.8%;15.4%;;;53.8%;;;;;;;;;;;;;;;;;;;
;;55700;Financial Analytics;202620;Spring 2026;001;40384;Michels, Jeremy D.;57.1%;;7.1%;;14.3%;;;;;;7.1%;;;;;;;;;;;;14.3%;
;;;;;;002;40385;Michels, Jeremy D.;25.0%;18.8%;12.5%;;12.5%;18.8%;;6.3%;;;;;;;;;;;;;;;6.3%;
;;;;;;003;40386;Michels, Jeremy D.;36.4%;9.1%;18.2%;;27.3%;;9.1%;;;;;;;;;;;;;;;;;
;;56800;Supply Chain Analytics;202620;Spring 2026;001;34926;Haskell, William B.;17.1%;25.7%;;;11.4%;;45.7%;;;;;;;;;;;;;;;;;
;;56900;Ethical And Sustainable SCM;202620;Spring 2026;001;17607;Esenduran, Gokce;18.2%;36.4%;4.5%;;22.7%;4.5%;13.6%;;;;;;;;;;;;;;;;;
;;57000;Spreadsht Modl & Simul;202620;Spring 2026;001;65512;Mercado Velasco, Gary;32.7%;36.7%;8.2%;;6.1%;2.0%;14.3%;;;;;;;;;;;;;;;;;
;;;;;;002;65511;Mercado Velasco, Gary;40.8%;36.7%;6.1%;;2.0%;4.1%;10.2%;;;;;;;;;;;;;;;;;
;;57300;Opt Mod With Spreadsheets;202620;Spring 2026;001;69356;Wang, Alex L.;27.3%;27.3%;18.2%;;;9.1%;18.2%;;;;;;;;;;;;;;;;;
;;58500;IT Project Management;202620;Spring 2026;001;69281;Elliott, Robert E.;18.0%;16.4%;;;23.0%;6.6%;31.1%;;;4.9%;;;;;;;;;;;;;;
;;;;;;002;69282;Elliott, Robert E.;24.5%;14.3%;;;28.6%;6.1%;22.4%;2.0%;;2.0%;;;;;;;;;;;;;;
;;59000;Big Data And MLOps;202620;Spring 2026;147;69530;Khan, Shoaib A.;25.8%;28.1%;3.4%;;15.7%;4.5%;20.2%;;;1.1%;;;;;;;;;;;;;1.1%;
;;;Emerging Tech & Business;202620;Spring 2026;B88;40631;Aggarwal, Rohit;29.2%;54.2%;;;;;12.5%;;;;;;;;;;;;;;;;4.2%;
;;;;;;MBT;40632;Aggarwal, Rohit;13.3%;66.7%;;;;;16.7%;;;;;;;;3.3%;;;;;;;;;
;;;Financial Tax & Est Planning;202620;Spring 2026;179;32158;Lagrange, Neil C.;12.5%;18.8%;;;18.8%;;50.0%;;;;;;;;;;;;;;;;;
;;;Machine Learning;202620;Spring 2026;103;25425;Zhang, Yichen;8.1%;35.1%;2.7%;;10.8%;;40.5%;;;;;;;;;;;;;;;;2.7%;
;;;Practicum In Finance;202620;Spring 2026;155;23643;D'Almeida, Fabricio R.;33.3%;44.4%;;;;;22.2%;;;;;;;;;;;;;;;;;
;;;Reinforcement Learning & LLM's;202620;Spring 2026;184;35701;Sun, Wei;43.2%;18.9%;27.0%;;;;8.1%;;;;;;;;;;;;;;;;2.7%;
;;;Sales Mgmt For Finance Prof;202620;Spring 2026;178;32132;Ryffel, Richard A.;7.1%;14.3%;;;14.3%;;57.1%;;;;;;;;;;;;;;;;7.1%;
;;;Student Managed Venture Fund;202620;Spring 2026;189;41299;D'Almeida, Fabricio R.;46.7%;46.7%;;;6.7%;;;;;;;;;;;;;;;;;;;
;;;Tech Governance & Regulations;202620;Spring 2026;160;23472;Mazur, Lawrence J.;11.5%;30.8%;;;19.2%;;23.1%;;;3.8%;;;;;;7.7%;;;;;;;3.8%;
;;59100;Launching Global Leaders;202620;Spring 2026;001;17283;Chupp, Brian K.;;;;;;;;;;;;;;;;;;;;100.0%;;;;
;;;;;;002;37233;Bosso, Michelle A.;;;;;;;;;;;;;;;;;;;;96.6%;;3.4%;;
;;;;;;003;40469;D'Almeida, Fabricio R.;;;;;;;;;;;;;;;;;;;;100.0%;;;;
;;59200;Contracts For Managers;202620;Spring 2026;001;25039;Fisher, Clifford D.;25.0%;;7.1%;;35.7%;;25.0%;;;;;;;;;;;3.6%;;;;;3.6%;
;;59800;Analyzing Unstructured Data;202620;Spring 2026;001;34935;Ying, Yat Ling;20.0%;33.3%;;;26.7%;2.2%;15.6%;;;2.2%;;;;;;;;;;;;;;
;;60110;Industry Practicum;202620;Spring 2026;001;35219;Khan, Shoaib A.;42.9%;39.3%;7.1%;;;;10.7%;;;;;;;;;;;;;;;;;
;;;;;;002;35220;Khan, Shoaib A.;60.7%;21.4%;10.7%;;;;7.1%;;;;;;;;;;;;;;;;;
;;;;;;004;35224;Mercado Velasco, Gary;46.4%;17.9%;25.0%;;7.1%;;3.6%;;;;;;;;;;;;;;;;;
;;62300;Business Marketing;202620;Spring 2026;001;69411;Downey, Laura A.;36.4%;;;;59.1%;;;4.5%;;;;;;;;;;;;;;;;
;;63350;Accounting Data Analytics;202620;Spring 2026;001;24911;Janes, Troy D.;69.4%;8.3%;;;2.8%;;16.7%;;;;;;;;;;;;;;;;2.8%;
;;63410;Communications For Accountnt;202620;Spring 2026;001;24913;Pruim, Douglas E.;35.3%;23.5%;;;20.6%;8.8%;11.8%;;;;;;;;;;;;;;;;;
;;;;;;002;14045;Pruim, Douglas E.;3.7%;44.4%;;;14.8%;11.1%;18.5%;;;7.4%;;;;;;;;;;;;;;
;;63640;Accounting Scandals;202620;Spring 2026;001;34979;Janes, Troy D.;60.3%;33.3%;;;;;6.3%;;;;;;;;;;;;;;;;;
;;63650;Accounting Ethics;202620;Spring 2026;001;14050;Putman, Cara C.;9.4%;25.0%;3.1%;;43.8%;;18.8%;;;;;;;;;;;;;;;;;
;;63750;Advanced Taxation;202620;Spring 2026;001;14053;Eagan, John T.;18.9%;16.2%;;;21.6%;;35.1%;2.7%;;2.7%;;;;;2.7%;;;;;;;;;
;;63800;Pricing Strategy & Algorithms;202620;Spring 2026;002;18709;Rossi, Federico;24.4%;19.5%;;;29.3%;7.3%;17.1%;;;;;;;;;;;;;;;;2.4%;
;;63900;Adv Audit And Analytics;202620;Spring 2026;001;14056;Janes, Troy D.;39.3%;50.8%;;;;;9.8%;;;;;;;;;;;;;;;;;
;;64300;Financial Risk Mgmt;202620;Spring 2026;001;69439;Zeng, Lulu;14.3%;7.1%;7.1%;;28.6%;28.6%;7.1%;;;;;;;;;;;;;;;;7.1%;
;;65000;Strategic Management I;202620;Spring 2026;001;65412;Ozmel Yavuz, Umit;24.1%;24.1%;;;34.5%;3.4%;6.9%;;;;;;;;;;;;;;;;6.9%;
;;;;;;002;22702;Ozmel Yavuz, Umit;26.5%;14.7%;;;23.5%;;32.4%;;;;;2.9%;;;;;;;;;;;;
;;65200;Entrepreneurship;202620;Spring 2026;001;34966;Lynall, Matthew D.;35.3%;23.5%;;;14.7%;;14.7%;;;2.9%;;;;;;;;;;;;;8.8%;
;;65210;Org Dev & Consulting Rewards;202620;Spring 2026;001;34955;Campion, Michael A.;12.9%;19.4%;;;32.3%;3.2%;29.0%;;;;;;;;3.2%;;;;;;;;;
;;65390;HR Analytics;202620;Spring 2026;001;34968;Rosokha, Lindsay M.;;45.8%;4.2%;;25.0%;;16.7%;;;4.2%;;;;;;;;;;;;;4.2%;
;;65420;Leadership;202620;Spring 2026;MBT;22709;Schoorman, F D.;13.3%;16.7%;;;36.7%;3.3%;23.3%;;;;;;;;6.7%;;;;;;;;;
;;65430;Negotiatns In Organztn;202620;Spring 2026;001;26004;Dineen, Brian R.;26.1%;17.4%;;;26.1%;4.3%;17.4%;;;4.3%;;;;;4.3%;;;;;;;;;
;;;;;;002;26005;Nielsen, Jordan D.;22.6%;29.0%;;;19.4%;6.5%;16.1%;3.2%;;3.2%;;;;;;;;;;;;;;
;;;;;;003;23550;Schoorman, F D.;28.6%;7.1%;;;39.3%;7.1%;10.7%;3.6%;;;;;;;3.6%;;;;;;;;;
;;65440;Change Management;202620;Spring 2026;001;31986;Dunford, Benjamin B.;17.5%;17.5%;;;22.5%;;35.0%;;;2.5%;;;;;;2.5%;;;;;;;2.5%;
;;;;;;002;31987;Dunford, Benjamin B.;20.8%;37.5%;;;12.5%;4.2%;4.2%;4.2%;8.3%;;;;;;;;;;;;;;8.3%;
;;65480;Total Rewards;202620;Spring 2026;001;31988;Gibelato Santos Ribeiro, Izabely R.;4.3%;30.4%;8.7%;;17.4%;21.7%;4.3%;8.7%;;4.3%;;;;;;;;;;;;;;
;;65500;Competitive Strategy;202620;Spring 2026;001;23478;Chiu, Wan Ting;;25.0%;22.9%;;22.9%;6.3%;16.7%;2.1%;;2.1%;;;;;;;;;;;;;2.1%;
;;65700;Manufact Strat & Process Innov;202620;Spring 2026;001;12926;Brush, Thomas H.;15.8%;31.6%;;;31.6%;;21.1%;;;;;;;;;;;;;;;;;
;;65730;Technology Strategy;202620;Spring 2026;MBT;22716;Lee, Gwendolyn K.;17.1%;11.4%;;;31.4%;;37.1%;;;;;;;;2.9%;;;;;;;;;
;;65810;Corp Consulting Experiential;202620;Spring 2026;001;31762;Burr, John F.;69.6%;4.3%;8.7%;;4.3%;;8.7%;;;;;;;;;;;;;;;;4.3%;
;;66000;Intro To Operations Management;202620;Spring 2026;001;22721;Shi, Pengyi;22.9%;11.4%;2.9%;;25.7%;11.4%;5.7%;8.6%;;2.9%;2.9%;;;;;;;;;;;;5.7%;
;;66400;Supply Chain Management;202620;Spring 2026;002;17352;Esenduran, Gokce;27.8%;19.4%;;;11.1%;13.9%;25.0%;;;;;;;;2.8%;;;;;;;;;
;;68700;AI For Business Decisions;202620;Spring 2026;001;35699;Huang, Shan;17.5%;15.8%;5.3%;;19.3%;10.5%;28.1%;;;;;;;;1.8%;;;;;;;;1.8%;
;;;;;;002;35700;Huang, Shan;15.9%;17.5%;4.8%;;17.5%;11.1%;31.7%;;;;;;;;;;;;;;;;1.6%;
;;69000;AI Leadership In Finance;202620;Spring 2026;120;40465;Zhang, Xinde;66.7%;33.3%;;;;;;;;;;;;;;;;;;;;;;
;;;CPA Capstone;202620;Spring 2026;113;32628;Maienbrook, Terra D.;28.3%;;;;67.9%;;;;;;;;;;1.9%;;;;;;;;1.9%;
;;;Mastering AI For Finance;202620;Spring 2026;119;40463;Zhang, Xinde;45.0%;20.0%;;;10.0%;10.0%;10.0%;;;;;;;;;;;;;;;;5.0%;
;;;Team Performance;202620;Spring 2026;117;34987;Dunford, Benjamin B.;29.2%;29.2%;;;25.0%;;12.5%;;;;4.2%;;;;;;;;;;;;;
MSE;MSE-Materials Engineering;23000;Struc & Prop Of Mat;202620;Spring 2026;001;11451;Marinero-Caceres, Esteban E.;8.7%;4.7%;8.7%;;13.3%;12.0%;11.3%;11.3%;5.3%;9.3%;3.3%;5.3%;5.3%;;;;;;;;;;1.3%;
;;;;;;014;16389;Marinero-Caceres, Esteban E.;6.8%;7.9%;5.0%;;11.5%;7.5%;10.0%;7.5%;9.3%;10.8%;8.6%;4.7%;5.4%;;0.4%;;;;;;;;4.7%;
;;23500;2nd Year Mat Engineering Lab;202620;Spring 2026;001;20108;Heichel, Danielle L.;28.3%;28.3%;6.5%;;15.2%;;8.7%;2.2%;;2.2%;4.3%;;;;2.2%;;;;;;;;2.2%;
;;25000;Physical Prop In Engr Systems;202620;Spring 2026;001;17618;El-Azab, Anter A.;37.3%;32.2%;16.9%;;;;5.1%;1.7%;;5.1%;;;;;;;;;;;;;1.7%;
;;26000;Thermodynamics Of Materials;202620;Spring 2026;001;49580;Sandhage, Kenneth H.;10.0%;18.3%;15.0%;;11.7%;5.0%;13.3%;5.0%;3.3%;13.3%;;;5.0%;;;;;;;;;;;
;;27000;Atomistic Materials Science;202620;Spring 2026;001;41367;Zbib, Mohamad B.;18.8%;23.8%;12.5%;;15.0%;10.0%;6.3%;5.0%;2.5%;3.8%;;;2.5%;;;;;;;;;;;
;;33000;Process & Prop Of Materials;202620;Spring 2026;001;41370;Erk, Kendra A.;21.1%;31.6%;1.1%;;11.6%;5.3%;13.7%;5.3%;2.1%;5.3%;2.1%;;;;1.1%;;;;;;;;;
;;33500;Mat Character Lab;202620;Spring 2026;001;19368;Okuniewski, Maria A.;7.5%;10.0%;;;25.0%;17.5%;27.5%;7.5%;;;2.5%;;2.5%;;;;;;;;;;;
;;34000;Transport Phenomena;202620;Spring 2026;001;19561;Krane, Matthew J.;6.1%;3.0%;6.1%;;9.1%;12.1%;12.1%;15.2%;;6.1%;9.1%;6.1%;6.1%;;3.0%;;;;;;;;6.1%;
;;36700;Materials Process Lab;202620;Spring 2026;005;18955;Heichel, Danielle L.;12.5%;12.5%;5.0%;;20.0%;20.0%;17.5%;2.5%;2.5%;2.5%;;;;;2.5%;;;;;;;;2.5%;
;;38200;Mech Response Material;202620;Spring 2026;001;22816;Johnson, David R.;19.8%;6.3%;3.1%;;13.5%;17.7%;11.5%;11.5%;7.3%;6.3%;1.0%;;;;1.0%;;;;;;;;1.0%;
;;39000;Materials Engr Seminar;202620;Spring 2026;001;22817;Rahimi, Rahim;;;;;;;;;;;;;;;;;;;;92.9%;;2.8%;4.3%;
;;;;;;002;10571;Rahimi, Rahim;;;;;;;;;;;;;;;;;;;;92.6%;;4.6%;2.8%;
;;44000;Mat Process Design II;202620;Spring 2026;001;18865;Gildemeister, David R.;30.8%;33.3%;2.6%;;3.8%;2.6%;20.5%;2.6%;1.3%;2.6%;;;;;;;;;;;;;;
;;49900;Independent Research;202620;Spring 2026;001;19888;Johnson, David R.;90.9%;;;;9.1%;;;;;;;;;;;;;;;;;;;
;;;;;;002;19889;Johnson, David R.;89.3%;3.6%;;;7.1%;;;;;;;;;;;;;;;;;;;
;;;;;;003;19893;Johnson, David R.;91.7%;;;;;;8.3%;;;;;;;;;;;;;;;;;
;;50200;Defects In Solids;202620;Spring 2026;001;64869;Islam, Raisul;35.7%;53.6%;;;;3.6%;3.6%;;;;;;;;;;;;;;;;3.6%;
;;51000;Micro Charac Technique;202620;Spring 2026;001;38284;Mao, Scott X.;19.0%;23.8%;7.1%;;28.6%;14.3%;7.1%;;;;;;;;;;;;;;;;;
;;51700;Materials For Hypersonics;202620;Spring 2026;001;38283;Trice, Rodney W.;33.3%;11.1%;2.8%;;25.0%;16.7%;8.3%;;;;;;;;;;;;;;;;2.8%;
;;52500;Struct-Prop Eng Polymr;202620;Spring 2026;001;17923;Martinez, Carlos J.;14.3%;17.9%;7.1%;;17.9%;14.3%;17.9%;;;3.6%;;3.6%;;;;;;;;;;;3.6%;
;;52700;Biomaterials;202620;Spring 2026;001;28614;Barui, Amit Kumar;44.7%;23.4%;27.7%;;4.3%;;;;;;;;;;;;;;;;;;;
;;53000;Mtls Procs Mfg;202620;Spring 2026;003;38282;Gildemeister, David R.;16.7%;27.8%;22.2%;;11.1%;11.1%;5.6%;5.6%;;;;;;;;;;;;;;;;
;;53500;Lean Manufacturing;202620;Spring 2026;001;28617;Mort, Paul R.;31.0%;23.9%;;;15.5%;2.8%;25.4%;;;;;;;;;;;;;;;;1.4%;
;;;;;;002;32515;Mort, Paul R.;18.9%;21.6%;;5.4%;21.6%;8.1%;18.9%;;;2.7%;;;;;;;;;;;;;2.7%;
;;56700;Polymer Synthesis;202620;Spring 2026;001;35158;Youngblood, Jeffrey P.;33.3%;19.0%;;4.8%;23.8%;4.8%;;4.8%;;4.8%;;4.8%;;;;;;;;;;;;
;;56800;Additive Manuf Of Materials;202620;Spring 2026;001;28619;Zhang, Xinghang;32.5%;25.0%;25.0%;;7.5%;2.5%;5.0%;;;;;;;;;;;;;;;;2.5%;
;;57000;Materials Modeling Informatics;202620;Spring 2026;001;14848;Mannodi Kanakkithodi, Arun Kumar;34.5%;;6.9%;;6.9%;;24.1%;10.3%;;10.3%;3.4%;;;;;;;;;;;;3.4%;
;;57700;Matl Sci Of Recharg Batteries;202620;Spring 2026;001;37098;Garcia, R Edwin;34.6%;;19.2%;3.8%;19.2%;;11.5%;3.8%;;;;;;;7.7%;;;;;;;;;
;;59700;Micro Charac Of Semiconductors;202620;Spring 2026;027;40375;Zbib, Mohamad B.;77.4%;3.2%;;;;6.5%;;;;;;;;;;;;;;;;;12.9%;
;;69000;Semnr Materials Engr;202620;Spring 2026;001;34178;Titus, Michael S.;;;;;;;;;;;;;;;;;;;;92.2%;;7.8%;;
;;69900;Research PhD Thesis;202620;Spring 2026;020;43912;Wang, Haiyan;;;;;;;;;;;;;;;;;;;;100.0%;;;;
;;;;;;047;28910;Zhang, Xinghang;;;;;;;;;;;;;;;;;;;;100.0%;;;;
MSL;MSL-Military Science & Ldrshp;10200;Foundations Of Leadership;202620;Spring 2026;001;38306;Churchill, Michael D.;21.4%;14.3%;50.0%;;;7.1%;;;;;;;;;;;;;;;;;7.1%;
;;;;;;003;38308;Meredith, Tyler J.;25.0%;8.3%;50.0%;;;;8.3%;;;;;;;;;;;;;;;;8.3%;
;;;;;;004;38309;Churchill, Michael D.;40.0%;6.7%;40.0%;;;6.7%;;;;;;;;;;;;;;;;;;6.7%
;;20200;Army Doctrine Decision Making;202620;Spring 2026;001;22892;Heslin, Paul E.;40.9%;9.1%;45.5%;;;;;;;;;;;;;;;;;;;;4.5%;
;;;;;;003;22894;Heslin, Paul E.;25.0%;25.0%;30.0%;;;;5.0%;;;;;;;;;;;;;;;;;15.0%
;;30200;Applied Ldrshp In Sm Unit Ops;202620;Spring 2026;001;22897;Heslin, Paul E.;20.0%;6.7%;73.3%;;;;;;;;;;;;;;;;;;;;;
;;;;;;002;22898;Churchill, Michael D.;28.6%;14.3%;50.0%;;;;;;;;;;;;;;;;;;;;;7.1%
;;40200;Company Grade Leadership;202620;Spring 2026;006;14373;Kammer, Anthony E.;38.5%;23.1%;30.8%;;;;;;;;;;;;;;;;;;;;3.8%;3.8%
MUS;MUS-Music History & Theory;10100;Discovery Forum;202620;Spring 2026;001;14488;Bulow, Harry T.;;;;;;;;;;;;;;;;;;;;85.7%;;3.6%;10.7%;
;;11200;Fundamentals Of Music;202620;Spring 2026;001;14417;Reardon, Michael W.;21.7%;8.7%;21.7%;;8.7%;8.7%;4.3%;4.3%;4.3%;4.3%;;;;;;;;4.3%;;;;;8.7%;
;;13200;Music Theory I;202620;Spring 2026;001;10113;Bodine, Gerald B.;14.8%;;25.9%;;7.4%;3.7%;11.1%;11.1%;3.7%;3.7%;;;;;;;;;;;;;18.5%;
;;;;;;004;10120;Yun, Yeon Ji;20.0%;12.0%;12.0%;;12.0%;4.0%;8.0%;4.0%;4.0%;8.0%;;4.0%;;;8.0%;;;;;;;;4.0%;
;;;;;;005;24042;Mccullough, Allen T.;25.9%;11.1%;7.4%;;14.8%;3.7%;7.4%;3.7%;;;3.7%;;;;3.7%;;;;;;;;18.5%;
;;13300;Music Theory II;202620;Spring 2026;001;14530;Bodine, Gerald B.;25.0%;2.8%;33.3%;;13.9%;5.6%;5.6%;;5.6%;2.8%;2.8%;;;;;;;;;;;;2.8%;
;;16100;Class Piano I;202620;Spring 2026;001;14321;Bulow, Ellen;35.7%;;;;35.7%;;;7.1%;;;;;;;;;;7.1%;;;;;14.3%;
;;;;;;002;22844;Bulow, Ellen;62.5%;;;;6.3%;;;6.3%;;;;;;;;;;6.3%;;;;;18.8%;
;;;;;;003;15061;Bulow, Ellen;81.3%;;;;6.3%;;;6.3%;;;;;;;;;;6.3%;;;;;;
;;;Class Piano I-Honors;202620;Spring 2026;001;14321;Bulow, Ellen;100.0%;;;;;;;;;;;;;;;;;;;;;;;
;;16200;Class Piano II;202620;Spring 2026;001;14323;Bulow, Ellen;20.0%;;;;20.0%;;;6.7%;;;26.7%;;;;13.3%;;;6.7%;;;;;6.7%;
;;25000;Music Appreciation;202620;Spring 2026;004;14536;Monical, Dwight L.;56.8%;;;;25.0%;;;11.4%;;;;;;;4.5%;;;2.3%;;;;;;
;;;;;;005;36803;Monical, Dwight L.;44.4%;;;;28.9%;;;6.7%;;;2.2%;;;;8.9%;;;;;;;;8.9%;
;;;;;;006;36804;Monical, Dwight L.;86.0%;;;;4.7%;;;2.3%;;;2.3%;;;;2.3%;;;;;;;;2.3%;
;;;;;;007;38395;Yun, Yeon Ji;17.8%;13.3%;33.3%;;4.4%;4.4%;8.9%;4.4%;2.2%;2.2%;2.2%;;;;2.2%;;;;;;;;4.4%;
;;27000;Computer Skills In Music;202620;Spring 2026;001;13869;Taylor, Monte H.;13.3%;;46.7%;;;;13.3%;;;13.3%;;;;;13.3%;;;;;;;;;
;;;;;;002;22592;Taylor, Monte H.;6.3%;;56.3%;;;12.5%;6.3%;6.3%;6.3%;;;;;;;;;;;;;;6.3%;
;;29200;Music, Media, And Technology;202620;Spring 2026;001;36133;Cayari, Christopher P.;37.5%;;37.5%;;12.5%;;;;;12.5%;;;;;;;;;;;;;;
;;32400;Teach Music Elem Schl;202620;Spring 2026;003;14435;Dubikovsky, Nadya Nadegda N.;50.0%;;;;35.7%;;;7.1%;;;;;;;;;;;;;;;7.1%;
;;;;;;004;17473;Dubikovsky, Nadya Nadegda N.;56.3%;;;;31.3%;;;12.5%;;;;;;;;;;;;;;;;
;;;;;;005;14921;Cayari, Christopher P.;23.5%;;11.8%;;29.4%;;;29.4%;;;;;;;;;;;;;;;5.9%;
;;34500;History Of Rock Music;202620;Spring 2026;001;27820;Cox, Drew M.;76.9%;10.3%;;;;;5.1%;2.6%;;2.6%;2.6%;;;;;;;;;;;;;
;;35200;Studio Voice;202620;Spring 2026;001;16182;Anderson, Elizabeth R.;66.7%;;16.7%;;;;8.3%;;;;;;;;8.3%;;;;;;;;;
;;37600;World Music;202620;Spring 2026;001;27819;Warden, Nolan M.;14.3%;28.6%;10.7%;;10.7%;;21.4%;3.6%;3.6%;;3.6%;;;;;;;;;;;;3.6%;
;;37800;Jazz History;202620;Spring 2026;001;38442;Harris, Jarrard L.;69.0%;3.4%;10.3%;;3.4%;;;;;;;3.4%;;;3.4%;;;;;;;;6.9%;
;;;;;;002;38443;Cox, Drew M.;70.0%;6.7%;;;3.3%;3.3%;6.7%;6.7%;;;;;;;;;;;;;;;3.3%;
;;38200;Music History II;202620;Spring 2026;001;14487;Cox, Drew M.;64.7%;;;;11.8%;11.8%;5.9%;;;;;;;;;;;;;;;;5.9%;
;;49000;Drum Studio;202620;Spring 2026;010;38463;Cox, Drew M.;100.0%;;;;;;;;;;;;;;;;;;;;;;;
;;;Music, Sound & Computing;202620;Spring 2026;009;19900;Park, Tae Hong;15.8%;5.3%;47.4%;;5.3%;5.3%;15.8%;;5.3%;;;;;;;;;;;;;;;
;;;Studio Cello & Double Bass;202620;Spring 2026;007;16947;Yun, Yeon Ji;;;100.0%;;;;;;;;;;;;;;;;;;;;;
NRES;NRES-Natural Res & Environ Sci;12500;Environmental Scienc & Conserv;202620;Spring 2026;001;10296;Adeniji, Adebola E.;16.0%;16.0%;8.0%;;12.0%;4.0%;32.0%;8.0%;;;;;;;;;;;;;;;4.0%;
;;23000;Survey Of Meteorology;202620;Spring 2026;001;12078;Orton, Andrea E.;12.9%;16.1%;38.7%;;6.5%;6.5%;12.9%;;;;;;3.2%;;3.2%;;;;;;;;;
;;;Survey Of Meteorology-Honors;202620;Spring 2026;001;12078;Orton, Andrea E.;;;;;;;;100.0%;;;;;;;;;;;;;;;;
;;25500;Soil Science;202620;Spring 2026;001;38264;Rahmani, Shams Rahman R.;53.6%;;;;14.3%;;7.1%;3.6%;;10.7%;3.6%;;;;3.6%;;;;;;;;3.6%;
;;33700;Environmental Hydrology;202620;Spring 2026;001;24271;Bowling, Laura C.;30.8%;23.1%;15.4%;;15.4%;7.7%;;;;;;;;;;;;;;;;;7.7%;
;;33800;Environmental Field Skills;202620;Spring 2026;001;20746;Shee, Christie N.;41.2%;17.6%;11.8%;;5.9%;5.9%;17.6%;;;;;;;;;;;;;;;;;
;;;;;;002;22585;Shee, Christie N.;50.0%;10.0%;25.0%;;5.0%;5.0%;;5.0%;;;;;;;;;;;;;;;;
;;;;;;003;13754;Shee, Christie N.;50.0%;;38.9%;;;;;11.1%;;;;;;;;;;;;;;;;
;;38010;Hazardous Waste Handling;202620;Spring 2026;001;28657;Doyle, Eric M.;36.4%;9.1%;50.9%;;;1.8%;1.8%;;;;;;;;;;;;;;;;;
;;49700;NRES Current Topics;202620;Spring 2026;001;25647;Shee, Christie N.;15.3%;5.1%;72.9%;;;;5.1%;;;;;;;;;;;;;;;;1.7%;
NS;NS-Naval Science;20200;Naval Science Laboratory;202620;Spring 2026;003;22934;Shinholster, Rafeal;60.8%;15.7%;;;10.8%;2.0%;6.9%;2.0%;;1.0%;;;;;;;;;;;;;1.0%;
;;21200;Naval Ship Systems-Weapons;202620;Spring 2026;001;54678;Unruh, Austin T.;70.0%;17.5%;;;2.5%;5.0%;2.5%;;;;;;;;;;;;;;;;2.5%;
;;;;;;002;29380;Unruh, Austin T.;73.8%;14.3%;;;2.4%;2.4%;4.8%;;2.4%;;;;;;;;;;;;;;;
;;21300;Sea Power & Maritm Aff;202620;Spring 2026;003;43625;Morris, Zachary L.;12.5%;;83.3%;;;;4.2%;;;;;;;;;;;;;;;;;
;;;;;;004;14548;Morris, Zachary L.;4.8%;;95.2%;;;;;;;;;;;;;;;;;;;;;
;;31000;Naval Navigation;202620;Spring 2026;003;43659;Kraft, Alex M.;53.8%;23.1%;;;3.8%;;11.5%;;;3.8%;3.8%;;;;;;;;;;;;;
;;33000;Evolution Of Warfare;202620;Spring 2026;001;34862;Calderon, Joshua A.;21.1%;15.8%;42.1%;;;15.8%;5.3%;;;;;;;;;;;;;;;;;
NUCL;NUCL-Nuclear Engineering;20000;Intro Nucl Engineering;202620;Spring 2026;001;22983;Taleyarkhan, Rusi P.;4.1%;17.4%;14.9%;;11.6%;10.7%;9.9%;7.4%;3.3%;4.1%;2.5%;1.7%;0.8%;;5.0%;1.7%;;;;;;;5.0%;
;;20500;Nucl Eng Undergr Lab I;202620;Spring 2026;014;26816;Chatzidakis, Stylianos;20.2%;17.2%;31.3%;;3.0%;4.0%;13.1%;3.0%;1.0%;2.0%;;;2.0%;;;2.0%;;;;;;;1.0%;
;;27300;Mechanics Of Materials;202620;Spring 2026;001;22992;Pantopoulou, Maria;8.2%;11.6%;3.0%;;11.6%;18.5%;12.4%;9.0%;5.6%;9.9%;2.1%;0.9%;2.6%;;0.9%;;;;;;;;3.9%;
;;29800;Sophomore Seminar;202620;Spring 2026;001;22995;Kim, Seungjin;;;;;;;;;;;;;;;;;;;;98.9%;;1.1%;;
;;31000;Intro To Neutron Trans;202620;Spring 2026;002;35724;Abdel-Khalik, Hany S.;25.9%;;31.0%;;32.8%;;;6.9%;;;1.7%;;;;1.7%;;;;;;;;;
;;35100;Nucl Therm-Hydraul II;202620;Spring 2026;001;18433;Bindra, Hitesh;11.3%;26.4%;;;17.0%;3.8%;24.5%;7.5%;3.8%;1.9%;1.9%;;;;;;;;;;;;1.9%;
;;35500;NUCL Thermohydra Lab;202620;Spring 2026;001;15982;Revankar, Shripad T.;8.2%;6.1%;;;22.4%;10.2%;8.2%;14.3%;2.0%;12.2%;8.2%;2.0%;4.1%;;2.0%;;;;;;;;;
;;39800;Junior Seminar;202620;Spring 2026;001;38304;Kim, Seungjin;;;;;;;;;;;;;;;;;;;;100.0%;;;;
;;45000;Des In Nucl Engr;202620;Spring 2026;003;35709;Bindra, Hitesh;84.0%;12.0%;;;;;4.0%;;;;;;;;;;;;;;;;;
;;46000;Intro Thermonuc Fusion;202620;Spring 2026;003;36669;Choi, Chan K.;30.8%;19.2%;15.4%;;11.5%;3.8%;7.7%;;3.8%;7.7%;;;;;;;;;;;;;;
;;49800;Senior Seminar;202620;Spring 2026;001;38305;Kim, Seungjin;;;;;;;;;;;;;;;;;;;;98.0%;;;2.0%;
;;52000;Radiation Effects;202620;Spring 2026;WNG;66330;Lou, Xiaoyuan;30.0%;20.0%;;5.0%;25.0%;5.0%;;5.0%;5.0%;5.0%;;;;;;;;;;;;;;
;;55300;Nano-Macro Scale Appl;202620;Spring 2026;001;37190;Taleyarkhan, Rusi P.;14.3%;35.7%;;;7.1%;;28.6%;;;7.1%;;;;;7.1%;;;;;;;;;
;;57000;Fuzzy Approach Engr;202620;Spring 2026;FNY;35712;Tsoukalas, Lefteri;33.8%;32.3%;33.8%;;;;;;;;;;;;;;;;;;;;;
;;59700;Plasma And Fusion;202620;Spring 2026;001;34917;Garner, Allen L.;61.5%;7.7%;;;15.4%;;7.7%;;;;;;;;;;;;;;;;7.7%;
;;69600;Nuclear Engr Sem;202620;Spring 2026;001;15556;Kim, Seungjin;;;;;;;;;;;;;;;;;;;;100.0%;;;;
NUR;NUR-Nursing;10900;Introduction To Nursing II;202620;Spring 2026;002;11678;Jones, Christine M.;30.6%;10.2%;55.1%;;2.0%;;;;;2.0%;;;;;;;;;;;;;;
;;;;;;004;17510;Loomis, Ann L.;15.9%;2.3%;75.0%;;2.3%;;4.5%;;;;;;;;;;;;;;;;;
;;;;;;LC1;22829;Loomis, Ann L.;17.0%;;80.9%;;2.1%;;;;;;;;;;;;;;;;;;;
;;22001;Essentials Of Nur Practice II;202620;Spring 2026;174;15387;DeWitt, Tasha M.;17.5%;38.1%;0.6%;;12.5%;1.3%;28.1%;;;0.6%;;;;;;1.3%;;;;;;;;
;;22101;Pathopharmacology II;202620;Spring 2026;001;63169;Swartzell, Kristen L.;5.3%;19.1%;;;27.0%;12.5%;32.2%;1.3%;0.7%;1.3%;;;0.7%;;;;;;;;;;;
;;22201;Population Health;202620;Spring 2026;002;15390;Altidor, Christelle N.;72.3%;10.6%;14.9%;;;2.1%;;;;;;;;;;;;;;;;;;
;;;;;;003;17578;Altidor, Christelle N.;70.5%;6.8%;20.5%;;;;2.3%;;;;;;;;;;;;;;;;;
;;22301;Research And EBP;202620;Spring 2026;002;17581;Altidor, Christelle N.;55.3%;15.8%;21.1%;;5.3%;;2.6%;;;;;;;;;;;;;;;;;
;;;;;;003;17582;Adeola, Mopelola T.;63.6%;18.2%;12.1%;;3.0%;;3.0%;;;;;;;;;;;;;;;;;
;;31401;Adult Nursing I;202620;Spring 2026;025;17609;Grammer, Karen J.;20.6%;26.5%;;;10.3%;1.5%;39.7%;;;1.5%;;;;;;;;;;;;;;
;;31501;Nur Childbearing Families;202620;Spring 2026;001;69157;Batts, Cherish A.;54.4%;29.4%;;;2.9%;1.5%;11.8%;;;;;;;;;;;;;;;;;
;;31601;Integration Seminar I;202620;Spring 2026;001;11948;Nagle, Amy M.;26.5%;7.4%;61.8%;;1.5%;;1.5%;;;1.5%;;;;;;;;;;;;;;
;;31701;Adult Nursing II;202620;Spring 2026;020;21409;Brandenburg, Guinevere J.;8.3%;66.7%;;;;8.3%;16.7%;;;;;;;;;;;;;;;;;
;;;;;;023;21412;Brandenburg, Guinevere J.;16.7%;41.7%;8.3%;;8.3%;;16.7%;;8.3%;;;;;;;;;;;;;;;
;;;;;;056;23572;Brandenburg, Guinevere J.;25.0%;27.8%;;;8.3%;8.3%;27.8%;;;2.8%;;;;;;;;;;;;;;
;;31801;Psy & Mental Health Nursing;202620;Spring 2026;006;69195;Ajuwon, Abidemi Mary;64.3%;28.6%;;;;;7.1%;;;;;;;;;;;;;;;;;
;;;;;;031;21387;Ajuwon, Abidemi Mary;66.7%;25.0%;8.3%;;;;;;;;;;;;;;;;;;;;;
;;;;;;034;21393;Ajuwon, Abidemi Mary;66.7%;33.3%;;;;;;;;;;;;;;;;;;;;;;
;;31901;Integration Seminar II;202620;Spring 2026;002;11978;King, Melissa A.;25.8%;1.5%;72.7%;;;;;;;;;;;;;;;;;;;;;
;;33001;Nursing Peer Mentors;202620;Spring 2026;001;69279;Loomis, Ann L.;;;100.0%;;;;;;;;;;;;;;;;;;;;;
;;39900;Wartime Influence On Hlthcare;202620;Spring 2026;031;23745;Hoying, Mary E.;15.4%;;76.9%;;;;3.8%;3.8%;;;;;;;;;;;;;;;;
;;41001;Issues In Professional Nursing;202620;Spring 2026;001;13054;Adeola, Mopelola T.;61.5%;2.6%;30.8%;;;2.6%;2.6%;;;;;;;;;;;;;;;;;
;;;;;;002;25238;Bednarski, Jenna E.;28.2%;5.1%;66.7%;;;;;;;;;;;;;;;;;;;;;
;;41401;Pediatric Nursing;202620;Spring 2026;025;20407;Bowling, Heather R.;63.5%;24.3%;2.7%;;4.1%;;5.4%;;;;;;;;;;;;;;;;;
;;41501;Public Health Nursing;202620;Spring 2026;001;11022;Cook, Shannon V.;58.1%;32.4%;4.1%;;1.4%;1.4%;2.7%;;;;;;;;;;;;;;;;;
;;41701;Leadership In Nursing;202620;Spring 2026;003;11135;Walker, Mallori R.;61.5%;6.4%;29.5%;;1.3%;;1.3%;;;;;;;;;;;;;;;;;
;;42001;Nursing Transition;202620;Spring 2026;002;13261;Jones, Christine M.;37.2%;1.3%;60.3%;;1.3%;;;;;;;;;;;;;;;;;;;
;;43001;NCLEX Review;202620;Spring 2026;001;69617;Ward, Amanda E.;15.0%;3.4%;70.1%;;0.7%;2.0%;2.7%;;;1.4%;;0.7%;;;2.0%;;;;;;;;2.0%;
;;50200;Pharm For APN;202620;Spring 2026;001;23627;Potetz, Janelle E.;95.2%;;;;4.8%;;;;;;;;;;;;;;;;;;;
;;50300;Adv Health Assessment;202620;Spring 2026;001;23628;Abebe, Sheila Y.;100.0%;;;;;;;;;;;;;;;;;;;;;;;
;;50500;Sociocultural Nursing;202620;Spring 2026;002;16494;Lalani, Nasreen Sulaiman;100.0%;;;;;;;;;;;;;;;;;;;;;;;
;;51601;Clinical Apps In Pharm FNP;202620;Spring 2026;002;17706;Abebe, Sheila Y.;100.0%;;;;;;;;;;;;;;;;;;;;;;;
;;51700;DNP Project Seminar;202620;Spring 2026;001;29320;Abebe, Sheila Y.;;;;;;;;;;;;;;;;;;;;100.0%;;;;
;;52500;Informatics In Nursing;202620;Spring 2026;001;69614;Jo, Soo Jung;54.2%;;;;45.8%;;;;;;;;;;;;;;;;;;;
;;57600;PMHNP II;202620;Spring 2026;005;23132;Kersey, Susan J.;54.5%;;;;45.5%;;;;;;;;;;;;;;;;;;;
;;60400;PhD Seminar;202620;Spring 2026;001;69688;Xu, Dongjuan;;;;;;;;;;;;;;;;;;;;100.0%;;;;
;;61100;Prim Care Young Family;202620;Spring 2026;001;31789;Santiago Banuelos, Yadira;92.3%;;;;7.7%;;;;;;;;;;;;;;;;;;;
;;61500;Primary Care Of Young Fam Prec;202620;Spring 2026;002;20425;Santiago Banuelos, Yadira;100.0%;;;;;;;;;;;;;;;;;;;;;;;
;;63100;FNP Preceptorship Clinical Syn;202620;Spring 2026;001;18899;Santiago Banuelos, Yadira;84.6%;;;;7.7%;;;;;;;;;;;7.7%;;;;;;;;
;;64000;Human Factors Healthcare Engr;202620;Spring 2026;001;27414;Dos Santos, Fabiana Cristina;100.0%;;;;;;;;;;;;;;;;;;;;;;;
;;67300;DNP Hlth Pol Residency;202620;Spring 2026;001;31718;Liu, Pi Ju;100.0%;;;;;;;;;;;;;;;;;;;;;;;
;;69010;Research Seminar;202620;Spring 2026;001;38857;Lalani, Nasreen Sulaiman;100.0%;;;;;;;;;;;;;;;;;;;;;;;
;;69030;Communication Seminar;202620;Spring 2026;001;38880;Dos Santos, Fabiana Cristina;100.0%;;;;;;;;;;;;;;;;;;;;;;;
NUTR;NUTR-Nutrition Science;12500;Food Safety Cert & Career Dev;202620;Spring 2026;001;62604;Allsopp Castillo, Marie A.;16.7%;12.5%;62.5%;;4.2%;;;;;;;;;;;4.2%;;;;;;;;
;;20500;Food Science I;202620;Spring 2026;010;17841;Furiya, Alvin J.;42.9%;28.6%;;;7.1%;14.3%;;7.1%;;;;;;;;;;;;;;;;
;;24500;Rookie Exp In Sports Nutrition;202620;Spring 2026;001;12730;Clark, Rachel A.;;;;;;;;;;;;;;;;;15.0%;85.0%;;;;;;
;;30300;Essentials Of Nutr;202620;Spring 2026;005;15367;Baker, Selena L.;30.0%;5.6%;54.4%;;2.2%;1.1%;4.4%;;;1.1%;;;1.1%;;;;;;;;;;;
;;;;;;006;15368;Burgess, John R.;26.1%;9.1%;38.6%;;8.0%;1.1%;4.5%;;;6.8%;1.1%;;1.1%;;2.3%;;;;;;;;1.1%;
;;;;;;007;15369;Burgess, John R.;33.0%;6.8%;42.0%;;4.5%;;4.5%;2.3%;1.1%;2.3%;;;;;2.3%;;;;;;;;1.1%;
;;;;;;008;15370;Burgess, John R.;14.4%;15.6%;44.4%;;3.3%;6.7%;8.9%;;1.1%;1.1%;;;;;3.3%;;;;;;;;1.1%;
;;;;;;009;15374;Baker, Selena L.;34.1%;3.3%;44.0%;;4.4%;2.2%;5.5%;;1.1%;1.1%;;1.1%;1.1%;;1.1%;;;;;;;;1.1%;
;;;;;;010;15375;Burgess, John R.;27.8%;5.6%;47.8%;;2.2%;5.6%;6.7%;;;1.1%;;;;;2.2%;;;;;;;;1.1%;
;;;;;;Y01;15006;Allsopp Castillo, Marie A.;7.5%;5.0%;85.0%;;;;;;;2.5%;;;;;;;;;;;;;;
;;;;;;Y02;15009;Allsopp Castillo, Marie A.;15.0%;10.0%;65.0%;;;5.0%;;;;;;;;;;;;;;;;;5.0%;
;;;;;;Y03;15014;Allsopp Castillo, Marie A.;15.0%;12.5%;57.5%;;7.5%;2.5%;2.5%;;;;;;;;2.5%;;;;;;;;;
;;;;;;Y04;15016;Allsopp Castillo, Marie A.;10.0%;;72.5%;;7.5%;;2.5%;5.0%;;;;;;;;;;;;;;;2.5%;
;;;;;;Y05;15020;Furiya, Alvin J.;30.0%;15.0%;10.0%;;7.5%;2.5%;17.5%;;;5.0%;;2.5%;2.5%;;;;;;;;;;7.5%;
;;;;;;Y06;15022;Furiya, Alvin J.;17.5%;2.5%;27.5%;;15.0%;5.0%;5.0%;5.0%;2.5%;5.0%;;;;;5.0%;;;2.5%;;;;;7.5%;
;;;;;;Y07;15037;Kistler, Brandon M.;36.7%;11.7%;13.3%;;8.3%;1.7%;10.0%;1.7%;1.7%;3.3%;;;1.7%;;5.0%;;;;;;;;5.0%;
;;31500;Fund Of Nutrition;202620;Spring 2026;001;62620;Buhman, Kimberly K.;16.3%;11.6%;2.3%;;14.0%;14.0%;20.9%;4.7%;;11.6%;;;2.3%;;;;;;;;;;2.3%;
;;33000;Diet Select & Planning;202620;Spring 2026;001;23658;Furiya, Alvin J.;17.9%;14.3%;3.6%;;10.7%;21.4%;10.7%;14.3%;;;3.6%;;;;;;;;;;;;3.6%;
;;33200;Nutrition Counseling;202620;Spring 2026;001;19782;Clark, Rachel A.;43.9%;26.8%;;;12.2%;2.4%;12.2%;;;2.4%;;;;;;;;;;;;;;
;;34500;Cont Experience In Sports Nutr;202620;Spring 2026;001;12732;Clark, Rachel A.;;;;;;;;;;;;;;;;;;100.0%;;;;;;
;;36500;Phys & Nutr During Life Cycle;202620;Spring 2026;001;17843;Biruete, Annabel;21.8%;12.7%;30.9%;;12.7%;3.6%;12.7%;1.8%;;1.8%;1.8%;;;;;;;;;;;;;
;;42400;Com Tech In Fd & Nutr;202620;Spring 2026;003;62661;Allsopp Castillo, Marie A.;40.0%;53.3%;;;;;6.7%;;;;;;;;;;;;;;;;;
;;43000;Public Health Nutrition;202620;Spring 2026;001;10039;Panjwani, Anita A.;23.2%;8.9%;10.7%;;16.1%;16.1%;16.1%;;;5.4%;1.8%;;;;;;;;;;;;1.8%;
;;43600;Nutrition Assessment;202620;Spring 2026;002;11710;Wolf, Patricia M.;87.0%;2.2%;;;6.5%;;2.2%;;;;2.2%;;;;;;;;;;;;;
;;43700;Macronutrient Metab;202620;Spring 2026;001;62666;Cross, Tzu Wen L.;12.5%;4.2%;2.1%;;14.6%;4.2%;6.3%;12.5%;6.3%;4.2%;;;2.1%;;2.1%;;;;;;;;29.2%;
;;44200;Food Serv Sys Mgmt;202620;Spring 2026;002;62668;Armstrong, Cheryl L.;14.6%;2.1%;83.3%;;;;;;;;;;;;;;;;;;;;;
;;51100;Applied Nutrition Counseling;202620;Spring 2026;001;13680;Clark, Rachel A.;100.0%;;;;;;;;;;;;;;;;;;;;;;;
;;52100;Adv Medical Nutrition Therapy;202620;Spring 2026;001;15217;Zoss, Donna L.;6.3%;31.3%;;;31.3%;;25.0%;;;6.3%;;;;;;;;;;;;;;
;;52300;Trends In Nutr & Dietetics;202620;Spring 2026;001;15220;Baker, Selena L.;56.3%;25.0%;6.3%;;;;12.5%;;;;;;;;;;;;;;;;;
;;54200;Engagement Experience;202620;Spring 2026;002;30055;Dalder, Dinah C.;100.0%;;;;;;;;;;;;;;;;;;;;;;;
;;54300;Medical Nutrition Therapy Expr;202620;Spring 2026;002;30051;Dalder, Dinah C.;94.4%;;;;;;;;;;;;;;;5.6%;;;;;;;;
;;54400;Adv MNT Special Populations;202620;Spring 2026;001;30049;Dalder, Dinah C.;100.0%;;;;;;;;;;;;;;;;;;;;;;;
;;69500;INP Seminar;202620;Spring 2026;002;62730;Murray-Kolb, Laura E.;;;;;;;;;;;;;;;;;;;;100.0%;;;;
OBHR;OBHR-Orgnztnl Bhvr &Hum Resrce;33000;Intro To Org Behavior;202620;Spring 2026;001;23685;Hahn, Rachel S.;55.1%;20.3%;;;8.7%;1.4%;8.7%;;;2.9%;;;;;2.9%;;;;;;;;;
;;;;;;003;23684;Rosokha, Lindsay M.;14.5%;13.0%;;;13.0%;13.0%;20.3%;7.2%;1.4%;8.7%;;;2.9%;;4.3%;;;;;;;;1.4%;
;;;;;;004;16737;Rosokha, Lindsay M.;19.1%;14.7%;1.5%;;14.7%;5.9%;14.7%;5.9%;7.4%;10.3%;1.5%;1.5%;1.5%;;1.5%;;;;;;;;;
;;;;;;005;17902;Dennerlein, Tobias;6.3%;12.5%;4.7%;;23.4%;7.8%;20.3%;3.1%;6.3%;9.4%;1.6%;;;;1.6%;;;;;;;;3.1%;
;;;;;;006;17906;Dennerlein, Tobias;14.5%;10.1%;4.3%;;27.5%;4.3%;20.3%;8.7%;;;;;1.4%;;;;;;;;;;8.7%;
;;;;;;008;22712;Dennerlein, Tobias;8.8%;5.9%;5.9%;;25.0%;11.8%;16.2%;14.7%;2.9%;8.8%;;;;;;;;;;;;;;
;;;;;;009;28473;Munoz, Joel;14.5%;14.5%;1.4%;;13.0%;7.2%;29.0%;2.9%;1.4%;2.9%;2.9%;2.9%;;;1.4%;;;;;;;;5.8%;
;;;;;;010;28477;Schneider, Natalie M.;5.8%;13.0%;;;26.1%;20.3%;20.3%;2.9%;;8.7%;;;;;1.4%;;;;;;;;1.4%;
;;;;;;011;34798;Alge, Bradley J.;16.9%;27.1%;;;35.6%;11.9%;3.4%;;;3.4%;;;;;;;;;;;;;1.7%;
;;;;;;012;34799;Rosokha, Lindsay M.;15.9%;11.6%;1.4%;;15.9%;10.1%;21.7%;7.2%;4.3%;8.7%;1.4%;;;;;;;;;;;;1.4%;
;;;;;;014;34804;Dutli, Aqsa;15.9%;24.6%;;;17.4%;8.7%;24.6%;1.4%;;4.3%;;;1.4%;;1.4%;;;;;;;;;
;;;Intro To Org Behavior-Honors;202620;Spring 2026;003;23684;Rosokha, Lindsay M.;;;;;100.0%;;;;;;;;;;;;;;;;;;;
;;;;;;004;16737;Rosokha, Lindsay M.;50.0%;;;;;;;;50.0%;;;;;;;;;;;;;;;
;;;;;;011;34798;Alge, Bradley J.;;100.0%;;;;;;;;;;;;;;;;;;;;;;
;;;;;;012;34799;Rosokha, Lindsay M.;100.0%;;;;;;;;;;;;;;;;;;;;;;;
;;;;;;H09;21270;Schoorman, F D.;17.4%;13.0%;;;21.7%;8.7%;26.1%;;;4.3%;;;4.3%;;;;;;;;;;4.3%;
OLS;OLS-Organiz Ldrshp&Supervision;37800;Labor/Mgmt Relations;202620;Spring 2026;001;25613;Kim, Jihyeon;47.5%;17.5%;7.5%;;10.0%;;12.5%;;2.5%;;;;;;;;;;;;;;2.5%;
;;38600;Ldrshp For Org Change;202620;Spring 2026;014;28068;Gamez-Djokic, Monica;22.9%;22.9%;4.3%;;24.3%;1.4%;17.1%;1.4%;1.4%;1.4%;;;;;1.4%;;;;;;;;1.4%;
;;38800;Ldrshp Through Teams;202620;Spring 2026;001;37920;Thorne, Scott T.;26.3%;26.3%;15.8%;;5.3%;13.2%;2.6%;2.6%;2.6%;5.3%;;;;;;;;;;;;;;
;;45000;Advanced Project Management;202620;Spring 2026;001;22994;Bosman, Lisa B.;82.1%;7.1%;;;;;;3.6%;;;;;;;;;;;;;;;7.1%;
;;45400;Gender & Diversity Mgt;202620;Spring 2026;001;29368;Hammoud, Abrar;40.0%;13.3%;26.7%;;;10.0%;3.3%;6.7%;;;;;;;;;;;;;;;;
;;48400;Ldrshp Strat Qlty&Prod;202620;Spring 2026;001;28142;Grant, Brandon C.;14.3%;2.9%;82.9%;;;;;;;;;;;;;;;;;;;;;
;;48700;Leadership Philosophy;202620;Spring 2026;001;25614;Linvill, Jennifer S.;21.4%;14.3%;32.1%;;;7.1%;17.9%;;;;;;;;7.1%;;;;;;;;;
;;58300;Coaching And Mentoring;202620;Spring 2026;002;29948;Bittinger, Christopher N.;9.1%;15.2%;63.6%;;3.0%;;9.1%;;;;;;;;;;;;;;;;;
PES;PES-Physical Education Skills;11400;Air Force ROTC Conditioning;202620;Spring 2026;002;59973;Goodner, Allison N.;59.3%;18.6%;;;5.5%;0.7%;9.7%;0.7%;0.7%;1.4%;;;;;;;;;;;;;3.4%;
;;;Army ROTC Conditioning;202620;Spring 2026;001;57021;Bashant, Amie;97.7%;;;;;;;;;;;;;;;;;;;;;;2.3%;
;;11500;Bowling;202620;Spring 2026;001;47471;Wiedman, Douglas L.;3.3%;6.7%;90.0%;;;;;;;;;;;;;;;;;;;;;
;;;;;;002;23895;Wiedman, Douglas L.;13.3%;6.7%;70.0%;;3.3%;;;;;;;;;;;;;6.7%;;;;;;
;;;;;;003;23890;Wiedman, Douglas L.;6.7%;;76.7%;;3.3%;;3.3%;;;3.3%;;;;;3.3%;;;;;;;;3.3%;
;;;;;;004;23891;Wiedman, Douglas L.;;;86.7%;;;;3.3%;3.3%;;;;;;;;;;;;;;;6.7%;
;;;;;;005;23894;Wiedman, Douglas L.;10.0%;6.7%;70.0%;;3.3%;;;;;3.3%;;3.3%;;;;;;;;;;;3.3%;
;;;;;;006;23887;Wiedman, Douglas L.;20.7%;10.3%;44.8%;;3.4%;3.4%;3.4%;;3.4%;;;;;;;;;6.9%;;;;;3.4%;
;;;;;;007;23892;Wiedman, Douglas L.;10.3%;10.3%;65.5%;;3.4%;;3.4%;3.4%;;;;;;;;;;3.4%;;;;;;
;;;;;;008;23888;Wiedman, Douglas L.;3.4%;6.9%;75.9%;;3.4%;;;;;;;;;;;;;10.3%;;;;;;
;;;;;;009;23889;Wiedman, Douglas L.;13.3%;3.3%;70.0%;;3.3%;;;;;;;;;;;;;10.0%;;;;;;
;;;;;;010;23893;Wiedman, Douglas L.;3.4%;6.9%;89.7%;;;;;;;;;;;;;;;;;;;;;
;;;;;;011;69226;Wiedman, Douglas L.;10.3%;6.9%;75.9%;;3.4%;;;;;;;;;;;;;;;;;;3.4%;
;;;;;;012;69227;Wiedman, Douglas L.;6.9%;6.9%;82.8%;;3.4%;;;;;;;;;;;;;;;;;;;
;;11600;Advanced Tennis;202620;Spring 2026;T31;34162;Braden, Joseph M.;5.0%;5.0%;85.0%;;;;;;;;;;;;5.0%;;;;;;;;;
;;;Beginning Tennis & Pickleball;202620;Spring 2026;T11;21320;Braden, Joseph M.;8.3%;;87.5%;;;;;;;;;;;;4.2%;;;;;;;;;
;;;;;;T12;23915;Braden, Joseph M.;27.3%;;63.6%;;;;;;;;;;;;;;;4.5%;;;;;4.5%;
;;;;;;T13;54467;Braden, Joseph M.;9.5%;;85.7%;4.8%;;;;;;;;;;;;;;;;;;;;
;;;Golf;202620;Spring 2026;001;11588;Ross, Daniel M.;66.7%;16.7%;16.7%;;;;;;;;;;;;;;;;;;;;;
;;;;;;003;11573;Ross, Daniel M.;66.7%;13.3%;10.0%;;;;;3.3%;;;;;;;;;;6.7%;;;;;;
;;;;;;005;25120;Ross, Daniel M.;44.8%;20.7%;24.1%;;3.4%;;;;;;;;;;3.4%;;;;;;;;3.4%;
;;;;;;007;23911;Ross, Daniel M.;51.9%;14.8%;18.5%;;3.7%;3.7%;;;;;;;;;;;;;;;;;7.4%;
;;;;;;009;23902;Ross, Daniel M.;43.3%;10.0%;40.0%;;;;;;;;;;;;;3.3%;;;;;;;3.3%;
;;;;;;011;21173;Brawn, Alexander F.;66.7%;20.0%;13.3%;;;;;;;;;;;;;;;;;;;;;
;;;;;;013;68257;Ross, Daniel M.;37.0%;40.7%;18.5%;;;;;;;;;;;;;;;;;;;;3.7%;
;;;;;;015;21188;Ross, Daniel M.;50.0%;3.3%;40.0%;;;3.3%;;;;;;;;;;;;;;;;;3.3%;
;;;;;;017;11297;Ross, Daniel M.;56.7%;16.7%;23.3%;;;;;;;;;;;;;;;;;;;;3.3%;
;;;;;;019;68264;Ross, Daniel M.;60.0%;23.3%;13.3%;;;3.3%;;;;;;;;;;;;;;;;;;
;;;;;;021;22423;Ross, Daniel M.;72.0%;16.0%;8.0%;;4.0%;;;;;;;;;;;;;;;;;;;
;;;;;;023;65874;Ross, Daniel M.;50.0%;10.0%;33.3%;;;;;;;;;;;;;;;;;;;;6.7%;
;;;;;;025;21200;Ross, Daniel M.;31.0%;31.0%;34.5%;;;;;;;;;;;;;;;3.4%;;;;;;
;;;;;;027;68259;Ross, Daniel M.;56.7%;10.0%;26.7%;;;;3.3%;;;;;;;;;;;;;;;;3.3%;
;;;;;;029;26632;Ross, Daniel M.;50.0%;23.3%;20.0%;;;;;;;;;;;;;;;3.3%;;;;;3.3%;
;;;Int Tennis & Pickleball-Honors;202620;Spring 2026;T21;46377;Braden, Joseph M.;;;100.0%;;;;;;;;;;;;;;;;;;;;;
;;;Intermed Tennis  & Pickleball;202620;Spring 2026;T21;46377;Braden, Joseph M.;;;87.0%;;;;;;;;;;;;;;;4.3%;;;;;8.7%;
;;;;;;T22;66158;Braden, Joseph M.;;;91.7%;;;;;;;;;;;;;;;4.2%;;;;;4.2%;
;;14600;Advanced Golf Applications;202620;Spring 2026;001;21215;Ross, Daniel M.;30.0%;30.0%;35.0%;;;;;;;;;;;;;;;;;;;;5.0%;
;;;;;;003;33427;Brawn, Alexander F.;76.2%;14.3%;4.8%;;;;;;;;;;;;;;;;;;;;4.8%;
PHIL;PHIL-Philosophy;11000;Big Questions: Intro To Phil;202620;Spring 2026;002;16020;Aslantatar, Nesim;36.8%;;31.6%;;;;15.8%;;;;;;;;10.5%;;;;;;;;5.3%;
;;;;;;003;16024;Aslantatar, Nesim;38.5%;7.7%;15.4%;;;;3.8%;3.8%;;3.8%;;;;;7.7%;;;;;;;;19.2%;
;;;;;;004;16032;Aslantatar, Nesim;21.7%;26.1%;17.4%;;4.3%;;4.3%;;4.3%;4.3%;;;;;4.3%;;;;;;;;13.0%;
;;;;;;021;23375;Servatius, Eric M.;36.0%;28.0%;;;16.0%;4.0%;8.0%;4.0%;;;;;;;;;;;;;;;4.0%;
;;;;;;022;23376;Servatius, Eric M.;36.0%;24.0%;24.0%;;8.0%;;;;;;;;;;4.0%;;;;;;;;4.0%;
;;;;;;023;23377;Servatius, Eric M.;22.7%;36.4%;18.2%;;4.5%;4.5%;4.5%;;;;;;;;;;;;;;;;9.1%;
;;11005;Intro Phil Through Video Games;202620;Spring 2026;001;38111;Day, James H.;9.1%;2.3%;61.4%;;4.5%;9.1%;4.5%;;2.3%;2.3%;;;;;2.3%;;;;;;;;2.3%;
;;;;;;009;38279;Sarkar, Rohitashwa;23.7%;5.3%;31.6%;;;;13.2%;;;7.9%;;;;;2.6%;;;;;;;;15.8%;
;;11100;Introduction To Ethics;202620;Spring 2026;016;23985;Kain, Patrick P.;20.2%;14.8%;1.6%;;17.5%;10.4%;6.6%;10.9%;2.7%;6.0%;1.6%;;;;1.1%;0.5%;;;;;;;6.0%;
;;;Introduction To Ethics-Honors;202620;Spring 2026;016;23985;Kain, Patrick P.;100.0%;;;;;;;;;;;;;;;;;;;;;;;
;;11400;Global Moral Issues;202620;Spring 2026;001;20061;Waggoner, Maria R.;19.0%;10.2%;27.2%;;8.2%;3.4%;5.4%;5.4%;0.7%;1.4%;0.7%;0.7%;0.7%;;7.5%;;;;;;;;9.5%;
;;15000;Principles Of Logic;202620;Spring 2026;001;17956;Duede, Eamon K.;53.8%;12.8%;;;;10.3%;10.3%;;2.6%;5.1%;;2.6%;;;;;;;;;;;2.6%;
;;20600;Intro To Phil Of Religion;202620;Spring 2026;001;38256;Bergmann, Michael A.;24.0%;20.0%;12.0%;;12.0%;;12.0%;;4.0%;4.0%;;4.0%;;;;;;4.0%;;;;;4.0%;
;;20700;Eth For Tech,Engr,Design-Honor;202620;Spring 2026;001;16933;Davis, Taylor T.;66.7%;;;;33.3%;;;;;;;;;;;;;;;;;;;
;;;Ethics For Tech, Engr, Design;202620;Spring 2026;001;16933;Davis, Taylor T.;39.0%;22.6%;2.7%;;14.4%;4.1%;3.4%;2.7%;2.1%;3.4%;;;0.7%;;2.1%;;;;;;;;2.7%;
;;20800;Ethics Of Data Science;202620;Spring 2026;002;35864;Gomez-Lavin, Javier;17.1%;11.4%;;;21.4%;7.1%;8.6%;10.0%;1.4%;1.4%;7.1%;;;;2.9%;;;1.4%;;;;;10.0%;
;;21900;Phil & The Meaning Of Life;202620;Spring 2026;001;29247;Davis, Duane H.;37.0%;25.9%;;;7.4%;;18.5%;3.7%;;;;;;;3.7%;;;;;;;;3.7%;
;;22300;Fate And Free Will;202620;Spring 2026;001;38535;Bergmann, Michael A.;18.5%;11.1%;14.8%;;14.8%;;18.5%;;3.7%;7.4%;;;;;;;;;;;;;11.1%;
;;23000;Religions Of The East;202620;Spring 2026;001;25514;Ryba, Thomas W.;5.6%;22.2%;33.3%;;;;22.2%;;;5.6%;;;;;;;;5.6%;;;;;5.6%;
;;;Religions Of The East-Honors;202620;Spring 2026;001;25514;Ryba, Thomas W.;;;;;;;100.0%;;;;;;;;;;;;;;;;;
;;23100;Religions Of The West;202620;Spring 2026;001;10243;Ryba, Thomas W.;15.8%;5.3%;10.5%;;;5.3%;26.3%;;15.8%;10.5%;;;;;;;;5.3%;;;;;5.3%;
;;24000;Social And Polit Phil;202620;Spring 2026;001;28869;Kogelmann, Brian J.;26.7%;13.3%;6.7%;;20.0%;6.7%;6.7%;;;6.7%;;;6.7%;;6.7%;;;;;;;;;
;;;;;;002;38555;Harris, Leonard;83.3%;;;;16.7%;;;;;;;;;;;;;;;;;;;
;;;Social And Polit Phil-Honors;202620;Spring 2026;001;28869;Kogelmann, Brian J.;;;100.0%;;;;;;;;;;;;;;;;;;;;;
;;25701;Moral Minds: Nat Right & Wrong;202620;Spring 2026;001;36111;Waggoner, Maria R.;53.3%;20.0%;20.0%;;;6.7%;;;;;;;;;;;;;;;;;;
;;29000;Environmental Ethics;202620;Spring 2026;001;35314;Parrish, Lynn;83.9%;1.1%;9.2%;;;2.3%;1.1%;;;1.1%;;;;;1.1%;;;;;;;;;
;;;Environmental Ethics-Honors;202620;Spring 2026;001;35314;Parrish, Lynn;;;100.0%;;;;;;;;;;;;;;;;;;;;;
;;29300;Philosophy Through Programming;202620;Spring 2026;001;16946;Brasovan, Nicholas S.;71.4%;;;;7.1%;;;;;;;;;;14.3%;;;;;;;;7.1%;
;;30100;Ancient Philosophy;202620;Spring 2026;005;28978;Jacovides, Michael L.;28.1%;37.5%;;;6.3%;3.1%;15.6%;;3.1%;;;;;;;3.1%;;;;;;;3.1%;
;;;Ancient Philosophy-Honors;202620;Spring 2026;005;28978;Jacovides, Michael L.;100.0%;;;;;;;;;;;;;;;;;;;;;;;
;;30200;Hist Medieval Philos;202620;Spring 2026;001;38575;Brower, Jeffrey E.;17.6%;26.5%;;;17.6%;2.9%;26.5%;2.9%;;5.9%;;;;;;;;;;;;;;
;;30300;Hist Of Modern Phil;202620;Spring 2026;002;19762;Cover, Jan A.;;8.7%;;;21.7%;8.7%;34.8%;;;17.4%;;;;;;;;;;;;;8.7%;
;;;;;;003;20111;Cover, Jan A.;3.6%;17.9%;;;32.1%;7.1%;32.1%;;;7.1%;;;;;;;;;;;;;;
;;;;;;004;41459;Jacovides, Michael L.;20.6%;38.2%;2.9%;;5.9%;2.9%;17.6%;;2.9%;;2.9%;;;;2.9%;2.9%;;;;;;;;
;;30400;19th Cent Philosophy;202620;Spring 2026;001;38847;Davis, Duane H.;33.3%;33.3%;;;13.3%;3.3%;10.0%;;3.3%;;;;;;;;;;;;;;3.3%;
;;32200;Philosophy Of Technlgy-Honors;202620;Spring 2026;001;28944;Smith, Daniel W.;100.0%;;;;;;;;;;;;;;;;;;;;;;;
;;;Philosophy Of Technology;202620;Spring 2026;001;28944;Smith, Daniel W.;36.0%;18.0%;12.4%;;14.6%;6.7%;5.6%;3.4%;3.4%;;;;;;;;;;;;;;;
;;40600;Intermed Phil Religion;202620;Spring 2026;001;38611;Draper, Paul R.;15.4%;7.7%;15.4%;7.7%;30.8%;7.7%;;;;7.7%;;;;;;;;;;;;;7.7%;
;;41100;Modern Ethical Theory;202620;Spring 2026;001;28952;Kain, Patrick P.;21.1%;31.6%;;;15.8%;5.3%;15.8%;;;;;;;;5.3%;5.3%;;;;;;;;
;;;Modern Ethical Theory-Honors;202620;Spring 2026;001;28952;Kain, Patrick P.;100.0%;;;;;;;;;;;;;;;;;;;;;;;
;;49000;Merleau Ponty On Perception;202620;Spring 2026;003;16987;Davis, Duane H.;41.7%;16.7%;8.3%;;16.7%;8.3%;;;;;;;;;;;;;;;;;8.3%;
;;;Philosophy Of Race;202620;Spring 2026;002;16955;Harris, Leonard;57.1%;;;;28.6%;;;;;;;;;;;7.1%;;7.1%;;;;;;
;;53500;Studies Philos Mind;202620;Spring 2026;001;38856;Kelly, Daniel R.;35.3%;5.9%;;17.6%;;;;;;;;;;;;41.2%;;;;;;;;
;;59000;Space Ethics Research;202620;Spring 2026;002;40932;Tulodziecki, Dana;21.4%;7.1%;50.0%;;;;;;;;;;;;;;;14.3%;;;;;7.1%;
PHPR;PHPR-Pharmacy Practice;42700;Pham Leadership Sem;202620;Spring 2026;001;33292;Scott, Steven A.;100.0%;;;;;;;;;;;;;;;;;;;;;;;
PHRM;PHRM-Pharmacy;31600;Drug Abuse/Addiction Education;202620;Spring 2026;001;64492;Krause, Jane E.;100.0%;;;;;;;;;;;;;;;;;;;;;;;
;;40500;Mindfulness;202620;Spring 2026;001;21631;Koh-Knox Sharp, Cynthia P.;94.4%;;;;1.9%;;;1.9%;;;;;;;1.9%;;;;;;;;;
;;42500;PHARM Lead & Innovate Forum;202620;Spring 2026;001;18069;Darbishire, Patricia L.;89.7%;;;;3.4%;;;3.4%;;;;;;;;;;3.4%;;;;;;
;;;;;;002;18070;Darbishire, Patricia L.;83.8%;;;;5.4%;;;;;2.7%;;;;;5.4%;;;;;;;;2.7%;
;;49000;Excelling Postgraduate Apps I;202620;Spring 2026;032;24622;Miller, Monica L.;91.4%;;;;;;;;;;;;;;;;;2.9%;;;;;5.7%;
;;;Intro Ldrshp In Pharmacy Pract;202620;Spring 2026;024;15960;Degnan, Daniel D.;100.0%;;;;;;;;;;;;;;;;;;;;;;;
;;;Intro To Emergncy Med Pharmacy;202620;Spring 2026;031;21638;Terhune, Garrett M.;86.5%;;;;;;;2.7%;;;;;;;;;;;;;;;10.8%;
;;;Pharmaspark Innov Enterp Engmt;202620;Spring 2026;034;38884;Shepler, Brian M.;100.0%;;;;;;;;;;;;;;;;;;;;;;;
;;;PUP Teaching Assistant;202620;Spring 2026;040;41142;Koch, Kaitlyn T.;;;;;;;;;;;;;;;;;;100.0%;;;;;;
;;50000;AI In Clinical Care;202620;Spring 2026;002;40426;Hultgren, Kyle E.;29.2%;;62.5%;;4.2%;;;;;;;;;;;;;;;;;;4.2%;
;;69500;Intro Pharm Science Research;202620;Spring 2026;001;13492;Hazbun, Tony R.;100.0%;;;;;;;;;;;;;;;;;;;;;;;
;;80000;Integrated Pharmacotherapy I;202620;Spring 2026;001;36186;Chen, Judy T.;13.7%;8.1%;;;16.1%;12.4%;9.9%;17.4%;;12.4%;;;;;9.9%;;;;;;;;;
;;80100;Integrated Pharmacotherapy II;202620;Spring 2026;001;36188;Chen, Judy T.;18.8%;11.9%;;;18.1%;11.9%;12.5%;14.4%;;8.1%;;;;;4.4%;;;;;;;;;
;;80400;Integrated Pharmacotherapy V;202620;Spring 2026;001;36192;Sowinski, Kevin M.;29.1%;12.6%;;;16.6%;9.3%;15.2%;8.6%;;6.6%;;;;;1.3%;;;;;;;;0.7%;
;;80500;Integrated Pharmacotherapy VI;202620;Spring 2026;001;36317;Campbell, Noll L.;15.3%;14.0%;;;21.3%;16.7%;6.0%;14.0%;;11.3%;;;;;1.3%;;;;;;;;;
;;80800;Integ Pharmacotherapy VIIII;202620;Spring 2026;001;36597;Karwa, Rakhi;28.6%;13.6%;;;21.1%;10.2%;15.0%;4.1%;;6.1%;;;;;0.7%;;;;;;;;0.7%;
;;80900;Integrated Pharmacotherapy X;202620;Spring 2026;001;36598;Lacount, Douglas J.;15.8%;6.8%;;;19.9%;13.7%;19.9%;15.1%;;8.2%;;;;;0.7%;;;;;;;;;
;;81100;Integrated Case Studies I;202620;Spring 2026;001;36619;Chaudhry, Faria A.;83.2%;;;;14.3%;;;2.5%;;;;;;;;;;;;;;;;
;;81300;Integrated Case Studies III;202620;Spring 2026;001;36620;Miller, Monica L.;94.0%;;;;5.3%;;;0.7%;;;;;;;;;;;;;;;;
;;81500;Integrated Case Studies V;202620;Spring 2026;001;36626;Isaacs, Alex N.;91.8%;;;;7.5%;;;;;;;;;;;;;;;;;;0.7%;
;;81800;PIF And Leadership;202620;Spring 2026;001;36606;Arnett, Stephanie J.;81.1%;;5.7%;;11.9%;;;0.6%;;;;;;;0.6%;;;;;;;;;
;;82100;Professional Skills Lab II;202620;Spring 2026;001;62451;Woodyard, Jamie L.;100.0%;;;;;;;;;;;;;;;;;;;;;;;
;;;;;;002;62454;Woodyard, Jamie L.;92.5%;;;;5.0%;;;2.5%;;;;;;;;;;;;;;;;
;;;;;;003;62452;Woodyard, Jamie L.;97.5%;;;;2.5%;;;;;;;;;;;;;;;;;;;
;;;;;;004;62453;Woodyard, Jamie L.;97.4%;;;;;;;;;;;;;;;;;;;;;;2.6%;
;;82200;Pharm Skills & Patient Counsel;202620;Spring 2026;009;18079;Koch, Kaitlyn T.;37.1%;;;;25.7%;;;31.4%;;;;;;;5.7%;;;;;;;;;
;;;;;;LP2;64447;Koch, Kaitlyn T.;28.2%;;;;38.5%;;;25.6%;;;;;;;5.1%;;;;;;;;2.6%;
;;82900;Dosage Forms II;202620;Spring 2026;001;62852;Schneebeli, Severin T.;9.2%;11.3%;10.6%;;13.5%;12.1%;10.6%;15.6%;;10.6%;;;;;5.7%;;;;;;;;0.7%;
;;83500;Principles Of Pharmacokinetics;202620;Spring 2026;001;15855;Jeong, Hyunyoung;14.6%;9.5%;8.9%;;19.6%;12.0%;8.2%;15.8%;;7.6%;;;;;3.2%;;;;;;;;0.6%;
;;83900;Interprofessional Education II;202620;Spring 2026;001;10761;Weber, Zachary A.;;;;;;;;;;;;;;;;;;100.0%;;;;;;
;;84100;Prof Skills Lab IV;202620;Spring 2026;001;68999;Baker, Chelsea M.;76.5%;;;;20.6%;;;;;;;;;;;;;;;;;;2.9%;
;;;;;;002;69000;Baker, Chelsea M.;94.7%;;;;5.3%;;;;;;;;;;;;;;;;;;;
;;;;;;003;68996;Baker, Chelsea M.;97.4%;;;;2.6%;;;;;;;;;;;;;;;;;;;
;;;;;;004;68998;Baker, Chelsea M.;100.0%;;;;;;;;;;;;;;;;;;;;;;;
;;84300;Population Health Management;202620;Spring 2026;002;40464;Scott, Steven A.;34.0%;;;;55.1%;0.7%;;9.5%;;;;;;;0.7%;;;;;;;;;
;;84700;Pharmacogenomics;202620;Spring 2026;001;68994;Yang, Yang;18.9%;14.9%;;;20.9%;9.5%;18.9%;6.1%;;10.1%;;;;;0.7%;;;;;;;;;
;;85500;Interprofessional Education IV;202620;Spring 2026;001;21309;Weber, Zachary A.;;;;;;;;;;;;;;;;;;100.0%;;;;;;
;;86100;Professional Skills Lab VI;202620;Spring 2026;001;10364;Hultgren, Kyle E.;94.3%;;;;5.7%;;;;;;;;;;;;;;;;;;;
;;;;;;002;10360;Hultgren, Kyle E.;100.0%;;;;;;;;;;;;;;;;;;;;;;;
;;;;;;003;10367;Hultgren, Kyle E.;97.2%;;;;;;;;;;;;;;;;;;;;;;2.8%;
;;;;;;004;10366;Hultgren, Kyle E.;100.0%;;;;;;;;;;;;;;;;;;;;;;;
;;86700;Intro To Adv Pharm Pract Exper;202620;Spring 2026;002;23120;Shepler, Brian M.;;;;;;;;;;;;;;;;;;100.0%;;;;;;
;;86900;Pract Mgmt & Mktg-Honors;202620;Spring 2026;001;10372;Hultgren, Kyle E.;100.0%;;;;;;;;;;;;;;;;;;;;;;;
;;;Pract Mgmt And Marketing;202620;Spring 2026;001;10372;Hultgren, Kyle E.;97.9%;;;;1.4%;;;;;;;;;;;;;;;;;;0.7%;
;;87100;Jurisprudence;202620;Spring 2026;002;22032;Ades, Ryan S.;37.4%;;;;53.7%;;;7.5%;;;;;;;0.7%;;;;;;;;0.7%;
;;88000;Adv Pharm Practice Exp;202620;Spring 2026;009;60034;Faculty, TBA;;;;;;;;;;;;;;;;;;100.0%;;;;;;
;;;;;;010;60035;Shepler, Brian M.;;;;;;;;;;;;;;;;;;100.0%;;;;;;
;;;;;;011;60037;Shepler, Brian M.;;;;;;;;;;;;;;;;;;100.0%;;;;;;
;;;;;;012;60038;Shepler, Brian M.;;;;;;;;;;;;;;;;;;100.0%;;;;;;
PHSC;PHSC-Pharmaceutical Science;20400;Organic Chem I;202620;Spring 2026;001;24920;Flaherty, Daniel P.;21.6%;9.7%;21.0%;;11.9%;9.1%;5.7%;8.0%;2.3%;2.8%;5.1%;;;;2.3%;;;;;;;;0.6%;
;;20401;Organic Chem I Lab;202620;Spring 2026;001;24922;Holladay, Susan R.;35.0%;;60.0%;;5.0%;;;;;;;;;;;;;;;;;;;
;;;;;;002;24938;Holladay, Susan R.;52.4%;;33.3%;;4.8%;;9.5%;;;;;;;;;;;;;;;;;
;;;;;;003;24939;Holladay, Susan R.;28.6%;;66.7%;;4.8%;;;;;;;;;;;;;;;;;;;
;;;;;;004;24940;Holladay, Susan R.;18.2%;;63.6%;;4.5%;;4.5%;4.5%;4.5%;;;;;;;;;;;;;;;
;;;;;;005;24944;Holladay, Susan R.;27.3%;;50.0%;;;9.1%;9.1%;;;;;;;;;;;;;;;;4.5%;
;;;;;;006;24946;Holladay, Susan R.;25.0%;;56.3%;;12.5%;;6.3%;;;;;;;;;;;;;;;;;
;;;;;;007;24947;Holladay, Susan R.;40.0%;;46.7%;;;;6.7%;;6.7%;;;;;;;;;;;;;;;
;;;;;;008;24951;Holladay, Susan R.;42.9%;;38.1%;;9.5%;;4.8%;4.8%;;;;;;;;;;;;;;;;
;;;;;;009;24959;Holladay, Susan R.;23.5%;;64.7%;;;;11.8%;;;;;;;;;;;;;;;;;
;;20800;Biochemistry For Pharm Science;202620;Spring 2026;001;24866;Krusemark, Casey J.;4.0%;8.6%;;;13.1%;17.1%;8.0%;14.9%;10.3%;16.6%;2.9%;;;;4.0%;;;;;;;;0.6%;
;;42200;Immunology;202620;Spring 2026;001;24889;Lim, Seung-Oe;24.2%;;7.1%;;31.3%;;11.0%;12.1%;;11.0%;2.2%;;;;1.1%;;;;;;;;;
;;42900;Dosage Forms II;202620;Spring 2026;001;24918;Schneebeli, Severin T.;7.5%;5.7%;17.0%;;9.4%;5.7%;3.8%;13.2%;;5.7%;13.2%;3.8%;5.7%;;9.4%;;;;;;;;;
;;;Dosage Forms II-Honors;202620;Spring 2026;001;24918;Schneebeli, Severin T.;100.0%;;;;;;;;;;;;;;;;;;;;;;;
;;46100;Drug Discovery & Developmt II;202620;Spring 2026;001;24991;Byrn, Stephen R.;92.7%;;;;4.9%;;;2.4%;;;;;;;;;;;;;;;;
;;;Drug Discovery &Devt II-Honors;202620;Spring 2026;001;24991;Byrn, Stephen R.;100.0%;;;;;;;;;;;;;;;;;;;;;;;
;;48500;Intercult & Global Hlth Issues;202620;Spring 2026;001;24992;Koh-Knox Sharp, Cynthia P.;92.2%;;;;3.9%;;;3.9%;;;;;;;;;;;;;;;;
PHYS;PHYS-Physics;17200;Modern Mechanics;202620;Spring 2026;068;18262;Zhou, Qi;22.6%;14.5%;13.8%;;11.9%;5.7%;8.2%;3.1%;1.9%;11.9%;0.6%;0.6%;0.6%;;0.6%;;;;;;;;3.8%;
;;;;;;069;18264;Zhou, Qi;27.3%;15.8%;17.4%;;11.5%;5.5%;12.3%;0.4%;0.4%;5.9%;0.4%;;0.4%;;;0.4%;;;;;;;2.4%;
;;;;;;070;18267;Klehfoth, Mark G.;29.6%;17.0%;19.8%;;10.3%;3.2%;9.5%;2.0%;2.0%;4.0%;;;;;0.8%;;;;;;;;2.0%;
;;;;;;071;18268;Pushkar, Yulia N.;27.7%;16.2%;15.0%;;11.6%;5.8%;10.4%;3.5%;1.2%;2.9%;;;0.6%;;1.2%;;;0.6%;;;;;3.5%;
;;;;;;072;18271;Pushkar, Yulia N.;25.4%;20.1%;12.0%;;10.5%;5.3%;13.4%;2.9%;1.0%;3.8%;;1.0%;;;2.4%;0.5%;;;;;;;1.9%;
;;;;;;073;18272;Klehfoth, Mark G.;36.3%;14.9%;17.7%;;10.9%;2.8%;10.1%;2.0%;0.8%;2.4%;0.4%;0.8%;0.4%;;;;;;;;;;0.4%;
;;;;;;105;20180;Klehfoth, Mark G.;25.0%;14.2%;14.7%;;11.8%;7.4%;12.7%;2.5%;1.5%;5.4%;0.5%;0.5%;0.5%;;0.5%;0.5%;;;;;;;2.5%;
;;;Modern Mechanics-Honors;202620;Spring 2026;070;18267;Klehfoth, Mark G.;;;100.0%;;;;;;;;;;;;;;;;;;;;;
;;21400;The Nature Of Physics;202620;Spring 2026;001;25673;Austin, Robert A.;11.4%;11.4%;2.9%;;14.3%;20.0%;14.3%;8.6%;8.6%;8.6%;;;;;;;;;;;;;;
;;22000;Gen Physics;202620;Spring 2026;001;25707;Nolte, David D.;15.4%;13.0%;11.1%;;18.3%;5.8%;12.5%;4.3%;1.9%;5.8%;0.5%;0.5%;3.4%;;1.9%;;;1.0%;;;;;4.8%;
;;;;;;002;25708;Route, Matthew P.;13.2%;7.1%;10.8%;;20.3%;9.0%;12.3%;6.1%;3.3%;7.1%;0.5%;0.5%;1.4%;;2.8%;;;0.5%;;;;;5.2%;
;;;;;;003;11270;Route, Matthew P.;11.5%;12.0%;9.5%;0.5%;16.5%;11.0%;11.5%;6.5%;2.5%;8.0%;0.5%;1.0%;0.5%;;5.0%;;;0.5%;;;;;3.0%;
;;22100;Gen Physics;202620;Spring 2026;001;25728;Route, Matthew P.;11.5%;18.8%;6.8%;;6.8%;11.5%;11.0%;6.8%;4.7%;10.5%;0.5%;2.1%;3.1%;;2.6%;0.5%;;;;;;;2.6%;
;;;;;;002;25729;Liu, Miaoyuan;14.3%;15.9%;6.7%;;7.9%;12.3%;12.7%;6.3%;4.8%;7.5%;1.2%;0.8%;3.6%;;0.8%;;;;;;;;5.2%;
;;23000;Physical Sci For Elem Educ;202620;Spring 2026;001;22997;Rebello, Nobel S.;17.9%;15.4%;20.5%;;10.3%;2.6%;2.6%;5.1%;5.1%;2.6%;12.8%;;;;2.6%;;;;;;;;2.6%;
;;23300;Physics For Life Sci I;202620;Spring 2026;001;13026;Arnold, Ian A.;24.2%;27.3%;3.0%;;12.1%;9.1%;18.2%;;3.0%;3.0%;;;;;;;;;;;;;;
;;23400;Physics For Life Sci II;202620;Spring 2026;001;13216;Arnold, Ian A.;29.8%;19.8%;6.3%;;15.5%;6.7%;16.3%;2.8%;;2.0%;0.4%;;0.4%;;;;;;;;;;;
;;23500;Seminar Career In Phys;202620;Spring 2026;001;18320;Arnold, Ian A.;;;;;;;;;;;;;;;;;;100.0%;;;;;;
;;24100;Electricity Optics;202620;Spring 2026;001;25748;Urba, Laura G.;31.5%;;5.0%;;34.6%;;;13.1%;;;5.8%;;;;2.7%;;;;;;;;7.3%;
;;;;;;043;18335;Pyrak-Nolte, Laura J.;13.8%;;3.1%;;27.7%;;;18.5%;;;15.4%;;;;7.7%;;;;;;;;13.8%;
;;25200;Electr Optics Lab;202620;Spring 2026;010;12158;Lindemann, Hunter J.;14.3%;;71.4%;;7.1%;;;;;;;;;;;;;;;;;;7.1%;
;;;;;;013;12161;Lindemann, Hunter J.;18.5%;7.4%;48.1%;;3.7%;;11.1%;;7.4%;;;;;;;;;;;;;;3.7%;
;;27200;E&M Interactions;202620;Spring 2026;007;25780;Peterson, John R.;16.0%;9.0%;17.0%;;10.5%;9.0%;16.0%;7.5%;3.0%;7.0%;;1.0%;2.0%;;;;;;;;;;2.0%;
;;;;;;008;11664;Urba, Laura G.;18.5%;11.5%;18.5%;;9.5%;5.0%;10.5%;3.5%;4.0%;7.5%;1.5%;2.0%;4.0%;;1.5%;0.5%;;;;;;;2.0%;
;;;;;;047;21310;Urba, Laura G.;17.5%;13.5%;20.0%;;8.5%;4.0%;14.5%;3.5%;5.0%;6.0%;1.0%;1.0%;2.0%;;0.5%;0.5%;;;;;;;2.5%;
;;;;;;070;34718;Xia, Qing;12.2%;10.7%;13.7%;;7.1%;10.7%;12.7%;5.1%;5.1%;9.6%;1.5%;1.0%;5.6%;;2.0%;0.5%;;;;;;;2.5%;
;;;E&M Interactions-Honors;202620;Spring 2026;H01;25787;Zeng, Yihang;10.1%;15.9%;4.3%;;17.4%;14.5%;29.0%;1.4%;1.4%;4.3%;;;;;;;;;;;;;1.4%;
;;30700;Math Methods Phys II;202620;Spring 2026;001;60703;Caffee, Marc W.;20.8%;13.2%;;;20.8%;7.5%;13.2%;11.3%;;5.7%;5.7%;;;;1.9%;;;;;;;;;
;;32400;Research In Big Data II;202620;Spring 2026;SC1;23021;Milisavljevic, Danny;12.1%;3.0%;72.7%;;3.0%;;;;;;;;;;;3.0%;;;;;;;6.1%;
;;33000;Interm Elect & Magnet;202620;Spring 2026;001;28558;Xie, Wei;11.3%;12.9%;11.3%;;6.5%;12.9%;8.1%;9.7%;;6.5%;11.3%;;;;8.1%;;;;;;;;1.6%;
;;34000;Quantum Lab;202620;Spring 2026;005;35029;Banerjee, Arnab;27.8%;25.0%;13.9%;;5.6%;5.6%;11.1%;2.8%;;;2.8%;;;;5.6%;;;;;;;;;
;;34202;Intro To Quantum Science;202620;Spring 2026;001;21475;Liang, Qiyu;12.0%;16.0%;;;16.0%;14.0%;18.0%;2.0%;4.0%;10.0%;;;;;;;;;;;;;8.0%;
;;34900;Intro To Quantum Computing;202620;Spring 2026;001;38950;Hood, Jonathan D.;35.7%;25.0%;32.1%;;;;;;;;;;;;3.6%;;;;;;;;3.6%;
;;36000;Quantum Mechanics;202620;Spring 2026;001;25807;Durbin, Stephen M.;12.1%;;12.9%;;19.4%;;16.1%;12.9%;;16.9%;2.4%;;;;4.8%;;;;;;;;2.4%;
;;;Quantum Mechanics-Honors;202620;Spring 2026;001;25807;Durbin, Stephen M.;;;100.0%;;;;;;;;;;;;;;;;;;;;;
;;42200;Waves & Oscillations;202620;Spring 2026;001;34858;Rokhinson, Leonid P.;4.5%;5.7%;19.3%;;2.3%;11.4%;3.4%;6.8%;5.7%;9.1%;11.4%;;9.1%;;6.8%;;;;;;;;4.5%;
;;45000;Intermediate Laboratory;202620;Spring 2026;002;25812;Hirisave Shivaram, Niranjan;10.4%;6.3%;52.1%;;2.1%;;6.3%;2.1%;;2.1%;2.1%;;2.1%;;10.4%;;;;;;;;4.2%;
;;51500;Thermal & Stat Physics;202620;Spring 2026;001;53914;Ritchie, Kenneth P.;20.7%;;;;6.9%;6.9%;6.9%;3.4%;3.4%;6.9%;13.8%;3.4%;6.9%;;13.8%;;;;;;;;6.9%;
;;52600;Quantum Computing;202620;Spring 2026;001;20526;Carlson, Erica;20.0%;20.0%;40.0%;;;;;;;;;;;;;;;;;;;;20.0%;
;;53600;Electronic Tchnq Rsrch;202620;Spring 2026;001;25816;Jones, Timothy M.;14.3%;;;;47.6%;;;19.0%;;;;;;;9.5%;;;;;;;;9.5%;
;;54500;Solid State Physics;202620;Spring 2026;001;25820;Malis, Oana;16.0%;28.0%;8.0%;12.0%;8.0%;8.0%;8.0%;4.0%;;4.0%;;;;;4.0%;;;;;;;;;
;;57000;Atomic, Molec & Optical Phys I;202620;Spring 2026;017;36095;Robicheaux, Francis J.;85.2%;7.4%;;3.7%;;;3.7%;;;;;;;;;;;;;;;;;
;;58000;Computational Physics;202620;Spring 2026;002;26007;Hung, Chen-Lung;17.1%;12.2%;29.3%;;;;4.9%;4.9%;7.3%;9.8%;2.4%;;4.9%;;7.3%;;;;;;;;;
;;60100;Methods Theoret II;202620;Spring 2026;001;25850;Giannios, Dimitrios;11.1%;16.7%;11.1%;;11.1%;11.1%;22.2%;;11.1%;5.6%;;;;;;;;;;;;;;
;;61700;Statistical Mechanics;202620;Spring 2026;001;25851;Kruczenski, Luis M.;8.1%;5.4%;8.1%;2.7%;18.9%;18.9%;10.8%;13.5%;;2.7%;;;8.1%;;;;;;;;;;2.7%;
;;66100;Quantum Mechanics II;202620;Spring 2026;001;25856;Vayrynen, Jukka I.;13.9%;25.0%;2.8%;;16.7%;2.8%;30.6%;;;2.8%;;;;;;;;;;;;;5.6%;
;;67500;General Relativity;202620;Spring 2026;001;39162;Duffell, Paul C.;10.0%;5.0%;25.0%;35.0%;;;20.0%;;;;;;;;;;;;;;;;5.0%;
;;69600;Intro To Physics Research;202620;Spring 2026;001;16688;Csathy, Gabor A.;;;;;;;;;;;;;;;;;;98.7%;;;;;1.3%;
POL;POL-Political Science;10100;American Government;202620;Spring 2026;008;18362;Tyler, Whitney M.;24.4%;13.3%;13.3%;;13.3%;4.4%;13.3%;2.2%;;;;2.2%;;;2.2%;;;;;;;;11.1%;
;;;;;;010;25839;Carter, Darrell J.;19.6%;19.6%;0.6%;;14.3%;6.5%;18.5%;4.2%;1.8%;3.0%;1.2%;;;;4.8%;;;0.6%;;;;;5.4%;
;;12000;Intr Pub Pol-Pub Admin;202620;Spring 2026;001;11574;Brownstein, Michael R.;12.5%;18.8%;4.2%;;8.3%;12.5%;16.7%;;;14.6%;;;2.1%;;4.2%;;;;;;;;6.3%;
;;13000;Intro To Int Reltns;202620;Spring 2026;004;11328;Haynes, Kyle E.;14.3%;8.8%;;;16.5%;5.5%;15.4%;6.6%;5.5%;11.0%;2.2%;2.2%;4.4%;;4.4%;;;;;;;;3.3%;
;;14100;Govts Of The World;202620;Spring 2026;004;22680;Dory, William A.;28.8%;19.2%;1.9%;;11.5%;3.8%;5.8%;9.6%;3.8%;5.8%;1.9%;;;;3.8%;;;1.9%;;;;;1.9%;
;;15000;Intro To Pol Thought;202620;Spring 2026;009;30392;Scudder, Mary F.;32.6%;20.9%;;;9.3%;4.7%;11.6%;7.0%;;2.3%;;;;;4.7%;;;;;;;;7.0%;
;;20000;Intro Study Pol Sci;202620;Spring 2026;001;30250;Argyle, Lisa P.;9.1%;18.2%;;;4.5%;13.6%;13.6%;9.1%;;9.1%;;;;;4.5%;;;;;;;;18.2%;
;;22200;Wom Pol And Publ Pol;202620;Spring 2026;001;16281;Clawson, Rosalee A.;55.2%;10.3%;17.6%;;3.0%;1.8%;3.6%;0.6%;1.2%;1.2%;;;0.6%;;1.2%;;;;;;;;3.6%;
;;22300;Intr Environmental Pol;202620;Spring 2026;007;25835;Kurtz, Reed M.;15.0%;15.0%;;;12.0%;12.0%;23.0%;2.0%;2.0%;2.0%;2.0%;;2.0%;;6.0%;;;;;;;;7.0%;
;;22800;Data Science And Public Policy;202620;Spring 2026;001;40376;Chung, Chee Hae;28.9%;13.2%;7.9%;;13.2%;7.9%;18.4%;5.3%;2.6%;;2.6%;;;;;;;;;;;;;
;;22900;Social And Polit Phil;202620;Spring 2026;001;28868;Kogelmann, Brian J.;21.4%;35.7%;;;7.1%;;21.4%;;7.1%;;;;;;;;;;;;;;7.1%;
;;23100;Intro U S For Policy;202620;Spring 2026;002;30251;Carter, Darrell J.;14.7%;10.7%;;;24.0%;9.3%;8.0%;6.0%;0.7%;6.0%;2.0%;;1.3%;;4.7%;;;1.3%;;;;;11.3%;
;;;Intro U S For Policy-Honors;202620;Spring 2026;002;30251;Carter, Darrell J.;50.0%;;;;50.0%;;;;;;;;;;;;;;;;;;;
;;23500;Rich And Poor Nations;202620;Spring 2026;002;27605;Kuffuor, Owura K.;53.6%;;;;;;3.6%;;;3.6%;;;7.1%;;10.7%;;;;;;;;21.4%;
;;;;;;003;36114;Pijanowski, Alexander J.;38.7%;18.1%;37.2%;;3.5%;;1.0%;;0.5%;;0.5%;;;;0.5%;;;;;;;;;
;;23700;Mod Weapons & Intl Rel;202620;Spring 2026;001;10785;Shimko, Keith L.;23.9%;14.8%;;;17.0%;11.9%;10.2%;5.7%;2.8%;5.1%;1.7%;;1.1%;;1.7%;;;1.7%;;;;;2.3%;
;;25801;Intro Tech Diplomacy;202620;Spring 2026;001;39171;Ellis, Matthew K.;45.5%;27.3%;;;9.1%;;9.1%;;;9.1%;;;;;;;;;;;;;;
;;30000;Intro Polit Analysis;202620;Spring 2026;005;69958;Waltenburg, Eric N.;16.1%;10.3%;13.8%;;9.2%;8.0%;6.9%;6.9%;1.1%;3.4%;3.4%;1.1%;1.1%;;4.6%;;;1.1%;;;;;12.6%;
;;31400;President Pol Process;202620;Spring 2026;001;39099;Brownstein, Michael R.;2.1%;8.3%;2.1%;;4.2%;16.7%;14.6%;8.3%;2.1%;18.8%;;;;;;;;;;;;;22.9%;
;;32600;Black Pol Part In Amer;202620;Spring 2026;001;39172;Chapman, Valeria S.;47.1%;23.5%;;;;;17.6%;5.9%;;;;;;;;;;;;;;;5.9%;
;;32700;Global Green Politics;202620;Spring 2026;004;24375;Kurtz, Reed M.;14.0%;25.6%;;;14.9%;9.9%;24.0%;;;;1.7%;0.8%;;;3.3%;;;;;;;;5.8%;
;;;;;;005;14662;Kurtz, Reed M.;37.0%;25.5%;;;7.0%;1.0%;11.0%;1.0%;0.5%;0.5%;4.0%;1.5%;1.0%;;3.5%;;;0.5%;;;;;6.0%;
;;34800;East Asian Politics;202620;Spring 2026;001;36654;Carter, Darrell J.;32.5%;17.5%;;;10.0%;2.5%;25.0%;;2.5%;2.5%;;;;;;;;;;;;;7.5%;
;;;East Asian Politics-Honors;202620;Spring 2026;001;36654;Carter, Darrell J.;100.0%;;;;;;;;;;;;;;;;;;;;;;;
;;35200;Slctd Tpcs Pol Theory;202620;Spring 2026;001;40099;Kogelmann, Brian J.;23.1%;19.2%;7.7%;;15.4%;7.7%;7.7%;3.8%;;3.8%;3.8%;3.8%;3.8%;;;;;;;;;;;
;;;Slctd Tpcs Pol Theory-Honors;202620;Spring 2026;001;40099;Kogelmann, Brian J.;50.0%;50.0%;;;;;;;;;;;;;;;;;;;;;;
;;36000;Women And The Law;202620;Spring 2026;001;25859;Kampe, Linda L.;34.3%;11.4%;;;14.3%;2.9%;14.3%;4.3%;;4.3%;4.3%;;;;7.1%;;;;;;;;2.9%;
;;;Women And The Law-Honors;202620;Spring 2026;001;25859;Kampe, Linda L.;100.0%;;;;;;;;;;;;;;;;;;;;;;;
;;37200;Indiana Gov & Politics;202620;Spring 2026;001;22741;Kulesza, Christopher F.;54.2%;18.6%;3.4%;;3.4%;1.7%;5.1%;;;5.1%;;;1.7%;;5.1%;;;;;;;;1.7%;
;;40302;Self-Initiated Intern Pol Sci;202620;Spring 2026;003;39201;Bien, Leocadia B.;;;;;;;;;;;;;;;;;;100.0%;;;;;;
;;40700;Field Exp Undergrad Res Collab;202620;Spring 2026;001;36657;Strother, Logan R.;3.2%;;;;;;;;;;;;;;;;6.5%;87.1%;;;;;3.2%;
;;41300;Analysis Of Political Behavior;202620;Spring 2026;002;30256;Clawson, Rosalee A.;9.4%;12.5%;3.1%;;12.5%;3.1%;15.6%;21.9%;6.3%;6.3%;;;3.1%;;3.1%;;;;;;;;3.1%;
;;42300;Intl Envir Policy;202620;Spring 2026;001;27532;Kurtz, Reed M.;60.5%;7.0%;;;7.0%;2.3%;11.6%;2.3%;;;;;;;7.0%;;;;;;;;2.3%;
;;42800;Politics Of Regulation;202620;Spring 2026;001;14311;Strother, Logan R.;13.6%;15.9%;;;11.4%;13.6%;15.9%;6.8%;9.1%;4.5%;;;;;2.3%;;;;;;;;6.8%;
;;42900;CSPAN:Com Democracy Thru Media;202620;Spring 2026;005;40400;Browning, Robert X.;;9.1%;;;27.3%;18.2%;18.2%;;;;;;;;9.1%;;;;;;;;18.2%;
;;43000;Political Violence;202620;Spring 2026;001;36662;Carter, Darrell J.;38.2%;14.7%;;;5.9%;17.6%;11.8%;;;;5.9%;;;;;;;;;;;;5.9%;
;;43300;Internat Organization;202620;Spring 2026;001;39209;Carter, Darrell J.;55.6%;7.4%;;;11.1%;3.7%;7.4%;3.7%;;3.7%;;;3.7%;;;;;;;;;;3.7%;
;;;Internat Organization-Honors;202620;Spring 2026;001;39209;Carter, Darrell J.;100.0%;;;;;;;;;;;;;;;;;;;;;;;
;;43801;International Human Rights;202620;Spring 2026;001;18387;Dory, William A.;9.1%;50.0%;4.5%;;13.6%;4.5%;9.1%;;;4.5%;4.5%;;;;;;;;;;;;;
;;43900;US Foreign Pol Making;202620;Spring 2026;017;39817;Ellis, Matthew K.;50.0%;20.8%;12.5%;;4.2%;4.2%;4.2%;;4.2%;;;;;;;;;;;;;;;
;;45000;Game Theory & Strategy;202620;Spring 2026;001;36672;Grillos, Tara;11.9%;14.3%;4.8%;;9.5%;16.7%;11.9%;9.5%;7.1%;2.4%;4.8%;;;;4.8%;;;;;;;;2.4%;
;;46100;Constitutional Law I;202620;Spring 2026;001;28461;Kampe, Linda L.;48.8%;11.6%;30.2%;;;;;4.7%;;;2.3%;;;;;;;;;;;;2.3%;
;;;Constitutional Law I-Honors;202620;Spring 2026;001;28461;Kampe, Linda L.;100.0%;;;;;;;;;;;;;;;;;;;;;;;
;;46200;Constitutional Law II;202620;Spring 2026;003;23540;Sweet, Martin J.;21.1%;26.3%;5.3%;;5.3%;15.8%;5.3%;10.5%;;;;;;;5.3%;;;;;;;;5.3%;
;;46400;Legal Professionalism;202620;Spring 2026;001;36676;Kampe, Linda L.;19.2%;19.2%;26.9%;;15.4%;7.7%;11.5%;;;;;;;;;;;;;;;;;
;;49100;Conservatism In America;202620;Spring 2026;002;39882;Shimko, Keith L.;42.1%;36.8%;;;5.3%;;10.5%;;;5.3%;;;;;;;;;;;;;;
;;;Parties Groups & Policymaking;202620;Spring 2026;001;39642;Crosson, Jesse D.;38.9%;22.2%;;;16.7%;11.1%;5.6%;5.6%;;;;;;;;;;;;;;;;
;;;Strategy, Bargaining And War;202620;Spring 2026;003;40129;Haynes, Kyle E.;35.0%;10.0%;;;5.0%;10.0%;25.0%;;;10.0%;;;;;5.0%;;;;;;;;;
;;52000;Policy Analysis Climate Change;202620;Spring 2026;001;39484;Johnson, David R.;40.0%;13.3%;;;26.7%;;6.7%;;;;6.7%;;;;;;;;;;;;6.7%;
;;52601;Tech, AI, Ethics In Policy;202620;Spring 2026;002;33275;Tanaka, Yuko;53.8%;7.7%;;7.7%;;7.7%;7.7%;;;;;;;;15.4%;;;;;;;;;
;;52701;Tech, Data, AI Governance;202620;Spring 2026;003;32944;Srivastava, Swati;75.0%;;8.3%;;8.3%;;;;;;;;;;;;;;;;;;8.3%;
;;55801;Tech Diplomacy In Intl Affairs;202620;Spring 2026;001;40044;Ellis, Matthew K.;33.3%;25.0%;;;;8.3%;16.7%;;8.3%;;;;;;8.3%;;;;;;;;;
;;59000;Sub-National Government;202620;Spring 2026;001;39316;Waltenburg, Eric N.;100.0%;;;;;;;;;;;;;;;;;;;;;;;
PSY;PSY-Psychological Sciences;12000;Elementary Psychology;202620;Spring 2026;005;14926;Ward, Erin S.;64.6%;7.6%;14.4%;;0.8%;1.5%;3.5%;0.3%;0.3%;0.5%;0.3%;;0.3%;;0.8%;2.8%;;0.3%;0.3%;;;;2.0%;
;;;;;;007;15168;Malone, Caroline K.;22.1%;14.5%;5.5%;;13.8%;4.5%;10.8%;4.3%;2.5%;4.3%;1.5%;0.5%;1.3%;;3.3%;2.5%;;0.5%;;;;;8.3%;
;;;;;;009;16501;Hollich, George J.;25.8%;1.8%;56.4%;;1.8%;0.5%;3.4%;1.3%;0.5%;0.3%;0.3%;;0.5%;;2.9%;2.3%;;;;;;;2.1%;
;;;Elementary Psychology-Honors;202620;Spring 2026;005;14926;Ward, Erin S.;100.0%;;;;;;;;;;;;;;;;;;;;;;;
;;;;;;007;15168;Malone, Caroline K.;27.3%;27.3%;27.3%;;;;;;9.1%;;;9.1%;;;;;;;;;;;;
;;;;;;009;16501;Hollich, George J.;21.1%;;78.9%;;;;;;;;;;;;;;;;;;;;;
;;20000;Intro Cogn Psych;202620;Spring 2026;007;18431;Swisher, Melissa J.;46.4%;;0.5%;;31.1%;;3.1%;7.7%;;2.0%;3.1%;;;;4.1%;;;;;;;;2.0%;
;;;;;;008;35471;McAleer, Jessica L.;12.0%;11.6%;13.4%;;11.6%;11.6%;14.4%;6.5%;6.5%;6.5%;0.9%;;1.4%;;0.5%;;;;;;;;3.2%;
;;;Intro Cogn Psych-Honors;202620;Spring 2026;007;18431;Swisher, Melissa J.;100.0%;;;;;;;;;;;;;;;;;;;;;;;
;;;;;;008;35471;McAleer, Jessica L.;;;60.0%;;;20.0%;20.0%;;;;;;;;;;;;;;;;;
;;20100;Intro To Stat In Psych;202620;Spring 2026;003;26387;Lim-Kessler, Corrinne C.;29.1%;19.0%;30.4%;;3.8%;6.3%;6.3%;;;3.8%;;;;;;;;;;;;;1.3%;
;;;;;;004;18434;Han, Zhixian;56.3%;12.5%;;;6.3%;8.3%;4.2%;2.1%;;2.1%;;;;;4.2%;;;;;;;;4.2%;
;;20300;Intro Res Meth In Psy;202620;Spring 2026;010;18459;Swisher, Melissa J.;51.8%;;;;21.7%;;4.8%;9.6%;;2.4%;2.4%;;1.2%;;3.6%;;;;;;;;2.4%;
;;;;;;011;14946;Swisher, Melissa J.;53.7%;;1.2%;;25.6%;;7.3%;7.3%;;1.2%;;;;;2.4%;;;;;;;;1.2%;
;;;Intro Res Meth In Psy-Honors;202620;Spring 2026;011;14946;Swisher, Melissa J.;;;;;100.0%;;;;;;;;;;;;;;;;;;;
;;22200;Intro Behvr Neurosci;202620;Spring 2026;001;69747;Lim-Kessler, Corrinne C.;44.3%;22.2%;11.3%;;5.2%;3.9%;6.5%;0.9%;1.3%;1.3%;;;;;2.2%;;;;;;;;0.9%;
;;;;;;002;36725;Lim-Kessler, Corrinne C.;45.8%;17.8%;19.6%;;5.6%;3.7%;4.7%;;;;;;0.9%;;0.9%;;;;;;;;0.9%;
;;23500;Child Psychology;202620;Spring 2026;006;21183;Hollich, George J.;42.3%;5.1%;33.0%;;6.5%;0.9%;2.3%;1.9%;;0.5%;0.5%;;;;1.9%;3.3%;;;;;;;1.9%;
;;;;;;007;27691;Hollich, George J.;38.0%;4.0%;38.0%;;12.0%;;4.0%;;;;;;;;;4.0%;;;;;;;;
;;;Child Psychology-Honors;202620;Spring 2026;006;21183;Hollich, George J.;80.0%;;20.0%;;;;;;;;;;;;;;;;;;;;;
;;;;;;007;27691;Hollich, George J.;50.0%;;50.0%;;;;;;;;;;;;;;;;;;;;;
;;24000;Intro Social Psych;202620;Spring 2026;001;18464;Gulker, Jill E.;19.2%;20.2%;6.1%;;11.1%;6.1%;19.2%;5.1%;2.0%;8.1%;;;;;;;;;;;;;3.0%;
;;;;;;002;22951;Gulker, Jill E.;18.2%;24.2%;3.0%;;7.6%;18.2%;7.6%;1.5%;4.5%;6.1%;;3.0%;;;3.0%;;;1.5%;;;;;1.5%;
;;;Intro Social Psych-Honors;202620;Spring 2026;001;18464;Gulker, Jill E.;;;100.0%;;;;;;;;;;;;;;;;;;;;;
;;;;;;002;22951;Gulker, Jill E.;100.0%;;;;;;;;;;;;;;;;;;;;;;;
;;27200;Intro To Ind-Org Psych;202620;Spring 2026;001;36690;Wang, Victoria S.;40.1%;9.0%;8.6%;;17.6%;5.0%;6.8%;3.2%;0.9%;2.3%;0.5%;0.5%;0.9%;;2.3%;;;;;;;;2.7%;
;;31100;Human Memory;202620;Spring 2026;001;35403;Malone, Caroline K.;21.7%;10.9%;2.2%;;10.9%;6.5%;13.0%;6.5%;2.2%;10.9%;2.2%;;2.2%;;4.3%;;;;;;;;6.5%;
;;32400;Intro Cog Neurosci;202620;Spring 2026;003;35383;Sereno, Anne B.;56.3%;;12.5%;;12.5%;;12.5%;;;6.3%;;;;;;;;;;;;;;
;;;;;;004;35384;Kemmerer, David L.;21.4%;;;;21.4%;14.3%;7.1%;;14.3%;;;;7.1%;;;;;;;;;;14.3%;
;;32700;Psychology Of Helping;202620;Spring 2026;001;23747;Ward, Erin S.;41.7%;11.1%;23.6%;;6.9%;1.4%;11.1%;;;;1.4%;;;;2.8%;;;;;;;;;
;;33500;Stereotyping And Prej;202620;Spring 2026;001;17625;Ward, Erin S.;24.0%;20.0%;32.0%;;6.0%;;8.0%;2.0%;;2.0%;;;;;;;;;;;;;6.0%;
;;34200;Psych Of Personality;202620;Spring 2026;001;35379;Samuel, Douglas B.;18.3%;17.1%;7.3%;;15.9%;3.7%;11.0%;7.3%;2.4%;4.9%;2.4%;;3.7%;;4.9%;;;;;;;;1.2%;
;;35000;Abnormal Psychology;202620;Spring 2026;007;23744;William, Colin T.;23.6%;13.8%;;;14.9%;12.7%;12.7%;5.8%;2.2%;6.2%;0.7%;0.4%;0.7%;;1.1%;;;;;;;;5.1%;
;;;;;;008;36691;Bucher, Meredith A.;64.0%;11.0%;0.4%;;6.1%;2.3%;5.3%;4.2%;0.4%;1.1%;1.5%;0.8%;0.4%;;2.3%;;;;;;;;0.4%;
;;;Abnormal Psychology-Honors;202620;Spring 2026;007;23744;William, Colin T.;50.0%;50.0%;;;;;;;;;;;;;;;;;;;;;;
;;;;;;008;36691;Bucher, Meredith A.;83.3%;16.7%;;;;;;;;;;;;;;;;;;;;;;
;;35200;Intro To Neuropsych-Honors;202620;Spring 2026;001;35371;Fox, Edward A.;100.0%;;;;;;;;;;;;;;;;;;;;;;;
;;;Intro To Neuropsychology;202620;Spring 2026;001;35371;Fox, Edward A.;75.0%;;;;20.8%;;;;;;2.1%;;;;2.1%;;;;;;;;;
;;35400;Close Relationships;202620;Spring 2026;001;22952;Gulker, Jill E.;22.7%;18.7%;8.0%;;10.7%;5.3%;9.3%;4.0%;5.3%;2.7%;;4.0%;;;4.0%;;;;;;;;5.3%;
;;;Close Relationships-Honors;202620;Spring 2026;001;22952;Gulker, Jill E.;66.7%;33.3%;;;;;;;;;;;;;;;;;;;;;;
;;36700;Adult Devel & Aging;202620;Spring 2026;001;23201;Malone, Caroline K.;23.0%;9.8%;8.2%;;11.5%;6.6%;8.2%;6.6%;1.6%;14.8%;3.3%;1.6%;1.6%;;;;;;;;;;3.3%;
;;;Adult Devel & Aging-Honors;202620;Spring 2026;001;23201;Malone, Caroline K.;100.0%;;;;;;;;;;;;;;;;;;;;;;;
;;37600;Attention & Cognitive Control;202620;Spring 2026;001;17742;Schneider, Darryl W.;16.7%;6.7%;6.7%;;23.3%;;3.3%;16.7%;6.7%;6.7%;6.7%;3.3%;;;;;;;;;;;3.3%;
;;38000;Behavior Change Methds;202620;Spring 2026;001;69370;Swisher, Melissa J.;43.8%;;;;31.3%;;;16.7%;;2.1%;2.1%;;;;;;;;;;;;4.2%;
;;39000;Res Exper In Psych;202620;Spring 2026;023;12552;Lee, Hongmi;27.3%;9.1%;36.4%;;;;;;;;;;;;;;;18.2%;;;;;9.1%;
;;;;;;032;12608;Morgenroth, Thekla;;;71.4%;;;;;;;;;;;;;;;28.6%;;;;;;
;;39200;Brainwaves And Human Cognition;202620;Spring 2026;019;35381;Chiu, Yu-Chin;33.3%;23.8%;9.5%;;;4.8%;19.0%;;;;4.8%;;;;;;;;;;;;4.8%;
;;;Cultural Psychology;202620;Spring 2026;011;23203;Lim-Kessler, Corrinne C.;25.6%;26.8%;18.3%;;11.0%;3.7%;7.3%;1.2%;2.4%;;1.2%;1.2%;;;;;;;;;;;1.2%;
;;;Human Expertise & Achievement;202620;Spring 2026;021;35389;Macnamara, Brooke N.;20.0%;10.0%;20.0%;;15.0%;;30.0%;5.0%;;;;;;;;;;;;;;;;
;;;Intro - Computational Psy & AI;202620;Spring 2026;024;35401;Han, Zhixian;88.9%;;;;;;;;;;;;;;5.6%;;;;;;;;5.6%;
;;;Mod Methods In Neuroscience;202620;Spring 2026;031;39489;McAleer, Jessica L.;8.3%;;41.7%;;25.0%;16.7%;;;;;;;;;;;;;;;;;8.3%;
;;;Neurogenetic Syndromes;202620;Spring 2026;012;23205;Kelleher, Bridgette L.;61.8%;8.8%;;;8.8%;5.9%;8.8%;;;2.9%;;;;;;;;;;;;;2.9%;
;;;Psy Of Teams And Leadership;202620;Spring 2026;020;35388;Harris-Watson, Alexandra M.;18.2%;24.2%;;;30.3%;6.1%;9.1%;3.0%;;3.0%;;;6.1%;;;;;;;;;;;
;;;Psychology Of Gender;202620;Spring 2026;023;35400;Morgenroth, Thekla;8.1%;24.3%;29.7%;;18.9%;2.7%;2.7%;2.7%;;;;;;;2.7%;;;;;;;;8.1%;
;;;Psychology Of Trauma;202620;Spring 2026;010;69783;Noll, James P.;22.0%;2.4%;;;22.0%;4.9%;14.6%;4.9%;4.9%;12.2%;7.3%;;;;;;;;;;;;4.9%;
;;;The Disordered Brain;202620;Spring 2026;030;39488;McAleer, Jessica L.;35.0%;15.0%;32.5%;;5.0%;2.5%;2.5%;2.5%;;;;;;;5.0%;;;;;;;;;
;;;Neurogenetic Syndromes-Honors;202620;Spring 2026;012;23205;Kelleher, Bridgette L.;;;;;100.0%;;;;;;;;;;;;;;;;;;;
;;40300;Psycholinguistics;202620;Spring 2026;001;28394;Kaganovich, Natalya B.;42.1%;;;;52.6%;;;5.3%;;;;;;;;;;;;;;;;
;;42100;Alcohol Use And Disorders;202620;Spring 2026;001;23210;Chester, Julia A.;25.5%;2.0%;43.1%;;13.7%;2.0%;5.9%;2.0%;2.0%;;;;;;2.0%;;;;;;;;2.0%;
;;43800;Intro To Clinical Psychology;202620;Spring 2026;001;35375;Foti, Daniel J.;53.5%;14.0%;;;14.0%;2.3%;9.3%;;2.3%;;;2.3%;;;;;;;;;;;2.3%;
;;46400;Research Ethics;202620;Spring 2026;001;35377;Foti, Daniel J.;55.3%;17.0%;;;;2.1%;10.6%;4.3%;2.1%;2.1%;;;;;2.1%;;;;;;;;4.3%;
;;;Research Ethics-Honors;202620;Spring 2026;001;35377;Foti, Daniel J.;100.0%;;;;;;;;;;;;;;;;;;;;;;;
;;62400;Human Lrning & Memry;202620;Spring 2026;001;35382;Karpicke, Jeffrey D.;80.0%;6.7%;;;6.7%;;6.7%;;;;;;;;;;;;;;;;;
;;63100;Multiple Regression Analysis;202620;Spring 2026;001;22956;Lynam, Donald R.;35.3%;;;;58.8%;;;;;;;;;;;;;;;;;;5.9%;
;;63300;Pro Seminar Cognitive;202620;Spring 2026;001;26527;Schneider, Darryl W.;;;;;;;;;;;;;;;;;;100.0%;;;;;;
;;67300;Behavior Disorders;202620;Spring 2026;001;35380;South, Susan C.;69.2%;;;;;;30.8%;;;;;;;;;;;;;;;;;
;;69200;Decision Making And Judgement;202620;Spring 2026;022;35472;Broomell, Stephen B.;45.5%;;45.5%;9.1%;;;;;;;;;;;;;;;;;;;;
;;;Ethnic Minority Issues In Psy;202620;Spring 2026;020;35378;Rollock, David;91.7%;8.3%;;;;;;;;;;;;;;;;;;;;;;
;;;Pro-Sem Clinical Psy;202620;Spring 2026;002;26686;Lynam, Donald R.;;;;;;;;;;;;;;;;;;100.0%;;;;;;
PTGS;PTGS-Portuguese;20200;Portuguese Level IV;202620;Spring 2026;001;23977;Alvim Ferreira, Carolina;42.9%;7.1%;21.4%;;14.3%;;14.3%;;;;;;;;;;;;;;;;;
PUBH;PUBH-Public Health;10001;Intro To Public Health;202620;Spring 2026;001;14333;Solari Williams, Kayce D.;39.1%;13.0%;34.8%;;;8.7%;4.3%;;;;;;;;;;;;;;;;;
;;20500;Basic Public Health Studies;202620;Spring 2026;001;21311;Bailey, Kelley C.;53.3%;6.7%;26.7%;;6.7%;;3.3%;;;;;;;;;;;;;;;;3.3%;
;;23000;Community Cultur Hlth Perspect;202620;Spring 2026;001;69749;Chang Alexander, Stewart C.;16.7%;;83.3%;;;;;;;;;;;;;;;;;;;;;
;;24000;Global Health;202620;Spring 2026;001;38036;Bhadelia, Afsan R.;25.0%;5.0%;65.0%;;;;;;;;;;;;;;;;;;;;5.0%;
;;29500;Intern & Career Prep;202620;Spring 2026;001;27471;Walker, Beth A.;45.5%;6.1%;33.3%;;6.1%;;3.0%;3.0%;;;;;;;3.0%;;;;;;;;;
;;32000;Hlth Behavior Promo;202620;Spring 2026;001;69760;Mahaffey, Carlos C.;50.0%;7.1%;21.4%;;;;7.1%;7.1%;;7.1%;;;;;;;;;;;;;;
;;32500;Meth Hlth Promo & Ed;202620;Spring 2026;001;21324;Bailey, Kelley C.;35.7%;17.9%;;;10.7%;;25.0%;3.6%;;3.6%;;;3.6%;;;;;;;;;;;
;;36500;Public Health Research Methods;202620;Spring 2026;001;69761;Laroche, Kathryn J.;20.5%;10.3%;33.3%;;;;10.3%;2.6%;5.1%;10.3%;;5.1%;;;2.6%;;;;;;;;;
;;38000;Public Health Policy;202620;Spring 2026;001;38037;Chang Alexander, Stewart C.;7.1%;;78.6%;;;;7.1%;;7.1%;;;;;;;;;;;;;;;
;;40000;Human Diseases Disord;202620;Spring 2026;001;21326;Baier, Vincent E.;74.6%;6.3%;7.9%;;1.6%;;6.3%;1.6%;;1.6%;;;;;;;;;;;;;;
;;40500;Principle Epidemiology;202620;Spring 2026;001;21327;Banda, Jorge A.;9.7%;25.8%;29.0%;;;16.1%;12.9%;3.2%;3.2%;;;;;;;;;;;;;;;
;;;Principle Epidemiology-Honors;202620;Spring 2026;001;21327;Banda, Jorge A.;100.0%;;;;;;;;;;;;;;;;;;;;;;;
;;48000;Internship Public Health;202620;Spring 2026;001;21329;Walker, Beth A.;30.8%;2.6%;64.1%;;;2.6%;;;;;;;;;;;;;;;;;;
;;49000;Latino Health Research;202620;Spring 2026;003;41554;Ruiz, Yumary;72.7%;;;;;;;;;;;;;;;;;;;27.3%;;;;
;;50100;Intro To Health Equity;202620;Spring 2026;001;14483;Mahaffey, Carlos C.;6.7%;;93.3%;;;;;;;;;;;;;;;;;;;;;
;;59000;Applied Regression For PUBH;202620;Spring 2026;044;32534;Cao, Pianpian;31.6%;31.6%;36.8%;;;;;;;;;;;;;;;;;;;;;
;;;;;;049;40713;Cao, Pianpian;31.6%;31.6%;36.8%;;;;;;;;;;;;;;;;;;;;;
;;;Qualitative Methods For PH;202620;Spring 2026;032;69773;Ruiz, Yumary;100.0%;;;;;;;;;;;;;;;;;;;;;;;
;;60000;Prof Development PH Seminar;202620;Spring 2026;001;39012;Hubach, Randolph D.;;;;;;;;;;;;;;;;;;;;96.9%;;;3.1%;
;;60400;Public Health Administration;202620;Spring 2026;002;20475;Mullen, Cody J.;67.9%;25.0%;;3.6%;3.6%;;;;;;;;;;;;;;;;;;;
;;60600;Design/Anlys Public Health;202620;Spring 2026;003;28435;Jabson Tree, Jennifer M.;79.3%;10.3%;;;;;10.3%;;;;;;;;;;;;;;;;;
;;60800;Culminating Experience;202620;Spring 2026;002;17004;Stigar, Lorraine V.;55.6%;5.6%;27.8%;;;;11.1%;;;;;;;;;;;;;;;;;
;;69400;Grad Seminar In Public Health;202620;Spring 2026;001;30137;Banda, Jorge A.;;;;;;;;;;;;;;;;;;;;100.0%;;;;
REL;REL-Religious Studies;23000;Religions Of The East;202620;Spring 2026;001;25515;Ryba, Thomas W.;25.0%;25.0%;6.3%;;12.5%;;6.3%;6.3%;6.3%;6.3%;;;;;;;;;;;;;6.3%;
;;23100;Religions Of The West;202620;Spring 2026;001;10592;Ryba, Thomas W.;6.7%;13.3%;26.7%;;13.3%;;26.7%;6.7%;;;;;;;;;;;;;;;6.7%;
;;31800;Bible & Early Intrpret;202620;Spring 2026;001;18521;Dodson, Joseph R.;47.1%;17.6%;;;5.9%;17.6%;;5.9%;;;;;;;;;;;;;;;5.9%;
;;35100;Christian Mysticism;202620;Spring 2026;001;38949;Ryba, Thomas W.;28.0%;24.0%;12.0%;4.0%;4.0%;;20.0%;;;;;;;;;;;;;;;;8.0%;
RPMP;RPMP-Radio Pharm Mfg;49100;Intro To Nuclear Pharmacy;202620;Spring 2026;001;36612;Weatherman, Kara D.;100.0%;;;;;;;;;;;;;;;;;;;;;;;
;;49200;Basics Of NP Practice;202620;Spring 2026;001;36610;Weatherman, Kara D.;97.9%;;;;;;;;;;;;;;;;;;;;;;2.1%;
;;49500;Applied Nuclear Pharmacy;202620;Spring 2026;001;36616;Weatherman, Kara D.;100.0%;;;;;;;;;;;;;;;;;;;;;;;
RUSS;RUSS-Russian;10200;Russian Level II;202620;Spring 2026;001;15010;Dick, Ekaterina D.;33.3%;;33.3%;;6.7%;;6.7%;;;6.7%;6.7%;;;;;;;;;;;;6.7%;
;;20200;Russian Level IV;202620;Spring 2026;001;14519;Gabrielov, Amina;40.0%;6.7%;40.0%;;13.3%;;;;;;;;;;;;;;;;;;;
;;38000;Russian Culture & Civ I;202620;Spring 2026;001;38885;Gabrielov, Amina;46.2%;;38.5%;;7.7%;;;;;;;;;;7.7%;;;;;;;;;
SCI;SCI-General Science;19500;BYTES Seminar;202620;Spring 2026;LC1;40398;Salina-Bender, Giselle M.;14.8%;7.4%;63.0%;;3.7%;7.4%;;;;;;;;;;;;;;;;;3.7%;
;;;Women In Science Program;202620;Spring 2026;001;15207;Kaspar, Constance;8.9%;4.1%;13.8%;69.1%;;1.6%;1.6%;;;;;;;;;;;;0.8%;;;;;
;;;;;;LC4;28515;Kaspar, Constance;19.2%;10.1%;48.5%;;4.0%;6.1%;5.1%;1.0%;;2.0%;;;;;1.0%;;;;;;;;3.0%;
;;30100;STEM Teaching Exploration;202620;Spring 2026;001;40993;Thiel, Elizabeth A.;50.0%;3.8%;19.2%;;11.5%;3.8%;;7.7%;;;3.8%;;;;;;;;;;;;;
SCLA;SCLA-Studies Coll Liberal Arts;10100;Crit Think & Com I;202620;Spring 2026;001;15134;Nichols, Michael D.;32.1%;10.7%;;;25.0%;7.1%;14.3%;10.7%;;;;;;;;;;;;;;;;
;;;;;;002;15135;Nichols, Michael D.;51.7%;17.2%;;;17.2%;;6.9%;;;6.9%;;;;;;;;;;;;;;
;;;;;;005;15141;Nichols, Michael D.;53.3%;10.0%;;;10.0%;3.3%;10.0%;6.7%;;;3.3%;;;;3.3%;;;;;;;;;
;;;;;;006;15142;Nichols, Michael D.;28.6%;28.6%;;;10.7%;21.4%;3.6%;;3.6%;;;;;;;;;;;;;;3.6%;
;;;;;;038;15706;Wedow, Lindsey K.;36.4%;4.5%;13.6%;;13.6%;4.5%;9.1%;4.5%;;;;;;;9.1%;;;;;;;;4.5%;
;;;;;;040;15708;Wedow, Lindsey K.;40.0%;30.0%;6.7%;;13.3%;;;;;6.7%;;;;;3.3%;;;;;;;;;
;;;;;;042;20622;Wedow, Lindsey K.;26.7%;20.0%;23.3%;;3.3%;3.3%;10.0%;3.3%;;;;3.3%;;;3.3%;;;;;;;;3.3%;
;;;;;;044;21420;Wedow, Lindsey K.;27.6%;13.8%;34.5%;;;3.4%;3.4%;3.4%;;;;6.9%;;;;;;;;;;;6.9%;
;;;;;;065;25756;Cuthbertson, Tara L.;24.1%;31.0%;;;10.3%;3.4%;20.7%;3.4%;;;;;;;3.4%;;;;;;;;3.4%;
;;;;;;067;25758;Cuthbertson, Tara L.;3.3%;36.7%;;;26.7%;;23.3%;;;;;;;;6.7%;;;;;;;;3.3%;
;;;;;;075;26888;Frketich, Elise F.;22.7%;22.7%;;;18.2%;4.5%;13.6%;;;;;;4.5%;;;;;;;;;;13.6%;
;;;;;;082;26895;Frketich, Elise F.;28.0%;28.0%;;;16.0%;4.0%;16.0%;4.0%;;;;;;;;;;;;;;;4.0%;
;;;;;;083;26896;Frketich, Elise F.;25.0%;41.7%;;;8.3%;4.2%;12.5%;;;;;;;;4.2%;;;;;;;;4.2%;
;;;;;;106;29813;Riesbeck, David J.;65.4%;19.2%;11.5%;;;;3.8%;;;;;;;;;;;;;;;;;
;;;;;;107;20959;Riesbeck, David J.;65.5%;17.2%;6.9%;;;;6.9%;3.4%;;;;;;;;;;;;;;;;
;;;;;;108;20968;Riesbeck, David J.;77.8%;18.5%;3.7%;;;;;;;;;;;;;;;;;;;;;
;;;;;;109;20973;Riesbeck, David J.;57.1%;14.3%;28.6%;;;;;;;;;;;;;;;;;;;;;
;;;;;;110;20996;Stahl, Aletha D.;32.0%;20.0%;8.0%;;8.0%;;16.0%;4.0%;;;;;;;4.0%;4.0%;;;;;;;4.0%;
;;;;;;111;21002;Stahl, Aletha D.;18.5%;33.3%;7.4%;;3.7%;;14.8%;;;11.1%;;;3.7%;;3.7%;;;;;;;;3.7%;
;;;;;;114;21009;Chen, Huiying;43.3%;16.7%;3.3%;;6.7%;10.0%;6.7%;;;3.3%;3.3%;;3.3%;;;;;;;;;;3.3%;
;;;;;;115;21013;Chen, Huiying;46.7%;13.3%;6.7%;;6.7%;3.3%;13.3%;;;6.7%;3.3%;;;;;;;;;;;;;
;;;;;;116;21014;Schroeder, Lea A.;33.3%;40.7%;;;;;22.2%;3.7%;;;;;;;;;;;;;;;;
;;;;;;117;21016;Schroeder, Lea A.;24.1%;37.9%;6.9%;;6.9%;3.4%;10.3%;3.4%;;3.4%;;;;;3.4%;;;;;;;;;
;;;;;;118;21018;Sampson, Eric T.;3.3%;13.3%;3.3%;;16.7%;16.7%;13.3%;6.7%;;6.7%;3.3%;6.7%;;;;;;;;;;;10.0%;
;;;;;;119;21019;Sampson, Eric T.;22.2%;7.4%;11.1%;;18.5%;7.4%;22.2%;3.7%;;7.4%;;;;;;;;;;;;;;
;;;;;;124;22392;Hamm, Lindsay M.;27.6%;41.4%;3.4%;;6.9%;;;;3.4%;3.4%;;;;;;;;3.4%;;;;;10.3%;
;;;;;;125;22403;Woodward, Elizabeth J.;26.9%;30.8%;3.8%;;19.2%;;11.5%;;;;;;;;3.8%;;;;;;;;3.8%;
;;;;;;126;22421;Bennett, Samuel C.;;26.1%;;;13.0%;8.7%;34.8%;4.3%;4.3%;4.3%;;;;;;;;;;;;;4.3%;
;;;;;;137;23313;Cuthbertson, Tara L.;14.3%;39.3%;;;7.1%;3.6%;28.6%;;;;;;7.1%;;;;;;;;;;;
;;;;;;162;17032;Cuthbertson, Tara L.;3.6%;42.9%;;;7.1%;3.6%;39.3%;;;;;;;;;;;;;;;;3.6%;
;;;;;;164;17038;Heth, Raleigh C.;37.9%;27.6%;;;20.7%;;13.8%;;;;;;;;;;;;;;;;;
;;;;;;165;17039;Renfro, Joshua S.;27.8%;22.2%;;;11.1%;16.7%;16.7%;;;;;;;;5.6%;;;;;;;;;
;;;;;;166;17040;Renfro, Joshua S.;33.3%;5.6%;;;5.6%;11.1%;33.3%;;;;;5.6%;;;5.6%;;;;;;;;;
;;;;;;168;17043;Heth, Raleigh C.;20.7%;41.4%;6.9%;;13.8%;3.4%;6.9%;;;;;;;;;;;;;;;;6.9%;
;;;;;;169;17044;Heth, Raleigh C.;27.3%;22.7%;13.6%;;4.5%;9.1%;9.1%;;4.5%;4.5%;4.5%;;;;;;;;;;;;;
;;;;;;174;19692;Robson, Thomas M.;48.3%;27.6%;;;6.9%;6.9%;6.9%;;;;;;;;;;;;;;;;3.4%;
;;;;;;175;19693;Robson, Thomas M.;53.8%;26.9%;;;3.8%;;7.7%;;;3.8%;;3.8%;;;;;;;;;;;;
;;;;;;188;30112;Hauske, Matthew R.;21.4%;25.0%;3.6%;;14.3%;10.7%;21.4%;;;;;;;;;;;;;;;;3.6%;
;;;;;;190;30114;Hauske, Matthew R.;30.0%;13.3%;;;23.3%;3.3%;3.3%;6.7%;3.3%;13.3%;;;;;;;;;;;;;3.3%;
;;;;;;191;30115;Rdzak, Brandon W.;37.9%;10.3%;24.1%;;;;6.9%;6.9%;;10.3%;;;;;3.4%;;;;;;;;;
;;;;;;192;30116;Rdzak, Brandon W.;31.0%;17.2%;17.2%;;20.7%;3.4%;6.9%;;;;;;;;3.4%;;;;;;;;;
;;;;;;193;30117;Elliott, George D.;26.7%;10.0%;33.3%;;3.3%;;13.3%;3.3%;;;;;;;3.3%;;;;;;;;6.7%;
;;;;;;196;30121;Elliott, George D.;43.3%;16.7%;20.0%;;;3.3%;6.7%;6.7%;;;;;;;;;;;;;;;3.3%;
;;;;;;197;30122;Elliott, George D.;29.6%;11.1%;25.9%;;3.7%;;7.4%;;;;;3.7%;;;3.7%;;;;;;;;14.8%;
;;;;;;198;30123;Elliott, George D.;41.4%;20.7%;27.6%;;;3.4%;;;;;;;;;6.9%;;;;;;;;;
;;;;;;199;30124;Rdzak, Brandon W.;33.3%;6.7%;26.7%;;3.3%;16.7%;3.3%;3.3%;;3.3%;;;;;;;;;;;;;3.3%;
;;;;;;200;30125;Hauske, Matthew R.;14.8%;25.9%;;;29.6%;11.1%;11.1%;;;7.4%;;;;;;;;;;;;;;
;;;;;;212;30299;Bennett, Samuel C.;7.4%;25.9%;;;25.9%;7.4%;25.9%;;;3.7%;;;;;;;;;;;;;3.7%;
;;;;;;213;30300;Bennett, Samuel C.;;10.0%;;;10.0%;;55.0%;;;;;;5.0%;;5.0%;;;;;;;;15.0%;
;;;;;;214;30301;Bennett, Samuel C.;;14.8%;;;14.8%;18.5%;37.0%;;3.7%;;;;3.7%;;3.7%;;;;;;;;3.7%;
;;;;;;230;32488;Hauske, Matthew R.;42.9%;21.4%;3.6%;;17.9%;;7.1%;;;3.6%;;;;;;;;;;;;;3.6%;
;;;;;;231;38893;Robson, Thomas M.;41.7%;20.8%;;;16.7%;;4.2%;;;4.2%;;;;;8.3%;;;;;;;;4.2%;
;;;;;;232;38894;Robson, Thomas M.;17.9%;35.7%;3.6%;;17.9%;3.6%;10.7%;;;;;;;;;;;;;;;;10.7%;
;;;;;;233;38895;Crosson, Dylan N.;52.6%;5.3%;;;15.8%;;10.5%;;;;;;15.8%;;;;;;;;;;;
;;;;;;234;38896;Crosson, Dylan N.;53.6%;7.1%;;;10.7%;3.6%;3.6%;;;3.6%;;;7.1%;;7.1%;;;;;;;;3.6%;
;;;;;;235;38897;Renfro, Joshua S.;13.6%;40.9%;;;;4.5%;31.8%;;;;;;;;;;;;;;;;9.1%;
;;;;;;236;38898;Renfro, Joshua S.;37.9%;20.7%;;;10.3%;10.3%;13.8%;;;;;3.4%;;;;;;;;;;;3.4%;
;;;;;;237;38899;Kantor, Alon;50.0%;7.7%;26.9%;;;;3.8%;;;;;;;;3.8%;;;;;;;;7.7%;
;;;;;;238;38900;Crosson, Dylan N.;44.0%;16.0%;;;8.0%;4.0%;8.0%;;;4.0%;8.0%;;4.0%;;4.0%;;;;;;;;;
;;;;;;239;38901;Crosson, Dylan N.;59.1%;18.2%;;;;;9.1%;;4.5%;4.5%;;;;;;;;;;;;;4.5%;
;;;;;;240;38902;Goldsmith, Zachary R.;28.6%;14.3%;4.8%;;38.1%;4.8%;;;;4.8%;4.8%;;;;;;;;;;;;;
;;;;;;241;38903;Goldsmith, Zachary R.;20.8%;16.7%;;;16.7%;4.2%;12.5%;;;8.3%;4.2%;;;;8.3%;;;;;;;;8.3%;
;;;;;;243;38905;Graham, Sebastian R.;34.5%;31.0%;13.8%;;6.9%;;6.9%;;;;;;;;;;;;;;;;6.9%;
;;;;;;244;38906;Goldsmith, Zachary R.;15.0%;15.0%;;;5.0%;10.0%;40.0%;;;;;;;;5.0%;;;;;;;;10.0%;
;;;;;;245;38907;Goldsmith, Zachary R.;35.0%;10.0%;;;20.0%;5.0%;15.0%;;;;;5.0%;;;;;;;;;;;10.0%;
;;;;;;246;38908;Graham, Sebastian R.;37.0%;14.8%;18.5%;;3.7%;7.4%;7.4%;;;;;;;;7.4%;;;;;;;;3.7%;
;;;;;;248;38911;Jouin, Gwenael B.;18.5%;;63.0%;;;3.7%;;7.4%;;;;;;;3.7%;;;;;;;;3.7%;
;;;;;;249;39866;Parrish, Lynn;66.7%;;33.3%;;;;;;;;;;;;;;;;;;;;;
;;;;;;250;39867;Parrish, Lynn;57.1%;;42.9%;;;;;;;;;;;;;;;;;;;;;
;;;;;;251;39868;Parrish, Lynn;51.9%;;44.4%;;;;;;;;;;;;3.7%;;;;;;;;;
;;;;;;257;40730;Jouin, Gwenael B.;14.3%;7.1%;67.9%;;3.6%;;;;;;;;3.6%;;;;;;;;;;3.6%;
;;;;;;258;40900;Jouin, Gwenael B.;10.3%;;75.9%;;;;6.9%;;;3.4%;;;;;;;;;;;;;3.4%;
;;;;;;259;41507;Conner, Daniel A.;20.7%;24.1%;6.9%;;6.9%;6.9%;6.9%;3.4%;10.3%;3.4%;;;3.4%;;6.9%;;;;;;;;;
;;;;;;260;41508;Conner, Daniel A.;21.4%;21.4%;14.3%;;17.9%;3.6%;10.7%;;3.6%;;;;;;3.6%;;;;;;;;3.6%;
;;;Crit Think & Com I-Honors;202620;Spring 2026;038;15706;Wedow, Lindsey K.;100.0%;;;;;;;;;;;;;;;;;;;;;;;
;;;;;;044;21420;Wedow, Lindsey K.;;;100.0%;;;;;;;;;;;;;;;;;;;;;
;;;;;;065;25756;Cuthbertson, Tara L.;;100.0%;;;;;;;;;;;;;;;;;;;;;;
;;;;;;106;29813;Riesbeck, David J.;100.0%;;;;;;;;;;;;;;;;;;;;;;;
;;;;;;107;20959;Riesbeck, David J.;;;100.0%;;;;;;;;;;;;;;;;;;;;;
;;;;;;108;20968;Riesbeck, David J.;;;100.0%;;;;;;;;;;;;;;;;;;;;;
;;;;;;109;20973;Riesbeck, David J.;100.0%;;;;;;;;;;;;;;;;;;;;;;;
;;;;;;110;20996;Stahl, Aletha D.;100.0%;;;;;;;;;;;;;;;;;;;;;;;
;;;;;;116;21014;Schroeder, Lea A.;100.0%;;;;;;;;;;;;;;;;;;;;;;;
;;;;;;124;22392;Hamm, Lindsay M.;;;;;;;100.0%;;;;;;;;;;;;;;;;;
;;;;;;137;23313;Cuthbertson, Tara L.;100.0%;;;;;;;;;;;;;;;;;;;;;;;
;;;;;;164;17038;Heth, Raleigh C.;100.0%;;;;;;;;;;;;;;;;;;;;;;;
;;;;;;174;19692;Robson, Thomas M.;100.0%;;;;;;;;;;;;;;;;;;;;;;;
;;;;;;175;19693;Robson, Thomas M.;;;;;;100.0%;;;;;;;;;;;;;;;;;;
;;;;;;191;30115;Rdzak, Brandon W.;;100.0%;;;;;;;;;;;;;;;;;;;;;;
;;;;;;197;30122;Elliott, George D.;50.0%;;50.0%;;;;;;;;;;;;;;;;;;;;;
;;;;;;198;30123;Elliott, George D.;;;100.0%;;;;;;;;;;;;;;;;;;;;;
;;;;;;214;30301;Bennett, Samuel C.;;;;;;;100.0%;;;;;;;;;;;;;;;;;
;;;;;;230;32488;Hauske, Matthew R.;;100.0%;;;;;;;;;;;;;;;;;;;;;;
;;;;;;233;38895;Crosson, Dylan N.;100.0%;;;;;;;;;;;;;;;;;;;;;;;
;;;;;;234;38896;Crosson, Dylan N.;100.0%;;;;;;;;;;;;;;;;;;;;;;;
;;;;;;236;38898;Renfro, Joshua S.;100.0%;;;;;;;;;;;;;;;;;;;;;;;
;;;;;;240;38902;Goldsmith, Zachary R.;100.0%;;;;;;;;;;;;;;;;;;;;;;;
;;;;;;250;39867;Parrish, Lynn;50.0%;;50.0%;;;;;;;;;;;;;;;;;;;;;
;;;;;;251;39868;Parrish, Lynn;;;100.0%;;;;;;;;;;;;;;;;;;;;;
;;;;;;260;41508;Conner, Daniel A.;100.0%;;;;;;;;;;;;;;;;;;;;;;;
;;10200;Crit Think & Com II;202620;Spring 2026;032;15650;Wijeyeratne, Nissanka S.;31.0%;6.9%;41.4%;;3.4%;;3.4%;;;;;;;;3.4%;;;;;;;;10.3%;
;;;;;;033;15651;Seagraves, Troy D.;48.1%;44.4%;;;;;3.7%;;;;;;;;;;;;;;;;3.7%;
;;;;;;034;15652;Graham, Sebastian R.;40.7%;22.2%;7.4%;;3.7%;;11.1%;3.7%;;7.4%;;;;;3.7%;;;;;;;;;
;;;;;;036;15684;Malone, Michael J.;56.7%;13.3%;10.0%;;3.3%;;10.0%;3.3%;;;;;;;;;;;;;;;3.3%;
;;;;;;038;15688;Malone, Michael J.;50.0%;19.2%;11.5%;;3.8%;;15.4%;;;;;;;;;;;;;;;;;
;;;;;;113;14564;Hsiung, Yuwen;34.8%;21.7%;4.3%;;17.4%;13.0%;;;;4.3%;;;;;;;;;;;;;4.3%;
;;;;;;117;15881;Canete Jurado, Vanesa M.;31.0%;34.5%;13.8%;;;;10.3%;;;;;;;;3.4%;;;;;;;;6.9%;
;;;;;;147;25799;Sklar, Jeremy F.;33.3%;11.1%;51.9%;;3.7%;;;;;;;;;;;;;;;;;;;
;;;;;;156;25813;Canete Jurado, Vanesa M.;32.1%;28.6%;10.7%;;3.6%;;7.1%;;;3.6%;3.6%;;;;;;;;;;;;10.7%;
;;;;;;177;26829;Watkins, Jody R.;9.1%;36.4%;;;18.2%;18.2%;9.1%;;;9.1%;;;;;;;;;;;;;;
;;;;;;178;26830;Watkins, Jody R.;23.3%;50.0%;;;6.7%;;16.7%;;;;3.3%;;;;;;;;;;;;;
;;;;;;179;26831;Watkins, Jody R.;7.4%;44.4%;;;14.8%;7.4%;18.5%;;;3.7%;;;;;;;;;;;;;3.7%;
;;;;;;183;26835;Irvine, Tina A.;48.3%;27.6%;;;6.9%;3.4%;13.8%;;;;;;;;;;;;;;;;;
;;;;;;202;21083;Mann, Marcus L.;66.7%;6.7%;;;6.7%;;6.7%;;;6.7%;;;;;;;;;;;;;6.7%;
;;;;;;203;21099;Karlan, Brett A.;30.8%;53.8%;;;7.7%;;7.7%;;;;;;;;;;;;;;;;;
;;;;;;218;21153;Carreras Timoneda, Joan;36.4%;27.3%;27.3%;;;;;;;;;;;;;;;;;;;;9.1%;
;;;;;;220;21155;Ewing, Christopher B.;25.9%;44.4%;;;7.4%;;22.2%;;;;;;;;;;;;;;;;;
;;;;;;221;21156;Ewing, Christopher B.;37.0%;44.4%;;;7.4%;;3.7%;3.7%;;;;;;;;;;;;;;;3.7%;
;;;;;;222;21160;Babintseva, Ekaterina;63.2%;10.5%;21.1%;;;;;;;;;;;;;;;;;;;;5.3%;
;;;;;;225;21171;Will, Melissa C.;20.0%;44.0%;;;12.0%;4.0%;20.0%;;;;;;;;;;;;;;;;;
;;;;;;226;21186;Reardon, Liana E.;11.1%;27.8%;50.0%;;5.6%;;5.6%;;;;;;;;;;;;;;;;;
;;;;;;227;22158;Reardon, Liana E.;63.6%;27.3%;9.1%;;;;;;;;;;;;;;;;;;;;;
;;;;;;234;23352;Frost, Jacqueline L.;41.4%;6.9%;34.5%;;3.4%;;3.4%;;;3.4%;;;;;;;;;;;;;6.9%;
;;;;;;235;23356;Akimova, Evelina T.;20.7%;17.2%;58.6%;;;;;;;;;;;;;;;;;;;;3.4%;
;;;;;;236;23361;Byrd, Gabrielle A.;15.4%;;7.7%;;30.8%;23.1%;7.7%;;7.7%;;;7.7%;;;;;;;;;;;;
;;;;;;237;23362;Catalano, Charles S.;20.7%;17.2%;10.3%;;17.2%;3.4%;20.7%;3.4%;;3.4%;;;;;3.4%;;;;;;;;;
;;;;;;238;23363;Lyanda-Geller, Olga V.;6.7%;13.3%;46.7%;;;;20.0%;6.7%;6.7%;;;;;;;;;;;;;;;
;;;;;;239;23364;Collier, Jessica R.;37.0%;29.6%;11.1%;;7.4%;7.4%;;;;3.7%;;;;;3.7%;;;;;;;;;
;;;;;;285;30812;Mason, Claire E.;43.3%;3.3%;23.3%;;10.0%;6.7%;;3.3%;;;;;3.3%;;6.7%;;;;;;;;;
;;;;;;286;30814;Mason, Claire E.;30.0%;3.3%;30.0%;;;6.7%;3.3%;3.3%;;3.3%;;;10.0%;;3.3%;;;;;;;;6.7%;
;;;;;;288;31863;Mason, Claire E.;39.3%;10.7%;42.9%;;;;7.1%;;;;;;;;;;;;;;;;;
;;;;;;289;32558;Mason, Claire E.;20.0%;10.0%;40.0%;;3.3%;;13.3%;;3.3%;3.3%;;;;;;;;;;;;;6.7%;
;;;;;;291;32560;Ebarb, Joel R.;60.0%;26.7%;6.7%;;;;3.3%;;;;;;;;;;;;;;;;3.3%;
;;;;;;296;32565;Renkert, Sarah R.;48.1%;14.8%;18.5%;;7.4%;7.4%;3.7%;;;;;;;;;;;;;;;;;
;;;;;;297;32566;Lewis, William W.;25.0%;14.3%;17.9%;;10.7%;;14.3%;3.6%;;;;;;;3.6%;;;;;;;;10.7%;
;;;;;;298;32567;Renkert, Sarah R.;46.4%;3.6%;39.3%;;7.1%;;3.6%;;;;;;;;;;;;;;;;;
;;;;;;299;32568;Docot, Dada;34.5%;27.6%;13.8%;;3.4%;3.4%;13.8%;;;;;;;;;3.4%;;;;;;;;
;;;;;;300;38914;Seagraves, Troy D.;41.2%;41.2%;;;;;5.9%;;5.9%;;;;;;5.9%;;;;;;;;;
;;;;;;301;38915;Seagraves, Troy D.;20.0%;60.0%;;;6.7%;;13.3%;;;;;;;;;;;;;;;;;
;;;;;;302;38916;Pinto, Rhodes L.;23.5%;29.4%;;;11.8%;5.9%;17.6%;;5.9%;5.9%;;;;;;;;;;;;;;
;;;;;;303;38917;Pinto, Rhodes L.;30.4%;13.0%;;;8.7%;;17.4%;;4.3%;;;4.3%;4.3%;;13.0%;;;;;;;;4.3%;
;;;;;;304;38918;Seagraves, Troy D.;59.1%;22.7%;;;4.5%;4.5%;;;;;;;;;;;;;;;;;9.1%;
;;;;;;305;38919;Seagraves, Troy D.;30.0%;35.0%;;;10.0%;;15.0%;;;5.0%;;;;;5.0%;;;;;;;;;
;;;;;;306;38920;Dory, William A.;31.6%;42.1%;;;15.8%;;5.3%;5.3%;;;;;;;;;;;;;;;;
;;;;;;307;38921;Dory, William A.;22.2%;22.2%;;;22.2%;5.6%;16.7%;11.1%;;;;;;;;;;;;;;;;
;;;;;;308;38922;Pinto, Rhodes L.;12.5%;12.5%;12.5%;;12.5%;;12.5%;6.3%;;12.5%;;;;;6.3%;;;;;;;;12.5%;
;;;;;;309;38923;Pinto, Rhodes L.;12.5%;25.0%;;;;25.0%;18.8%;6.3%;;;;;6.3%;;6.3%;;;;;;;;;
;;;;;;310;38924;Crosson, Jesse D.;32.0%;24.0%;;;4.0%;4.0%;12.0%;8.0%;;8.0%;;;;;;;;;;;;;8.0%;
;;;;;;312;40700;Baker, Andrew B.;8.7%;34.8%;;;13.0%;4.3%;8.7%;8.7%;8.7%;4.3%;;;;;;;;;;;;;8.7%;
;;;;;;313;40701;Seto, Christopher H.;96.7%;3.3%;;;;;;;;;;;;;;;;;;;;;;
;;;;;;314;40702;Cao, Likun;30.8%;15.4%;42.3%;;;3.8%;;;3.8%;3.8%;;;;;;;;;;;;;;
;;;;;;315;40703;Beasley, Melanie M.;82.8%;10.3%;;;;;;;;;;;;;;;;;;;;;6.9%;
;;;;;;317;40940;Haughton, Chantel N.;53.3%;10.0%;;;6.7%;6.7%;10.0%;3.3%;;6.7%;;;;;;;;;;;;;3.3%;
;;;;;;318;41046;Yang, Zhengyu;39.1%;26.1%;;;17.4%;;8.7%;4.3%;;4.3%;;;;;;;;;;;;;;
;;;;;;319;41233;Bellisari, Andrew H.;33.3%;36.7%;6.7%;;6.7%;;6.7%;;;;3.3%;3.3%;;;;;;;;;;;3.3%;
;;;;;;320;41305;Schoville, Benjamin J.;34.6%;26.9%;7.7%;;;;19.2%;;3.8%;3.8%;3.8%;;;;;;;;;;;;;
;;;;;;DB1;15690;Malone, Michael J.;48.3%;27.6%;13.8%;;;;6.9%;;;3.4%;;;;;;;;;;;;;;
;;;;;;DB2;15691;Malone, Michael J.;74.1%;11.1%;;;;;7.4%;;;;;;;;3.7%;;;;;;;;3.7%;
;;;;;;DB3;30485;Irvine, Tina A.;41.2%;23.5%;;;5.9%;11.8%;17.6%;;;;;;;;;;;;;;;;;
;;;;;;DB4;21073;Gomez-Lavin, Javier;9.1%;18.2%;;;9.1%;27.3%;27.3%;9.1%;;;;;;;;;;;;;;;;
;;;;;;DB6;22191;Mollison, James A.;37.9%;24.1%;;;17.2%;3.4%;6.9%;6.9%;;;;;;;;;;;;;;;3.4%;
;;;;;;DB7;23343;Mollison, James A.;36.8%;26.3%;;;15.8%;5.3%;5.3%;;;10.5%;;;;;;;;;;;;;;
;;;;;;DB8;23344;Kane, Danielle;50.0%;20.0%;;;;;10.0%;10.0%;;;;;;;;;;;;;;;10.0%;
;;;;;;DB9;23349;Frost, Jacqueline L.;38.5%;23.1%;15.4%;;;3.8%;3.8%;;3.8%;3.8%;;;;;3.8%;;;3.8%;;;;;;
;;;Crit Think & Com II-Honors;202620;Spring 2026;038;15688;Malone, Michael J.;100.0%;;;;;;;;;;;;;;;;;;;;;;;
;;;;;;113;14564;Hsiung, Yuwen;33.3%;;66.7%;;;;;;;;;;;;;;;;;;;;;
;;;;;;147;25799;Sklar, Jeremy F.;;;100.0%;;;;;;;;;;;;;;;;;;;;;
;;;;;;177;26829;Watkins, Jody R.;;;;;;;100.0%;;;;;;;;;;;;;;;;;
;;;;;;183;26835;Irvine, Tina A.;100.0%;;;;;;;;;;;;;;;;;;;;;;;
;;;;;;220;21155;Ewing, Christopher B.;100.0%;;;;;;;;;;;;;;;;;;;;;;;
;;;;;;222;21160;Babintseva, Ekaterina;100.0%;;;;;;;;;;;;;;;;;;;;;;;
;;;;;;234;23352;Frost, Jacqueline L.;100.0%;;;;;;;;;;;;;;;;;;;;;;;
;;;;;;237;23362;Catalano, Charles S.;100.0%;;;;;;;;;;;;;;;;;;;;;;;
;;;;;;238;23363;Lyanda-Geller, Olga V.;;;100.0%;;;;;;;;;;;;;;;;;;;;;
;;;;;;296;32565;Renkert, Sarah R.;33.3%;;66.7%;;;;;;;;;;;;;;;;;;;;;
;;;;;;298;32567;Renkert, Sarah R.;50.0%;;50.0%;;;;;;;;;;;;;;;;;;;;;
;;;;;;301;38915;Seagraves, Troy D.;100.0%;;;;;;;;;;;;;;;;;;;;;;;
;;;;;;304;38918;Seagraves, Troy D.;100.0%;;;;;;;;;;;;;;;;;;;;;;;
;;;;;;307;38921;Dory, William A.;100.0%;;;;;;;;;;;;;;;;;;;;;;;
;;;;;;308;38922;Pinto, Rhodes L.;100.0%;;;;;;;;;;;;;;;;;;;;;;;
;;;;;;314;40702;Cao, Likun;;;100.0%;;;;;;;;;;;;;;;;;;;;;
;;;;;;318;41046;Yang, Zhengyu;100.0%;;;;;;;;;;;;;;;;;;;;;;;
;;;;;;DB2;15691;Malone, Michael J.;100.0%;;;;;;;;;;;;;;;;;;;;;;;
;;;;;;DB3;30485;Irvine, Tina A.;;100.0%;;;;;;;;;;;;;;;;;;;;;;
;;;;;;DB6;22191;Mollison, James A.;;100.0%;;;;;;;;;;;;;;;;;;;;;;
;;;;;;DB8;23344;Kane, Danielle;100.0%;;;;;;;;;;;;;;;;;;;;;;;
;;;;;;DB9;23349;Frost, Jacqueline L.;;;100.0%;;;;;;;;;;;;;;;;;;;;;
;;11100;LACE II: Texts And Contexts;202620;Spring 2026;001;24116;Bras, Heejeon K.;57.1%;14.3%;;;14.3%;;;;;14.3%;;;;;;;;;;;;;;
;;;;;;003;24118;Bras, Heejeon K.;42.9%;7.1%;21.4%;;;;28.6%;;;;;;;;;;;;;;;;;
;;;;;;010;24133;Hass, Margaret E.;69.2%;;;;15.4%;;7.7%;7.7%;;;;;;;;;;;;;;;;
;;;;;;011;24140;Kim, Minsun;18.2%;18.2%;18.2%;;18.2%;;9.1%;;;;9.1%;;;;;;;;;;;;9.1%;
;;;;;;016;24177;Li, Haiyan;93.8%;;;;6.3%;;;;;;;;;;;;;;;;;;;
;;;;;;018;24182;Climer, Ty C.;85.7%;14.3%;;;;;;;;;;;;;;;;;;;;;;
;;;;;;019;24183;Climer, Ty C.;40.0%;13.3%;;;26.7%;6.7%;;13.3%;;;;;;;;;;;;;;;;
;;;;;;020;24184;Goodrich, Negin H.;18.8%;12.5%;31.3%;;6.3%;;;6.3%;;6.3%;;;;;;;;;;;;;18.8%;
;;;;;;021;24185;Goodrich, Negin H.;28.6%;21.4%;14.3%;;14.3%;;14.3%;;;;;;;;;;;;;;;;7.1%;
;;30000;Liberal Arts Influentials;202620;Spring 2026;001;10126;Foster, Kristy N.;18.6%;12.7%;33.3%;;5.9%;8.8%;8.8%;3.9%;;2.9%;;;;;2.9%;;;;;;;;2.0%;
;;49105;Liberal Arts UG Research Exp;202620;Spring 2026;001;26161;Sartore, William G.;;;;;;;;;;;;;;;;;;;;100.0%;;;;
SFS;SFS-Sustainable Food&Farm Sys;21000;Small Farm Experience I;202620;Spring 2026;001;22436;Bilenky, Moriah T.;84.2%;5.3%;;;;;10.5%;;;;;;;;;;;;;;;;;
;;30200;Principles Of Sustainability;202620;Spring 2026;001;11681;Hallett, Steven G.;87.2%;;;;10.3%;;;;;;;;;;;;;;;;;;2.6%;
;;;Princpls Of Sustainblty-Honors;202620;Spring 2026;001;11681;Hallett, Steven G.;100.0%;;;;;;;;;;;;;;;;;;;;;;;
;;31500;Principles Of Permaculture;202620;Spring 2026;001;23345;Hallett, Steven G.;80.8%;;;;7.7%;;;;;;;;;;7.7%;;;3.8%;;;;;;
;;41200;Colonial Globaln Food Justice;202620;Spring 2026;001;23430;Flachs, Andrew T.;81.8%;;;;9.1%;;;;;;;;;;;;;;;;;;9.1%;
;;41300;Cultures And Agricultures US;202620;Spring 2026;001;23440;Orvis, Kathryn S.;;25.0%;58.3%;;;;;;;;;;;;;;;;;;;;16.7%;
SLHS;SLHS-Speech, Lang&Hear Science;11500;Intro Comm Disorders;202620;Spring 2026;001;36083;Masters, Christi M.;30.0%;24.0%;8.0%;;10.0%;4.0%;10.0%;;;8.0%;2.0%;;;;;;;;;;;;4.0%;
;;22700;Elements Linguistics;202620;Spring 2026;001;11614;Kaganovich, Natalya B.;44.3%;;;;37.7%;;;14.8%;;;3.3%;;;;;;;;;;;;;
;;30200;Hearing Science;202620;Spring 2026;012;18999;Mcpherson, Malinda;22.1%;16.9%;15.6%;;13.0%;5.2%;13.0%;3.9%;2.6%;1.3%;2.6%;1.3%;;;;;;;;;;;2.6%;
;;30300;Anat&Phys Of Spch Mechanism;202620;Spring 2026;001;17332;Dwenger, Kaitlyn M.;27.5%;8.8%;37.5%;;3.8%;6.3%;3.8%;2.5%;1.3%;2.5%;1.3%;;1.3%;;2.5%;;;;;;;;1.3%;
;;30600;Intro To Phonetics;202620;Spring 2026;001;27035;Francis, Alexander L.;16.4%;16.4%;21.9%;;11.0%;5.5%;8.2%;4.1%;2.7%;5.5%;1.4%;1.4%;1.4%;;;;;;;;;;4.1%;
;;30900;Language Development;202620;Spring 2026;001;12014;Krok, Windi C.;42.2%;20.3%;;;7.8%;;14.1%;1.6%;3.1%;3.1%;3.1%;;;;;;;;;;;;4.7%;
;;;Language Development-Honors;202620;Spring 2026;001;12014;Krok, Windi C.;100.0%;;;;;;;;;;;;;;;;;;;;;;;
;;40200;Intro Hear Loss Treat & Mgmt;202620;Spring 2026;001;20044;Shader, Maureen J.;62.2%;2.7%;35.1%;;;;;;;;;;;;;;;;;;;;;
;;40300;Psycholinguistics;202620;Spring 2026;001;23662;Kaganovich, Natalya B.;65.0%;;;;30.0%;;;;;;5.0%;;;;;;;;;;;;;
;;40800;Intro Voice Up AW & Swall D/O;202620;Spring 2026;001;69010;Schaser, Allison J.;87.0%;2.2%;8.7%;;2.2%;;;;;;;;;;;;;;;;;;;
;;40900;Intro Neural Bases Speech/Hear;202620;Spring 2026;001;35846;Kim, Kwang Seob;15.0%;;80.0%;;2.5%;2.5%;;;;;;;;;;;;;;;;;;
;;42000;Intr Dev Spch Lang Dis;202620;Spring 2026;001;12719;Brosseau-Lapre, Francoise;31.3%;22.5%;7.5%;;10.0%;7.5%;15.0%;1.3%;1.3%;1.3%;;;;;2.5%;;;;;;;;;
;;44400;IntroRes In ComSci&Dis;202620;Spring 2026;001;20256;Krok, Windi C.;80.0%;5.0%;10.0%;;;;;;;5.0%;;;;;;;;;;;;;;
;;44900;Intro Cln Prac Com Dis;202620;Spring 2026;001;53842;Krok, Windi C.;63.8%;10.6%;4.3%;;2.1%;;6.4%;2.1%;2.1%;;4.3%;;2.1%;;;2.1%;;;;;;;;
;;49800;Undergrad Res Exper;202620;Spring 2026;001;41460;Borovsky, Arielle;93.3%;6.7%;;;;;;;;;;;;;;;;;;;;;;
;;;;;;013;41475;Lee, Jiyeon;63.6%;;36.4%;;;;;;;;;;;;;;;;;;;;;
;;;;;;019;41513;Brosseau-Lapre, Francoise;81.8%;;18.2%;;;;;;;;;;;;;;;;;;;;;
;;53100;Lang Dis In Adults;202620;Spring 2026;001;16305;Lee, Jiyeon;63.6%;31.8%;;;4.5%;;;;;;;;;;;;;;;;;;;
;;53200;Voice Disorders;202620;Spring 2026;001;16276;Kruse, Lydia R.;40.0%;50.0%;;;;;10.0%;;;;;;;;;;;;;;;;;
;;53800;Motor Disorders Of Speech;202620;Spring 2026;001;23425;Gutek, Joanne M.;10.0%;;90.0%;;;;;;;;;;;;;;;;;;;;;
;;54001;Aug & Alt Communication;202620;Spring 2026;001;26148;Gutmann, Michelle L.;80.0%;10.0%;10.0%;;;;;;;;;;;;;;;;;;;;;
;;54600;Clin Seminar Speech-Lang Path;202620;Spring 2026;001;20477;Masters, Christi M.;5.0%;;95.0%;;;;;;;;;;;;;;;;;;;;;
;;56700;Auditory Evoked Res I;202620;Spring 2026;003;16502;Mondul, Jane A.;9.1%;27.3%;9.1%;;18.2%;9.1%;27.3%;;;;;;;;;;;;;;;;;
;;57900;Clinical Practice Aud;202620;Spring 2026;149;60534;Van Hyfte, Shannon M.;100.0%;;;;;;;;;;;;;;;;;;;;;;;
;;58800;Eval Res In Evid-Based Prac;202620;Spring 2026;001;69023;Krok, Windi C.;90.0%;;10.0%;;;;;;;;;;;;;;;;;;;;;
;;61900;Seminars In Hearing Research;202620;Spring 2026;010;16293;Mondul, Jane A.;100.0%;;;;;;;;;;;;;;;;;;;;;;;
;;;Res & Prof Issues;202620;Spring 2026;005;11651;Kim, Kwang Seob;;;;;;;;;;;;;;;;;;100.0%;;;;;;
;;;PhD Professional Development;202620;Spring 2026;013;18718;Strickland, Elizabeth A.;;;;;;;;;;;;;;;;;;;;100.0%;;;;
;;64800;SLP Education Extern;202620;Spring 2026;003;17992;Smith, Katherine O.;;;;;;;;;;;;;;;;;;100.0%;;;;;;
;;64900;Slp Healthcare Extern;202620;Spring 2026;007;17994;Kruse, Lydia R.;;;;;;;;;;;;;;;;;;100.0%;;;;;;
;;65900;Aud Practice Mgmt;202620;Spring 2026;001;19305;Hendrickson, Lauren E.;30.8%;15.4%;53.8%;;;;;;;;;;;;;;;;;;;;;
;;66100;Advanced Medical Audiology;202620;Spring 2026;001;28914;Bailey, Kelly M.;92.3%;7.7%;;;;;;;;;;;;;;;;;;;;;;
;;67000;Integrative AuD Grand Rounds;202620;Spring 2026;001;30089;Van Hyfte, Shannon M.;90.6%;6.3%;;;3.1%;;;;;;;;;;;;;;;;;;;
;;67900;Adv Cln Prac Audiology;202620;Spring 2026;009;27314;Hubertz, Jillian R.;89.5%;10.5%;;;;;;;;;;;;;;;;;;;;;;
SOC;SOC-Sociology;10000;Intro Sociology;202620;Spring 2026;003;19089;Ganser, Brittany N.;29.3%;7.6%;29.3%;;6.5%;3.3%;8.7%;4.3%;1.1%;6.0%;1.1%;;;;1.1%;;;0.5%;;;;;1.1%;
;;;;;;054;23641;Tong, Kooi Chin;22.7%;18.7%;19.3%;;10.7%;3.3%;11.3%;4.0%;1.3%;2.0%;0.7%;;1.3%;;2.0%;;;;;;;;2.7%;
;;;;;;057;25222;Tong, Kooi Chin;30.0%;13.3%;16.0%;;12.0%;4.0%;14.7%;3.3%;0.7%;2.0%;;;0.7%;;0.7%;;;;;;;;2.7%;
;;;;;;059;16346;Ganser, Brittany N.;34.5%;5.4%;46.6%;;3.4%;3.4%;4.1%;;;0.7%;;;0.7%;;0.7%;;;;;;;;0.7%;
;;;;;;076;19979;Feld, Scott L.;35.4%;2.0%;49.5%;;4.0%;3.0%;3.0%;1.0%;;;1.0%;;;;;;;;;;;;1.0%;
;;;;;;077;25575;Grigorovicius, Mantas;30.0%;10.0%;20.0%;;7.5%;7.5%;7.5%;;5.0%;;2.5%;;2.5%;;;;;;;;;;7.5%;
;;;;;;078;25576;Su, Jian;51.3%;20.5%;2.6%;;5.1%;;5.1%;5.1%;;;2.6%;;;;5.1%;;;;;;;;2.6%;
;;;;;;079;25577;Boylan, Sean T.;40.0%;17.5%;10.0%;;5.0%;2.5%;17.5%;2.5%;;2.5%;2.5%;;;;;;;;;;;;;
;;;;;;080;25578;Ogle, Destiny M.;30.8%;17.9%;7.7%;;7.7%;10.3%;20.5%;2.6%;;;;;2.6%;;;;;;;;;;;
;;;;;;086;40949;Ganser, Brittany N.;26.1%;5.1%;59.2%;;3.8%;1.3%;2.5%;;;0.6%;;;;;;;;;;;;;1.3%;
;;;Intro Sociology-Honors;202620;Spring 2026;003;19089;Ganser, Brittany N.;100.0%;;;;;;;;;;;;;;;;;;;;;;;
;;;;;;059;16346;Ganser, Brittany N.;100.0%;;;;;;;;;;;;;;;;;;;;;;;
;;;;;;086;40949;Ganser, Brittany N.;;50.0%;50.0%;;;;;;;;;;;;;;;;;;;;;
;;22000;Social Problems;202620;Spring 2026;006;19152;Hamm, Lindsay M.;23.2%;2.1%;50.5%;;3.2%;2.1%;5.3%;2.1%;1.1%;2.1%;2.1%;;;;1.1%;;;;;;;;5.3%;
;;;;;;008;19156;Steinhour, Michael W.;40.5%;11.8%;28.1%;;3.9%;2.6%;5.9%;2.0%;1.3%;2.6%;;;;;;;;;;;;;1.3%;
;;;;;;011;23428;Pawson, Mark P.;20.5%;16.4%;13.9%;;13.9%;8.2%;9.0%;1.6%;4.1%;3.3%;0.8%;;0.8%;;3.3%;;;;;;;;4.1%;
;;;;;;014;25633;Pawson, Mark P.;16.5%;17.5%;13.4%;;11.3%;7.2%;10.3%;4.1%;4.1%;2.1%;1.0%;;1.0%;;4.1%;;;;;;;;7.2%;
;;;;;;017;40292;Steinhour, Michael W.;36.3%;12.6%;31.9%;;4.4%;0.7%;7.4%;1.5%;0.7%;;1.5%;;;;;;;;;;;;3.0%;
;;32400;Criminology;202620;Spring 2026;006;22763;Ganser, Brittany N.;23.0%;6.8%;47.3%;;6.8%;1.4%;2.7%;1.4%;;6.8%;1.4%;;;;2.7%;;;;;;;;;
;;;;;;007;24654;Seto, Christopher H.;42.3%;16.9%;;;18.3%;4.2%;7.0%;5.6%;1.4%;;;;1.4%;;;;;;;;;;2.8%;
;;;;;;008;36097;Upadhyay, Srushti;32.0%;25.3%;6.7%;;6.7%;6.7%;12.0%;1.3%;2.7%;;1.3%;;;;2.7%;1.3%;;;;;;;1.3%;
;;;Criminology-Honors;202620;Spring 2026;006;22763;Ganser, Brittany N.;;;100.0%;;;;;;;;;;;;;;;;;;;;;
;;;;;;007;24654;Seto, Christopher H.;100.0%;;;;;;;;;;;;;;;;;;;;;;;
;;32800;Criminal Justice;202620;Spring 2026;001;19182;Upadhyay, Srushti;24.6%;31.1%;3.3%;;8.2%;3.3%;14.8%;6.6%;1.6%;1.6%;;4.9%;;;;;;;;;;;;
;;;;;;002;23715;Galloway, Scott D.;62.0%;23.1%;;;3.3%;;10.7%;;0.8%;;;;;;;;;;;;;;;
;;33900;Sociology Of Global Develop;202620;Spring 2026;001;36099;Sennott, Christie A.;20.4%;11.1%;33.3%;;5.6%;1.9%;16.7%;5.6%;1.9%;;;;;;;;;;;;;;3.7%;
;;35200;Drugs,Culture,&Society;202620;Spring 2026;002;26330;Pawson, Mark P.;8.5%;32.2%;16.9%;;18.6%;5.1%;5.1%;1.7%;1.7%;8.5%;1.7%;;;;;;;;;;;;;
;;36800;Religion:Social Signif;202620;Spring 2026;001;36173;Yang, Fenggang;17.2%;24.1%;17.2%;;13.8%;6.9%;3.4%;6.9%;;3.4%;3.4%;;;;;;;;;;;;3.4%;
;;37400;Medical Sociology;202620;Spring 2026;001;39290;Pacho, Agata K.;20.0%;2.5%;67.5%;;;;5.0%;;;;;;;;;;;;;;;;5.0%;
;;38100;Data And Society;202620;Spring 2026;001;36100;Peterson, David A.;5.4%;16.1%;14.3%;;16.1%;12.5%;14.3%;5.4%;5.4%;1.8%;1.8%;;;;1.8%;;;;;;;;5.4%;
;;38200;Intro Statistics In Sociology;202620;Spring 2026;008;21533;Ashelman, Alexandra A.;23.3%;16.3%;9.3%;;9.3%;7.0%;9.3%;9.3%;;4.7%;2.3%;;;;7.0%;;;;;;;;2.3%;
;;;;;;010;25805;He, Ranran;29.4%;29.4%;17.6%;;2.9%;2.9%;8.8%;2.9%;;;;;;;;;;;;;;;5.9%;
;;38300;Intro Research Methods In Soc;202620;Spring 2026;006;19265;Pawson, Mark P.;31.1%;18.0%;18.0%;;8.2%;1.6%;13.1%;;3.3%;1.6%;1.6%;;;;3.3%;;;;;;;;;
;;;;;;008;23987;Feld, Scott L.;26.2%;9.5%;35.7%;;7.1%;4.8%;2.4%;4.8%;;;2.4%;2.4%;;;4.8%;;;;;;;;;
;;39100;Digital Criminology;202620;Spring 2026;007;36174;Upadhyay, Srushti;8.9%;21.4%;3.6%;;14.3%;16.1%;8.9%;1.8%;3.6%;8.9%;3.6%;;1.8%;;3.6%;;;;;;;;3.6%;
;;;Genes And Society;202620;Spring 2026;008;37234;Akimova, Evelina T.;10.0%;25.0%;65.0%;;;;;;;;;;;;;;;;;;;;;
;;;Law Innovation & Entreprenrshp;202620;Spring 2026;006;36166;Suchman, Mark C.;12.5%;31.3%;6.3%;;18.8%;12.5%;6.3%;;;;;6.3%;;;6.3%;;;;;;;;;
;;40200;Sociological Theory;202620;Spring 2026;003;26129;Kane, Danielle;25.0%;12.5%;;;17.5%;7.5%;7.5%;7.5%;2.5%;7.5%;5.0%;;;;5.0%;;;;;;;;2.5%;
;;;;;;004;26130;Stainback, Kevin M.;30.0%;16.0%;;;16.0%;6.0%;10.0%;4.0%;6.0%;6.0%;;;;;2.0%;;;;;;;;4.0%;
;;;Sociological Theory-Honors;202620;Spring 2026;004;26130;Stainback, Kevin M.;100.0%;;;;;;;;;;;;;;;;;;;;;;;
;;41100;Social Inequality;202620;Spring 2026;001;25303;Hamm, Lindsay M.;18.6%;18.6%;25.6%;;14.0%;2.3%;2.3%;4.7%;2.3%;7.0%;;;;;2.3%;;;;;;;;2.3%;
;;41700;Criminal Law;202620;Spring 2026;001;40754;Charters, Leslie A.;25.4%;16.9%;23.7%;;11.9%;10.2%;8.5%;;;1.7%;;;;;1.7%;;;;;;;;;
;;41900;Sociology Of Law;202620;Spring 2026;004;18031;Hoffmann, Elizabeth A.;22.0%;23.7%;5.1%;;5.1%;5.1%;27.1%;3.4%;;1.7%;;1.7%;;;3.4%;;;;;;;;1.7%;
;;;;;;005;23990;Mcelhattan, David R.;38.2%;18.2%;14.5%;;;;12.7%;3.6%;1.8%;5.5%;;;;;1.8%;;;;;;;;3.6%;
;;;Sociology Of Law-Honors;202620;Spring 2026;005;23990;Mcelhattan, David R.;;;100.0%;;;;;;;;;;;;;;;;;;;;;
;;42300;Field Pract Soc And Law & Soc;202620;Spring 2026;001;43710;Pawson, Mark P.;4.3%;4.3%;91.3%;;;;;;;;;;;;;;;;;;;;;
;;42600;Soc Deviance & Control;202620;Spring 2026;001;36101;Mcelhattan, David R.;36.7%;15.0%;28.3%;;5.0%;;10.0%;;;1.7%;;;;;;;;;;;;;3.3%;
;;43200;Wrk In Contemp America;202620;Spring 2026;001;36175;Stainback, Kevin M.;81.3%;;;;;;12.5%;;;;;;;;;;;;;;;;6.3%;
;;45000;Gender Roles Mod Soc;202620;Spring 2026;005;13246;Pacho, Agata K.;23.6%;12.7%;52.7%;;;;5.5%;1.8%;;3.6%;;;;;;;;;;;;;;
;;;Gender Roles Mod Soc-Honors;202620;Spring 2026;005;13246;Pacho, Agata K.;100.0%;;;;;;;;;;;;;;;;;;;;;;;
;;67400;Seminar Medical Soc;202620;Spring 2026;001;38578;Bauldry, Shawn G.;90.9%;;9.1%;;;;;;;;;;;;;;;;;;;;;
SPAN;SPAN-Spanish;10100;Spanish Level I;202620;Spring 2026;012;14543;Medina Amezcua, Martina;25.0%;40.0%;5.0%;;10.0%;;5.0%;;;;;;;;;;;;;;;;15.0%;
;;;;;;013;19328;Gaviria Serna, Carlos D.;9.1%;18.2%;18.2%;;18.2%;9.1%;;4.5%;4.5%;9.1%;;4.5%;;;;;;;;;;;4.5%;
;;;;;;014;22834;Viracacha Suarez, Juan Diego;31.8%;18.2%;27.3%;;;9.1%;;;;;;4.5%;;;9.1%;;;;;;;;;
;;;;;;016;22853;Viracacha Suarez, Juan Diego;31.6%;21.1%;;;10.5%;5.3%;10.5%;;10.5%;;;;;;;;;;;;;;10.5%;
;;;;;;017;28588;Borba, Debora M.;45.5%;;4.5%;;9.1%;13.6%;;9.1%;;9.1%;;;;;;;;;;;;;9.1%;
;;;;;;018;39397;Gaviria Serna, Carlos D.;19.0%;33.3%;;4.8%;14.3%;4.8%;4.8%;4.8%;;4.8%;;;;;;;;;;;;;9.5%;
;;10200;Spanish Level II;202620;Spring 2026;005;15522;Correa, Pedro C.;36.4%;18.2%;27.3%;;;;;;;;;;;;9.1%;;;;;;;;9.1%;
;;;;;;009;19341;Pranaya, Pranaya;31.8%;27.3%;4.5%;;9.1%;;9.1%;4.5%;;;4.5%;;4.5%;;;;;;;;;;4.5%;
;;;;;;010;19353;Esparza-Rivera, Rodrigo E.;42.9%;19.0%;14.3%;;9.5%;;4.8%;;;;;;;;;;;;;;;;9.5%;
;;;;;;011;19363;Esparza-Rivera, Rodrigo E.;50.0%;10.0%;20.0%;;10.0%;;;;;;5.0%;;;;;;;;;;;;5.0%;
;;;;;;012;28403;Rojas, Adriana D.;9.1%;;;;18.2%;9.1%;27.3%;9.1%;9.1%;9.1%;;;;;;;;;;;;;9.1%;
;;;;;;014;28409;O'Donnell, Mary E.;25.0%;25.0%;;;15.0%;;5.0%;5.0%;10.0%;15.0%;;;;;;;;;;;;;;
;;;;;;015;28410;O'Donnell, Mary E.;21.1%;15.8%;;;31.6%;;5.3%;10.5%;;;;;5.3%;;5.3%;;;;;;;;5.3%;
;;;;;;016;39418;Sanchez, Edzna V.;13.6%;27.3%;4.5%;;27.3%;;4.5%;4.5%;4.5%;4.5%;4.5%;;;;;;;;;;;;4.5%;
;;20100;Spanish Level III;202620;Spring 2026;001;52522;Corahua, Lilian E.;47.4%;15.8%;26.3%;;5.3%;;;;;5.3%;;;;;;;;;;;;;;
;;;;;;003;52524;Parra, Santiago;36.8%;;26.3%;;5.3%;10.5%;5.3%;;;;;5.3%;;;5.3%;;;;;;;;5.3%;
;;;;;;005;52526;Rendon Arias, Nicolas;33.3%;23.8%;4.8%;;9.5%;4.8%;4.8%;;4.8%;9.5%;;;;;;;;;;;;;4.8%;
;;;;;;013;52534;Alvim Ferreira, Carolina;50.0%;20.0%;;;10.0%;5.0%;5.0%;5.0%;5.0%;;;;;;;;;;;;;;;
;;;;;;016;52537;Corahua, Lilian E.;15.4%;;38.5%;;7.7%;15.4%;;7.7%;;7.7%;;;;;7.7%;;;;;;;;;
;;;;;;018;57984;Dorribo, Elizabeth Z.;26.3%;15.8%;10.5%;;10.5%;10.5%;10.5%;;;10.5%;5.3%;;;;;;;;;;;;;
;;;;;;021;63928;Proano Reyes, Victoria;38.1%;9.5%;23.8%;;19.0%;;;9.5%;;;;;;;;;;;;;;;;
;;;;;;022;63929;Barranco Cortes, Lourdes;31.8%;18.2%;;;27.3%;9.1%;4.5%;4.5%;4.5%;;;;;;;;;;;;;;;
;;;;;;023;22625;Dorribo, Elizabeth Z.;46.2%;23.1%;;;23.1%;;;;;;;7.7%;;;;;;;;;;;;
;;;;;;024;19397;Rendon Arias, Nicolas;14.3%;28.6%;;;21.4%;;;14.3%;7.1%;;14.3%;;;;;;;;;;;;;
;;;;;;026;31323;Guzman Ruiz, Miluska;26.3%;10.5%;;;10.5%;10.5%;10.5%;15.8%;5.3%;5.3%;;;;;;;;;;;;;5.3%;
;;;;;;027;39426;Parra, Santiago;22.2%;16.7%;16.7%;;22.2%;5.6%;5.6%;11.1%;;;;;;;;;;;;;;;;
;;20200;Spanish Level IV;202620;Spring 2026;032;17179;Warden, Nolan M.;45.5%;13.6%;13.6%;;4.5%;4.5%;9.1%;4.5%;;;;;;;;;;;;;;;4.5%;
;;;;;;033;17187;Warden, Nolan M.;40.9%;18.2%;4.5%;;4.5%;4.5%;13.6%;4.5%;4.5%;;;;;;4.5%;;;;;;;;;
;;;;;;034;17196;Cabrera De Morales, Blanca L.;29.4%;11.8%;29.4%;;;11.8%;;5.9%;;5.9%;;;;;;;;;;;;;5.9%;
;;;;;;035;17199;Cabrera De Morales, Blanca L.;36.4%;9.1%;27.3%;;22.7%;;4.5%;;;;;;;;;;;;;;;;;
;;;;;;037;39421;Kotanko, Claudia C.;38.1%;14.3%;4.8%;;14.3%;;4.8%;4.8%;4.8%;;9.5%;;;;4.8%;;;;;;;;;
;;;;;;038;39422;Kotanko, Claudia C.;40.9%;13.6%;4.5%;;18.2%;4.5%;4.5%;4.5%;4.5%;4.5%;;;;;;;;;;;;;;
;;;;;;039;39423;Warden, Nolan M.;25.0%;20.0%;;;15.0%;5.0%;10.0%;5.0%;;;5.0%;5.0%;5.0%;;;;;5.0%;;;;;;
;;;;;;040;39424;Corredor Sanchez, Piedad S.;18.2%;9.1%;;;13.6%;13.6%;13.6%;18.2%;4.5%;;;;;;4.5%;;;;;;;;4.5%;
;;;;;;041;39425;Borba, Debora M.;31.6%;5.3%;;;15.8%;15.8%;5.3%;10.5%;;10.5%;;;;;5.3%;;;;;;;;;
;;21200;Intermed Spanish Conversation;202620;Spring 2026;001;19447;Quiroga Varon, Jhon H.;15.4%;;69.2%;;;;;;;;;;;;;;;;;;;;15.4%;
;;22400;Span Lev IV Bus Span;202620;Spring 2026;002;23001;Cabrera De Morales, Blanca L.;100.0%;;;;;;;;;;;;;;;;;;;;;;;
;;24100;Intro To Hispanic Lit;202620;Spring 2026;009;17724;Carmona, Anderson C.;15.0%;30.0%;20.0%;;15.0%;;20.0%;;;;;;;;;;;;;;;;;
;;;;;;011;38459;Sanchez-Llama, Inigo;10.5%;5.3%;73.7%;;;;5.3%;;;;5.3%;;;;;;;;;;;;;
;;;;;;012;38460;Obando Taborda, Andres M.;20.0%;45.0%;;;5.0%;5.0%;20.0%;;;;;;;;;;;5.0%;;;;;;
;;;;;;013;38461;Stinchcomb, Dawn F.;54.5%;;;;27.3%;;9.1%;9.1%;;;;;;;;;;;;;;;;
;;;Intro To Hispanic Lit-Honors;202620;Spring 2026;013;38461;Stinchcomb, Dawn F.;100.0%;;;;;;;;;;;;;;;;;;;;;;;
;;30100;Spanish Level V;202620;Spring 2026;017;10413;Proano Reyes, Victoria;64.3%;;21.4%;;14.3%;;;;;;;;;;;;;;;;;;;
;;;;;;018;19457;Arango Hernandez, Natalia;64.7%;;17.6%;;;11.8%;5.9%;;;;;;;;;;;;;;;;;
;;;;;;019;19463;Arango Hernandez, Natalia;29.4%;17.6%;35.3%;;;5.9%;5.9%;;;;;;;;;;;;;;;;5.9%;
;;;;;;020;19467;Aubeneau, Nelida;44.4%;16.7%;11.1%;;5.6%;5.6%;;5.6%;;;;;;;;;;;;;;;11.1%;
;;;;;;030;28366;Paez Urbano, Kely Y.;47.4%;26.3%;10.5%;;;;15.8%;;;;;;;;;;;;;;;;;
;;30200;Spanish Level VI;202620;Spring 2026;005;27642;Papiashvili, Megi;50.0%;11.1%;33.3%;;;;;5.6%;;;;;;;;;;;;;;;;
;;;;;;006;27643;Aubeneau, Nelida;50.0%;10.0%;10.0%;;10.0%;5.0%;10.0%;;;5.0%;;;;;;;;;;;;;;
;;;;;;008;27645;Papiashvili, Megi;50.0%;10.0%;30.0%;;5.0%;;5.0%;;;;;;;;;;;;;;;;;
;;;;;;011;26763;Papiashvili, Megi;52.6%;5.3%;21.1%;;10.5%;5.3%;;;;;;;;;;;;;;;;;5.3%;
;;;;;;013;28369;Paez Urbano, Kely Y.;42.9%;;28.6%;;14.3%;;7.1%;;;;;7.1%;;;;;;;;;;;;
;;;;;;014;32583;Aubeneau, Nelida;38.9%;5.6%;33.3%;;;11.1%;;;;;;;;;;;;;;;;;11.1%;
;;30801;Adv Span For Heritage Spkrs;202620;Spring 2026;003;29909;Henao Castrillon, Sebastian A.;46.2%;15.4%;30.8%;;;;7.7%;;;;;;;;;;;;;;;;;
;;;;;;004;38466;Henao Castrillon, Sebastian A.;30.8%;7.7%;7.7%;;38.5%;;15.4%;;;;;;;;;;;;;;;;;
;;31200;Advanced Spanish Conversation;202620;Spring 2026;001;19500;Quiroga Varon, Jhon H.;7.1%;7.1%;85.7%;;;;;;;;;;;;;;;;;;;;;
;;32100;Intro Spanish For Professions;202620;Spring 2026;001;14534;Dorribo, Elizabeth Z.;70.0%;5.0%;;;10.0%;;5.0%;5.0%;;;;;;;5.0%;;;;;;;;;
;;;;;;002;14535;Dorribo, Elizabeth Z.;50.0%;27.8%;11.1%;;5.6%;5.6%;;;;;;;;;;;;;;;;;;
;;;;;;003;30768;Tenorio, Cecilia I.;42.1%;10.5%;31.6%;;10.5%;;;;;;;;;;;;;;;;;;5.3%;
;;32200;Spanish For Hlth Professions;202620;Spring 2026;007;19504;Torres Arias, Diana A.;45.0%;5.0%;45.0%;;;;;;;5.0%;;;;;;;;;;;;;;
;;;;;;008;30767;Tenorio, Cecilia I.;35.0%;5.0%;35.0%;;5.0%;;10.0%;5.0%;;;;;;;;;;;;;;;5.0%;
;;32300;Global Sustainable Engineering;202620;Spring 2026;002;23063;Rios-Rojas, Gabriel O.;15.4%;;84.6%;;;;;;;;;;;;;;;;;;;;;
;;32500;Spanish Engineering Technology;202620;Spring 2026;001;38476;Rios-Rojas, Gabriel O.;69.2%;7.7%;23.1%;;;;;;;;;;;;;;;;;;;;;
;;33000;Span Latin Amer Cinema;202620;Spring 2026;002;28804;Dixon, Paul B.;44.1%;14.7%;;;14.7%;5.9%;5.9%;8.8%;;;2.9%;;;;;;;;;;;;2.9%;
;;34200;Hispanic Lit II;202620;Spring 2026;001;16482;Stinchcomb, Dawn F.;8.3%;;;;66.7%;;;;;8.3%;;;;;8.3%;;;;;;;;8.3%;
;;;Hispanic Lit II-Honors;202620;Spring 2026;001;16482;Stinchcomb, Dawn F.;;;;;100.0%;;;;;;;;;;;;;;;;;;;
;;36200;Struc Spanish II;202620;Spring 2026;002;17816;Cuza-Blanco, Alejandro;52.6%;10.5%;15.8%;;10.5%;;5.3%;;;5.3%;;;;;;;;;;;;;;
;;;;;;003;23076;Cuza-Blanco, Alejandro;36.8%;10.5%;10.5%;;21.1%;;21.1%;;;;;;;;;;;;;;;;;
;;;Struc Spanish II-Honors;202620;Spring 2026;003;23076;Cuza-Blanco, Alejandro;100.0%;;;;;;;;;;;;;;;;;;;;;;;
;;40200;Spanish Level VIII;202620;Spring 2026;004;26694;Papiashvili, Megi;30.0%;10.0%;40.0%;;5.0%;;15.0%;;;;;;;;;;;;;;;;;
;;;;;;005;18887;Hale, Nicholas R.;93.8%;6.3%;;;;;;;;;;;;;;;;;;;;;;
;;41500;Spanish Trans & Interpreting;202620;Spring 2026;001;28398;Canete Jurado, Vanesa M.;18.8%;25.0%;;;6.3%;;43.8%;;;;;;;;;;;;;;;;6.3%;
;;41900;Dir Tutoring In Span;202620;Spring 2026;005;27110;Paez Urbano, Kely Y.;16.7%;;;;;;;;;;;;;;;;;83.3%;;;;;;
;;42400;Business Spanish;202620;Spring 2026;003;26764;Cabrera De Morales, Blanca L.;100.0%;;;;;;;;;;;;;;;;;;;;;;;
;;48100;Spanish Culture;202620;Spring 2026;001;38854;Sanchez-Llama, Inigo;33.3%;;50.0%;;8.3%;;8.3%;;;;;;;;;;;;;;;;;
;;48200;Latin Amer Civiliztn;202620;Spring 2026;001;38839;Kinnally, Cara A.;53.8%;;;;7.7%;7.7%;7.7%;7.7%;;7.7%;;;;;;;;;;;;;7.7%;
STAT;STAT-Statistics;11300;Statistics & Society;202620;Spring 2026;100;27712;Crabill, Cheryl L.;23.8%;5.9%;5.9%;;24.8%;2.0%;7.9%;7.9%;2.0%;3.0%;4.0%;;1.0%;;7.9%;;;;;;;;4.0%;
;;;;;;200;27713;Crabill, Cheryl L.;32.6%;6.5%;6.5%;;15.2%;;6.5%;10.9%;2.2%;8.7%;2.2%;;2.2%;;4.3%;;;;;;;;2.2%;
;;;;;;205;16948;Crabill, Cheryl L.;25.5%;5.1%;1.0%;;27.6%;1.0%;4.1%;8.2%;2.0%;8.2%;5.1%;;3.1%;;2.0%;;;;;;;;7.1%;
;;25000;Problem Solving In Probability;202620;Spring 2026;001;38533;Carper, Patrick J.;6.3%;6.3%;12.5%;;6.3%;18.8%;12.5%;6.3%;;6.3%;;;;;;;;18.8%;;;;;6.3%;
;;30100;Elem Stat Meth;202620;Spring 2026;005;23710;Rendall, Joshua D.;10.9%;18.2%;3.6%;;16.4%;7.3%;9.1%;7.3%;7.3%;5.5%;;;1.8%;;10.9%;;;;;;;;1.8%;
;;;;;;010;15492;Knight, Mark D.;5.4%;23.2%;5.4%;;17.9%;12.5%;7.1%;7.1%;1.8%;14.3%;1.8%;;;;1.8%;;;;;;;;1.8%;
;;;;;;014;22747;Rendall, Joshua D.;3.8%;17.0%;3.8%;;18.9%;11.3%;24.5%;1.9%;;11.3%;;;;;3.8%;;;;;;;;3.8%;
;;;;;;210;15480;Solomon, Bruce P.;10.2%;27.1%;13.6%;;10.2%;5.1%;13.6%;5.1%;3.4%;5.1%;;;1.7%;;3.4%;;;;;;;;1.7%;
;;;;;;280;15481;Solomon, Bruce P.;8.5%;18.6%;10.2%;;6.8%;11.9%;16.9%;6.8%;5.1%;6.8%;1.7%;1.7%;;;1.7%;;;;;;;;3.4%;
;;;;;;350;15482;Solomon, Bruce P.;3.4%;22.4%;5.2%;;10.3%;10.3%;15.5%;8.6%;5.2%;10.3%;1.7%;1.7%;;;;;;;;;;;5.2%;
;;;;;;420;15483;Solomon, Bruce P.;16.7%;25.0%;8.3%;;11.7%;13.3%;8.3%;3.3%;1.7%;6.7%;;;;;3.3%;;;;;;;;1.7%;
;;;;;;490;15484;Banerjee, Imon L.;8.2%;22.4%;4.1%;;20.4%;14.3%;4.1%;6.1%;4.1%;12.2%;;;;;2.0%;;;;;;;;2.0%;
;;;;;;560;15485;Banerjee, Imon L.;15.3%;13.6%;6.8%;;13.6%;10.2%;13.6%;3.4%;5.1%;6.8%;;1.7%;;;6.8%;;;;;;;;3.4%;
;;;;;;630;15486;Wu, Chenzhong;10.3%;12.1%;10.3%;;10.3%;8.6%;6.9%;8.6%;5.2%;12.1%;1.7%;1.7%;8.6%;;;;;;;;;;3.4%;
;;;;;;700;15487;Wu, Chenzhong;8.9%;12.5%;1.8%;;14.3%;14.3%;14.3%;3.6%;5.4%;8.9%;5.4%;;5.4%;;3.6%;;;;;;;;1.8%;
;;;;;;770;15488;Mercier, William C.;5.3%;12.3%;1.8%;;19.3%;19.3%;8.8%;7.0%;10.5%;7.0%;1.8%;1.8%;1.8%;;1.8%;;;;;;;;1.8%;
;;;;;;840;15489;Mercier, William C.;13.6%;13.6%;10.2%;;6.8%;16.9%;10.2%;;8.5%;11.9%;1.7%;;;;1.7%;;;;;;;;5.1%;
;;;;;;910;15490;Chung, Hyunwoo;;11.9%;1.7%;;13.6%;18.6%;10.2%;6.8%;8.5%;15.3%;1.7%;5.1%;;;1.7%;;;;;;;;5.1%;
;;;;;;980;15491;Chung, Hyunwoo;8.9%;12.5%;1.8%;;12.5%;23.2%;19.6%;3.6%;3.6%;7.1%;;;;;1.8%;;;;;;;;5.4%;
;;;;;;982;13472;Banerjee, Imon L.;7.4%;16.7%;3.7%;;14.8%;24.1%;11.1%;3.7%;7.4%;9.3%;;1.9%;;;;;;;;;;;;
;;;;;;983;13473;Rendall, Joshua D.;14.0%;14.0%;10.5%;;7.0%;15.8%;17.5%;1.8%;3.5%;8.8%;1.8%;;1.8%;;;;;;;;;;3.5%;
;;;;;;D01;10334;Munson, Christina E.;22.2%;22.8%;12.2%;;6.3%;5.8%;13.2%;1.6%;1.6%;2.6%;0.5%;2.6%;1.1%;;3.7%;;;;;;;;3.7%;
;;;;;;IMA;15478;Munson, Christina E.;18.4%;15.8%;13.2%;;5.3%;15.8%;10.5%;5.3%;2.6%;10.5%;;;;;;;;;;;;;2.6%;
;;;;;;IMB;15479;Munson, Christina E.;11.1%;8.3%;8.3%;;8.3%;11.1%;13.9%;16.7%;8.3%;8.3%;5.6%;;;;;;;;;;;;;
;;;Elem Stat Meth-Honors;202620;Spring 2026;IMA;15478;Munson, Christina E.;100.0%;;;;;;;;;;;;;;;;;;;;;;;
;;30301;Prob & Stat For Business;202620;Spring 2026;100;21560;Porterfield, Pamela F.;20.4%;4.3%;4.9%;;24.7%;2.5%;6.2%;15.4%;0.6%;4.3%;8.6%;;;;1.9%;;;;;;;;6.2%;
;;;;;;200;21561;Porterfield, Pamela F.;21.3%;2.1%;10.0%;;25.0%;0.8%;4.6%;22.1%;1.3%;1.7%;5.8%;;;;1.3%;;;;;;;;4.2%;
;;;;;;214;27604;Porterfield, Pamela F.;14.7%;0.9%;1.7%;;27.6%;0.9%;3.4%;21.6%;;2.6%;7.8%;;;;8.6%;0.9%;;;;;;;9.5%;
;;31100;Intro Probability;202620;Spring 2026;001;27841;Findsen, Leonore A.;32.4%;2.9%;8.8%;;23.5%;;;8.8%;;;;;;;5.9%;;;;;;;;17.6%;
;;35000;Intro To Statistics;202620;Spring 2026;100;42907;Matangi, Evidence S.;34.3%;1.4%;11.4%;;17.1%;1.4%;7.1%;2.9%;1.4%;11.4%;2.9%;;;;2.9%;;;;;;;;5.7%;
;;;;;;200;27846;Ahn, Heekyung;20.0%;4.3%;11.4%;;15.7%;1.4%;18.6%;8.6%;2.9%;10.0%;2.9%;;;;1.4%;;;;;;;;2.9%;
;;;;;;400;14966;Matangi, Evidence S.;30.4%;1.4%;8.7%;;17.4%;4.3%;4.3%;10.1%;4.3%;13.0%;1.4%;;;;2.9%;;;;;;;;1.4%;
;;;;;;500;14964;Shin, Halin;31.0%;4.2%;8.5%;;12.7%;2.8%;8.5%;9.9%;1.4%;2.8%;2.8%;;;;1.4%;;;;;;;;14.1%;
;;;;;;600;16228;Wu, Chenzhong;25.8%;3.0%;12.1%;;16.7%;3.0%;9.1%;;9.1%;4.5%;4.5%;;;;4.5%;;;;;;;;7.6%;
;;;;;;700;25204;Matangi, Evidence S.;34.3%;1.4%;7.1%;;20.0%;1.4%;11.4%;5.7%;2.9%;2.9%;2.9%;;;;2.9%;;;;;;;;7.1%;
;;;;;;999;12211;Reese, Timothy G.;30.9%;5.0%;12.2%;;11.6%;1.1%;11.0%;5.5%;4.4%;4.4%;2.8%;;;;2.8%;;;0.6%;;;;;7.7%;
;;;Intro To Statistics-Honors;202620;Spring 2026;400;14966;Matangi, Evidence S.;;;;;;;;;;100.0%;;;;;;;;;;;;;;
;;35500;Statistics For Data Science;202620;Spring 2026;002;17014;Keaton, Timothy J.;32.6%;10.9%;13.0%;;8.7%;2.2%;13.0%;6.5%;2.2%;4.3%;;;;;2.2%;2.2%;;;;;;;2.2%;
;;;;;;003;27606;Keaton, Timothy J.;18.8%;18.8%;;;18.8%;6.3%;6.3%;6.3%;;12.5%;;6.3%;;;6.3%;;;;;;;;;
;;41600;Probability;202620;Spring 2026;001;13255;Owada, Takashi;14.0%;4.7%;2.3%;;9.3%;20.9%;14.0%;7.0%;;14.0%;7.0%;;;;2.3%;;;;;;;;4.7%;
;;;;;;002;13262;Bong, Heejong;14.0%;7.0%;25.6%;;11.6%;14.0%;14.0%;;2.3%;4.7%;;;4.7%;;2.3%;;;;;;;;;
;;;;;;003;13325;Tindel, Samy;19.1%;6.4%;40.4%;;6.4%;4.3%;4.3%;4.3%;;8.5%;4.3%;;2.1%;;;;;;;;;;;
;;;;;;004;13379;Tindel, Samy;12.8%;8.5%;29.8%;;10.6%;4.3%;6.4%;8.5%;4.3%;4.3%;2.1%;4.3%;4.3%;;;;;;;;;;;
;;;;;;005;15624;Lodha, Yash;13.2%;13.2%;10.5%;;23.7%;21.1%;7.9%;2.6%;2.6%;;;;;;;;;;;;;;5.3%;
;;;;;;006;15626;Lodha, Yash;22.6%;6.5%;6.5%;;9.7%;19.4%;16.1%;3.2%;3.2%;;3.2%;;;;3.2%;;;;;;;;6.5%;
;;;;;;007;15630;Noack, Christian J.;26.7%;3.3%;3.3%;;13.3%;20.0%;6.7%;10.0%;;13.3%;;;;;;;;;;;;;3.3%;
;;;;;;008;15633;Wang, Jing;14.3%;14.3%;3.6%;;25.0%;10.7%;10.7%;3.6%;3.6%;7.1%;;;3.6%;;3.6%;;;;;;;;;
;;41700;Statistical Theory;202620;Spring 2026;002;42902;Xue, Fei;12.2%;26.5%;16.3%;;8.2%;12.2%;14.3%;4.1%;2.0%;2.0%;2.0%;;;;;;;;;;;;;
;;;;;;005;29858;Yarger, Andrew N.;18.8%;10.4%;2.1%;;25.0%;8.3%;14.6%;12.5%;2.1%;6.3%;;;;;;;;;;;;;;
;;;;;;006;22976;Lin, Dennis K.;26.5%;24.5%;;;22.4%;;14.3%;10.2%;;;;;;;;;;;;;;;2.0%;
;;;;;;SC1;15858;Bhadra, Anindya;16.7%;11.1%;;;22.2%;11.1%;5.6%;5.6%;5.6%;5.6%;5.6%;;;;5.6%;;;;;;;;5.6%;
;;42000;Intro Time Series;202620;Spring 2026;001;27851;Yarger, Andrew N.;16.7%;10.0%;1.7%;;18.3%;16.7%;11.7%;11.7%;1.7%;8.3%;;;1.7%;;1.7%;;;;;;;;;
;;;;;;002;42903;Liu, Haibo;13.3%;;41.7%;;;1.7%;8.3%;1.7%;8.3%;5.0%;;;5.0%;;8.3%;;;;;;;;6.7%;
;;47201;Fund Long Term Actuarial Math;202620;Spring 2026;001;23986;Ray, Sally A.;6.3%;14.6%;12.5%;;8.3%;14.6%;8.3%;8.3%;8.3%;2.1%;2.1%;10.4%;2.1%;;2.1%;;;;;;;;;
;;47301;Intro To Derivatives Pricing;202620;Spring 2026;SC1;15138;Rubin, Daniel E.;14.8%;18.5%;11.1%;;7.4%;18.5%;14.8%;3.7%;;3.7%;3.7%;;3.7%;;;;;;;;;;;
;;47401;Statistics For Risk Modeling I;202620;Spring 2026;001;20162;Liu, Haibo;13.6%;13.6%;25.0%;;;2.3%;6.8%;4.5%;2.3%;4.5%;4.5%;2.3%;9.1%;;9.1%;;;;;;;;2.3%;
;;47701;Statistics Risk Modeling II;202620;Spring 2026;001;36671;Huang, Shimeng;;;86.7%;;;;13.3%;;;;;;;;;;;;;;;;;
;;47902;Fund Short Term Actuarial Math;202620;Spring 2026;001;13464;Noack, Christian J.;7.1%;;47.6%;;4.8%;2.4%;4.8%;2.4%;7.1%;2.4%;2.4%;;4.8%;;7.1%;;;;;;;;7.1%;
;;50100;Experimental Stat I;202620;Spring 2026;001;58500;Findsen, Leonore A.;27.6%;6.9%;6.9%;3.4%;13.8%;6.9%;27.6%;;;6.9%;;;;;;;;;;;;;;
;;50300;Stat Methods Biology;202620;Spring 2026;002;27858;Xing, Yan;16.7%;23.3%;5.0%;;15.0%;6.7%;15.0%;8.3%;1.7%;3.3%;1.7%;;;;1.7%;;;;;;;;1.7%;
;;;;;;004;27859;Xing, Yan;12.2%;17.1%;7.3%;2.4%;17.1%;2.4%;22.0%;2.4%;4.9%;4.9%;;;;;7.3%;;;;;;;;;
;;;;;;Y01;12324;Xing, Yan;6.5%;19.4%;1.6%;;14.5%;9.7%;8.1%;14.5%;1.6%;9.7%;1.6%;1.6%;3.2%;;3.2%;1.6%;;;;;;;3.2%;
;;50600;Stat Programming;202620;Spring 2026;001;27863;Colver, Tadd N.;41.9%;;;;25.6%;;;23.3%;;;7.0%;;;;2.3%;;;;;;;;;
;;51100;Statistical Methods;202620;Spring 2026;003;27864;Qu, Yuan;37.3%;1.7%;;;47.5%;;;6.8%;1.7%;;;;;;;1.7%;;1.7%;;;;;1.7%;
;;;;;;005;53197;Qu, Yuan;53.3%;1.7%;3.3%;;35.0%;;;1.7%;;3.3%;;;;;;;;;;;;;1.7%;
;;;;;;006;10682;Zhang, Tonglin;30.0%;11.7%;20.0%;;11.7%;;8.3%;8.3%;;6.7%;;;;;;;;;;;;;3.3%;
;;;;;;008;19588;Zhang, Lingsong;19.0%;15.5%;25.9%;;19.0%;6.9%;12.1%;1.7%;;;;;;;;;;;;;;;;
;;;;;;009;27942;Chakraborty, Antik;40.7%;;;;35.6%;;;18.6%;;;3.4%;;;;1.7%;;;;;;;;;
;;;;;;010;13209;Qu, Yuan;30.5%;;;;52.5%;1.7%;3.4%;8.5%;1.7%;;;;;;;;;;;;;;1.7%;
;;51200;Appl Regr Analysis;202620;Spring 2026;001;27870;Qin, Tiantian;12.8%;4.3%;;2.1%;42.6%;4.3%;21.3%;6.4%;;;2.1%;;;;;;;;;;;;4.3%;
;;;;;;003;27869;Qin, Tiantian;13.0%;;;;50.0%;2.2%;8.7%;15.2%;;6.5%;2.2%;;;;;;;;;;;;2.2%;
;;;;;;Y01;18360;Qin, Tiantian;16.1%;;;;34.4%;2.2%;14.0%;8.6%;;9.7%;3.2%;;;;2.2%;1.1%;;;;;;;8.6%;
;;51300;Stat Quality Control;202620;Spring 2026;001;42862;Lin, Dennis K.;39.7%;15.5%;;;3.4%;1.7%;27.6%;3.4%;;1.7%;;;;;1.7%;;;;;;;;5.2%;
;;51400;Design Of Experiment;202620;Spring 2026;001;27875;Wang, Lin;23.5%;26.5%;2.9%;;5.9%;17.6%;5.9%;8.8%;;;;;;;;;;;;;;;8.8%;
;;;;;;003;18586;Zhu, Yu Michael;28.6%;22.9%;5.7%;;5.7%;11.4%;14.3%;2.9%;;;;;;;2.9%;;;;;;;;5.7%;
;;51600;Basic Probability Appl;202620;Spring 2026;001;27879;Gao, Boran;32.4%;8.8%;20.6%;;2.9%;8.8%;5.9%;11.8%;;5.9%;;;2.9%;;;;;;;;;;;
;;51700;Statistical Inference;202620;Spring 2026;001;22281;Su, Jianxi;8.7%;;60.9%;;;4.3%;;;;8.7%;;;;;4.3%;;;;;;;;13.0%;
;;51900;Intro To Probability;202620;Spring 2026;001;42858;Dasgupta, Anirban;;;;;;41.7%;;25.0%;;;8.3%;;;;;;;;;;;;25.0%;
;;52000;Time Series Applic;202620;Spring 2026;002;14460;Levine, Michael;72.2%;;;;16.7%;;;11.1%;;;;;;;;;;;;;;;;
;;52200;Sampling Design And Analysis;202620;Spring 2026;002;14473;Christ, Sharon L.;66.7%;9.5%;;;4.8%;4.8%;9.5%;;;;;;;;;;;;;;;;4.8%;
;;52600;Adv Stat Methodology;202620;Spring 2026;001;27886;Song, Qifan;40.6%;6.3%;;;37.5%;6.3%;6.3%;;;;;;;;;;;;;;;;3.1%;
;;53200;Elem Stochastic Proc;202620;Spring 2026;001;43058;Janjigian, Christopher;45.0%;10.0%;;;20.0%;5.0%;10.0%;5.0%;;;;;;;;;;;;;;;5.0%;
;;54000;Computation Finance I;202620;Spring 2026;005;23708;Lee, Kiseop;96.0%;;;;;4.0%;;;;;;;;;;;;;;;;;;
;;54500;Intro Comp Statistics;202620;Spring 2026;001;29460;Bhadra, Anindya;30.8%;7.7%;11.5%;;23.1%;11.5%;3.8%;3.8%;3.8%;;3.8%;;;;;;;;;;;;;
;;55300;Linear Models;202620;Spring 2026;001;35744;Liu, Chuanhai;17.6%;47.1%;17.6%;;17.6%;;;;;;;;;;;;;;;;;;;
;;59700;Stat Consulting Seminar;202620;Spring 2026;001;27896;Craig, Bruce A.;50.0%;50.0%;;;;;;;;;;;;;;;;;;;;;;
;;59800;Data Science Finance Seminar;202620;Spring 2026;508;23371;Lee, Kiseop;100.0%;;;;;;;;;;;;;;;;;;;;;;;
;;;Machine Learning I;202620;Spring 2026;101;23903;Chan, Stanley H.;41.2%;23.5%;;;5.9%;;11.8%;5.9%;;;;;;;5.9%;;;;;;;;5.9%;
;;;Stochastic Optimize Mach Learn;202620;Spring 2026;512;39482;Pasupathy, Raghu;72.7%;;;9.1%;;;;;;;;;;;;;;;;;;;18.2%;
;;69100;Probability Seminar;202620;Spring 2026;001;15605;Janjigian, Christopher;;;;;;;;;;;;;;;;;;93.5%;;;;;6.5%;
;;69200;Research Colloquium;202620;Spring 2026;SC1;47574;Xue, Fei;;;;;;;;;;;;;;;;;;98.3%;;;;;1.7%;
;;69500;Deep Learning And Statistics;202620;Spring 2026;001;40753;Liang, Faming;100.0%;;;;;;;;;;;;;;;;;;;;;;;
SYS;SYS-Purdue Sys Collaboratory;30000;Address Global Challngs-Honors;202620;Spring 2026;H01;11228;Chatterjee, Abheek;8.3%;8.3%;76.7%;;;;3.3%;;;;;;;;;;;;;;;;3.3%;
;;35000;Systems Methods;202620;Spring 2026;001;22961;Chatterjee, Abheek;16.7%;6.7%;50.0%;;3.3%;1.7%;11.7%;;1.7%;1.7%;3.3%;;1.7%;;;;;;;;;;1.7%;
;;40000;Systems Praxis;202620;Spring 2026;001;22969;Chatterjee, Abheek;20.6%;8.8%;52.9%;;5.9%;5.9%;2.9%;;;;;;;;;;;;;;;;2.9%;
;;;;;;002;40450;Chatterjee, Abheek;30.6%;2.8%;55.6%;;2.8%;2.8%;2.8%;;;;;;;;;;;;;;;;2.8%;
;;53000;Practical Systems Thinking;202620;Spring 2026;001;29312;Reinhardt, Jason C.;31.3%;;68.8%;;;;;;;;;;;;;;;;;;;;;
;;;;;;WNG;13876;Reinhardt, Jason C.;39.0%;9.8%;51.2%;;;;;;;;;;;;;;;;;;;;;
TDM;TDM-The Data Mine;10200;The Data Mine Seminar II;202620;Spring 2026;008;28531;Ward, Mark D.;26.1%;1.6%;55.1%;;6.1%;0.3%;1.6%;3.4%;0.8%;0.3%;0.8%;0.3%;;;1.1%;;;;;;;;2.6%;
;;;;;;SC1;19799;Ward, Mark D.;29.1%;1.2%;55.8%;;5.8%;;2.3%;2.3%;;1.2%;;;;;;;;;;;;;2.3%;
;;;;;;SC2;19803;Ward, Mark D.;31.3%;3.1%;52.1%;;7.3%;1.0%;1.0%;;;;;;;;2.1%;;;;;;;;2.1%;
;;;;;;SC3;19810;Ward, Mark D.;26.0%;1.0%;50.0%;;7.3%;;2.1%;2.1%;1.0%;1.0%;1.0%;;1.0%;;3.1%;;;;;;;;4.2%;
;;;;;;SC4;19841;Ward, Mark D.;28.4%;1.8%;52.4%;;8.0%;0.4%;0.7%;2.5%;;1.1%;0.7%;;;;1.8%;;;;;;;;2.2%;
;;20200;The Data Mine Seminar IV;202620;Spring 2026;002;19805;Ward, Mark D.;27.0%;5.4%;37.8%;;10.8%;;;2.7%;;;;;;;10.8%;;;;;;;;5.4%;
;;;;;;003;19811;Ward, Mark D.;20.6%;5.9%;55.9%;;8.8%;;;;2.9%;;2.9%;;;;2.9%;;;;;;;;;
;;;;;;004;19842;Ward, Mark D.;25.9%;3.7%;40.7%;;7.4%;;3.7%;3.7%;;;;;;;3.7%;;;;;;;;11.1%;
;;;;;;008;28529;Ward, Mark D.;26.8%;4.5%;45.8%;;6.7%;;2.2%;3.9%;0.6%;0.6%;1.1%;;;;6.1%;;;;;;;;1.7%;
;;;;;;SC1;19800;Ward, Mark D.;36.4%;2.3%;38.6%;;4.5%;;;2.3%;;;;;;;9.1%;;;;;;;;6.8%;
;;30200;The Data Mine Seminar VI;202620;Spring 2026;001;19801;Ward, Mark D.;26.7%;20.0%;20.0%;6.7%;;6.7%;13.3%;6.7%;;;;;;;;;;;;;;;;
;;;;;;008;28532;Ward, Mark D.;23.3%;16.3%;27.9%;;4.7%;9.3%;;2.3%;2.3%;7.0%;;;;;;;;;;;;;7.0%;
TECH;TECH-Technology;12000;Design Thinking In Tech-Honors;202620;Spring 2026;001;64774;Farrington, Shawn W.;100.0%;;;;;;;;;;;;;;;;;;;;;;;
;;;;;;004;64815;Khadke, Aditya A.;100.0%;;;;;;;;;;;;;;;;;;;;;;;
;;;;;;006;64817;Lee, Kyuha;50.0%;;;;;;50.0%;;;;;;;;;;;;;;;;;
;;;;;;009;64820;Hamilton, Marshall L.;100.0%;;;;;;;;;;;;;;;;;;;;;;;
;;;;;;011;19484;Qureshi, Shanzay W.;100.0%;;;;;;;;;;;;;;;;;;;;;;;
;;;;;;013;19486;Alrqibat, Sondos M.;100.0%;;;;;;;;;;;;;;;;;;;;;;;
;;;;;;014;19490;Farrington, Shawn W.;100.0%;;;;;;;;;;;;;;;;;;;;;;;
;;;;;;017;19536;Khadke, Aditya A.;100.0%;;;;;;;;;;;;;;;;;;;;;;;
;;;;;;018;19537;Lee, Kyuha;100.0%;;;;;;;;;;;;;;;;;;;;;;;
;;;;;;019;16266;Qureshi, Shanzay W.;100.0%;;;;;;;;;;;;;;;;;;;;;;;
;;;;;;021;16268;Ayokanmi, Damilola B.;100.0%;;;;;;;;;;;;;;;;;;;;;;;
;;;;;;035;24937;Hasan, Kamrul;;;;;100.0%;;;;;;;;;;;;;;;;;;;
;;;Design Thinking In Technology;202620;Spring 2026;001;64774;Farrington, Shawn W.;52.8%;8.3%;;;16.7%;2.8%;11.1%;2.8%;;;2.8%;;;;;;;;;;;;2.8%;
;;;;;;004;64815;Khadke, Aditya A.;58.3%;13.9%;;;5.6%;2.8%;13.9%;;;2.8%;;;;;2.8%;;;;;;;;;
;;;;;;006;64817;Lee, Kyuha;33.3%;19.4%;;;5.6%;8.3%;19.4%;;2.8%;8.3%;;;2.8%;;;;;;;;;;;
;;;;;;009;64820;Hamilton, Marshall L.;83.3%;6.7%;;;3.3%;;3.3%;;;;;;;;;;;;;;;;3.3%;
;;;;;;011;19484;Qureshi, Shanzay W.;50.0%;25.0%;;;8.3%;4.2%;4.2%;4.2%;;;;;;;;;;;;;;;4.2%;
;;;;;;012;19485;Ayokanmi, Damilola B.;68.4%;7.9%;;;2.6%;7.9%;5.3%;;2.6%;;;;;;2.6%;;;;;;;;2.6%;
;;;;;;013;19486;Alrqibat, Sondos M.;37.9%;6.9%;;;20.7%;10.3%;17.2%;;3.4%;;;;;;3.4%;;;;;;;;;
;;;;;;014;19490;Farrington, Shawn W.;42.9%;17.1%;;;5.7%;5.7%;11.4%;5.7%;;2.9%;;;;;2.9%;;;;;;;;5.7%;
;;;;;;015;19528;Alrqibat, Sondos M.;46.2%;12.8%;;;10.3%;7.7%;7.7%;10.3%;;2.6%;;;;;;;;;;;;;2.6%;
;;;;;;016;19533;Farrington, Shawn W.;58.8%;14.7%;;;5.9%;;14.7%;;2.9%;;;;2.9%;;;;;;;;;;;
;;;;;;017;19536;Khadke, Aditya A.;55.3%;10.5%;;;13.2%;2.6%;5.3%;2.6%;2.6%;2.6%;;;2.6%;;2.6%;;;;;;;;;
;;;;;;018;19537;Lee, Kyuha;51.5%;9.1%;;;18.2%;6.1%;9.1%;3.0%;;3.0%;;;;;;;;;;;;;;
;;;;;;019;16266;Qureshi, Shanzay W.;56.8%;2.7%;;;5.4%;2.7%;10.8%;5.4%;2.7%;8.1%;2.7%;;2.7%;;;;;;;;;;;
;;;;;;020;16267;Hamilton, Marshall L.;69.0%;6.9%;;;3.4%;3.4%;6.9%;10.3%;;;;;;;;;;;;;;;;
;;;;;;021;16268;Ayokanmi, Damilola B.;64.1%;5.1%;;;7.7%;7.7%;7.7%;;;2.6%;;;;;5.1%;;;;;;;;;
;;;;;;035;24937;Hasan, Kamrul;72.2%;8.3%;;;8.3%;2.8%;8.3%;;;;;;;;;;;;;;;;;
;;;;;;037;13780;Hasan, Kamrul;46.4%;17.9%;;;10.7%;3.6%;7.1%;7.1%;;7.1%;;;;;;;;;;;;;;
;;22000;Design Technology For People;202620;Spring 2026;001;19822;Kelley, Todd R.;62.5%;10.0%;15.0%;;2.5%;2.5%;5.0%;;;;;;;;2.5%;;;;;;;;;
;;33000;Tech And The Global Society;202620;Spring 2026;001;64767;Hammoud, Abrar;25.0%;9.1%;29.5%;;13.6%;;4.5%;6.8%;4.5%;4.5%;;;2.3%;;;;;;;;;;;
;;;;;;030;30379;Hammoud, Abrar;33.3%;13.9%;25.0%;;11.1%;2.8%;;;5.6%;;;;;;2.8%;;;;;;;;5.6%;
;;34000;Prototyping Tech For People;202620;Spring 2026;002;23885;Owen, Silas M.;23.5%;35.3%;;;5.9%;7.8%;11.8%;2.0%;2.0%;2.0%;2.0%;;;;2.0%;;;;;;;;5.9%;
;;60300;Graduate Seminar - Planning;202620;Spring 2026;002;32473;Elliott, Stephen J.;;;100.0%;;;;;;;;;;;;;;;;;;;;;
;;67600;Analysis Of Research Methods;202620;Spring 2026;001;40270;Hutcheson, John S.;96.3%;;;;;;;;;;;;;;3.7%;;;;;;;;;
THTR;THTR-Theatre;13300;Acting I;202620;Spring 2026;003;27976;Reynolds, John H.;;;90.9%;;;;;9.1%;;;;;;;;;;;;;;;;
;;;;;;015;34270;Hepler, Tyler R.;;16.7%;75.0%;;;;;;;;;;;;;;;;;;;;8.3%;
;;;;;;017;69451;Bushkov, Isabelle L.;16.7%;;75.0%;;;;;;8.3%;;;;;;;;;;;;;;;
;;;;;;020;16083;Deebom, Gianbari D.;100.0%;;;;;;;;;;;;;;;;;;;;;;;
;;;;;;021;19663;Hepler, Tyler R.;;15.4%;84.6%;;;;;;;;;;;;;;;;;;;;;
;;16000;Intro Scene Des/Tech;202620;Spring 2026;001;27981;Kephart, Eleanor B.;71.4%;7.1%;;;;;21.4%;;;;;;;;;;;;;;;;;
;;16100;Intro Costume Des/Tech;202620;Spring 2026;001;27984;Rosolowski, Emily L.;16.7%;8.3%;58.3%;;;8.3%;;;8.3%;;;;;;;;;;;;;;;
;;16200;Intro Light Des/Tech;202620;Spring 2026;001;27987;Edwards, Lily M.;33.3%;8.3%;50.0%;;;;;;;;;;;;;;;;;;;;8.3%;
;;16300;Intro Sound Des/Tech;202620;Spring 2026;001;27989;Clouse, Jacob E.;;;100.0%;;;;;;;;;;;;;;;;;;;;;
;;20100;Theatre Appreciation;202620;Spring 2026;001;63400;Deebom, Gianbari D.;;14.3%;64.3%;;;;7.1%;;;;;;;;;;;;;;;;14.3%;
;;;;;;007;38252;Reynolds, John H.;40.0%;6.7%;46.7%;;;;;6.7%;;;;;;;;;;;;;;;;
;;23300;Acting II;202620;Spring 2026;001;27998;Damman, Anne M.;88.2%;5.9%;;;;;;;;;;;;;;5.9%;;;;;;;;
;;;Acting II-Honors;202620;Spring 2026;001;27998;Damman, Anne M.;100.0%;;;;;;;;;;;;;;;;;;;;;;;
;;25600;Stage Make-Up;202620;Spring 2026;002;24088;Davey, Caitlin E.;;9.1%;63.6%;;;;9.1%;;;9.1%;;;;;9.1%;;;;;;;;;
;;26300;Intro To Sound Studios;202620;Spring 2026;001;28009;Kim, SuJin;73.3%;;26.7%;;;;;;;;;;;;;;;;;;;;;
;;27100;Script Interpretation;202620;Spring 2026;001;36755;Ebarb, Joel R.;37.5%;18.8%;6.3%;;;;18.8%;12.5%;;;;;;;6.3%;;;;;;;;;
;;35300;Audio Technology I;202620;Spring 2026;001;24097;Aplin, Mercer M.;38.9%;11.1%;27.8%;;11.1%;;11.1%;;;;;;;;;;;;;;;;;
;;35400;Painting For The Stage;202620;Spring 2026;001;24089;Scheef, Devin P.;8.3%;33.3%;8.3%;;25.0%;;;8.3%;;;;8.3%;;;;;;;;;;;8.3%;
;;36100;Costume Design;202620;Spring 2026;001;36630;Bellet, Ashley M.;16.7%;8.3%;41.7%;;;;;;16.7%;8.3%;8.3%;;;;;;;;;;;;;
;;39000;Fight Choreography;202620;Spring 2026;010;34262;Dionne, Richard M.;100.0%;;;;;;;;;;;;;;;;;;;;;;;
;;;Galinthias Rehearsal And Perf;202620;Spring 2026;009;33232;Damman, Anne M.;100.0%;;;;;;;;;;;;;;;;;;;;;;;
;;;Our Town Rehearsal And Perf;202620;Spring 2026;011;39301;Carpenter, Laquetta L.;100.0%;;;;;;;;;;;;;;;;;;;;;;;
;;;Our Town Rehearsal&Perf-Honors;202620;Spring 2026;011;39301;Carpenter, Laquetta L.;100.0%;;;;;;;;;;;;;;;;;;;;;;;
;;44000;Directing: Page To Stage;202620;Spring 2026;001;37235;Collaco, Jaime R.;50.0%;6.3%;37.5%;;;;6.3%;;;;;;;;;;;;;;;;;
;;55000;Show Networks For Live Ent;202620;Spring 2026;001;14774;Dionne, Richard M.;46.2%;15.4%;;7.7%;15.4%;;15.4%;;;;;;;;;;;;;;;;;
;;67100;Modern Theory;202620;Spring 2026;001;36769;Lewis, William W.;14.3%;57.1%;;;;;21.4%;;;7.1%;;;;;;;;;;;;;;
TLI;TLI-Technology Ldrshp Innovatn;11200;Foundations Of Org Leadership;202620;Spring 2026;030;14527;Plaskoff, Joshua A.;60.6%;12.1%;;;5.5%;4.8%;8.5%;1.2%;1.8%;1.8%;0.6%;;0.6%;;1.2%;;;;;;;;1.2%;
;;;;;;031;14528;Plaskoff, Joshua A.;59.6%;11.2%;;;2.7%;4.0%;8.1%;1.8%;2.7%;1.8%;0.4%;1.3%;;;4.0%;0.9%;;;;;;;1.3%;
;;15200;Business Prin Org Leadership;202620;Spring 2026;001;15815;Jones, Matthew D.;75.9%;9.2%;;;2.3%;;6.9%;3.4%;;;1.1%;;;;1.1%;;;;;;;;;
;;;;;;003;24790;Jones, Matthew D.;65.4%;13.1%;;;9.3%;;5.6%;1.9%;;;2.8%;;;;0.9%;;;;;;;;0.9%;
;;20000;Org Leadership Exploration;202620;Spring 2026;001;28152;Linvill, Jennifer S.;8.3%;;55.6%;;2.8%;;;11.1%;5.6%;;;;2.8%;;8.3%;;;;;;;;5.6%;
;;21300;Project Management;202620;Spring 2026;002;18206;Bittinger, Christopher N.;18.9%;11.3%;56.6%;;;1.9%;3.8%;;;3.8%;;;;;;;;;;;;;3.8%;
;;;;;;005;19752;Bittinger, Christopher N.;7.5%;11.3%;77.4%;;;1.9%;;;1.9%;;;;;;;;;;;;;;;
;;31400;Leading Innovation In Orgs;202620;Spring 2026;001;19795;Brunswicker, Sabine;52.4%;21.4%;9.5%;;7.1%;;2.4%;4.8%;;;;;2.4%;;;;;;;;;;;
;;35520;Organization Dev And Change;202620;Spring 2026;001;19812;Park, Cho Hyun;22.7%;13.6%;54.5%;;;;4.5%;4.5%;;;;;;;;;;;;;;;;
;;35530;Strategic Human Resources;202620;Spring 2026;001;15561;Coulson, Brenda L.;28.6%;52.4%;;;14.3%;;;;;;;;;;4.8%;;;;;;;;;
;;35580;Organizational Performance;202620;Spring 2026;001;28197;Park, Cho Hyun;20.8%;;70.8%;;4.2%;;4.2%;;;;;;;;;;;;;;;;;
;;45560;Internship In HR;202620;Spring 2026;002;17619;Akdere, Mesut;60.0%;;32.0%;;;4.0%;4.0%;;;;;;;;;;;;;;;;;
;;45590;Human Resources Capstone;202620;Spring 2026;001;15588;Akdere, Mesut;36.0%;28.0%;4.0%;;12.0%;;20.0%;;;;;;;;;;;;;;;;;
;;45800;Leadership For Competitive Adv;202620;Spring 2026;001;20245;Grant, Brandon C.;7.7%;7.7%;84.6%;;;;;;;;;;;;;;;;;;;;;
VCS;VCS-Veterinary Clinical Sci;22400;Small Animal Nursing I;202620;Spring 2026;001;59820;Reed, Jessica N.;28.1%;;;;56.3%;;;9.4%;;;;;;;3.1%;;;;;;;;3.1%;
;;22500;Large Animal Nursing I;202620;Spring 2026;001;59823;Giroux, Rose P.;34.4%;;;;50.0%;;;12.5%;;;;;;;;;;;;;;;3.1%;
;;22600;Principles Of Anesthesia-VN;202620;Spring 2026;001;59826;Huffman, Amy B.;14.7%;;;;41.2%;;;38.2%;;;;;;;;;;;;;;;5.9%;
;;25200;Diagnostic Imaging-VN;202620;Spring 2026;004;59912;Hartman, Jennifer N.;12.5%;;;;62.5%;;;15.6%;;;;;;;6.3%;;;;;;;;3.1%;
;;60400;Animal Models Trans Res;202620;Spring 2026;001;22583;Risselada, Marije;100.0%;;;;;;;;;;;;;;;;;;;;;;;
;;61000;Clinical Training;202620;Spring 2026;023;56182;Lescun, Timothy B.;53.8%;7.7%;7.7%;;10.3%;2.6%;17.9%;;;;;;;;;;;;;;;;;
;;62000;Sem Clin Med/Surg;202620;Spring 2026;001;23998;Lescun, Timothy B.;63.6%;9.1%;9.1%;;9.1%;;4.5%;;;4.5%;;;;;;;;;;;;;;
;;62100;Topics Adv Medicine;202620;Spring 2026;003;27990;Bolton, Timothy A.;12.5%;12.5%;68.8%;;;;6.3%;;;;;;;;;;;;;;;;;
;;63000;Cur Topic Vet Clin Sci;202620;Spring 2026;018;36674;Lescun, Timothy B.;75.6%;7.3%;;;9.8%;;7.3%;;;;;;;;;;;;;;;;;
;;80120;Veterinary Skills & Comp II;202620;Spring 2026;001;10995;Rabel, Rathnaweera A.;;;;;;;;;;;;;;;;;;97.7%;;;;;2.3%;
;;80220;Veterinary Skills & Comp IV;202620;Spring 2026;002;13174;Inoue, Stephanie D.;;;;;;;;;;;;;;;;;;100.0%;;;;;;
;;80320;Veterinary Skills & Comp VI;202620;Spring 2026;001;23591;Buchheit Baisden, Teresa M.;;;;;;;;;;;;;;;;;2.5%;95.0%;;;;;2.5%;
;;;;;;003;23997;Buchheit Baisden, Teresa M.;;;;;;;;;;;;;;;;;2.5%;97.5%;;;;;;
;;80500;Small Anim Behv Therap;202620;Spring 2026;001;40224;Ogata, Niwako;37.9%;;;34.5%;24.1%;;;3.4%;;;;;;;;;;;;;;;;
;;80620;Small Animal Medicine II;202620;Spring 2026;001;23596;Woolcock, Andrew D.;56.3%;;;;38.8%;;;5.0%;;;;;;;;;;;;;;;;
;;80920;Large Animal Surgery;202620;Spring 2026;001;23602;Lescun, Timothy B.;37.5%;;;;60.0%;;;1.3%;;;;;;;;;;;;;;;1.3%;
;;81210;Sm Ani Primary Care & Wellness;202620;Spring 2026;001;23612;Thompson, Steven B.;21.3%;15.0%;2.5%;;21.3%;12.5%;17.5%;2.5%;;6.3%;;;;;;;;;;;;;1.3%;
;;81500;Ophthalmology;202620;Spring 2026;001;23604;Townsend, Wendy M.;55.0%;;;;28.8%;;;13.8%;;;1.3%;;;;;;;;;;;;1.3%;
;;81700;Ach Success Prvt Pract;202620;Spring 2026;002;40227;Weisman, James L.;95.0%;;;;3.8%;;;1.3%;;;;;;;;;;;;;;;;
;;81802;Small Animal Surgery Lab II;202620;Spring 2026;002;23606;Hepworth, Lisa M.;70.0%;;;;27.5%;;;;;;;;;;;;;;;;;;2.5%;
;;;;;;003;28253;Hepworth, Lisa M.;70.0%;;;;30.0%;;;;;;;;;;;;;;;;;;;
;;82200;Large Animal Surgery I;202620;Spring 2026;003;23621;Tucker, Michelle L.;100.0%;;;;;;;;;;;;;;;;;;;;;;;
;;;;;;004;28254;Tucker, Michelle L.;100.0%;;;;;;;;;;;;;;;;;;;;;;;
;;82300;Large Anim Surgery II;202620;Spring 2026;001;28200;Lescun, Timothy B.;100.0%;;;;;;;;;;;;;;;;;;;;;;;
;;;;;;002;28248;Lescun, Timothy B.;100.0%;;;;;;;;;;;;;;;;;;;;;;;
;;82501;Ruminant Theriogenology;202620;Spring 2026;001;12223;Funnell, Bethany J.;100.0%;;;;;;;;;;;;;;;;;;;;;;;
;;82701;Diagnostic Imaging;202620;Spring 2026;001;23603;Fulkerson, Caroline V.;61.3%;;;;36.3%;;;1.3%;;;;;;;;;;;;;;;1.3%;
;;83201;Equine Lameness;202620;Spring 2026;001;26655;Waxman, Sarah J.;27.3%;27.3%;18.2%;;;9.1%;18.2%;;;;;;;;;;;;;;;;;
;;83903;Cattle Production Medicine;202620;Spring 2026;001;23619;Hubner, Andrew M.;;;83.3%;16.7%;;;;;;;;;;;;;;;;;;;;
;;84300;Successful Pract Skill;202620;Spring 2026;001;16241;O'Brien, Gregory M.;90.9%;;;;9.1%;;;;;;;;;;;;;;;;;;;
;;84601;Small Animal Medicine III;202620;Spring 2026;001;23607;Whitehouse, William H.;21.5%;;;40.0%;24.6%;;;13.8%;;;;;;;;;;;;;;;;
;;84701;Small Animal Medicine IV;202620;Spring 2026;001;23617;Fulkerson, Christopher M.;42.9%;;;30.6%;26.5%;;;;;;;;;;;;;;;;;;;
;;84800;Adv Sm Animal Surgery;202620;Spring 2026;001;11941;Kim, Sun Young;28.6%;;;57.1%;9.5%;;;4.8%;;;;;;;;;;;;;;;;
;;85100;Med & Surgery Of Nontrad Pets;202620;Spring 2026;002;28228;Corriveau, Lorraine A.;26.1%;43.5%;4.3%;;;4.3%;17.4%;;;;;;;;;;;;;;;;4.3%;
;;85300;Small Animal ECC;202620;Spring 2026;001;23614;Brooks, Aimee C.;25.0%;;;;55.0%;;;20.0%;;;;;;;;;;;;;;;;
;;89500;PVH Practicum;202620;Spring 2026;001;66343;Townsend, Wendy M.;;;;;;;;;;;;;;;;;;;;100.0%;;;;
VIP;VIP-Vertically Integrated Proj;17910;First-Year Part In VIP Lim;202620;Spring 2026;029;37587;Rahimi, Rahim;61.5%;15.4%;;;;;;;;;;;;;;;;;;;;;23.1%;
;;;;;;201;37055;Johnson, Mark C.;59.6%;8.8%;7.0%;;8.8%;1.8%;3.5%;;;1.8%;;;;;;;;;;;;;8.8%;
;;;;;;209;41616;Brunswicker, Sabine;;;72.7%;;;;;;;;;;;;;;;;;;;;27.3%;
;;17912;First Year Part In VIP II;202620;Spring 2026;002;21717;Dunlop, Steven R.;73.3%;13.3%;;;;;;;;;;;;;6.7%;;;;;;;;6.7%;
;;;;;;202;16926;Johnson, Mark C.;78.3%;13.0%;8.7%;;;;;;;;;;;;;;;;;;;;;
;;;;;;203;23379;Sundaram, Shreyas;7.7%;;69.2%;;;7.7%;;;7.7%;;;;;;;;;;;;;;7.7%;
;;;;;;204;39047;Marshall, Curtis E.;83.3%;11.1%;;;;;5.6%;;;;;;;;;;;;;;;;;
;;;;;;205;39045;Marshall, Curtis E.;85.7%;7.1%;;;;;7.1%;;;;;;;;;;;;;;;;;
;;;;;;208;39510;Gu, Yan;16.7%;8.3%;75.0%;;;;;;;;;;;;;;;;;;;;;
;;;;;;401;18003;Marshall, Curtis E.;25.0%;3.6%;71.4%;;;;;;;;;;;;;;;;;;;;;
;;27920;Soph Part In VIP;202620;Spring 2026;201;27193;Johnson, Mark C.;25.0%;18.8%;;;25.0%;;12.5%;6.3%;;;;;;;3.1%;;;;;;;;9.4%;
;;;;;;202;29445;Johnson, Mark C.;39.7%;22.4%;;;6.9%;10.3%;5.2%;;;;1.7%;;;;;;;;;;;;13.8%;
;;37900;Participation In VIP;202620;Spring 2026;202;39541;Johnson, Mark C.;;;;;;;;;;;;;;;;;;;;90.9%;;3.6%;5.5%;
;;37920;Junior Part In VIP;202620;Spring 2026;005;22130;Dunlop, Steven R.;76.9%;7.7%;;;;;15.4%;;;;;;;;;;;;;;;;;
;;;;;;202;29446;Johnson, Mark C.;40.8%;18.4%;4.1%;;16.3%;4.1%;6.1%;;;2.0%;2.0%;;;;;;;;;;;;6.1%;
;;47920;Senior Part In VIP;202620;Spring 2026;202;29447;Johnson, Mark C.;;15.4%;7.7%;;23.1%;7.7%;15.4%;15.4%;;;7.7%;;;;;;;;;;;;7.7%;
;;47921;Senior Design Part In VIP I;202620;Spring 2026;202;36979;Johnson, Mark C.;50.0%;11.1%;;;11.1%;5.6%;11.1%;;;5.6%;;;;;;;;;;;;;5.6%;
;;47922;Senior Design Part In VIP II;202620;Spring 2026;025;36850;Appenzeller, Joerg;38.5%;23.1%;15.4%;;15.4%;;7.7%;;;;;;;;;;;;;;;;;
;;;;;;202;36896;Johnson, Mark C.;38.8%;18.4%;10.2%;;8.2%;6.1%;12.2%;4.1%;;2.0%;;;;;;;;;;;;;;
VM;VM-Veterinary Medicine;10200;Career In Vet Medicine;202620;Spring 2026;001;28066;Stout, Lori L.;;;;;;;;;;;;;;;;;1.5%;98.0%;;;;;0.5%;
;;12100;Intro To Veterinary Nursing II;202620;Spring 2026;001;40214;Brown, Chantalle S.;59.3%;18.5%;;;11.1%;;11.1%;;;;;;;;;;;;;;;;;
;;20100;Med Math & Term For Vet Nurs;202620;Spring 2026;001;40133;Anderson, Melinda J.;52.4%;;;;47.6%;;;;;;;;;;;;;;;;;;;
;;24400;Clinical Rotations II;202620;Spring 2026;001;66271;Mccalip, Holly A.;96.9%;;;;;;;;;;;;;;;;;;;;;;3.1%;
;;24800;Animal Disease - DL;202620;Spring 2026;002;29383;York, Dana S.;41.7%;;;;58.3%;;;;;;;;;;;;;;;;;;;
;;34210;Integrations-VN;202620;Spring 2026;002;20138;Mccalip, Holly A.;100.0%;;;;;;;;;;;;;;;;;;;;;;;
;;34400;Clinic Rotations V-VN;202620;Spring 2026;001;65130;Anderson, Melinda J.;96.6%;;;;3.4%;;;;;;;;;;;;;;;;;;;
;;34500;Veterinary Mgmt Topics I-VN;202620;Spring 2026;001;65124;Anderson, Melinda J.;100.0%;;;;;;;;;;;;;;;;;;;;;;;
;;36500;Lab Animal Management-VN;202620;Spring 2026;001;28256;Mccalip, Holly A.;100.0%;;;;;;;;;;;;;;;;;;;;;;;
;;44500;Senior Project-VN;202620;Spring 2026;001;17383;Cripe Birt, Molly J.;17.4%;34.8%;4.3%;;8.7%;17.4%;17.4%;;;;;;;;;;;;;;;;;
;;80900;Interntl Vet Medicine;202620;Spring 2026;001;54699;Sheldon, Addison J.;93.8%;;;;;;;;;;;;;;;;;;;;;;6.3%;
;;81007;Veterinary Externship II;202620;Spring 2026;015;21048;Townsend, Wendy M.;;;;;;;;;;;;;;;;;;100.0%;;;;;;
;;82500;Current Issues In Vet Med;202620;Spring 2026;001;28126;Townsend, Wendy M.;;;;;;;;;;;;;;;;;;;;98.8%;;;1.2%;
;;83000;Applica & Integra II;202620;Spring 2026;001;16914;Henry, Jeannine E.;;;;;;;;;;;;;;;;;;97.7%;;;;;2.3%;
WGSS;WGSS-Women Gend&Sexuality Std;28000;Women's Studies: An Introductn;202620;Spring 2026;005;28556;Dennis, Araba F.;10.3%;6.9%;24.1%;;6.9%;27.6%;3.4%;3.4%;;6.9%;3.4%;;3.4%;;;;;;;;;;3.4%;
;;;;;;006;39024;Smythe, Stacey A.;41.2%;5.9%;5.9%;;17.6%;11.8%;;;;;;;11.8%;;;;;;;;;;5.9%;
;;;;;;007;39025;Smythe, Stacey A.;52.2%;21.7%;;;4.3%;;8.7%;4.3%;;;;;;;4.3%;;;;;;;;4.3%;
;;;;;;008;40445;Basmaz, Ozgun;36.4%;9.1%;54.5%;;;;;;;;;;;;;;;;;;;;;
;;;;;;009;40446;Basmaz, Ozgun;18.8%;;62.5%;;;;6.3%;;;;;;;;6.3%;;;;;;;;6.3%;
;;;;;;010;40916;Dennis, Araba F.;6.9%;10.3%;13.8%;;13.8%;17.2%;3.4%;6.9%;;10.3%;;3.4%;;;3.4%;;;;;;;;10.3%;
;;28100;Wom Pol And Publ Pol;202620;Spring 2026;001;16282;Clawson, Rosalee A.;36.8%;10.5%;31.6%;;;5.3%;;10.5%;;;;;;;5.3%;;;;;;;;;
;;28200;Intro To LGBTQ Studies;202620;Spring 2026;002;17854;De Both, Devin A.;13.0%;13.0%;13.0%;;13.0%;4.3%;26.1%;4.3%;4.3%;;;;;;8.7%;;;;;;;;;
;;;Intro To LGBTQ Studies-Honors;202620;Spring 2026;002;17854;De Both, Devin A.;;;100.0%;;;;;;;;;;;;;;;;;;;;;
;;38100;Women Of Color In The US;202620;Spring 2026;001;38250;David, Marlo D.;9.1%;18.2%;36.4%;;4.5%;13.6%;4.5%;;;;;;;;4.5%;;;4.5%;;;;;4.5%;
;;38200;Love, Sex And Sexuality;202620;Spring 2026;001;21537;Crider, Juanita M.;28.6%;7.1%;64.3%;;;;;;;;;;;;;;;;;;;;;
;;;Love, Sex And Sexuality-Honors;202620;Spring 2026;001;21537;Crider, Juanita M.;;;100.0%;;;;;;;;;;;;;;;;;;;;;
;;39000;Sports & Feminism;202620;Spring 2026;011;20105;Cooky, Cheryl A.;33.3%;16.7%;8.3%;;;;;;8.3%;;;8.3%;;;8.3%;8.3%;;;;;;;8.3%;
;;48500;Feminist Prsp On Film;202620;Spring 2026;001;40447;Basmaz, Ozgun;45.0%;5.0%;35.0%;;;;;;;;;;;;10.0%;;;;;;;;5.0%;
